976,273.68,261.67,53.043
1675,59.9,2.2548,0.35141
1986,520.27,260.98,117.99
866,260.66,207.81,63.099
850,303.32,448.88,103.45
716,236.31,116.53,54.053
491,171.71,154.35,52.12
1135,771.23,1718.1,939.27
1525,511.19,420.6,145.48
890,617.64,1227.4,685.37
828,454.61,545.24,281.01
1369,952.29,2043.9,1122.2
954,126.19,21.684,2.7079
850,585.99,1223.6,672.94
1288,496.67,520.31,191.04
675,230.75,206.92,71.664
656,274.56,306.13,134.36
736,118.1,34.401,8.1472
1235,445.66,474.4,154.55
922,283.18,218.83,69.416
642,141.49,13.897,9.2046
422,137.06,109.56,39.362
1542,913.69,896.66,666.7
1424,295.84,116.59,42.702
682,434.07,742.42,386.21
1504,610.9,778.58,261.44
1076,703.71,1779.4,885.29
860,551.85,1230,550.69
588,320.11,329.53,195.26
632,258.44,225.61,85.057
699,205.26,137.01,48.094
1072,729.04,1312.1,760.74
1187,720.28,707.82,606.23
1057,321.07,170.46,66.415
1106,229.57,88.996,31.275
990,543.78,1019.9,517.72
1788,1222.3,2431,1388.3
1008,510.3,459.65,259.52
892,632.08,1280.1,765.97
856,578.02,1243.2,646.97
2440,1524.9,2573.1,1344.9
490,349.29,777.56,454.14
864,246.21,167.1,59.273
2564,1424.4,1450.2,939.43
935,321.96,377.78,98.129
1011,418.58,725.74,202.75
634,364.68,339.1,240.7
1546,392.18,131.16,82.47
1210,477.28,545.91,189.28
891,562.43,1066.7,542.76
643,9.1092,0.54023,0.0087264
1192,798.29,1566.6,867.6
290,64.104,13.938,4.1634
650,93.011,31.127,6.9136
1229,433.47,373.62,137.48
405,162.28,138.96,73.829
864,261.13,131.49,64.845
768,457.49,753.07,343.9
994,701.03,1449.7,875.55
852,595.72,1234.4,771.83
736,269.9,249.72,93.094
731,287.55,430.33,135.62
1104,812.06,1586.2,1012.6
1162,672.31,1386.3,725.85
478,302.63,1027.9,422.02
680,193.79,136.56,42.707
951,313.89,147.76,80.546
685,336.56,266.43,167.38
307,110.83,76.258,19.512
178,71.736,35.575,29.042
1140,279.56,146.89,46.187
594,24.36,1.5515,0.067166
881,487.58,430.96,322.23
546,134.7,80.886,20
1207,425.97,655.33,153.17
405,277.11,556.54,340.11
780,89.581,20.276,4.4203
910,352.68,373.89,134.25
1068,135.57,21.21,6.0291
1248,382.37,285.91,97.348
880,523.85,1009.7,544.02
1304,314.56,149.06,53.335
988,296.19,95.456,89.114
710,522.14,1806.1,902.74
719,140.8,56.797,14.753
469,181.29,291.25,75.969
1586,224.42,55.762,22.132
850,215.9,101.7,43.264
574,119.69,7.231,6.3178
670,106.26,20,5.3249
1296,739.34,631.27,511.07
2113,788.75,786.12,275.11
1223,255.35,121.77,35.221
634,251.76,212.83,109.26
490,138.74,105.34,27.361
496,304.66,1130.9,505
848,318.54,307.91,119.35
652,436.82,944.15,504.75
770,276.1,257.75,91.321
871,189.84,61.156,25.524
440,293.19,590.3,340.49
1355,327.16,162.89,58.723
1251,399.11,362.08,107.11
838,274.59,240.7,74.596
789,493.3,796.32,417.78
938,323.46,252.22,99.399
434,6.1483,0.36464,0.00589
1347,658.31,684.1,319.37
743,154.07,48.376,22.414
498,264.04,240.7,141.11
1388,499.04,265.24,141.32
542,72.899,6.3605,2.9738
470,30.662,1.851,0.37396
853,264.38,209.1,64.467
833,128.08,29.084,11.332
524,169.06,115.96,47.558
877,291.04,255.28,83.973
938,189.61,70.101,28.472
912,581.49,693.49,506.98
787,118.87,20,6.0608
939,653.88,2094.4,1039
1013,562.8,1029.9,517.74
774,508.54,1793.8,739.27
1065,592.87,937.19,470.46
1600,1020.6,1850.1,909.94
754,519.62,1032,597.08
609,410.06,963.74,492.39
476,135.66,98.834,28.006
731,539.29,1155.9,766.65
724,207.34,109.24,52.062
1264,859.93,1647.2,950.44
766,505.5,1065.2,552.29
855,318.8,290.35,116.03
892,603.14,1155.4,651.16
850,162.18,57.748,20
2372,1232.9,1034,786.15
1836,1216.1,2152.9,1283.3
981,667.41,1370.6,784.43
1493,234.74,58.491,16.867
504,79.933,20,5.9742
713,209.46,131.52,51.483
1133,505.37,1092.6,347
184,126.22,211.94,131.45
959,324.1,284.48,92.435
1167,816.83,1765.3,938.87
1008,660.76,1204.8,684.95
1309,806.19,1217.4,652.12
756,499.08,1028.1,536.82
1300,881.97,1903.6,1010
797,476.56,746.5,399.56
596,151.9,51.424,27.341
1034,304,194.65,68.858
848,319.74,344.72,112.39
594,89.721,20,5.4424
724,72.818,5.7075,1.2354
638,179.83,106.63,38.315
1580,527.44,444.12,155
647,98.724,20.204,6.7475
170,66.967,24.838,20
2638,740.11,381.22,170.47
372,243.14,300.84,247.81
1046,741.49,1689.5,968.85
948,554.37,634.19,439.12
670,130,48.935,14.935
721,510.23,1079.8,630.5
1044,624.26,639.06,475.46
672,396.29,736.22,391.16
784,491.89,842.62,443.9
590,212.62,222.68,68.169
808,111.5,22.623,13.561
940,635.84,2087.7,911.2
862,196.96,91.483,32.557
650,434.35,1371.4,626.55
830,389.3,310.53,164.39
587,334.56,352.18,212.36
793,541.53,1231.5,660.99
981,254.99,173.73,45.977
1410,178.9,20,10.078
570,195.58,151.44,61.254
616,308.1,277.52,156.46
654,359.84,607.11,307.28
840,424.23,307.3,242.36
1566,234.79,49.159,26.52
1084,620.34,1116.8,613.91
1611,896.97,1004,549.87
1144,245.99,97.616,39.266
1368,902.05,1712.9,937.39
1111,326.8,119.63,83.103
736,303.63,630.79,165.2
780,308.95,372.12,130.39
356,67.042,11.874,4.1638
3096,1739.4,1597.6,1256
1534,1054.3,2073.5,1224.6
1054,717.28,1454.6,860.45
1529,1052.6,1612.6,986.01
761,314.96,167.01,120.65
1144,540.48,396.2,246.06
2284,904.56,399.55,356.75
921,630.05,1380.3,763.56
652,368.4,537.96,343.32
967,645.39,1245.6,708.32
558,369.25,780.25,382.58
866,600.68,2243.6,1076.4
1194,785.95,2913.6,1245.2
720,489.22,1570.2,707.21
507,356.29,1484.4,588.14
546,130.91,43.841,22.776
840,164.93,25.998,16.4
1642,1034.1,1685.7,935.55
1795,727.4,1151.1,334.17
1490,827.2,1521,725.58
842,174.27,58.727,20
444,185.72,121.32,67.479
588,130.68,65.864,18.018
710,250.15,216.6,79.342
1293,284.48,115.14,50.448
1262,833.09,1573.4,929.26
748,303.88,444.43,136.4
467,300.18,421.5,273.71
703,142.99,31.421,29.481
590,413.75,864.44,535.22
3124,648.24,272.14,87.341
1070,356.09,301.12,99.744
2069,460.55,189.47,81.662
1778,1036.8,1090.2,773.11
1365,147.62,26.253,4.8708
494,337.57,734.61,399.54
1593,436.24,279.72,86.113
738,502,928.56,550.9
1387,908.15,1963.1,1006.9
2901,1634.4,1801,1222.1
731,528.56,1547.8,783.96
723,136.67,48.867,14.551
636,210.33,93.832,56.87
622,411.08,716.75,378.3
672,155.78,46.773,27.336
2033,919.36,695.73,382.91
726,188.74,174.57,29.165
439,178.41,142.21,58.904
511,281,416.07,226.96
764,233.34,103.03,60.274
554,249.84,190.51,101.93
597,421.69,886.3,520.59
750,518.19,860.4,565.8
1591,601.54,350.44,185.77
757,246.99,194.41,72.141
2644,1832.1,4163.7,2207.3
2397,1625,3265.7,1737.6
1647,1005.5,987.33,838.86
806,162.69,56.634,20
1234,749.58,806.23,644.17
718,247.31,128.14,66.848
642,243.06,266.17,88.049
832,303.76,294.66,107.03
1146,785.93,1794.5,935.63
718,156.57,64.623,20
1416,929.28,1994.5,1036.1
2071,884.58,1619.9,485.48
2245,640.42,362.43,146.7
799,133.39,20,7.5191
1312,848.42,1875.6,901.29
1352,378.01,185.1,100.74
1158,350.91,307.62,81.393
824,165.61,48.154,18.104
1061,437.77,241.95,180.77
1057,606.88,553.89,462.65
686,171.16,81.804,35.142
1302,750.96,1465.6,748.15
1345,492.22,289.59,149.84
1182,483.42,403.57,157.41
1262,490.91,581.29,191.45
568,314.08,488.11,272.59
840,251.9,242.03,58.938
1128,132.52,20,5.7722
749,63.779,1.8792,1.046
508,7.1967,0.42681,0.0068943
1464,528.04,550.36,181.35
593,304.56,296.31,241.83
499,92.643,35.119,6.9936
1488,1071.9,2293.8,1225.9
1625,579.34,610.31,195.61
1318,511.52,856.48,226.92
922,637.87,892.07,763.69
204,65.233,23.187,3.666
748,354.63,236.16,160.34
869,619.89,1299.9,748.3
1082,739.12,1533.3,806.64
322,78.219,11.487,3.7796
493,6.9842,0.41421,0.0066907
667,395.69,706.96,318.69
1444,603.73,913.45,300.95
2188,1430.4,2819.4,1494.1
828,586.01,1187,690.84
687,246.51,266.97,78.162
584,432.09,1138.3,643.44
906,326.25,158.94,99.966
956,229.13,95.964,39.647
622,215.56,314.65,68.393
1962,1186.7,1454.9,997.05
578,310.85,389.96,174.4
1276,419.03,215.34,107.57
1309,392.97,293.39,100.79
1674,1154.6,4157.5,1836.2
1052,462.12,811.54,269.79
2326,1081.9,752.23,529.04
742,149.84,63.029,12.568
918,641.4,2101.4,1013.3
660,215.29,73.015,69.184
920,659.42,994.27,656.22
684,244.32,244.36,83.363
1142,768.82,1498.4,817.58
2296,299.73,62.146,30.04
1794,1252.1,4072.7,1809.4
1281,853.83,1445.7,849.3
1512,771.02,731.47,566.66
592,109.25,36.071,8.4627
893,335.65,343.65,117.89
787,268.6,146.33,70.431
690,256,226.92,96.312
1058,687.24,2471.7,1020.8
1126,761.43,2406.9,1097
593,421.4,1579.4,741.95
1990,1150.3,1138.9,816.05
990,363.66,623.04,138.97
704,420.02,423.21,327.34
1080,184.32,51.653,19.846
1336,324.77,129.52,65.094
413,74.858,20,5.195
1106,754.04,2770.6,1187.5
763,172.11,75.381,27.892
821,311.97,505.54,126.96
700,402.5,1384.9,538.2
769,225.86,192.6,47.622
1856,473.45,210.7,104.24
1380,536.96,785.09,226.87
1396,411.98,286.56,87.485
2211,713.51,631.79,193.71
788,169.87,82.232,21.536
671,143.85,58.801,22.12
1567,254.01,64.902,18.849
867,581.84,1121.3,617.7
1025,661.27,1069.8,569.51
1392,514.87,247.21,160.53
2195,1483.9,3043.5,1720.6
744,235.6,184.69,62.755
1219,390.94,357.92,107.15
583,227.87,325.31,102.74
216,152.14,464.11,198.42
544,74.674,10.819,2.6978
1810,1034.1,1008.7,759.35
1022,698.44,2229.9,977.13
366,148.35,131.62,42.817
1198,344.88,146.12,72.608
514,362.36,813.45,452.61
606,125.15,52.737,14.375
340,224.28,457.52,239.84
729,106.99,14.806,4.2063
607,171.45,57.882,43.023
404,31.932,2.2426,0.51779
1158,475.69,677.32,223.37
681,260.18,149.35,79.467
922,173.21,91.8,14.615
756,365.15,283.23,237.71
1962,1328.8,2709.6,1508.6
482,122.62,54.54,20
817,387.71,239.38,205.58
1100,400.9,365.38,136.69
934,144.52,20,7.9826
1087,402.98,418.42,142.69
488,125.08,96.97,19.94
858,283.05,243.37,84.827
830,317.72,395.83,111.59
876,242.58,207.78,44.219
1019,364.01,342.36,124.62
1107,140.1,22.343,12.022
598,419.66,690.28,506.29
1078,681.11,794.78,591.91
2469,1621.5,3238.2,1787.1
836,332.53,329.81,138.76
1257,421.29,435.33,118.02
906,600.04,1319.6,666.01
906,605.46,703.68,559.84
826,197.91,61.94,34.14
748,482.72,854.52,441.81
708,258.75,150.94,80.507
707,254.39,120.25,75.138
728,183.17,96.772,33.79
1658,615.94,620.73,216.9
1396,424.23,339.15,101.28
720,400.57,671.76,359.92
555,135.32,59.955,18.768
869,247.06,142.51,57.97
868,604.94,1366.6,809.28
1266,246.02,74.742,19.096
926,365.22,380.49,153.74
918,478.56,448.67,239.49
580,205.56,176.54,62.398
823,565.87,962.44,675.66
818,121.61,23.903,8.2785
878,514.17,374.79,366.86
624,344.98,430.5,205.08
1084,711.18,876.98,660.28
356,58.933,20.354,6.7781
690,314.05,252.55,125.98
1072,396.84,406.14,138.84
954,131.9,38.793,8.8311
694,276.88,322,114.02
582,400.87,746.99,495.23
654,462.47,1763.4,866.29
603,297.42,405.85,148.23
954,184.82,69.017,22.845
276,22.519,3.6011,0.26726
1538,534.54,486.5,163.94
1057,404.8,679.75,175.94
934,344.88,518.03,129.42
490,219.59,50.862,74.131
1080,393.51,399.75,133.08
688,493.76,2027.3,980.87
459,156.16,75.079,43.461
625,375.88,659.81,284.16
789,244.56,166.12,65.994
758,333.3,632.13,212.8
950,350.98,518.31,126.16
1021,382.78,404.22,141.53
791,195.62,107.6,33.214
759,510.78,1105.4,566.52
1031,693.45,2489.4,1072.4
718,270.55,163.94,82.696
911,419.61,302.04,181.42
1201,770.99,1542.2,827.44
700,171.41,128.15,25.065
837,288.87,158.86,78.569
533,207.56,268.86,74.621
890,327.14,369.67,117.39
796,456.85,535.59,300.8
827,437.17,526.63,287.44
1151,610.17,773.8,352.94
1096,374.13,348.68,113.21
801,549.13,1244.9,647.29
455,271.89,384.32,198.68
634,451.28,1687.5,726.86
1034,431.2,815.12,231.19
665,40.078,2.66,0.39482
1215,261.31,120.01,35.576
1150,723.18,1358,708.08
988,425,736.38,235.66
1062,386.29,321.08,132.85
1063,728.45,2545,1182.4
607,401.49,854.95,482.06
1013,638.78,745.5,537.04
728,524.02,898.64,513.41
934,303.12,273.18,79.728
809,293.94,316.15,99.376
855,303.41,366.95,103.45
648,244.28,120.03,74.706
854,140.09,29.478,3.7612
1192,363.28,321.87,85.853
804,424.08,382.47,221.15
874,379.81,606.92,198.57
812,295.49,403.83,105.49
429,260.86,333.56,200.67
796,396.42,273.19,203.91
1071,357.86,356.05,112.19
800,544.04,973.35,624.27
642,378.72,610,283.56
1949,1374.9,2886.7,1669.5
1369,586.39,276.83,262.37
866,587.61,1189.4,620.1
1115,414.04,413.25,150.22
558,214.97,325.5,87.703
318,175.25,394.4,130.42
956,88.406,7.58,1.4388
1062,748.91,1427.3,914.14
1668,404.99,174.52,80.127
810,210.3,85.125,51.239
862,88.916,3.252,2.4496
1133,795.51,1494.2,857.86
908,614.39,2037.2,859.97
825,592.96,1232.7,758.67
608,405.93,976.65,469.64
910,633.26,1434.8,839.4
661,414.77,694.36,355.07
884,601.74,2122.4,1007.3
864,568.12,798.11,567.54
883,630.91,2110.7,1002.9
609,316.49,360.44,173.21
1227,17.383,1.0309,0.016652
325,179.33,208.75,112.96
788,268.68,246.16,81.529
737,451.2,629.21,337.9
664,453.85,857.64,512.71
1140,377.65,309.14,117.19
670,173.06,96.088,30.035
874,238.56,135.1,50.739
925,302.11,280.07,83.982
383,97.782,63.586,12.126
777,358.03,248.41,158.48
711,382.5,437.58,214.99
506,117.43,32.193,21.285
859,103.07,8.7006,2.3582
1043,695.08,1298.4,744.38
834,159.57,19.302,6.8937
1420,363.01,164.41,76.829
832,577.24,1364.9,751.65
730,131.13,32.846,16.034
376,78.687,32.988,10.454
986,363.23,392.55,128.81
1278,342.21,227.09,66.66
1137,786.75,1660.1,930.42
968,731.11,1743,1079.9
1133,371.99,310.52,104.32
901,502.09,569.22,292.97
1964,1117.4,1033.1,754.29
1070,657.97,787.09,613.34
1110,738.21,1746.5,887.17
704,298.43,173.74,106.22
440,158.14,138.24,51.212
2207,924.96,454.52,391.25
764,538.31,1297.3,742.01
984,322.69,285.35,86.74
1254,830.08,1688.3,896.57
677,522.08,729.37,505.21
1430,867.99,975.94,712.78
2248,472.15,195.34,73.958
658,189.74,20,10.39
894,264.53,206.16,61.06
936,328.23,373.67,111.99
1012,380.99,414.22,137.5
1434,447.06,422.62,116.67
895,273.9,236.38,66.16
507,295.92,1157.4,477.48
1177,238,79.685,40.9
1126,659.59,576.18,539.17
3142,958.31,832.71,222.29
878,620.86,1475.8,819.96
661,460.12,948.05,555.21
432,135.57,55.404,32.637
168,105.77,212.38,98.475
698,100.64,20,7.3202
901,319.08,326.01,100.92
1568,605.48,987.3,253.61
726,97.362,28.327,6.4794
845,263.74,222.38,68.242
913,27.855,1.4428,0.099937
410,234.35,306.34,172.25
1998,1343.5,2976.4,1605.1
812,577.78,2059.3,932.89
884,540.72,1105,649.67
876,431.84,357.46,205.48
404,146.15,130.01,49.471
880,202.43,47.863,43.137
940,348.78,334.56,135.52
873,254.66,176.58,56.615
1148,16.263,0.96452,0.01558
1320,829.2,885.25,732.01
439,325.32,691.52,438.13
1190,761.77,1467.2,788.41
951,383.16,403.93,157.71
580,256.6,549.54,166.65
928,657.94,1452.9,844.17
1012,686.13,1686.5,865.02
1364,554.52,921.52,261.67
1040,361.08,367.77,119.98
1092,298.83,125.96,72.83
844,162.86,51.1,16.276
534,369.36,1637.7,769.77
288,61.7,28.367,9.1227
1013,338.62,292.96,91.974
1995,136.26,10.12,2.0135
872,535.66,1212.3,647.92
720,420.41,522.8,305.54
910,372.17,224.35,131.28
550,101.27,31.345,10.253
2428,1417.2,2749.2,1416.7
838,35.679,2.1476,0.20919
1015,413.04,663.26,202.27
926,621.44,1216.6,618.81
833,181.8,83.253,23.412
1255,422.12,316,121.19
566,136.4,72.934,19.536
829,355.66,578.89,192.53
837,321.85,377.02,123.75
707,268.9,393.3,105.9
792,219.16,91.599,59.822
618,122.16,14.333,5.3416
1173,410.93,395.39,129.09
591,220.45,382.18,89.192
558,395.15,1328.4,685.45
981,664.53,1571.8,786.59
875,607.08,1496.1,809.62
1068,300.76,147.38,83.251
828,336.53,215.27,115.16
1898,374.52,118.82,62.534
727,515.97,1351.5,690.46
1221,416.48,458.11,126.26
923,585.85,1256.7,616.45
962,639.93,1105.2,670.03
690,407.6,694.66,320.24
644,145.55,47.025,24.059
1210,705.99,671.4,545.64
826,150.57,59.191,13.584
1957,934.37,693.91,496.55
4910,1336.2,681.19,303.29
1299,479.06,526.68,163.68
329,178.19,179.29,101.12
714,481.89,497.9,469.23
620,305.62,310.81,140.88
610,372.48,377.32,288.52
740,285.61,304.2,108.73
566,310.26,553.01,278.31
872,204.88,20,7.6963
995,650.4,1413.7,739.23
1002,674.05,1348.8,709.53
1192,142.41,29.378,6.6525
592,415.92,857.19,512.05
727,494.62,2200.7,939.34
1464,287.25,147.84,30.529
913,542.67,663.35,390.85
955,144.25,20,9.4005
718,147.68,48.633,17.18
652,194.17,93.89,47.312
629,431.47,1107.2,616.78
720,177.51,49.744,36.341
779,558.46,824.93,521.31
940,249.89,113.98,56.166
1026,156.45,31.729,18.481
800,573.45,1344.6,739.02
602,75.78,20.24,3.2986
898,157.78,34.344,20
602,372.39,741.08,357.63
1130,396.34,353.84,124.65
941,428.73,356.22,169.76
760,428.83,576.35,286.94
566,121.1,33.727,13.141
630,243.87,390.52,109.36
1360,295.23,111.55,59.373
683,336.84,320.29,162.35
823,587.43,1318.6,748.16
942,366.06,460.64,150.2
1069,733.29,1829.5,983.02
868,180.15,85.713,15.296
951,549.13,1057.7,560.8
1172,825.45,2269.3,1225
838,282.76,204.24,99.196
764,256.03,265.18,74.644
1686,683.93,1089.6,319.56
865,435.18,390.18,213.41
974,254.45,126.01,58.402
1160,744.33,1080.2,643.68
1048,54.822,4.2878,0.42837
1724,601.94,817.86,192.42
536,383.98,991.47,540.3
1066,381.5,345.25,124.85
950,640.56,1288.2,662.59
947,331.89,135.9,103.03
1119,779.75,1570.7,909.58
500,135.68,85.552,20
1014,670.84,1405.8,685.87
802,509.98,924.17,476.98
861,332.82,370.47,129.78
3797,2243.3,5958.5,2263.7
1185,340.88,235.79,77.265
1076,172.61,44.504,10.772
579,379.48,820.3,404.14
1330,422.18,362.27,112.82
342,93.599,55.22,20.619
536,206.39,330.2,87.345
1382,855.74,860.89,716.99
594,356.68,579.28,366.83
670,85.301,10.436,2.7107
1290,488.45,790.25,210.23
2280,1518,3085.4,1646
1249,834.35,1748,939.25
633,348.95,460.55,218.94
678,417.04,632.17,339.49
520,173.31,196.48,46.124
1184,330.99,196.53,81.725
450,179.9,284.83,75.295
893,502.24,867.05,466.09
830,443.9,485.59,261.02
583,223.41,273.03,91.631
1076,425.39,215.62,161.55
849,17.019,0.94797,0.032831
454,283.09,1163.8,517.77
907,634.15,1430.5,794.7
1741,565.38,501.66,156.63
1406,463.89,409.82,132.66
1335,473.25,708.55,168.66
352,90.67,41.416,18.984
859,148.79,38.772,20
358,142.72,20.109,13.711
796,304.78,298.16,122.28
1019,739,1746.8,1009.6
597,342.8,282.4,237.46
854,462.32,645.14,244.71
866,359.25,292.95,117.2
1070,679.37,620.52,598.96
2648,325.02,78.552,21.912
2289,648.52,355.49,156.14
698,309.72,707.85,218.39
682,475,1925.7,871.5
996,321.5,280.87,85.38
495,147.9,39.562,18.595
575,223.36,225.34,86.207
1188,288.96,125.76,60.352
624,119.15,45.15,8.7566
644,148.1,66.7,15.442
620,145.68,11.852,7.6966
1291,577.6,431.62,233.02
744,301.44,510.94,151.63
912,654.15,2351.7,1174.2
2970,930.08,631.85,260.8
985,386.38,436.54,151.62
1236,872.16,1784.1,1018.2
1266,507.51,1030,279.03
1358,352.47,99.01,84.38
284,64.345,20,7.7925
756,459.56,500.19,381.8
872,575.1,1000.1,580.05
723,283.75,322.93,118.91
490,141.3,20,9.9177
1223,504.48,988.33,278.34
1066,705.4,1410.3,789.53
862,559.47,1205.2,603.25
939,393.17,630.99,204.36
1333,803.29,910.02,610.44
1144,213.61,72.995,15.291
1076,803.5,3265.3,1735.5
1320,757.87,696.87,553.85
837,298.67,262.12,97.014
784,555.53,1954.7,907.53
957,631,1376.1,680.32
946,655.23,1362.6,782.72
806,553.34,1056.2,639.78
1143,785.03,1797.2,947.13
1450,710.01,677.7,475.97
996,678.12,1345.8,705.84
1302,860.45,3869,1747.5
963,112.66,22.129,6.3228
1774,1241.6,2623.6,1490.2
776,537.54,1637.9,787.35
553,311.08,407.89,210.98
1012,582.5,720.41,394.05
670,347.39,326.92,195.73
1273,542.42,959.13,289.26
488,328.75,429.01,289.07
774,164.5,68.342,23.843
1384,917.19,1650.5,950.79
712,294.61,465.7,152.14
550,79.808,9.6068,3.2083
1130,394.63,330.3,120.69
1124,449.81,282.61,150.42
461,86.016,20,6.1118
195,3,0.16383,0.0026464
502,303.51,365.97,228.24
760,98.395,20,4.3468
643,302.31,232.71,131.29
914,302.37,294.11,81.814
2293,1069.1,685,567
836,565.53,2105,849.78
828,602.92,1857.2,988.05
1905,1289.1,2636.8,1386.4
1940,453.01,238.52,67.309
712,457.08,716.45,416.35
654,241.12,123.21,76.084
800,569.5,1202.9,712.94
696,482.84,1821.9,849.31
580,160.97,25.374,20
1048,108.28,14.658,1.3537
857,608.9,1397.7,805.25
836,310.17,322.83,120.92
704,187.74,141.25,32.758
798,243.22,117.23,53.411
1070,396.2,590.69,152.52
1487,416.63,204.04,103.93
1970,233.95,42.681,20.811
736,391.74,406.08,214.01
850,513.37,1757.5,768.58
982,346,337.68,110.51
384,115.27,77.6,26.548
696,505.28,1748.6,784.14
926,333.85,302.34,113.08
593,8.4008,0.49822,0.011601
2194,751.04,664.78,231.54
1640,1075.2,2128.9,1083.4
1107,734.2,1559.8,813.59
858,14,0.72087,0.011644
686,464.85,1630,670.87
923,158.44,41.671,14.901
815,294.84,289.7,100.73
888,588.81,978.32,564.16
349,72.64,30.841,8.0109
894,679.9,2421.6,1221.9
678,105.91,11.819,2.6862
784,280.15,262.48,96.563
949,567.56,556.21,430
604,97.891,17.372,4.7779
544,233.49,426.24,130.4
1066,356.6,285.8,110.12
560,318.96,346.56,209.89
790,528.06,571.08,515.08
314,174.66,203.42,113.87
287,70.874,15.571,6.0668
742,525.7,1206.1,643.42
491,96.632,32.264,11.926
837,582.39,1860.2,936.74
684,167.05,47.738,20
1390,749.97,736.54,499.27
1328,884.82,1945.1,965.74
551,340.69,1257.3,626.84
650,137.45,20,10.39
798,533.46,1839.9,800.34
1051,46.473,1.394,0.39831
594,360.14,747.37,302.37
971,190.36,48.208,30.503
1039,659.82,740.77,620.93
746,172.88,65.755,17.649
772,179.7,90.994,27.067
368,21.434,2.0198,0.19078
624,222.84,379.42,83.054
650,467.06,1606.1,812.02
841,219.55,86.418,50.88
488,237.01,168.42,121.3
548,7.7633,0.46042,0.0074371
626,8.8683,0.52595,0.0084957
360,102.59,75.468,17.503
592,122.53,28.058,20
608,227.45,115.58,71.685
604,168.72,100.4,35.228
336,237.37,623.62,334.38
705,453.52,924.79,467.78
628,415.67,826.34,441.21
927,336.1,283.47,113.42
826,583.12,1186.3,685.63
570,351.99,317.33,279.14
628,25.678,1.2891,0.13394
3133,1813,2691,1263.4
714,506.8,1801.4,803.88
773,532.62,1034,635.34
648,449.13,804.12,453.5
908,299.91,128.08,94.396
704,472.9,808.98,451.62
480,275.33,379.76,195.41
1600,1126.9,2415.7,1293
853,567.71,1305.1,634.94
636,252.26,140.05,87.371
409,301.38,782.89,447.14
666,465.79,974.57,547.52
472,80.784,26.44,5.6063
582,331.66,598.26,330.39
909,614.33,1280.5,741.61
511,180.15,191.17,58.316
774,255.62,214.48,65.447
658,146.18,56.03,23.468
653,422.45,1364.5,564.21
599,247.97,284.51,114.24
356,280.3,305.32,256.62
625,425.15,958.61,498
550,384.68,1576.6,785.24
540,107.05,20,8.1172
267,185.41,602.05,272.96
1464,831.99,1220.1,721.34
809,572.55,1200.4,740.66
1136,310.75,215.6,63.618
1098,753.06,3035.8,1420.4
972,275.68,142.17,73.856
730,320.18,600.12,192.88
670,29.148,1.0972,0.21376
641,234.86,363.86,88.812
960,389.79,637.47,196.17
410,262.66,385.77,225.59
1263,896.99,1965.8,1148
220,78.124,43.662,21.228
1052,77.586,3.4876,1.0267
948,232.16,96.508,46.526
1107,568.11,664.97,318.55
869,579.75,1283,657.77
523,243.71,185.1,107.61
874,523.57,1002.8,419.43
656,164.1,93.062,28.27
764,237.58,205.88,57.043
707,270.36,254.38,102.71
1042,773.31,1808.6,1115.8
690,204.38,147.54,49.967
799,276.94,149.7,68.972
606,182.45,75.933,42.159
576,155.75,67.344,39.856
488,91.582,17.749,4.9178
302,8.3449,0.6098,0.045256
716,467.63,992.45,512.37
437,105.49,25.113,16.802
594,338.94,505.49,227.09
842,515.27,576.85,440.49
462,82.817,44.08,6.7525
1029,166.69,42.387,13
879,306.09,459.98,104.65
803,294.91,290.62,101.05
33,26.717,63.81,42.431
780,534.32,1291.5,628.28
785,344.43,189.51,158.45
1054,622.74,577.43,512.38
733,503.1,1060.3,626.13
2208,603.45,323.11,150.4
655,431.78,521.64,430.78
523,359.41,762.61,429.94
564,390.2,1404.6,644.16
724,284.97,337.52,117.32
680,157.5,71.561,16.312
377,202.73,189.87,125.06
1545,584.67,650.21,213.83
848,285.45,250.45,74.427
914,298.37,294.34,77.524
1476,797.23,679.43,511.75
752,426.98,827,406.38
1076,147.76,36.366,8.7713
439,331.08,770.36,469.37
1226,692.75,1097.3,469.2
1051,377,436.52,136.88
908,268.37,199.4,61.718
1244,370.65,175.66,81.25
876,241.95,108.84,58.806
916,495.54,810.13,404.03
559,238.5,387.38,115.3
493,308.99,426.8,233.01
664,491.84,1205,715.76
1122,405.1,487.18,147.83
863,191.28,76.866,33.035
588,419.62,920.19,557.52
774,411.02,371.66,311.8
588,388.61,595.9,354.49
740,495.94,1529.7,731.01
422,106.27,54.782,6.393
387,220.9,295.13,153.79
720,483.53,885,482.31
541,147.2,46.321,34.313
592,58.953,3.7674,1.3048
770,393.93,374.19,206.54
841,578.08,1133.4,688.98
829,532.75,968.43,540.46
722,239.71,163.29,70.145
907,301.09,263.74,87.806
612,168.51,52.952,39.684
767,224.5,161.49,50.575
844,308.25,269.43,110.06
887,321.17,340.18,104.97
480,279.67,308.59,190.85
887,608.81,1216.1,651.43
1300,792.65,968.82,666.57
1149,289.95,153.55,52.076
876,519.82,1100,558.34
1020,671.7,1187.5,695.65
888,646.33,1564.9,865.43
654,273.92,319.54,125.53
801,504.3,889.21,498.03
674,403.16,1387.9,603.97
1117,291.34,210.51,49.766
396,104.67,20,7.576
324,101.95,105.15,24.479
978,192.38,81.239,22.552
1145,440.31,535.86,168.79
1231,289.66,67.507,66.093
652,241.5,255.73,93.42
600,120.21,32.844,13.453
698,136.51,56.106,14.253
1288,180.44,35.334,11.702
665,200.64,146.48,48.92
745,304.22,615.37,155.16
610,419.09,1394.9,632.93
211,146,248.69,150.72
671,154.65,79.926,23.403
300,141.35,301.54,89.127
897,310,294.17,94.241
772,58.713,3.3567,0.87191
1745,452.81,289.6,79.474
448,296.02,491.62,286.78
937,555.97,506.93,401.83
866,588.08,1190.3,705.13
378,208.61,262.72,130.16
490,294.98,309.36,235.15
378,222.95,278.92,166.15
889,338.2,347.81,130.84
918,631.29,1205.4,726.45
340,199.74,474.13,156.83
784,562.25,2041.6,1016
1026,606.7,585.37,461.48
319,110.37,55.627,28.615
898,429.03,498.55,177.62
706,87.537,30.099,3.2491
987,294.72,240.99,68.466
574,372.77,532.33,301.01
561,415.43,1153.3,648.25
510,168.72,142.89,45.513
738,156.06,20,8.1388
1068,732.95,1577.3,855.35
627,244.23,257.88,95.054
814,461.07,403.58,313.09
1026,398.91,444.95,157.6
591,142.88,71.645,24.747
1024,718.85,2852.8,1278.5
894,627.74,1365.8,792.35
476,244.77,238.31,172.23
799,544.31,1194.1,611.42
1441,236.14,82.659,21.202
571,398.18,984.9,513.94
692,250.4,269.22,85.635
388,106.33,70.848,21.994
1105,763.92,1896.2,1005.4
793,540.94,1245.2,653.57
646,247.87,258.87,96.462
1018,327.54,304.31,91.428
677,478.61,1843.2,834.81
2214,615.65,331.38,145.28
646,409.63,501.77,341.16
994,594.44,542.98,430.96
605,405.32,806.83,450.42
728,273.79,438.69,104.4
795,548.7,1309.9,683.31
844,567.62,1072.8,610.21
1022,304.45,254.51,68.304
837,517.19,954.54,471.59
1892,1255.4,2405.7,1311.7
961,708.54,1901.4,1094
491,344.21,499.49,312.3
454,106.67,20,9.6204
444,267.43,387.38,210.12
616,453.11,640.04,583.08
732,242.73,221.63,71.417
823,262.04,280.05,69.354
1172,443.5,465.27,173.22
439,280.83,451.75,239.4
914,329.48,170.47,96.235
1009,429.62,585.26,214.09
376,120.76,88.089,34.19
1086,420.41,524.78,167.38
552,372.03,862.66,460.29
1069,736.4,1463.8,845.04
2086,828.55,1178.3,358.44
514,387.27,1734,895.26
1156,466.92,673.61,206.39
602,336.55,398.32,214.25
847,254.41,204.54,59.032
922,171.89,29.388,20
822,557.39,1494.3,712.99
638,341.42,354.29,193.69
473,160.49,181.84,48.345
712,233.81,217.41,69.917
930,668.71,1636.7,903.25
2755,198.6,9.0906,3.4239
900,359.85,226.89,121.14
502,159.12,132.91,41.531
739,190.13,61.645,37.081
693,145.91,46.464,20
992,668.07,1360.9,732.38
3041,1493.6,1240.3,768.21
1688,392.62,214.12,58.665
1186,633.88,707.7,365.9
885,220.92,134.57,37.408
1021,751.31,2294.4,1228.1
962,585.3,838.21,477.8
556,299.44,358.25,169.35
932,689.42,1896,1073.4
433,103.37,45.156,16.225
1168,807.96,1046.8,871.79
452,278.02,527.44,349.56
768,539.65,1470.9,791.19
1061,400.31,447.24,148.3
716,253.82,280.52,86.51
777,420.13,451.73,247.96
1140,474.7,669.52,233.92
865,405.23,443.07,242.84
638,150.4,61.687,15.444
1146,621.71,725.17,370.51
722,256,250.39,82.461
622,163.86,86.373,31.927
930,298.7,214.66,93.633
886,636.03,1679.3,990.54
1112,777.54,1779,1023.8
970,703.15,1878.5,1009.1
521,246.99,182.34,102.49
606,435.76,1278.6,682.47
698,292.8,370.29,136.72
866,584.58,551.19,603.09
1558,535.9,602.93,183.37
833,515.28,1355.4,714.76
694,202.92,90.337,40.705
1239,391.81,303.08,105.66
1341,654.97,646.72,304.77
656,159.75,66.025,32.306
1711,1219.2,2700.2,1568.5
1014,342.88,324.08,103.01
750,538.5,1226.9,725.55
1206,817.87,2035.4,1075.2
722,230.85,193.54,60.221
784,506.99,844.04,489.31
542,402.45,997.23,582.51
638,144.55,20,11.503
1194,861.87,2287.1,1292.2
744,470.63,763.8,413.89
568,131.06,60.379,21.919
363,252.01,632.54,335.43
1565,1185.8,1691.2,1289.3
681,321.98,239.98,147.9
692,396.64,686.68,359.54
1865,1227.9,2316.4,1284.2
2218,1554.6,3851.4,2020.3
1153,657.74,1201.4,647.93
1390,939.02,1976.4,1178.3
1298,905.13,1224.5,1011.9
1171,817.47,1826.7,1025.6
964,686.5,1715.3,923.73
938,673.81,1698.5,1004.7
956,303.18,255.95,74.014
647,273.24,154.45,109.63
916,319.71,319.11,108.61
684,470.7,1985.1,927
718,344.44,281.3,151.24
1083,735.89,1675.2,932.58
834,587.88,1528.9,801.21
791,495.2,823.03,422.95
758,262.77,124.59,73.81
2139,770.88,811.23,255.87
1050,616.31,2063.3,900.28
960,643.23,1358.3,713.84
994,422.03,492.58,205.83
801,484.6,677.1,391.39
626,476.3,2259.6,1132.1
1050,751.91,1916.7,1075.5
574,161.86,47.116,10.853
762,256.54,235.62,76.642
578,241.12,249.88,112.39
423,112.19,40.135,27.583
1029,439.57,568.33,224.93
791,430.25,481.87,280.62
798,442.64,423.19,258
694,269.56,246.13,108.15
816,360.2,520.47,193.75
722,281.02,146.02,95.619
670,397.43,1879.4,739.8
864,542.24,973.47,503.14
2144,807.15,405.91,275.92
461,76.977,6.3171,1.6409
1360,241.29,57.053,31.383
1304,966.2,2247.2,1299.1
963,261.31,132.6,59.108
1098,438.69,541.62,178.64
1928,275.76,70.344,15.695
1288,532.41,667.23,245.41
820,295.29,315.61,103.8
406,131.88,115.72,37.239
612,319.07,325.44,174.19
973,195.3,75.934,26.956
1342,997.5,3008.8,1662.9
425,270.92,789.8,314.25
856,217.5,74.498,44.944
868,164.1,51.853,17.029
589,379.6,743.65,405.32
350,64.798,18.677,3.9418
586,232.67,315.43,98.191
1096,424.44,432.2,161.1
1310,724.69,781.33,458.45
387,113.91,72.383,26.997
523,179.17,170.65,53.865
1008,411.19,582.58,200.43
492,402.72,1380.6,910.27
692,161.04,88.038,23.058
542,194.24,68.918,68.084
1088,439.23,526.91,192.73
918,469.24,418.98,246.96
815,329.37,372.03,134.69
472,139.09,118.91,33.301
876,124.05,11.607,3.015
998,741.58,2129.4,1239.5
794,166.65,63.523,26.297
651,192.79,151.25,43.41
1402,1021.7,2359.5,1318.3
275,103.1,91.015,36.229
631,161.87,95.434,30.251
1024,718.32,1997,1072.5
661,188.56,108.82,41.114
930,663.14,1659,888.72
1102,758.01,1786.9,957.56
1164,427.65,511.95,157.05
602,147.69,122.98,20.692
748,544.7,1549.6,884.95
851,288.67,44.915,20
737,294.83,645.72,161.17
792,493.59,1237.8,680.81
632,224.18,220.31,76.105
1046,334.29,193.45,94.74
922,171.25,27.522,32.854
635,287.28,208.24,116.33
868,285.94,251.33,81.47
1232,410.64,212.26,103.72
1777,291.36,82.706,25.914
1202,890.49,2050.7,1265.5
756,527,1112,682.73
1003,719.38,1976.3,1077.2
778,204.35,148.23,38.717
662,34.167,1.9526,0.33812
593,452.51,793.89,576.15
796,558.64,3002.4,1338.5
598,394.99,678.85,368.89
1046,453.72,903.93,253.62
735,221.99,91.411,66.533
952,166.16,48.422,23.726
728,244.24,268.66,69.783
1378,996.07,2493,1375.6
746,196.26,102.85,38.349
815,202.82,117.69,32.607
1001,642.42,1226.1,636.97
862,139.77,30.16,11.552
1142,103.04,8.5338,1.995
1117,819.45,2354.5,1327.7
653,9.2508,0.54863,0.0088621
940,682.92,1562.1,970.94
954,359.64,385.07,141.08
813,33.784,1.3101,0.2382
587,68.741,6.6454,1.822
840,485.49,510.19,317.1
1409,1007.5,2700.6,1486.1
1067,768.08,2051.6,1124.1
876,639.75,1588.7,935.35
724,408.17,495.88,271.46
928,362.82,384.57,154.32
658,422.34,760.85,440.99
883,626.09,1305.5,742.05
1750,1141.9,2236.1,1188.4
1312,307.56,156.68,49.527
1044,756.88,1942.7,1091.2
747,512.09,1340,687.12
662,269.77,317.33,120.13
604,381.05,552.91,293.44
784,543.57,1215.3,715.39
800,583.87,1378.2,863.02
936,698.89,2085.6,1188.7
836,175.14,80.578,22.989
672,212.67,161.63,61.162
866,355.86,404.19,166.23
1120,431.12,541.24,168.33
766,560.94,1406,862.93
1001,604.64,1546.3,767.68
1007,479.06,364.45,214.66
472,325.94,1526.1,714.21
1449,1039,2717.2,1520.2
866,287.74,214.74,82.714
697,479.35,1136.1,616.12
1282,52.392,4.7671,0.30119
1295,507.55,464.59,202.84
1027,398.46,507.62,157.59
606,171.07,113.92,36.987
836,304.09,313.06,103.95
802,316.09,146.62,97.794
746,135.22,20,9.9447
734,389.43,357.95,216.37
1048,159.69,38.912,13.477
861,638.44,1954.3,1103.9
881,327.48,363.28,127.24
1181,800.94,1154.6,904.13
1054,713.18,1292.7,700.94
2118,1468,3264.5,1775.3
636,200.68,164.13,51.677
1072,822.28,2384.4,1383.2
1113,438.49,537.81,189.7
1146,722.25,1188.2,658.54
1451,507.93,401.7,150.78
728,181.66,110.14,31.673
934,360.14,415.74,149.35
1914,1008.9,1374.4,573.25
935,366.98,452.88,153.63
893,608.37,1374.6,713.53
689,435.44,1032.1,598.27
654,421.22,710.67,369.19
909,319.15,325.43,102.93
576,377,499.35,313.01
752,530.2,1329.2,745.95
852,326.03,415.01,129.11
665,216.57,131.42,62.404
575,342.88,381.63,245.14
668,359.31,349.32,201.74
710,395.43,445.98,246.28
1920,1220.4,1979.9,1118.6
1427,976.99,2270.7,1133.6
780,284.76,300.4,96.864
672,267.62,298.82,128.17
670,439.22,564.21,504.08
616,178.54,122.44,39.399
567,261.28,207.75,119.25
1657,704.85,1072.9,348.69
346,137.64,163.03,56.029
788,168.03,75.292,23.049
1465,839.19,810.85,774.93
810,301.47,391.9,113.99
868,509.29,621.53,344.03
412,168.59,378,92.153
498,194.17,223.72,75.672
504,370.46,1105.3,600.71
632,452.08,1240.3,673.05
603,233.53,323.55,90.701
907,601.86,2715.4,1121
1332,544.76,724.63,254.2
780,248.4,139.56,75.369
1443,618.17,1268.2,367.3
857,177.38,66.557,20
890,300.57,285.35,91.818
806,474.58,564.31,378.02
1613,666.15,874.95,311.82
812,286.53,313.71,90.734
302,124.21,160.79,57.258
457,301.84,628.85,341.29
967,740.04,2156.9,1294.1
646,270.54,361.76,130.32
982,365.71,427.36,136.01
896,581.33,638.18,609.94
902,545.34,629,435.69
1117,457.62,578.63,211.36
1180,841.26,1784.6,1057.3
478,79.945,25.309,7.6697
374,5.2983,0.31423,0.0050757
1576,422.43,192.67,101.63
2388,923.74,431.71,337.68
858,589.57,1453.6,739.39
670,228,217.79,68.552
499,277.92,312.55,165.11
828,466.86,606.16,434.03
1755,860.21,744.82,398.97
488,353.93,939.76,546.41
446,316.36,659.7,413
1553,388.82,96.298,97.388
580,242.28,266.02,113.23
806,247.51,106.49,52.809
812,547.52,2062,848.13
126,99.731,304.43,147.13
2005,407.19,170.31,53.551
1623,1093.5,1251.1,1061
260,79.285,44.223,11.737
567,13.208,0.73441,0.057229
719,523.44,1386.3,746.99
804,554.71,1402.9,730.53
1072,443.28,581.42,210.28
361,255.92,536.39,286.78
1098,415.62,467.79,156.23
856,618.89,1540.9,897.57
886,562.03,667.96,541.28
655,47.101,3.4006,0.58887
499,67.456,8.0974,2.3247
944,674.77,1852.4,989.81
646,243.74,397.3,108.14
778,525.57,1290.6,695.92
1201,808.69,1290.7,781.89
1492,961.65,1150.1,883.03
1625,546.26,535.19,167.09
552,26.359,1.8065,0.15642
829,538.3,855.69,502.49
737,541.2,1213.1,689.14
907,395.23,571.49,208.39
720,126.75,34.41,11.965
690,185.75,105.24,43.87
294,72.856,46.094,14.611
798,168.74,75.996,21.472
814,366.51,546.51,211.64
687,507.22,1540.9,865.19
592,240.04,328.52,103.93
687,353.09,307.86,190.24
586,124.95,55.124,12.572
484,95.296,37.244,9.674
2038,1330.4,2177.3,1243.4
3466,970.08,532.95,228.51
2334,1609.3,1873.8,1307.7
844,549.17,884.13,507.79
1016,724.5,1861.4,1072.1
1701,383.89,173.61,60.988
1135,445.47,522.17,183.84
671,178.91,116,31.224
267,143.28,91.356,71.189
612,131.54,54.209,15.841
706,475.85,550.35,475.78
1002,727.32,2141.9,1159.1
1003,507.19,452.75,253.01
748,300.69,357.38,131.34
590,264.04,448.66,157.58
792,551.86,2912.9,1316.9
545,199.8,120.2,72.951
671,483.12,1318.8,732.29
730,173.85,88.594,28.473
727,252.14,273.35,82.362
2694,563.54,206.42,87.363
1498,469.19,375.23,120.55
1522,1152,2765.7,1845.9
1320,281.23,139.04,37.336
1171,571.9,557.37,265.56
749,296.78,369.75,128.49
639,460.01,1025.8,631.96
516,166.99,126.51,45.052
726,367.43,248.91,191.48
581,360.85,526.72,279.73
663,224.25,228.19,69.244
204,55.526,23.169,6.0181
804,298.84,292.95,114.14
542,27.362,1.5916,0.24805
1991,1354,3494.6,1725.8
960,690.18,1636.4,913.13
485,295.2,1375.8,619.04
1753,467.22,275.61,89.486
1253,160.87,13.357,3.89
1420,127.01,14.099,2.4904
1282,842.5,1355,788.94
754,286.37,316.1,111.65
1052,314.53,230.93,74.92
621,391.68,632.33,336.76
1018,594.21,818.9,421.59
626,140.99,66.742,20.656
841,342.58,464.89,161.45
720,526.31,1562.5,891.32
417,266.32,382.56,197.69
530,182.31,265.69,56.337
1280,353.96,200.51,81.296
770,108.48,30.646,5.7683
628,438.12,870.98,495.89
1512,582.25,672.58,230.52
1564,610.43,866.25,270.07
715,470.81,1121,518.19
736,216.99,159.87,50.942
944,385.48,440.28,174.55
791,467.64,555.42,331.15
776,545.25,1304.7,722.69
362,125.83,111.77,38.141
814,589.18,1565.4,883.74
724,234.79,191.19,56.832
1152,685.61,1153.9,510.27
991,398.9,532.99,185.58
656,221.74,228.05,61.726
882,381.87,571.92,212.73
712,280.19,346.14,116.01
786,425.34,375.33,237.08
730,514.42,1057.5,662.46
1104,735.92,1605.6,886.5
650,206.3,166.1,57.7
417,139.75,124.67,40.617
1438,230.07,74.653,20.963
1104,842.26,2265.7,1382.6
977,686.59,1679.4,939.76
505,321.71,851.55,353.69
1190,862.65,1999.7,1165.3
786,453.04,639.63,292.64
528,125.99,45.888,16.805
702,249.66,269.09,88.825
706,505.35,1435.2,803.04
684,140.53,45.34,16.824
1122,442.72,522.47,178.04
338,209.03,206.67,181.81
700,484.68,1196.2,624.83
1036,349.99,355.73,104.57
1116,363.2,338.58,104.47
1449,443.56,322.33,108.79
691,493.69,1324.4,686.86
1103,749.46,1214.6,819.04
742,561.93,1551.9,912.88
734,490.61,689.07,501.93
1153,185.46,41.076,18.968
290,211.24,509.81,279.16
749,273.1,421.87,104.21
806,502.4,793.91,426.73
1002,540.69,629.44,307.55
724,173.41,87.595,28.245
631,349.52,475,198.22
442,256.84,1157.8,438.73
522,7.395,0.43857,0.0070843
499,221.77,168.14,89.894
1741,1203,5319.5,2204.5
2453,1677.3,4203.7,2152.5
1012,726.2,2167.3,1124.1
786,462.95,1054.7,551.78
1449,1032.3,2704.2,1459.7
619,221.67,259.67,83.873
1398,955.52,2049.2,1135.1
852,531.36,735.36,440.24
690,297.1,370.59,148.8
663,242.87,582.06,116.09
1131,819.09,2155.3,1211.6
1147,671.48,880.37,472.69
264,31.233,6.7137,0.77505
1082,676.95,684.44,538.47
510,228.9,166.97,83.065
1158,337.57,216.89,75.195
546,458.49,931.86,551.49
596,96.178,25.438,8.061
1220,362.61,204.27,99.06
850,153.74,47.898,13.33
1675,1201.3,3400.6,1810.1
1014,434.33,621.17,220.63
986,740.43,2078.6,1205.3
810,249.55,187.46,60.802
974,257.53,115.03,62.574
780,285.94,225.36,92.46
502,195.7,114.3,63.209
863,584.74,775.41,595.92
966,681.51,1788.2,920.9
950,695.89,1824.4,1025.8
889,410.51,331.91,182.26
610,318.81,253.74,166.91
475,125.61,43.35,23.387
774,106.94,24.392,7.1279
1403,977.39,2765.1,1418.2
1426,1004.5,2494,1310.7
2352,624.77,324.93,143.79
1004,352.39,341.91,109.22
1503,1063,2269.8,1412
813,585.2,2838.9,1337.5
1178,485.55,627.63,220.75
800,243.37,170.72,62.779
710,520.47,1502.2,817.61
851,352.73,407.7,164.28
736,415.72,464.77,364.02
977,676.27,1542.8,830.98
834,346.27,489.55,168.64
734,329.91,246.56,143.92
633,230.73,126.41,68.654
882,416.33,339.29,193.66
608,124.42,20,9.8872
890,627.9,2720.2,1186.1
800,147.16,40.594,13.256
1184,809.97,1716.7,980.92
1311,925.16,2060.1,1152.3
1985,419.36,169.84,62.281
1132,353.44,181.12,103.81
876,677.85,1385.6,911.2
1146,802.08,761.24,727.31
986,733.96,2217.7,1205.7
575,202.09,142.94,63.894
732,143.17,43.164,13.134
1343,861.92,1292.9,824.08
359,221.8,292.17,179.61
1199,527.95,1039.7,305.05
817,313.55,614.64,145.51
1040,675.73,985.28,702.34
854,610.94,1438.9,801.41
731,41.606,2.1532,0.46608
930,484.05,559.54,283.01
564,406.7,2018.7,950.12
963,693.91,1762.8,953.56
535,321.53,312.63,182.59
2038,1321.8,1699.2,1275.8
1461,966,2105.3,1134.9
1412,1008.8,2468.6,1319.9
1326,312.77,130.13,65.672
1164,840.48,2139.8,1225.2
790,314.84,429.7,143.92
880,630.83,1539,882.89
514,208.11,279.54,93.5
337,155.47,122.17,74.801
976,312.92,191.04,98.718
476,351.88,997.49,538.17
1056,731.73,1673.4,872.72
946,676.76,1556.2,903.94
644,468.03,1399.9,681.43
472,189.81,177.5,79.036
628,452.15,1128.1,609.64
430,132.25,142.53,35.26
589,245.35,302.04,116.66
706,492.1,1292.1,682.67
792,276.07,183.52,105.61
880,270.75,156.17,80.876
1075,362.62,421.12,111.6
462,247.19,333.99,157.73
970,142.09,26.324,13.195
745,485.14,810.93,455.41
1018,372.2,401.12,135.33
628,406.31,1764.4,869.43
945,525.78,620.94,336.25
876,435.24,319.54,227.85
352,295.16,1517.4,992.91
867,346.62,418.46,155.18
682,382.99,446.15,243.73
849,583.07,1407.3,758.11
918,144.77,39.775,10.59
976,537.56,573.01,340.08
530,152.61,125.27,29.475
1117,385.01,393.37,122.5
1530,1085.4,2974.5,1655.6
709,153.24,56.555,20
510,94.564,25.721,7.8956
590,449.48,1417,777.95
650,241.72,287.23,89.53
1166,616.91,525.42,357.01
684,325.48,321.04,155.09
563,300.9,320.14,175.94
1558,1083.5,2815.2,1508.1
596,179.9,81.838,39.548
1089,821.35,2021.1,1332.9
1860,668.2,693.13,219.46
375,265.45,504.36,296.79
840,325.1,403.87,132.79
661,164.85,105.36,26.55
1436,1031.8,2736.4,1447.4
598,445.35,2141.3,1032.5
940,595.59,645.2,484.09
966,648.74,1986,951.96
994,692.51,1950.4,1029.8
583,181.29,167.64,42.527
984,717.18,3818.9,1926
318,137.68,204.74,70.91
670,379.79,453.92,244.63
719,264.94,286.94,100.78
364,274.84,628.44,399.43
1518,804.21,865.17,460.3
1102,764.06,1945.4,1059.5
1104,375.53,158.71,110.03
894,634.77,2048.2,1035
566,239.96,457.12,126.72
972,387.89,538.46,170.58
854,522.22,836.68,372.06
975,203.58,88.208,25.99
720,116.6,46.969,7.824
626,248.84,288.23,101.89
1228,740.41,729.92,635.45
874,591.58,1323,655.16
995,641.45,782.48,584.4
345,108.05,45.419,32.315
658,154.84,87.54,23.124
1380,817.34,1064.3,600.44
594,120.64,40.979,8.4822
2916,1758.5,1541.9,1402
768,518.01,1067.5,577.75
1391,573.47,649.87,254.55
647,126.16,35.039,12.774
729,516.23,2319.6,1040.3
974,685.54,1841.7,1019
1295,919.74,4274.4,1979.2
789,498.88,1249.8,693.31
692,239.36,276.98,74.213
668,493.77,1183.8,694.9
699,544.23,1669.1,992.06
609,261.12,178.43,97.612
626,299.14,218.45,133.05
1058,399.65,426.34,140.13
360,133.26,67.684,40.921
607,425.16,874.44,542.6
800,529.77,945.74,523.85
738,146.22,53.718,16.063
980,131.08,22.771,7.8863
1448,797.04,629.93,452.55
3922,969.15,437.82,201.54
1168,686.02,655.5,417.49
1824,1325.9,3245.1,1894.1
706,293.2,424.2,146.24
1123,385.41,322.43,122.54
906,299.94,317.28,85.668
922,264.04,184.18,58.159
1043,450.7,920.92,271.76
954,363.88,625.3,152.43
416,122.22,125.04,25.261
874,598.27,2669.5,1101.5
502,127.67,64.141,19.993
436,125.54,161.58,25.701
913,422.54,303.49,183.43
1269,432.87,374.24,127.94
1635,1202.4,3565.9,1916.3
1421,1033.5,2834.2,1515.8
629,430.15,883.94,508.49
904,661.37,3316.7,1472
907,525.17,1288.8,611.66
831,602.39,1627.2,864.89
950,342.82,417.53,120.57
534,52.409,6.1883,1.0448
655,480.28,1488.7,856.86
940,128.62,36.236,8.964
758,202.68,106.21,40.726
860,636.19,1543.9,878.99
886,203.15,35.421,19.152
778,573.83,1455.6,892.7
1264,516.88,277.18,213.65
930,648.06,1326.9,794.32
1432,1014.4,2807.1,1442.1
1425,974.64,2070,1137.5
994,805.74,2662.9,1347.5
2135,1489.5,3506,1955.1
1831,602.86,599.97,167.71
822,585.27,1385,801.13
1047,742.97,2076.1,1133.1
900,335.67,355.1,124
840,129.02,14.042,5.2826
767,385.67,272.66,214.12
658,459.89,2470.1,1135.5
848,627.41,1630.4,956.68
1210,648.97,700.02,366.3
1259,253,96.929,27.152
1310,351.82,203.2,72.136
1830,1241.4,2934.2,1459.9
1089,743.13,1075.7,769.49
329,79.835,53.551,15.5
1006,705.36,1971.7,1019.7
571,450.23,909.82,703.81
1160,683.89,1743.4,837.16
523,345.34,576.63,325.51
749,485.99,587.09,474.49
736,232.25,175.09,68.477
578,86.282,11.295,2.5671
562,372.54,537.08,388.67
1170,842.96,2185.1,1252
684,469.56,1101.6,598.71
658,262.35,326.82,125.38
930,405.28,563.28,214.47
2022,371.82,128.7,44.723
2010,1438.7,3285.6,1915.6
1950,1492,4148.9,2424.8
470,335.97,1577.5,735.8
1052,376.91,458.58,128.51
1077,396.84,506.48,148.46
1200,493.38,689.58,231.64
1004,426.73,607,207.44
782,206.71,20,10.823
749,295.83,363.6,130.02
676,510.63,1409.8,862.28
870,224.37,110.57,50.052
522,404.14,1271.7,529.39
1218,380.19,234.21,116.56
1202,738.01,936.87,658.66
646,254.19,393.24,117.29
792,437.37,423.06,371.28
3331,2329.3,5784.8,3040.7
2148,803.63,884.62,292.28
1159,444.04,446.9,178.83
1936,1304.3,3066.9,1550.2
626,143.91,59.431,24.85
2628,1746.2,4059.7,1985.5
476,120.5,25.54,10.573
681,466.72,955.01,531.49
447,220.63,516.63,204.12
502,231.35,161.27,98.878
1215,840.62,1655.5,1019.8
690,448,614.07,398.76
411,229.44,219.99,123.43
706,148.09,52.905,25.766
871,307.57,333.98,103.23
1071,681.39,1386,663.22
1085,383.25,380.85,128.43
552,214.58,416.67,104.09
1660,1113.6,1632.7,1235.4
1591,280.03,104.32,30.701
691,11,0.58056,0.0093778
821,593.84,1222.3,740.99
1854,605.8,526.39,165.9
721,119.68,36.632,9.787
688,299.79,678.62,193.76
711,298.78,419.97,145.91
864,165.34,69.38,19.275
1231,803.33,1086.3,776.48
433,317.46,892.19,515.12
475,174.73,259.78,66.573
730,302.39,329.09,137.38
34,0.91514,0.084856,0.00046143
1542,603.44,740.25,247.08
1186,832.74,1948,1081
528,101.38,33.899,14.151
476,328.86,675.22,372.84
1162,783.21,1487.5,801.43
1037,390.92,444.48,145.71
1110,791.1,2287.3,1202.3
684,327.19,262.4,150.03
756,248.53,176.19,81.569
884,626.55,1834.5,938.52
589,340.75,587.28,241.14
760,286.84,306.99,106.94
761,142.92,16.578,5.8439
485,187.46,375.32,90.842
768,319.47,399.98,138.3
848,510.13,1168.3,634.5
1394,1083.5,2031.4,1237.4
1991,1410.1,3974.5,2055.5
754,483.69,817.05,454.4
2041,1425.3,3452.1,1858.6
599,428.79,1439.8,755.02
644,369.31,556.83,278.94
735,219.45,146.84,51.344
839,385.89,327.7,167.98
714,285.47,334.03,113.94
496,194.08,276.33,82.672
1006,148.42,20,12.323
1292,935.87,2422.9,1417.7
1643,455.93,284.32,103.39
779,162.61,51.99,20
554,243.02,526.9,154.82
1642,394.86,169.06,77.785
1910,590.46,440.52,146.83
928,684,1789.3,998.93
507,256.16,187.96,138.19
391,309.92,417.31,506.28
818,246.2,168.9,62.603
968,391.28,499.55,178.75
1045,767.28,1766.2,1129.2
634,460.38,1362.1,739.14
924,351.66,454.74,138.38
546,136.07,61.284,20
818,564.39,1096.3,610.21
520,218.54,325.93,108.75
1041,732.31,1869.6,1051.9
1131,763.23,1285,784.72
1008,481.14,320.53,246.64
788,125.53,36.16,11.871
1904,1312.3,3065.9,1643.5
1046,755.24,3098,1495.3
622,431.45,500.79,445.91
657,113.76,30.024,9.0749
887,638.52,3190.9,1483.7
1094,795.47,2370.3,1292.1
522,96.16,33.684,7.8443
491,179.33,200.35,66.399
629,480.93,1682.5,946.69
749,531.76,1351.9,726.73
892,496.12,682.09,456.82
542,238.86,397.35,128.47
442,333.08,1073.8,585
1015,445.47,321,176.82
728,233.59,212.43,64.639
879,168.09,66.921,14.094
804,305.44,582.07,136.26
670,448.64,2049.8,849.38
858,333.11,384.33,139.25
1027,343.5,369.07,103.53
428,314.88,1496,742.84
1048,423.44,537.55,178.01
935,282.81,155.44,83.721
712,460.92,793.9,434.7
1000,401.85,420.61,172.43
738,248.83,274.25,76.206
757,313.14,391.23,152.1
774,564.04,1674.8,932.13
773,275.63,471.01,106.87
592,429.08,1158.5,597.09
1032,539.22,874.7,379.95
820,115.82,12.022,4.2794
1252,849.64,1767.2,986.96
676,503.53,1101.4,731.97
1166,316.07,182.88,64.817
829,205.08,113.08,34.033
2142,343.62,116.83,33.368
1197,873.23,2424.1,1341.8
1065,172.26,44.363,20
741,161.6,55.691,28.038
1286,542.13,1218.7,325.54
510,167.17,175.68,47.78
480,314.2,511.79,308.22
478,287.1,456.34,212.48
619,355.54,376.65,219.18
736,306.78,612.37,162.82
1042,745.62,2012.3,1082.9
856,351.55,798.86,200.44
889,651.49,1894.5,1088
572,212.99,227.74,72.573
1097,457.65,648.4,216.59
487,191.78,270.65,88.039
469,339.34,736.78,448.52
1222,482.95,542,200.98
828,276.54,204.27,81.228
1159,460.58,595.1,192
1008,704.38,1987.1,1055.2
1214,842.48,2306,1204.8
852,341.71,440.01,143.2
671,235.75,305.71,78.832
692,283.88,356.96,133.03
1214,386.08,259.68,109.38
542,407.59,1135.6,651.53
1008,736.2,2012.4,1104.7
1560,1071.5,1268.9,1118.7
443,214.19,152.43,104.52
491,359,1712.7,1055
1083,698.37,1059.2,719.23
804,227.36,112.33,59.282
1040,368.61,589.99,137.58
906,138.98,34.336,11.305
1253,520,676.42,242.65
1125,776.69,2146.1,1066.3
1238,390.4,310.18,98.904
894,102.59,12.662,2.2552
1143,726.56,707.41,649.11
622,376.7,1878.8,790.55
1000,668.56,845.19,663
856,595.04,1514.4,802.08
676,460.07,995.56,523.32
951,489.42,486.74,256.23
1327,926.88,3576.1,1662.7
852,526.88,758.4,441.59
1120,419.47,487.64,152.73
642,475.26,2140.1,1068.2
938,331.07,253.7,120.82
758,290.07,313.67,110.93
644,459.03,1285.4,675.92
775,287.37,609.05,127.53
1163,480.03,616.79,231.87
654,441.41,1627.8,976.07
1264,919.8,2633.7,1426
814,274.31,282.6,75.061
330,299.8,1349,739.48
1100,702.98,924.78,665.68
956,712.95,2146.6,1212.9
1014,407.2,848.23,210.13
846,548.65,1645.9,686.67
640,382.19,481.97,282.17
1082,373.08,378.29,119.16
1494,541.45,655.84,191.43
1080,793.62,2606.2,1359.4
1581,1146.6,2940.2,1592.8
940,368.48,447.38,145.1
769,303.27,467.49,123.37
764,315.83,547.38,166.22
934,547.19,858.86,382.85
912,486.24,437.02,263.71
946,349.95,388.36,128.75
902,610.79,1447.4,714.21
1647,602.16,627.04,214.37
1516,1114.7,2821.1,1586.6
849,262.81,228.36,65.147
1044,503.67,307.24,255.22
712,451.84,548.19,301.93
926,490.72,412.66,318.96
996,234.5,118.76,36.632
865,340.05,334.63,142.93
606,355.43,763.68,410.18
1033,646.88,975.27,555.37
1183,464.97,571.24,183.78
1078,61.724,3.0687,0.51577
920,653.13,1544.3,922.02
1378,629.35,341.24,318.65
1532,1061.7,2840.2,1419.9
894,555.05,788.81,472.83
909,297.39,272.3,81.445
692,447.02,1022.4,502.55
893,542.65,896.57,422.48
838,610.71,3473.9,1608.9
814,348.65,866.9,216.41
936,371.76,452.03,165.23
591,8.3725,0.49654,0.058005
1420,993.79,2307.9,1356
904,395.54,302.09,151.21
1310,450.01,470.02,145.72
1533,453.4,391.62,102.69
1678,734.68,1512.8,438.85
2444,757.18,436.59,227.57
1132,829.07,2366.7,1321.9
1180,835.61,2397.7,1193.4
924,148.35,26.826,12.49
1556,1070.6,2928.5,1380.5
1083,795.12,1992.9,1207.2
900,44.849,2.8278,0.20404
569,316.25,417.03,189.34
574,390.93,1030.6,473.5
1054,784.95,2216.4,1257.5
1034,537.08,510.91,298.59
791,574.33,1790.1,938.85
912,572.42,933.97,506.79
968,703.46,2094,1084.9
791,411.29,324.57,200.12
918,477.46,573.89,275.99
1406,910.47,1169.8,876.03
1120,399.89,303.92,145.32
2382,979.2,1710.7,496.2
286,89.552,99.702,20
821,568.23,2404.6,1105.8
566,395.1,2042.3,887.17
742,318.49,227.34,124.43
953,656.13,1593.2,793.83
1318,910.79,2344.2,1218.9
1094,422.06,442.72,165.86
1038,163.66,54.679,11.879
794,549.2,1247.3,710.85
750,307.28,351.33,147.29
1006,623.21,1537,793.42
494,100.02,37.021,12.932
1264,545.58,753.86,294.08
1059,383.7,463.77,132.92
960,682.03,1583.5,929.69
839,534.89,872.3,502.23
906,641.67,2583.4,1147.2
1509,486.52,471.63,126.2
1052,367.7,191.73,97.316
1106,740.46,1832.1,885.96
1113,372.52,392.53,111.28
1091,420.47,444.69,165.06
1181,803.86,1656.6,959.27
856,412.48,328.14,192.57
958,403.3,524.25,197.19
394,286.7,318.87,311.05
578,116.36,30.466,11.211
1144,697.66,1922.6,950.85
1363,359.03,158.61,89.518
490,146.47,64.081,34.759
782,498.42,733.42,428.51
1422,735.93,623.27,401.77
1201,478.82,618.4,204.05
606,52.704,3.8386,0.64098
703,213.41,89.964,51.46
991,390.06,451.68,170.18
563,147.97,73.746,30.993
1326,908.45,2185.8,1142.8
1253,460.63,519.23,167.38
558,334.8,402.9,245.67
787,430.55,417.39,275.07
615,393.49,768.53,410.78
545,227.7,360.91,115.64
786,188.95,74.27,44.489
907,653.38,1944,1002.8
800,329.87,434.18,151.95
863,383.9,244.02,160.28
1003,750.79,1694.4,1004.1
854,295.52,279.29,94.081
939,589.68,803.8,489.57
884,496.22,591.07,427.95
660,365.59,715.99,350.63
717,442.16,773.77,400.46
511,308.52,430.18,225.46
696,528.07,1722.2,989.75
602,151.06,88.605,25.07
1310,950.08,3155.3,1703.3
932,155.91,35.334,20
388,148.84,275.73,61.57
1113,373.27,367.94,109.58
766,142.39,42.194,14.156
1055,266.39,109.85,80.434
805,554.81,1042.9,637.75
858,463.81,473.78,285.53
481,177.02,198.4,63.89
832,572.33,1453,732.31
837,318.35,366.93,126.14
958,378.15,556.26,166.79
594,329.29,396.73,197.02
776,305.97,615.31,153.37
781,282.19,364.52,105.63
822,335.62,444.08,149.79
700,444.9,721.35,385.15
996,337.4,346.02,94.872
963,591.24,801.32,467.57
545,129.59,26.988,7.7889
874,597.1,1494.7,775.4
618,324.86,331.44,182.51
905,305.3,253.12,88.4
1286,289.31,142.56,42.925
1097,429.19,441.57,165.96
1886,1186.3,1717.2,1032.2
1734,1144.5,2392.9,1206.9
618,233.32,230.91,94.296
710,186.62,119.33,34.224
1042,543.35,489.89,303.61
1236,805.87,1105.9,752.83
1943,768,887.24,318.82
793,569.78,1640,891.4
932,664.28,2098.7,1048.3
2616,1807,4745.1,2531.8
597,441.78,1425.4,784.75
831,636.27,1602.8,1020.8
785,360.27,298.06,150.71
2573,1831.2,4249.6,2324.2
1458,205.12,41.691,13.594
1736,648.15,690.94,247.65
1035,742.98,1844.5,1008.8
1532,1131.6,2582.5,1664
632,457.89,513.93,513.21
568,417.35,1841.6,867.05
734,33.472,1.4377,0.22406
946,638.89,1220,668.08
508,191.11,227.71,77.324
610,327.1,282.32,191.45
812,622.59,1728.3,1064.9
954,393.77,559.55,186.58
574,79.106,9.9931,2.0314
855,381.76,563.07,211.34
1084,679.08,786.04,640.74
1182,773.71,749.11,769.21
372,141.43,177.4,54.796
1935,1219.6,1949.3,1028.7
650,467.99,1234.8,686.29
1238,611.12,529.13,294.28
932,349.35,595.59,139.05
1529,611.18,739.73,265.14
694,515.57,1484.9,849.88
806,485.51,812.79,489.33
1392,995.3,2407.5,1337.9
1312,910.92,2519.4,1307.7
504,342.78,1865.4,839.88
831,318.87,372.59,123.8
1082,208.08,63.659,20
801,188.2,20,8.0811
773,546.32,2517.8,1122.2
758,246.18,121.84,59.042
1100,373.5,378.95,113.45
1344,199.65,50.579,22.505
556,380.15,788.93,424.41
811,334.02,205.16,119.73
598,430.58,1332.5,683.39
781,576.28,2698.5,1279.8
330,131.23,246.98,70.015
886,370.15,583.47,178.24
789,466.7,516.56,311.46
819,598.59,1516.2,900.16
925,553.35,633.68,371.33
688,166.45,99.92,15.85
696,495.86,1163.5,684.94
446,279.4,288.35,255.48
3703,1098,818.9,256.42
740,107.6,19.253,3.8102
1557,614.9,771.94,263.25
1160,619.35,624.49,327.92
728,287.71,351.35,120.07
832,609.69,1497,895.33
958,625.47,1130,635.16
692,337.64,287.65,164.62
990,375.57,430.56,138.55
544,87.027,24.208,6.4191
838,523.59,1242.9,648.78
743,232.31,130.11,50.183
1493,528.07,580.95,174.36
604,234.06,90.406,81.555
828,311.01,303.15,110.73
858,592.66,1006.1,608.08
406,103.5,64.293,14.404
1133,773.49,1665.9,960.45
1395,590.92,1244.6,348.97
1098,451.84,617.54,211.63
1551,1069.4,2641.1,1731.7
670,224.48,166.89,71.61
1384,455.83,444.41,129.46
1841,1180,1303.4,1010.4
749,187.9,114.68,32.87
412,286.92,1657.6,715.71
563,394.67,990.09,528.13
336,80.853,59.173,11.232
1044,728.19,1998.9,1009.8
929,178.9,57.676,18.293
849,283.82,221.33,85.413
1541,1135.8,2695.5,1574.2
2682,829.5,672.79,215.28
1180,230.61,92.419,29.127
864,623.11,1823.5,952.02
684,180.18,125.4,31.926
1016,690.49,1182.7,716.26
868,642.21,1586.1,943.96
747,149.55,53.019,20.166
592,194.16,134.42,60.161
552,198.79,213.44,73.135
1091,427.81,536.53,175.97
696,494.35,2362.4,1066.2
1046,678.66,805.92,594.01
865,651.41,1714.1,980.53
1035,405.12,483.73,167.96
1432,966.83,2041.3,1067.1
866,495.7,909.51,379.21
1254,413.24,419.72,114.96
2796,1953.1,6683.8,2971.7
1391,525.07,630.73,203.4
992,198.36,39.084,12.117
560,157.85,120.85,30.699
723,464.23,846.14,445.35
1219,467.09,562.94,190.47
1528,351.69,125.53,79.727
725,523.18,1337.7,757.58
879,411.54,348.34,174.06
263,115.53,55.396,38.851
1033,711.28,1719.2,880.74
1724,414.72,185.8,80.963
573,37.684,1.6587,0.43084
777,334.92,202.48,129.89
585,336.58,429.89,234.64
1898,1389.8,3280.3,1941.6
624,379.27,845.05,352.89
1980,591.38,348.4,163.63
794,592.26,1545,909.52
1124,259.46,97.516,53.684
911,304.06,345.13,90.742
912,326.89,350.3,116.23
502,345.68,720.74,369.91
1025,185.15,55.808,25.146
438,157.1,89.33,45.82
755,338.29,576.33,204
1100,398.17,414.24,137.83
1808,950.54,1181.8,551.94
688,478.01,1452.2,743.63
1722,1179.7,2747.2,1349.7
1426,354.52,163.81,71.256
1150,799.43,4181.5,1848.9
620,282.05,659.74,201.17
1126,431.17,502.2,171.21
179,20.92,0.73692,0.28712
714,232.07,270.52,63.346
694,276.68,321.76,115.9
860,355.86,513.98,167.39
638,320.1,281.55,179.14
769,475.84,655.46,373.95
1126,437.63,563.63,189.05
926,376.81,515.72,174.28
757,161.1,63.066,16.033
910,678.97,1750.1,1058.9
2248,1531.5,3253.9,1686
1032,263.26,131.89,52.642
1420,852.9,1310.4,659.08
711,284.76,409.09,130.2
952,309.15,244.68,84.033
1847,1021.2,1305.6,617.59
418,150.83,204.76,53.187
1100,769.35,1841.2,1020.6
752,415.4,592.11,387.22
837,376.4,273.62,159.82
590,332.35,378.27,195.59
976,242.59,152.02,41.726
930,481.71,421.3,241.77
1022,577.19,658.78,367.21
566,415.16,915.73,559.81
675,356.94,386.77,206.13
552,395.01,1132.5,592.44
1312,935.04,2579.3,1363.3
1259,879.97,2036.1,1195.1
1004,173.73,51.279,10.061
575,137.68,63.409,20
1556,1065.4,2711.2,1414.1
1672,1160.5,2426.7,1540.9
2091,1478.9,3478.5,1921.8
1082,445.02,542,205.45
1086,787.83,2195.6,1219.6
1246,890.31,1950.8,1101.2
952,694.05,1622.7,942.69
474,185.24,223.01,80.008
394,300.83,515.12,342.64
872,517.26,1185.6,611.08
1055,650.72,661.14,504.08
1152,801.68,2202.7,1105.6
1414,496.91,358.96,174.97
1654,984.28,1283.3,718.79
1542,436.01,201.46,111.84
1888,1107.4,2326.3,1205.6
1539,611.84,749.51,261.1
872,287.15,229.43,78.202
712,523.18,1223.2,666.11
862,338.43,431.98,140.82
1375,350.9,263.89,57.261
352,113.47,59.961,26.926
1298,505.49,800.5,218.77
1067,403.18,240.63,122.53
940,357.71,389.91,142.73
1442,424.52,279.37,106.56
808,157.87,57.286,20
626,152.03,74.266,23.467
1402,1005.7,2401.8,1311.2
936,671.08,1754,951.14
1253,667.56,650.01,553.64
1690,1165.3,3032.4,1533.6
782,205.36,66.234,20
1758,1166,2040.9,1099.3
1092,106.77,11.713,2.0016
747,246.12,199.43,65.293
804,494.99,559,330.73
1649,1124.3,3065.2,1571.1
684,419.99,1703.5,734.62
840,318.51,376.56,122.96
877,98.892,14.22,2.0315
586,274.53,728.15,224.05
420,253.61,628.22,295.21
946,637.33,881.45,676.94
852,364.12,476.96,179.19
1345,731.69,737.48,438.36
932,434.05,343.57,186.88
568,96.68,34.343,6.8299
1481,1016.4,2652.7,1337.6
911,603.83,608.08,553.63
970,204.38,75.062,32.266
854,337.64,386.39,146.99
838,587.2,1175.2,707.51
696,288.76,381.94,135.22
999,192.05,20,8.9732
617,129.12,14.514,5.8264
720,290.38,303.88,130.79
1391,258.8,83.291,36.871
899,620.68,1558.5,862.19
946,664.81,1429,846.54
442,264.6,415.2,206.38
1380,195.78,41.594,11.85
1196,808.01,1162.9,856.42
1259,505.84,928.46,245.44
882,271.21,229.75,61.188
1288,791.22,1030.3,608.69
878,604.59,1454.5,791.7
1543,1087.7,2389,1415.4
1456,530.52,519.22,189.17
1762,578.66,576.69,160.28
1003,594.73,1469.3,747.77
1078,409.37,708.75,171.04
1318,781.96,978.24,549
882,339.5,384.68,135.23
1032,773.84,1981,1157.5
668,243.44,252.76,81.771
658,414.32,420.84,384.66
1297,429.74,430.36,124.81
761,414.52,412.14,248.01
806,265.34,286.45,71.441
1182,395.48,419.82,117.27
723,272.44,336.2,106.15
1115,677.77,1636.6,879.08
962,191.02,33.804,20
1590,1102,2928,1574.4
837,440.59,441.43,234.93
952,387.34,484.86,169.92
1086,369.49,334.66,111.44
1450,1012.6,2624.4,1342.8
1026,49,3.0113,0.39109
1076,801.43,2031.1,1278.4
763,475.37,699.24,387.75
504,369.85,448.81,461.51
801,513.91,1213.6,573.2
611,423.45,891.45,511.92
549,120.39,63.604,17.599
331,194.06,247.67,122.42
1114,800.55,2073,1088.1
938,672.33,1349.1,852.27
662,503.28,1423.7,855.39
1681,605.62,695.12,209.47
1016,231.14,89.653,43.594
669,446.5,850.06,476.04
786,511.77,753.34,462.81
976,345.43,303.5,125.5
691,446.16,624.92,429.34
1120,432.67,537.1,183.48
1170,174.49,21.628,7.6939
980,385.62,406.89,164.66
602,242.45,372.02,115.1
945,253.66,86.318,63.526
660,344.9,257.01,269.6
90,20.105,4.2256,1.4635
321,20.507,0.60423,0.3139
926,644.52,1540.4,895.43
856,606.49,1304.5,740.92
426,232.03,223.23,128.46
1366,986.95,2405.4,1299.9
1902,426.79,161.29,85.444
1200,846.61,2299.8,1343.2
986,356.82,456.36,129.21
916,661.89,1241.5,778.12
581,442.63,2202.5,1151.7
1201,816.58,2550.8,1611.3
1218,658.06,677.91,385.8
1142,447.69,535.14,180.42
1103,758.96,2540.3,1181
575,423.01,1136.5,682.56
750,504.6,1132.7,590.07
701,377.6,407.56,222.31
968,377.97,386.53,152.84
1605,1140.4,2741.9,1500.6
969,354.04,452.68,124.47
692,178.25,105.57,33.749
418,110.97,21.76,20
2446,1710.5,4669.4,2410.8
1728,1230.3,3169.3,1691.9
1191,844.7,1493.6,980.37
812,600.81,1749.5,975.52
784,236.18,142.46,56.986
1030,421.34,567.44,195.96
865,226.52,132.1,44.82
1097,737.29,1284,810.15
536,65.158,13.797,2.0905
1105,454.43,528.97,200.04
954,336.95,375.25,113.67
1088,463.4,637.81,230.89
1410,970.69,2296.3,1163
1378,1025.6,3008.2,1766.3
968,411.13,581.12,206.59
1046,715.34,3622.1,1420.8
218,151.92,560.25,251.1
382,167.11,133.77,67.346
1197,407.13,401.03,124.5
1469,1009.8,2661.3,1358.9
1244,891.51,2363.3,1337.5
765,172.51,89.575,24.375
855,559.7,903.94,515.7
700,250.95,273.51,85.723
992,200.46,71.988,33.095
952,354.03,411.51,123.34
828,599.2,1574.2,862.84
960,308.84,263.7,83.776
1300,157.19,24.397,11.684
364,135.8,108.21,43.384
288,245.95,420,314.7
774,479.4,1304.4,737.49
586,247.61,362.33,126.64
1130,462.37,572.75,202.05
829,248.71,263.88,58.717
1540,482.86,450.75,125.04
349,176.66,181.92,85.388
318,188.91,243.47,146.92
911,174.6,65.256,20.089
722,497.24,1218.1,651.96
1608,524.91,447.68,150.23
1352,546.31,810.2,261.41
869,519.25,1233.9,658.61
1016,405.68,502.27,171.34
1668,144.15,13.078,2.6892
960,648.16,1415.5,727.05
1028,182.93,60.588,22.732
791,11.206,0.66458,0.010735
228,65.539,48.937,13.182
756,458.49,531.53,336.72
738,473.46,705.88,452.34
1042,759.83,2082.8,1182.3
1146,309.47,207.73,61.034
1298,921.34,2246.7,1287.5
626,279.14,359.88,153.73
838,509.84,667.48,402.56
1341,734.38,801.1,419.31
847,126.61,32.987,11.017
903,487.6,442.61,277.69
585,172.19,89.081,29.405
708,176.44,95.852,33.061
522,222.5,357.45,115.89
780,268.2,254.75,85.881
816,393.03,312.8,170.78
814,570.66,1330.5,745.18
1068,341.24,294.13,95.763
734,286.61,162.5,93.05
623,117.21,31.436,8.9358
401,289.58,887.91,474.87
390,106.93,24.204,7.6341
558,338.6,895.3,438.77
1497,980.05,1234.2,906.02
443,165.54,209.7,57.836
1622,643.9,352.93,224.96
969,674.57,1733.8,857.39
1726,1150.1,5207.7,2070.8
1251,756.14,1899.8,941.42
948,370.24,423.56,156.07
1286,439.18,326.23,138.99
884,637.54,1878.1,1024.1
892,591.12,1215.9,659.9
976,690.34,1721.5,963.24
934,643.98,1547.7,839.01
420,99.034,38.656,11.006
334,112.17,103.76,32.178
4100,955.31,379.04,179.16
1702,872.19,819.09,446.92
586,410.98,1598.6,687.45
1434,1063.1,2648.1,1562.1
636,412.66,630.02,349.61
1352,694.52,416.21,363.87
1122,191.82,24.794,8.1201
1084,796.38,2096.1,1200.8
911,144.23,8.4852,4.408
3049,1915.2,2465.4,1689.7
769,485.66,776.51,400.29
257,107.5,127.91,45.213
1422,997.99,1146.1,993.11
928,384.36,477.9,186.88
644,224.05,243.49,67.235
1201,380.59,282.73,102.25
657,445.53,808.13,443.15
759,226.31,105.28,46.393
252,207.19,461.37,523.8
1394,429.28,351.45,107.68
360,75.748,10.614,5.1691
557,199.81,205.83,66.391
2761,1915.4,4597.2,2482
902,208.5,46.64,17.794
990,393.03,498.14,175.56
2072,574.75,298.21,149.69
1109,443.43,564.73,193.18
1248,476.88,533.67,190.25
811,275.66,240.04,84.617
1480,948.72,1180.2,935.44
638,458.8,2054,1009.4
667,119.74,33.958,9.7025
891,476.37,490.49,276.7
805,235.34,139.17,57.458
327,147.97,248.23,87.824
837,634.24,1794.1,1063.6
964,674.58,2808.4,1212.6
159,115.88,282.6,187.39
1231,861.06,1980.3,1002.4
560,419.36,1218.2,665.98
2506,1556.7,1484.5,1304.8
503,102.07,34.545,9.3054
3098,849.6,620.77,170.23
752,312.72,145.52,128.38
673,157.76,84.985,25.53
1075,691.6,1243.3,654.33
970,656.04,1334.8,685.1
914,488.27,607.99,417.34
1088,797.31,1894.5,1168.4
1204,468.33,578.82,199.4
1230,434.26,506.44,149.18
562,339.24,479.56,270.88
402,262.73,469.79,245.12
1245,429.69,310.1,146.12
1093,798.92,2041.7,1166
789,297.52,200.91,89.242
1002,429.1,637.24,227.94
628,224.82,212.19,77.103
978,652.32,1484.6,859.72
787,11.149,0.66122,0.010681
1045,181.66,34.527,27.902
592,227.71,178.26,66.776
1073,631.8,775.94,415.64
3008,867.87,649.45,189.01
850,281.63,283.07,88.994
1036,383.1,184.2,138.39
1060,450.19,593.15,213.19
1545,688.06,972.98,380.74
412,271.57,486.27,296.34
818,314.17,319.66,113.54
520,353.57,445.87,297.33
1146,253.01,132.25,36.159
1557,615.51,750.27,252.5
496,152.4,114.3,36.987
775,190.13,48.726,42.389
914,679.58,1488.5,990.01
895,568.56,698.96,514.49
1805,680.56,404.15,214.28
1223,394.2,371.92,101.88
198,100.75,81.816,51.254
843,630.23,862.63,740.16
1639,615.69,622.94,229.48
1788,701.43,786.59,285.27
903,651.48,1373.8,805.85
876,253.87,120.6,70.96
2052,1046.5,869.84,623.53
820,169.68,74.368,22.367
884,383,480.8,205.07
594,8.9876,0.49906,0.01239
691,157.14,78.149,19.368
928,679.89,1894,1107.5
147,103.78,182.51,127.19
846,273.62,197.81,76.279
765,243.96,225.21,64.765
265,96.488,110.2,33.991
1129,170.74,37.189,18.205
744,126.76,31.153,9.7661
1150,460.69,572.11,199.45
545,183.46,135.84,57.611
2182,1311.9,1455.7,987.17
357,225.57,402.38,212.14
1844,1171.5,1271.8,1045.7
698,270.2,329.51,109.36
675,198.61,63.077,55.176
258,146.29,319.98,129.55
666,413.27,1146.4,592.5
765,269.75,346.84,88.647
1156,818.06,1807.1,1051.8
604,442.28,1182,630.82
892,656.14,1841.3,1025.2
851,660.81,1664.7,946.83
809,290.13,360.67,102.49
601,344.73,396.03,235.33
885,609.84,1577.2,837.4
937,659.11,1598.9,906.1
681,264.28,278.95,105.51
2045,1260.7,2526.6,1401.9
869,396.25,326.33,160.19
1540,1093.2,2846.6,1569.5
1115,301.36,192.57,58.43
1356,575.74,816.53,292.76
530,326.46,1477.8,701.12
1170,758.88,944.72,680.93
869,162.14,20,10.848
674,193.21,146.41,41.551
512,164.3,137.59,41.783
632,263.29,391.39,135.78
911,327.66,396.87,103.67
917,506.91,644.82,311.44
613,480.64,1245.9,857.82
1079,381.52,397.96,133.77
1019,704.84,1731.4,885.89
1215,211.96,84.147,20
722,187.66,100.79,36.821
1080,331.85,250.9,77.5
802,334.46,499.61,167.34
730,288.32,317.52,115.79
767,569.22,1436.6,891.54
1157,754.02,1097.2,686.31
964,698.98,1943,1136.5
2231,872.82,1097.7,355.61
808,602.69,1923.6,1034.7
923,337.69,401.39,122.84
512,366.5,1166.7,594.39
608,169.01,105.17,34.829
522,332.23,581.89,306.46
1651,295.92,100.58,35.519
817,605.46,1803.7,972.2
1027,667.18,770.08,659.13
554,388.23,1431.6,625.51
1020,687.27,983.52,737.71
870,598.4,1671.9,817.84
887,669.18,1817.1,1042.8
1074,675.8,628.85,512.7
785,199.35,113.68,35.768
324,104.21,83.148,27.919
727,519.14,1364.3,715.17
571,260.07,649.03,185.37
1711,1189.3,2726,1495.9
968,698.3,2274.3,1193.9
858,298.74,275.52,90.101
544,383.98,1045.9,575.7
1179,244.25,99.927,37.831
1034,160.03,21.469,7.3508
782,310.05,434.98,146.43
1162,821.36,2130.4,1180.8
474,285.84,452.47,206.91
283,198.01,211.76,166.73
1034,444.85,709.37,240.63
1134,504.77,992.14,321.5
867,354.67,461.7,167.83
262,68.434,15.646,6.4168
984,299.01,235.66,68.43
1244,768.56,767.41,641.51
368,226.77,268.1,172.58
576,160.81,58.089,33.835
610,124.74,29.012,21.603
978,428.06,304.95,169.17
754,420.91,559.65,383.53
1378,933.9,2944.3,1314.8
362,8.4648,0.51604,0.019149
632,437.59,1737.6,779.62
636,291.61,208.15,120.15
467,11.204,0.75638,0.039294
351,74.442,25.408,6.0787
514,248.12,200.89,116.22
834,604.02,1507,913.35
1012,344.26,347.48,98.614
556,107.66,23.197,6.6596
903,506.59,558.89,309.64
547,407.97,926.44,524.04
815,445.67,479.27,242.71
531,404.82,1305.1,751.66
1056,517.32,1385.4,484.21
762,274.88,329.81,94.826
545,315.27,310.03,236.85
959,426.83,572.49,243.1
666,399.83,654.87,331.35
483,115.1,51.088,16.002
720,285.81,346.65,130.35
354,210.54,183.75,163.65
806,595.66,1383.9,847.26
499,204.12,559.69,142.36
1597,1016.3,2923.2,1234.1
222,167.31,477.57,249.95
800,596.98,1620.9,922.73
794,208.94,107.02,45.253
993,397.73,452.06,178.43
667,296.95,693.36,192.5
872,606.39,2657.1,1173.1
1034,416.64,539.89,193.36
528,138.23,72.632,27.442
800,567.64,1677.7,888.41
904,400.71,835.68,264.62
432,113.44,44.705,30.536
481,357.04,1198.2,630.95
749,159.23,64.339,25.59
400,267.39,450.99,256.19
616,254.82,306.47,118.56
364,35.229,2.7461,0.79255
638,392.32,1269.8,565
826,301.35,327.81,105.76
756,242.75,198.41,65.472
351,139.35,229.05,61.772
906,691.05,2270,1344.2
546,389.62,1032.6,576.18
877,562.27,943.92,537.61
392,218.57,261.92,141.54
805,578.88,1364.8,792.03
560,290.94,186.72,157.42
2217,1606.7,4030.5,2404.8
394,88.068,7.7515,4.0269
419,148.09,131.48,46.308
620,127.89,45.521,20.776
970,391.26,980.45,235.18
476,68.629,20,3.1878
440,42.98,5.2353,1.0399
539,29.775,1.2191,0.36189
888,681.49,1471,998.62
759,558.67,1837.9,972.85
1050,434.95,599.43,200.82
547,359.36,521.94,298.05
1026,763.16,2145.7,1169.5
1066,462.61,989.17,298.87
961,353.56,410.6,124.73
1058,666.09,996.38,565.05
914,649.23,1840.8,965
1166,818.76,2415.2,1228.8
1896,1254.4,2077.5,1252.6
1023,368.44,466.66,129.77
496,329.16,504.22,255.42
626,455.63,2473.6,1172.4
993,387.91,453.21,154.83
422,148.18,249.08,54.346
1165,881.66,2603,1513.4
766,553.29,1553,904.99
580,268.07,633.83,207.41
507,206.35,305.38,95.321
634,410.87,676.27,404.92
402,5.9636,0.33775,0.036444
1120,374.46,234,115.81
572,297.62,449.46,193.02
704,541.15,2639.1,1300.5
1088,743.04,1933.5,944.03
732,550.27,1132.8,757.18
1362,929.15,2417.4,1198.3
727,316.27,667.92,201.28
681,269.57,311.99,112.48
488,181.29,234.23,69.968
1628,1028.6,1294.7,976.3
466,306.81,568.73,311.09
766,313.61,385.93,154.89
430,152.91,147.98,50.959
573,330.58,447.43,246.61
519,238.41,299.78,150.09
1896,1061,836.22,711.2
562,428.69,2027.3,946.97
704,127.6,20,10.093
745,323.68,438.31,161.52
710,487.7,2286.8,1050.8
452,263.47,275.65,168.98
658,149.08,20,10.019
680,311.69,251.44,132.12
598,456.24,1108.8,692.88
978,720.36,989.22,663.48
715,359.42,302.69,201.3
650,481.03,1507.2,852.07
531,364.84,545.86,348.84
486,176.12,173.66,59.352
444,90.748,36.084,10.377
788,613.42,1632,978.52
914,354.11,462.92,140.23
577,407.81,844.49,468.81
430,178.56,329.9,92.152
1124,794.55,2306.6,1164.7
572,206.44,227.56,72.112
1582,487.77,197.32,126.5
767,262.94,252.9,83.657
550,52.848,6.0586,1.0229
489,161.9,125.25,45.549
392,129.84,112.77,34.717
736,265.31,329.57,92.099
1065,709.35,1385.9,780.51
804,279.39,155.57,78.541
728,142.23,51.737,15.038
378,146.21,323.14,73.483
701,251.1,226.98,74.505
446,121.03,79.564,20
747,234.56,148.49,67.37
974,386.65,538.15,169.69
694,282.33,360.39,131.92
546,320.58,386.87,205.78
408,276.82,551.86,317.8
610,225.01,236.07,80.952
937,375.87,437.57,166.88
1120,738.09,1028.4,767.39
737,542.48,1663.8,934.88
782,563.88,1650.4,866.83
432,264,631.92,256.72
858,327.95,320.54,129.27
734,349.82,252.43,163.14
722,382.06,343.67,207.13
582,427.44,1261.9,727.72
1306,496.6,534.65,199.91
878,618.44,1980.8,1014
870,342.6,389.83,138.66
482,342.55,976.87,548.22
235,84.404,31.705,20
317,59.473,10.647,3.2263
605,175.9,64.164,20
619,421.66,786.01,448.5
857,289.17,263.82,84
1162,690.36,1743.8,848
1136,399.15,482.96,124.3
590,440.06,1580.2,836.78
1204,495.78,763.33,240.43
416,73.361,6.6716,1.7329
542,353.7,637.78,349.5
1143,692.3,731.34,598.17
580,232.47,247.67,92.231
456,159.09,168.28,51.139
707,517.18,1655.8,854.21
720,184.21,106.47,36.037
1336,810.84,937.56,834.96
1148,846.28,2282.2,1273.7
1403,934.03,1225.7,734.89
938,297.61,248.07,76.908
1575,532.69,406.25,161.47
646,168.14,73.029,38.791
643,228.51,227.43,79.738
1223,658.2,726.19,404.58
1058,759.09,1836.7,1054
805,233.59,174.73,52.04
1885,588.03,276.35,176.77
662,367.64,425.45,341.08
702,510.76,1468,800.17
830,567.43,812.55,596.23
673,484.19,1295.1,761.78
849,606.76,1856.6,934.05
859,202.75,130.97,29.38
408,148.95,192.21,53.813
1142,830.75,2009,1158
503,348.49,731.71,387.5
874,579.63,669.06,549.6
569,381.62,778.12,422.9
511,382.24,1261.6,704.43
811,266.74,238.49,74.875
392,128.9,98.484,35.544
276,120.58,147.38,72.628
837,596.1,1556,840.99
573,432.85,1267,752.84
739,283.03,341.7,112.28
1074,452.82,681.89,229.25
548,138.78,69.462,24.679
141,101.05,266.62,156.11
1085,97.342,5.6568,1.9836
691,280.3,373.42,122.9
2096,1353.7,1795.8,1261.3
1221,854.55,2206.5,1133.1
850,535,1527.9,777.25
545,319.41,463.76,226.53
600,185.83,148.42,43.625
1108,398.26,270.83,162.48
626,89.812,10.855,2.7022
850,335.28,422.81,140.19
696,404.4,465.27,271.68
940,200.72,82.13,30.426
1032,426.06,573.99,196.09
1370,544.49,629,230.75
464,210.85,197.7,88.566
1099,767.7,1678.1,962.16
1031,703.34,1548.5,900.53
710,18.633,1.3238,0.042982
1468,484.53,375.64,137.57
1589,1141.6,3007.8,1725.5
800,510.58,599.61,493.9
919,288.79,315.04,70.766
948,737.88,2012.2,1195.7
574,347.38,398.76,252.25
1000,753.32,2066.2,1263.4
926,308.78,311.17,89.565
1019,163.59,41.503,22.218
948,387.92,482.48,177.6
939,348.16,406.78,133.9
1132,773.99,1668.4,965.28
1293,529.97,602.16,246.36
989,125.25,21.959,8.089
590,201.03,195.5,54.967
869,610.25,1737.9,867.2
638,91.987,20,4.7227
614,196.51,131.17,53.99
1205,448.38,473.93,158.45
1506,910.43,1122.6,675.74
1244,512.62,667.75,238.24
719,128.74,34.998,18.768
1332,929.37,2243.7,1238.1
880,358.81,447.34,164.61
1066,750.11,2036.5,1130.6
1024,335.39,204.45,105.95
507,314.07,242.17,192.77
625,321.73,271.02,155.55
1344,940.53,2572.4,1351.3
786,169.58,77.543,22.969
1101,267.21,148.44,43.724
1393,586.84,962.9,298.41
626,445.17,1488.7,709.3
692,518.56,1571,919.24
560,116.47,45.897,12.603
483,266.86,377.98,185.5
866,296.89,319.92,94.891
824,569.74,1425.6,732.68
836,584.13,1947.3,961.84
1209,748.51,1011.1,574.42
894,378.26,530.89,186.41
1177,708.87,1877.8,981.45
1428,589.61,812.27,279.29
1104,456.2,640.96,216.57
1242,395.11,217.64,117.49
704,538.25,1137.7,741.29
870,593.01,1469.8,802.65
841,616.24,1942.8,1009.3
842,202.27,104.51,33.442
750,433.79,576.21,305.02
1340,443.66,507.29,133.4
546,210.18,394.41,105.92
716,537.96,1606,932.14
869,499.97,623.96,341.11
690,270.89,371.32,112.52
512,133.03,47.509,20
662,273.28,395.64,131.84
757,422.96,426.28,248.9
875,266.12,256.96,61.765
1126,278.34,140.28,50.404
1427,452.29,452.65,118.87
814,558.01,1456.6,757.85
1103,796.78,1671.6,1099.1
1174,840.84,3504.4,1668
874,479.4,479.01,273.1
613,424.3,724.48,456.29
694,152.36,77.516,14.742
1012,383.99,523.95,146.97
1184,470.06,609.54,210.02
932,346.11,369.97,119.82
927,206.96,98.541,29.252
1560,573.9,565.99,201.24
825,609.31,1685.8,918.7
748,553.57,1441.9,778.16
1136,758.59,1658.9,875.49
685,248.46,285.88,82.573
530,194.82,245.68,70.737
613,183.76,68.045,48.85
757,188.73,99.034,33.89
2131,1506.9,3780.9,2056.8
1678,1221,3257.6,1871.1
1330,845.77,1431.4,759.25
721,444.92,1910.4,945.97
900,447.11,391.55,223.75
921,361.64,433.27,151.77
977,348.72,357.83,119.25
679,466.35,1067.5,571.99
598,82.967,8.748,2.3859
854,507.72,590.41,352.97
1056,424.95,455.45,167.07
954,130.48,20.698,10.416
369,256.78,750.29,402.31
390,136.14,44.021,16.58
640,61.64,2.4291,1.1042
878,605.18,1195.2,706.68
564,415.19,946.9,598.62
448,133.43,33.804,20
351,85.643,20,8.5917
397,158.06,267.35,73.357
1751,1230.2,2746.6,1532.7
816,289.71,280.95,95.072
1044,411.37,504.35,164.24
629,430.51,906.26,511.16
1090,553.02,505.45,285.02
1060,790.3,2543.2,1384.7
1194,345.99,195.5,96.105
826,517.4,651.68,426.26
139,103.05,219.7,132.95
1271,887.4,1950.2,1106.3
926,367.63,473.11,165.8
1158,844.72,2129.6,1235.3
740,547.97,1652.8,911.4
600,416.84,1095.1,603.05
688,285.43,397.62,129.44
540,137.62,75.524,16.904
856,261.17,180.83,63.462
2256,200.52,39.79,5.75
1594,1097.5,2470.1,1323.2
924,382.62,443.86,170.91
1093,423.05,495.42,167.35
1186,694.17,1872.9,708.89
964,322.85,329.43,95.167
648,367.8,513.56,230.54
837,196.56,39.979,20
839,113.67,32.035,8.3211
1145,442.49,623.79,182.6
327,196.93,510.73,263.35
842,166.92,20,8.1172
468,289.24,500.75,258.62
717,264.53,309.39,93.053
668,481.11,1239.7,732.51
570,402.3,983.49,567.56
1242,816.25,1427.6,821.81
1820,565.21,407.29,146.48
1228,510.85,699.02,255.49
753,452.03,2002.3,918.78
1178,374.24,314.49,100.68
1457,630.56,1011,331.72
967,705.25,2251,1182.5
808,251.89,194.6,63.056
1007,290.96,211.33,65.778
618,224.31,465.71,89.464
601,52.002,3.819,0.92112
224,164.86,355,221.79
935,705.81,1437.4,912.41
1071,719.21,1475.6,856.77
494,375.08,1038.9,599.38
1662,592.46,642.84,203.76
490,337.28,980.86,481.94
1046,396.42,446.86,154.55
604,403.63,1493.7,645.74
753,250.96,275.29,74.236
416,58.823,8.0241,2.0843
2834,791.99,417.61,189.72
1010,259.75,150.81,44.648
1179,848.89,2247.2,1246.4
964,571.93,695.8,390.62
1022,430.28,734,230.65
1036,703.13,3421.3,1471.7
696,375.73,478.25,365.6
401,144.4,160.07,45.116
2503,1742.9,4511.2,2290
1110,786.66,3036.4,1430.6
1232,469.3,610.07,184.98
456,196.35,253.85,95.204
1214,507.9,746.54,248.39
572,423.62,1256.1,678.03
814,167.95,62.445,23.992
572,214.26,188.94,73.618
688,256.3,272.47,93.349
790,360.54,303.59,149.49
1347,825.42,2078.7,1110.5
1285,416.64,408.88,113.11
1260,881.33,2019.9,1130.1
1506,525.31,373.89,185.38
1076,174.34,46.996,12.738
988,704.08,2848.8,1288.5
885,348.24,404.41,148.22
1054,373.5,350.79,125.94
971,378.92,382.62,163.62
948,676.65,1928.4,1009.4
1149,393.07,355.9,115.98
1225,520.26,744.45,269.19
1236,223.61,85.552,20
1004,785.07,1217.8,922.07
355,122.86,160.39,42.227
1455,489.72,498.71,142.22
579,189.46,82.53,54.932
1039,401.97,451.29,161.26
995,716.54,2136.4,1164.1
786,498.93,1400.8,738.65
1260,920.1,2191.7,1256.4
1329,420.11,197.32,98.109
1117,809.61,3452.7,1642.9
1733,629.04,696.9,215.5
688,201.53,144.06,44.615
602,430.39,1485.3,704.3
1157,807.73,2112.9,1127.4
609,380.3,596.53,282.28
710,191.74,120.9,38.038
1177,866.18,2315.4,1284.2
1046,781.48,1818.3,1047.4
852,213.16,121.47,35.649
1312,438.45,248.64,141.76
700,162.42,70.223,29.261
1612,544.66,193.87,185.1
577,232.18,307,96.549
1062,294.27,154.62,71.703
1644,1084.5,1420.5,1118.2
1058,397.51,463.15,145.22
2000,1404.2,3763,1947.4
914,195.01,52.466,40.884
975,657.74,1299.5,720.37
901,174.77,62.378,22.239
1164,479.61,542.99,213.92
864,87.827,11.537,1.9146
816,156.72,50.257,19.188
704,291.33,583.17,155.21
807,278.34,281.63,85.298
1119,460.22,600.33,216.22
1008,588.17,1239.9,500.28
865,581.15,849.35,517.16
169,51.966,31.021,14.605
1036,714.83,1744.6,907.43
1148,808.45,2415.5,1305.6
812,323.14,410.25,140.13
1110,776.42,1951.6,1081.4
1344,942.57,2507.3,1360
1821,1304.9,3149.2,1698.8
756,431.04,524.87,287.61
1812,594,547.74,163.75
1754,686.87,806.18,286.69
1162,429.78,192.4,149.62
1211,867.21,2474.4,1298.3
2148,615.04,340.32,154.05
1129,403.03,461.42,140.02
960,561.27,1408.2,652.56
994,435.71,927.27,286.44
874,512.41,1353,627.01
1346,951.87,3214.9,1673
1000,90.762,6.8673,1.3378
880,302.58,268.83,95.451
1504,576.64,698.65,226.68
375,162.15,250.82,93.477
1308,388.2,196.49,87.008
882,325.31,361.63,117.79
1310,379.41,263.88,78.98
1254,871.34,2293.6,1106.1
958,339.94,382.6,122.04
1174,858.02,2126.7,1329.3
950,682.02,1826.5,983.55
1181,473.23,588.68,210.33
512,366.83,1197.1,620.74
1234,824.33,2080.7,1087.5
1090,817.65,2480.8,1374.8
824,208.86,119.87,37.778
1157,682.56,1510.2,757.02
577,314.93,283.92,214.54
414,240.5,289.36,157.46
1566,329.46,123.37,53.752
1211,362.36,303.76,87.232
3418,1328.8,644.67,599.14
1008,694.93,1499.7,892.57
550,402.36,1300.8,680.54
568,441.03,1035.5,597.69
812,282.54,308.26,87.193
972,389.49,496.47,167.35
810,596.53,1852.8,1109.1
919,629.56,1654.3,842.59
860,338.6,412.09,146.05
1109,738.72,808.51,643.66
1227,855.62,1868.7,1046.1
706,339.24,771.06,267.18
730,185.94,96.364,32.957
778,500.15,2099.7,1045.5
408,312.22,1162.8,645.45
828,555.18,902.61,560.05
768,158.97,50.901,17.968
750,256.42,209.1,81.192
315,30.27,2.4236,0.47215
1388,929.63,1397.8,1008.1
923,499.16,508.07,289.19
1044,333.69,280.13,89.516
2213,487.01,176.22,86.863
1047,619.54,764.85,425.93
844,570.43,1022.8,609.37
904,613.06,2646.8,1125.7
1234,515.09,657.97,235.17
1421,900.49,1086.8,781
940,576.77,820.19,436.14
2816,753.42,333.18,174.84
827,617.56,1610.3,974.74
671,128.53,42.273,12.235
604,241.45,279.78,103.45
1293,466.12,552.34,159.12
1102,451.77,297.26,152.41
932,208.18,14.084,11.341
1026,753.97,1939.1,1139.2
745,424.97,460.38,268.13
1162,468.96,529.29,196.97
420,260.2,417.97,225.76
1585,1085.8,2963.2,1448.5
748,517.29,715.12,574.25
798,368.29,881.74,294.04
914,325.09,365.55,115.92
1278,372.29,312.25,81.107
742,168.11,20,12.987
1120,537.85,399.69,241.46
1054,753.53,1866.2,990.57
1753,1086.6,1133.4,872.52
643,413.17,666.48,376.75
5198,3069.2,3177.5,2354.7
995,661.91,1124.1,648.81
820,59.296,6.3832,0.59216
1144,815.32,2521,1289.8
570,245.15,338.98,131.02
1795,592.45,601.43,168.65
1542,556.84,660.31,197.24
583,77.879,12.634,2.8442
626,487.49,1369.9,854.53
612,425.01,549.53,483.95
528,104.7,37.511,9.7434
749,549.29,1572.2,828.75
880,131.32,40.458,8.9204
880,295.69,266.95,89.978
838,616.12,1905.3,1035
1312,661.23,1139.2,441.19
1090,746.43,2657.6,1230.9
1626,412.97,224.2,75.083
924,378.22,472.3,175.64
2076,1287.3,1388,1129.8
462,331.09,591.94,381.46
730,198.83,180.32,37.47
599,209.42,231.47,69.285
1790,1198,1462.2,1257.3
2538,1597.2,2025.7,1437.3
680,251.11,288.72,90.719
374,274.68,886.81,467.91
676,283.88,213.15,104.54
764,332.32,146.73,145.69
781,456.07,537.58,301.75
942,332.77,378.66,106.46
1154,113.7,10.251,1.7751
497,110.29,29.383,30.71
2169,1195.5,1388.4,714.96
1642,640.07,685.74,251.54
2324,1565,3250.3,1759.1
754,158.75,70.36,20
468,181.92,193.63,71.304
550,392.3,998.41,545.54
368,85.095,43.011,16.285
462,67.528,12.442,2.3939
1834,603.53,552.97,169.77
684,280.49,403.36,132.98
541,398.8,1103.9,629.01
707,506.87,1469.2,733.28
838,565.38,2165.3,956.91
661,435.99,883.77,434.81
1007,583.49,613.79,481.14
808,478.28,966.66,492.48
1442,1034.6,2542.4,1399.5
2620,769.8,599.32,178.05
1252,212.65,56.76,19.751
1354,533.27,905.16,230.92
1721,574.1,597.35,170.46
1147,777.07,1764.2,946.47
952,375.18,606.32,163.62
532,398.43,925.56,575.89
454,201.47,216.85,77.04
1231,824.57,1583.8,883.12
460,263.64,343.3,176.47
640,218.97,207.1,69.483
1180,817.47,985.01,833.94
596,438.78,1411.2,723.45
740,298.77,656.79,169.94
626,335.14,248.11,205.17
473,123.75,82.483,14.997
750,398.34,425.3,225.29
1042,325.78,289.79,82.696
702,90.468,23.564,4.4323
715,108.33,22.449,9.3051
1663,569.72,540.02,169.17
704,487.43,1117.6,630.48
1591,1132.1,2501.2,1488.2
911,630.36,1544.5,806.88
1020,315.99,159.2,95.133
934,633.17,1357.1,739.44
722,330.1,547.73,204.42
986,544.87,682.93,330.8
556,415.34,1255.2,756.09
454,285.71,454.33,245.3
561,141.97,30.318,12.227
394,284.89,884.49,461.27
772,215.36,170.61,40.434
997,727.94,2007.2,1220.9
721,442.87,801.7,378.25
551,100.45,40.23,9.8526
564,7.99,0.47386,0.0076543
790,542.5,1132.3,655.69
745,476.94,734.66,409.97
1207,852.37,1994.8,1145
745,523.35,1098.5,613.22
1101,763.19,1765.7,960.45
1443,602.82,790.21,277.44
1850,1261.4,1455.2,1127.8
1440,488.07,376.13,147.38
524,96.812,28.541,10.288
330,58.645,20.73,8.4407
898,653.79,1877.5,992.07
891,636.37,1517.6,800.69
324,115.16,107.57,36.673
576,173.03,128.8,42.558
659,446.88,833.77,506.45
835,324.73,384.98,126.11
588,262.78,205.7,100.27
613,359.62,410.59,239.24
517,181.88,138.64,51.28
886,629.79,1712.1,852.18
766,222.77,155.86,50.488
672,130.26,37.887,11.111
722,334.83,257.32,142.79
1073,743.69,1708.7,956.93
756,244.07,138.42,69.266
1472,914.25,1425.5,768.51
1017,707.09,1302,797.09
480,10.306,0.67687,0.017582
971,586.63,571.4,442.29
744,191.33,132.96,33.484
879,620.09,1330,761.39
396,109.71,28.824,26.998
478,364.74,1027.2,637.37
486,348.99,1077.6,567.46
652,452.59,2842.7,1300
909,306.51,265.76,90.569
620,430.28,778.9,444.42
670,281.16,388.96,133.33
768,197.04,121.33,33.826
652,468.11,1312.8,756.68
609,295.2,233.81,130.99
400,241.84,352.63,185.67
1068,519.83,484.9,388.62
1102,597.9,1033.1,491.39
2225,842.12,947.41,325.74
726,450.45,516.41,317.56
912,209.96,87.821,42.607
454,201.99,300.17,110.03
778,155.86,55.578,15.092
1165,827.9,1877.5,1075.4
481,121.14,45.259,24.956
1396,555.03,663.07,232.79
957,689.87,2099.9,1127.5
586,430.06,712.61,338.95
670,129.63,42.087,22.181
773,339.96,483.9,178.27
1025,428.49,256.99,138.99
767,298.18,322.34,124.8
340,89.365,49.718,13.775
638,147,62.469,20
726,108.59,26.879,7.8393
1072,748.31,1734.2,962.63
1318,935.53,2040.8,1210.2
969,410.32,489.93,187.25
336,208.3,519.88,225.91
1388,329.32,155.58,53.236
415,192.65,437.59,135.71
751,401.54,441.63,218.92
754,230.99,163.22,56.696
807,480.86,788.99,398.17
1262,888.85,2016.2,1155.8
327,218.13,368.03,230.52
1538,624.39,1299.1,333.45
879,600.09,1790.7,923
1042,639.6,1435.9,735.88
965,676.47,2937.1,1326.1
828,171.92,51.059,33.156
1288,656.43,642.7,345.57
633,157.45,78.419,28.313
894,364.16,504.68,174.79
869,291.5,290.82,87.354
1497,511.34,498.59,160.28
1207,428.92,412.28,152.49
422,158.41,196.46,72.855
692,279.57,430.5,131.34
674,267.58,334.18,116.39
962,309.47,277.89,84.035
906,373.56,415.96,171.86
1047,576.88,698.29,332.98
829,583.35,1051.5,638.47
870,618.33,1566.2,914.92
998,637.48,2126.6,1015.3
703,370.66,354.06,204.66
792,319.68,579,143.78
1600,599.34,703.84,226.99
529,116.07,48.421,13.655
952,633.15,1589.3,799.51
1014,720.52,1810.1,1031.1
998,728.24,2063.5,1189.1
1329,408.7,350.96,98.718
634,399.87,777.46,361.54
1008,720.53,1415.2,818.33
689,479.72,1123.9,587.26
1718,1086.6,1872.4,920.93
1259,484.04,518.76,189.53
877,647.25,1679.9,924.68
966,602.81,580.36,529.41
714,531.55,1107.8,657.8
569,356.75,308.35,306
378,290.74,686.25,409.41
886,662.92,1943.7,1069.8
770,246.33,200.71,62.35
960,345.96,406.73,118.04
1093,741.18,2129.3,918.47
814,359.36,308.98,147.5
698,276.65,359.86,114.25
644,475.57,1967.2,915.55
909,674.55,1764,1062.2
1654,418.44,186.63,90.947
1162,373.35,275.52,102.35
814,575.88,2513.6,1128.6
500,259.67,306.17,133.54
1701,677.35,903.88,285.65
1118,543.47,501.13,259.54
595,407.92,739.19,415.45
472,209.57,149.77,97.078
1117,754.04,936.42,698.19
222,150.3,166.48,132.5
1440,855.29,1988.6,948.94
606,406.86,679.43,382.1
898,625.32,1290.9,777.8
550,383.21,1126.9,576.27
512,345.76,608.89,355.58
1071,381.97,398.03,127.34
982,685.27,1408,848.61
932,623.55,1269.8,673.89
935,658.14,1626.6,842.14
1090,797.99,3524.4,1662.4
1034,704.83,1749.3,905.41
369,221.14,547.93,291.52
752,516.12,748.66,492.34
1196,764.62,1096.4,642.9
636,149.98,81.778,23.173
294,209.76,290.16,242.47
64,23.394,47.248,14.967
1088,801.67,2004.7,1253.2
598,178.47,97.851,46.923
1117,402.9,347.97,137.05
546,200.42,233.76,75.146
809,579.58,1716.5,923.42
572,201.34,228.6,63.989
1234,416.92,191.73,129.76
1535,538.13,614.51,173.97
1158,615.34,954.9,364.65
1547,885.39,959.91,549.29
1160,423.62,635.52,160.59
1075,225.61,98.583,31.278
572,200.43,111.57,54.231
686,523.83,1502.2,945.47
496,301.61,433.26,234.04
1098,577.31,447.55,340.57
1180,459.55,568.46,183.7
813,168.25,20.878,11.185
659,275.58,307.17,135.61
716,301.71,433.09,151.83
478,144.16,49.441,18.029
632,202.48,173.72,49.06
1194,401.48,394.34,117.02
756,261.81,259.84,81.106
1270,874.38,2170.5,1097.2
420,5.95,0.35287,0.0057
906,330.26,347.06,117.01
662,90.091,22.31,6.3522
1401,964.02,2152,1098.8
2126,247.29,44.004,11.621
1430,618.99,932.05,318.31
845,256.72,204.02,65.681
1425,593.71,916.83,296.15
664,505.46,1444.7,795.42
534,390.47,2397.5,1127.5
917,645.86,1687.5,943.58
1131,756.04,1310.8,837.53
1293,393.01,310.47,96.076
1026,217.89,109.8,29.738
951,164.71,55.693,11.062
804,118.26,16.23,5.0588
1262,579.68,405.47,252.77
2795,885.63,679.29,229.38
1306,906.83,2281,1229.9
560,313.45,329.98,183.8
1086,812.76,2576.5,1432.3
1030,385.69,409.64,146.57
1575,902.09,1090.6,633.18
762,625.08,1318.9,896.12
912,469.77,389.74,250.14
722,538.36,1737.2,987.35
2274,1650.2,4374.2,2497.6
562,283.3,216.13,154.39
865,310.51,162.97,94.656
367,283.01,768.24,507.08
1294,514.03,241.71,187.37
760,242.01,177.69,60.498
816,341.8,435.79,158.47
2005,1401.4,3463.9,1967.2
559,414.4,1016.6,576.71
2508,943.47,1241.7,362.27
569,369.79,684.33,347.53
3433,1271,1097.2,428.1
1290,859.5,903.23,795.5
1038,683.54,1280.9,698.88
958,199.83,99.958,25.11
858,350.97,479.74,154.76
812,527.12,830.91,472.59
988,373.71,453.14,140
703,387.1,390.59,220.05
984,687.43,1907.3,1006.9
368,82.584,30.422,8.0859
224,64.219,63.268,14.086
907,544.12,1149.9,625.38
1706,578.56,546.35,175.52
1616,1021.8,2021.3,938.24
1045,374.1,356.65,111.99
1577,361.06,163.13,71.433
3204,2213.2,6450.4,3361.2
856,139.99,49.495,9.7762
1907,776.11,354.12,319.28
1342,546.63,942.57,257.51
1032,407.71,493.22,172.76
1016,164.63,23.498,10.217
1155,484.17,310.57,178.5
1057,463.48,663.54,238.42
698,125.51,36.282,9.1297
567,360.63,749.93,451.05
740,155.39,66.202,20.463
527,129.29,67.287,17.277
804,258.54,348.75,69.257
1005,716.27,1635.8,940.82
1180,386.82,391.69,107.38
364,66.724,6.9348,2.1015
888,688.34,1835.3,1089.3
2251,132.89,9.3058,1.2569
1208,776.88,1273.3,700.96
742,513.34,1108,585.8
2677,1567.5,1447.3,1205.5
1102,935.81,2722.7,1685.6
4350,1176.1,790.97,237.11
620,146.9,64.986,19.79
913,341.78,403.62,126.3
954,533.99,845.27,400.61
852,511.19,764.18,402.39
1528,1120.1,3087.5,1663.4
450,130.19,73.878,31.983
1210,218.9,83.841,20
922,168.05,51.715,20
692,294.18,615.16,165.36
953,746.45,2202.6,1389.3
1098,640.61,1420,709.49
1398,936.4,2103.2,1049.8
432,261.4,196.49,204.15
1967,977.39,676.74,549.73
1680,579.36,554.48,189.21
3156,939.98,633.81,213.41
1356,523.96,577.42,218.33
1148,779.83,1998.1,976.81
744,301.12,385.35,140.53
1124,434.64,538.84,179.23
937,372.93,476.81,154.16
999,570.5,1182.9,610.28
1508,984.42,1080.5,877.77
916,334.42,386.73,118.39
842,605.67,1580.6,903.6
687,203.53,127.96,48.035
776,303.22,327.68,122.23
908,269.07,171.9,62.609
740,448.29,1180.3,581.91
1249,427.21,424.87,133.89
800,298.97,400.58,113.23
289,9.2419,0.70572,0.052375
2478,854.4,841.35,258.63
1614,1168.6,2958.4,1680.4
1714,685.66,877.77,291.88
1786,1248.8,3531.3,1939.9
621,355.77,437.08,248.64
3139,925.49,695.27,213.43
1010,685.19,1653.3,827.76
834,272.83,264.02,78.491
821,175.31,75.398,23.781
819,355.48,493.99,179.85
710,104.45,22.261,9.5168
794,261.69,226.52,75.032
652,278.73,152.3,115.53
872,611.38,1321.8,801.51
1064,609.61,724.31,411.94
488,341.57,714.96,423.01
1994,488.17,280.18,80.995
1708,1218.2,2554.4,1494
1967,1369.5,3637.1,1924.8
670,409.91,883.4,490.49
3062,2007.8,3683.8,1928.7
1005,394.65,448.16,158.21
833,592.49,1661.6,938.92
899,283.4,260.39,71.508
525,312.56,427.94,240.84
728,230.59,189.73,58.101
1042,353.19,352.64,106.03
593,458.42,1130.8,725.48
1108,756.42,2104.9,1029.8
642,37.514,1.8422,0.33496
714,489.96,1114.2,624.32
906,232.04,108.2,48.239
602,457.89,1153.4,736.23
1272,592.19,488.75,260.01
1105,781.57,1502.9,938.32
770,183.95,53.473,35.213
2065,726.91,705.82,237.24
1383,745.08,879.8,447.35
2036,803.14,871.77,323.67
1089,792.2,2105.3,1183.1
1083,613.54,550.09,485.26
2916,1003.2,849.23,313.84
632,163.95,44.164,18.482
696,499.05,1351.8,729.27
610,376.01,497.49,292.77
630,227.88,220.09,77.607
491,329.41,590.11,341.72
2039,413.1,144.35,67.69
644,130,38.183,13.885
876,323.51,302.72,124.9
528,122.81,85.064,20
896,297.84,251.52,86.564
1866,1255.4,2498.5,1353.1
1474,521.58,570.05,174.15
2193,1347.9,3890.9,1884.4
1332,317.82,186.55,47.871
1008,736.26,1464.5,965.39
572,188.34,123.53,58.242
859,626.11,1277.6,760.43
1146,780.36,1713.1,926.77
1039,469.9,1126.4,346.65
973,411.12,594.1,206.22
659,143.24,54.134,19.935
1047,419.17,513.7,179.66
533,400.8,2012.7,1045.6
557,410.51,597.14,584.22
1255,779.52,1124,634.79
1464,608.24,444.03,218.42
853,325.48,322.39,121.24
940,258.76,147.53,59.06
1237,158.96,31.195,10.102
2380,1662.3,5412.3,2602.4
1378,739.66,785.19,427.69
3401,983.09,827.46,204.99
474,328.7,730.2,392.97
848,640.16,1416.1,931
1084,302.88,147.11,78.711
786,548.68,1256.6,651.1
1103,774.63,1886.4,1064.5
3182,1612.4,1276.4,880.95
494,319.36,1436.9,494.46
873,182.23,85.552,20
890,414.32,319.95,167.36
1288,906.53,2183.4,1185
657,143.13,56.32,23.193
1338,811.42,1848.8,971.38
2111,856.58,1043.9,386.78
3311,734.24,398.5,100.97
4993,3313.6,5105,3408.6
614,473.95,1426,890.64
770,556.19,1245.6,708.63
925,661.49,1672.8,892.47
334,145.53,230.77,89.201
1254,555.93,701.62,298.78
2318,1710.3,4000.9,2715.3
1148,837.1,2482.7,1342.9
1053,630.68,1102.7,742.57
672,437.23,621.52,352.72
880,513.72,664.4,370.01
584,348.35,488.93,258.88
1214,440.5,419.83,150.95
916,170.91,20,7.0285
339,4.8025,0.28482,0.0046007
1448,474.64,441.26,133.14
708,542.06,1827.2,893.43
768,545.66,1223,683.06
3696,2521.9,5145.6,2825.1
4564,2975.2,7168.4,3535
1101,402.55,418.42,135.33
699,276.25,341.39,110.36
774,166.67,69.247,23.983
1402,959,1343.5,1055.9
1040,546.48,501.95,302.07
1236,148.38,15.518,3.5392
830,592.55,2595.1,1279.2
902,618.99,1533.9,842.94
1739,501.94,296.65,123.62
1496,872.47,884.38,652.86
989,419.37,514.68,199.66
1436,1013.8,2361.5,1325.6
1330,554.14,1011.4,288.65
1691,493.85,419.84,112.64
3010,231.14,16.947,3.3328
6504,1756.7,859.19,408.31
1089,431.81,587.53,192.23
752,293.14,368.68,121.94
533,323.45,365.41,251.95
1032,368.02,385.62,126.45
217,124.63,152.09,79.953
310,209.12,518.92,257.98
779,554.95,1293.6,823.72
1252,853.53,1947.2,1022.7
780,538.51,1179.7,653.56
677,32.829,2.7518,0.23826
844,297.31,325.4,100.68
807,114.56,34.91,8.9515
1636,626.26,590.14,239.49
1068,610.78,746.42,406.5
1876,1199.5,2116.6,1197.5
1428,523.78,585.12,180.82
720,312.91,671.35,206.41
943,621.6,1288.4,650.99
971,701.21,2101.4,1163.8
985,396.23,258.71,133.74
987,412.49,271.42,154.01
490,139.41,103.15,26.794
800,339.65,677.28,207.21
198,81.483,105.09,35.385
818,277.54,144.4,70.571
1462,285.64,123.19,33.438
1722,201.17,30.2,12.723
904,613.33,1974.3,883.95
