904,229.08,69.909,0.92669
856,162.13,30.441,0.69263
420,322.59,527.5,72.325
527,47.841,4.738,0.041496
426,244.86,20,24.173
752,640.18,748.28,189.9
910,208.23,52.32,0.94137
600,51.337,4.253,0.078223
648,141.99,33.402,0.40066
858,24.033,1.0272,0.045584
858,239.84,25.936,16.483
722,235.48,41.61,21.17
882,78.476,7.4449,0.081343
1124,251.05,62.912,0.81676
746,315.35,91.052,27.438
1831,230.94,25.809,0.57653
974,173.48,30.102,0.48851
432,281.18,110,50.578
1232,186.65,28.867,0.1385
956,1225.4,1739.3,951.5
704,80.329,10.776,0.15647
652,356.63,457.23,23.503
830,23.249,0.99364,0.044096
961,169.24,31.951,0.161
692,147.35,34.575,0.38933
152,4.2576,0.18197,0.0080755
403,44.527,6.0413,0.050505
1334,281.37,61.333,1.4462
1168,1459.6,1624.3,2231.2
774,21.68,0.9266,0.041121
570,220.12,45.43,19.947
802,22.465,0.96012,0.042609
806,601.71,1084.8,149.81
782,580.36,753.78,126.88
791,814.47,1239.5,367.6
649,546.49,945.94,207.08
489,347.09,389.27,69.432
983,776.25,1084.7,195.65
760,21.288,0.90984,0.040378
962,194.46,15.741,3.8807
474,342.97,310.51,80.703
664,83.836,11.924,0.28857
723,20.252,0.86554,0.038412
724,503.64,655.26,96.031
792,532.24,584.58,86.627
983,747.83,1077.1,177.35
934,173.01,25.781,2.7095
539,177.15,35.396,8.5634
986,298.85,52.73,23.137
685,274,61.304,32.729
1022,725.58,314.08,153.5
730,223.93,34.053,11.218
518,424.8,354.64,139.07
775,551.63,644.51,98.91
531,110.72,22.975,0.66721
556,724.4,41.016,737.3
898,214.1,56.886,1.0898
1511,408.52,144.47,1.483
803,22.493,0.96131,0.042662
949,686.85,742.31,133
1091,219.63,45.363,0.73617
894,66.859,3.8413,0.17093
654,18.319,0.78294,0.034746
2260,2675.9,3441.9,2610.8
742,20.784,0.88829,0.039421
946,292.04,72.378,17.781
824,749.76,969.4,277.84
1011,89.043,8.4639,0.080519
779,210.45,68.932,1.2349
552,83.085,13.218,0.41281
867,176.26,24.59,4.4607
532,14.902,0.63689,0.028264
698,401.21,153.34,54.915
748,108.59,10.343,0.92907
579,16.218,0.69315,0.030761
492,251.02,212.61,17.491
862,640.86,832.72,147.49
863,250.06,36.247,20
1186,121.82,14.04,0.18781
646,18.095,0.77336,0.034321
895,627.84,726.45,122.49
948,1700.3,494.8,708.36
965,672.34,1069,119.11
1065,269.49,79.661,1.388
639,20,0.76498,0.033949
1054,243.42,66.008,0.63341
690,148.94,34.334,0.59201
1100,879.25,1113.2,271.84
873,187.24,42.645,0.78434
878,708.52,618.39,226.86
900,1473.3,1624.7,3677
459,12.857,0.54949,0.024386
608,20,0.72787,0.032302
940,878.67,1232.8,363.19
1198,226.21,43.8,0.6905
1096,858.52,1230.4,248.85
1061,912.38,1100.7,278.69
1421,39.803,1.7012,0.075495
1514,1280.4,2628.7,518.01
443,12.409,0.53034,0.11524
731,20.476,0.87512,0.038837
850,191.95,46.77,0.92902
722,20.224,0.86435,0.038359
1203,291.31,78.64,1.6604
1380,1064.2,1369.7,277.07
641,483.58,20,110.35
625,416.64,768.76,74.962
537,15.042,0.64287,0.02853
870,805.52,906.65,264.52
589,190.49,43.138,9.3137
1108,912.65,960.12,315.14
330,9.2435,0.39506,0.017532
846,588.63,737.82,107.18
770,54.896,3.8982,0.040909
908,637.42,850.26,127.07
174,4.8739,0.2083,0.0092443
1136,1416.5,1957.6,1407.3
1240,34.733,1.4845,0.065879
1297,36.33,1.5527,0.068907
1096,304.05,105.95,1.5217
1474,1188.3,1070.6,374.76
1130,286.8,90.414,0.92813
976,209.1,48.81,0.68553
932,159.02,26.574,0.46796
942,688.41,903.29,152.33
890,602.72,730.47,106.8
482,13.501,0.57703,0.025608
572,55.916,6.9647,0.030389
771,946.22,159.63,1477.7
604,115.75,20.321,0.70078
1132,1000.7,1206.2,310.35
854,80.064,8.7765,0.045372
1258,219.38,38.862,0.47828
1178,32.997,1.4102,0.062585
746,56.7,3.715,0.10423
481,342.38,373.28,68.328
1060,195.61,38.22,0.33741
520,62.638,4.1913,0.38543
716,126.44,21.945,0.40361
865,354.93,6.1188,14.63
525,360.65,356.83,57.151
1025,758.85,847.63,167.18
710,717.4,886.48,202.76
519,14.538,0.62132,0.027574
757,21.204,0.90625,0.040218
588,103.72,8.4761,1.6933
687,465.07,611.29,77.979
780,609.12,756.94,159.92
1006,1368.9,1666.1,696
930,646.29,886.61,118.17
766,21.456,0.91702,0.040696
1098,1143.9,348.67,352.39
816,611.98,839.4,128.9
822,23.025,0.98406,0.043671
870,92.24,10.54,0.19386
1052,777.2,1020.9,197.22
896,209,54.88,0.85298
922,735.61,992.78,208.61
952,103.88,12.837,0.19952
1649,1124.4,1321.3,185.14
354,32.537,1.8275,0.12604
956,172.17,31.631,0.41162
650,427.57,281.2,67.956
746,20.896,0.89308,0.039634
1398,1000,1235,180.49
1712,354.52,73.425,1.1359
1225,947.61,1179.2,271.92
772,163.08,37.451,0.48281
1179,165.48,20,0.32079
952,660.41,1047.1,114.79
878,1012.9,1420.3,571.66
916,25.658,1.0966,0.048666
417,11.68,0.49921,0.022155
1168,930.74,1162.6,298.69
918,623.37,549.62,91.879
658,163.45,1.4406,4.9962
1009,744.33,1193.5,175.68
1262,229.81,42.392,0.66592
711,568.05,787.65,149.73
824,232.23,37.357,14.429
764,1462.2,2077,2138.1
535,388.62,682.42,91.975
785,446.99,428.8,38.002
1359,38.066,1.6269,0.072201
755,476.43,650.34,63.459
952,4218,1442.5,15285
1012,835.24,982.55,247.11
881,91.667,9.4819,0.14268
728,86.114,8.2316,0.48664
649,538,910.64,199.7
656,38.062,1.9708,0.034852
924,207.44,50.588,0.92359
876,24.537,1.0487,0.04654
856,88.611,10.891,0.094637
860,24.089,1.0296,0.04569
584,16.358,0.69914,0.031027
504,286.34,36.242,55.057
1026,774.56,845.57,160.12
816,22.857,0.97688,0.043353
428,687.7,251.58,341.53
1040,29.131,1.245,0.055253
917,73.603,5.1866,0.14676
1023,192.76,36.215,0.77518
1388,305.32,73.258,1.2066
1064,867.35,1252.7,255.62
745,179,49.961,0.65897
247,33.181,3.45,0.24562
483,57.393,8.3676,0.10863
776,1123.6,1740.6,1113.3
738,171.79,44.74,0.53203
310,8.6833,0.37112,0.01647
819,531.91,475.63,74.812
779,71.414,6.9872,0.08381
1104,109.49,11.668,0.18134
992,915.5,770.68,388.11
772,21.624,0.9242,0.041015
1150,201.28,32.771,1.2001
284,98.17,4.2956,5.0563
1001,1422.4,1701.1,1156.2
868,158.11,28.822,0.49957
948,284.44,108.87,2.1944
600,20,0.71829,0.031877
1492,1279.9,1476.8,458
882,196.09,46.231,1.0163
693,72.687,8.8632,0.09589
650,248.22,45.873,22.693
1264,1074.2,1385.6,325.94
440,12.325,0.52675,0.023376
1125,92.907,8.0732,0.0755
1011,219.42,49.984,0.89286
911,161,27.525,0.64626
430,12.045,0.51478,0.022845
662,216.83,3.799,9.5823
808,183.69,45.579,0.83137
694,108.46,12.948,1.1431
482,319.97,474.07,44.911
1133,834.46,576.6,198.97
1322,322.08,87.597,1.8932
809,25.683,0.9685,0.85618
676,535.28,596.96,128.13
623,416.16,423.9,61.68
874,663.32,1038.1,205.72
663,484.27,642.63,107.18
1174,862.39,1129.5,205.5
849,632.43,936.17,144.37
388,275.5,20,68.159
924,104.44,2.6219,1.4467
849,310.46,44.837,45.467
537,65.068,9.2352,0.16616
1117,865.31,861.27,199.72
1050,1344.7,1368.6,678.47
821,93.189,12.789,0.15565
992,424.83,145.46,36.412
366,50.688,7.5725,0.25323
460,308.09,216.4,58.476
564,722.43,590,398.73
774,601.34,783.31,163.72
583,16.33,0.69794,0.030974
642,154.4,39.451,0.8795
598,54.806,4.6315,0.12568
488,13.669,0.58421,0.025927
409,57.49,9.4323,0.19276
454,71.811,3.0139,0.65073
458,170.1,20,25.806
396,309.45,208.46,85.728
770,667.54,611.19,202.5
663,362.25,316.86,27.473
512,66.04,10.686,0.17688
732,248.06,22.74,54.217
1444,40.447,1.7287,0.076717
990,792.71,840.47,253.28
304,34.541,4.7065,0.051937
2476,2037.2,3763.2,717.21
1063,728.29,730.49,147.51
1162,223.7,44.975,0.616
588,132.72,32.911,0.51589
3069,85.965,3.6741,0.16305
2931,2232.8,2771.8,534.86
774,555.21,820.09,107.55
455,48.567,6.2785,0.048793
451,170.12,20,8.2765
1110,189.98,31.052,0.78235
796,22.296,0.95293,0.04229
1992,55.797,2.3847,0.10583
545,15.266,0.65245,0.028955
1048,468.56,110.38,59.677
941,239.47,71.261,1.047
685,20,0.82005,0.036393
473,78.904,1.6584,1.5251
731,528.19,597.41,101.4
1023,28.655,1.2247,0.05435
938,26.274,1.1229,0.049834
1772,1284.4,1459.8,272.02
2286,566.15,68.938,45.962
2646,2244.2,2942,820.37
346,9.6917,0.41422,0.018382
1072,30.027,1.2833,0.056954
1149,1007.3,1533.9,383.51
2218,2635.1,3803.1,1914.9
1030,758.04,1021.9,148.7
1706,47.786,2.0423,0.090637
1882,1498.2,1357.9,475.23
669,118.64,20.568,0.40532
744,482.19,476.25,63.399
748,507.88,681.75,86.903
623,157.85,21.83,4.8642
637,95.652,8.9568,0.96096
1064,255.12,62.769,2.5208
537,216.07,20,21.335
676,250.65,42.698,20
1624,266.31,42.523,0.7496
1590,240.05,33.52,0.69011
456,24.606,1.0729,0.024666
782,583.22,562.25,112.5
364,52.074,6.4,0.32697
568,404.6,289.16,74.239
110,3.0812,0.13169,0.0058441
1000,183.71,33.179,0.75579
670,46.785,1.3884,0.22344
514,48.242,4.0432,0.12871
785,765.44,814.27,303.98
1090,271.03,77.042,1.4776
640,672.5,807.85,331.42
678,752.08,986.06,300.68
2028,1825.5,2876.2,617.59
870,96.789,11.429,0.20342
471,373.52,635.31,92.801
808,212.14,66.123,1.2001
504,60.689,3.9903,0.55042
708,520.08,799.04,103.42
1454,40.727,1.7407,0.077249
598,119.19,16.512,1.731
792,985.28,866.76,1000.8
802,174.67,31.755,3.3848
699,539.95,700.1,122.53
810,152.17,31.284,0.17175
1820,1886.8,2609.2,1141.6
893,91.433,9.8396,0.18721
555,15.546,0.66442,0.029486
2652,2085.6,2953.3,625.49
2636,260.68,23.185,0.27122
768,21.512,0.91941,0.040803
890,24.929,1.0655,0.11524
610,2679.6,2325.4,1.2968e+05
906,169.88,29.204,0.85712
2105,58.962,2.52,0.11184
579,373.94,300.69,50.187
636,20,0.76139,0.03379
602,20,0.72069,0.031983
829,146.22,11.106,2.7413
728,179.56,49.858,0.78922
1005,90.476,9.3973,0.053394
1699,47.59,2.034,0.090265
894,25.042,1.0703,0.047497
959,786.2,882.92,240.21
885,145.31,15.914,1.8763
690,129.01,22.616,0.59829
734,64.794,6.8743,0.038996
1938,13127,18642,4.1036e+05
1498,41.96,1.7933,0.079586
1010,634.18,576.36,83.522
786,184.78,28.241,8.5971
1486,1048,1336.8,210.18
912,186.26,38.915,0.6535
501,377,280.53,81.178
1150,1112.9,1706.1,460.95
1855,414.25,95.279,2.9603
2462,534.66,124.5,2.3825
980,209.37,20,5.9571
836,183.25,41.041,1.2024
986,705.33,828.5,125.57
1130,76.938,5.3022,0.060035
801,886.68,1088.6,549.52
1189,33.305,1.4234,0.06317
2181,1851.3,2303,509.06
826,23.137,0.98885,0.043884
1177,854.87,1018.7,174.3
1388,38.879,1.6617,0.073742
911,25.518,1.0906,0.0484
830,23.249,0.99364,0.044096
906,25.378,1.0846,0.048134
845,87.626,10.137,0.14221
996,164.98,27.719,0.15143
746,1389.6,489.2,3284.2
852,23.865,1.02,0.045265
1065,188,32.613,0.64555
710,62.702,6.1456,0.040368
721,161.14,38.882,0.71513
1270,902.92,753.92,181.67
1153,267.32,69.146,1.1658
1212,33.949,1.451,0.064392
783,438.24,113.14,97.732
824,69.058,5.0685,0.15324
779,573.21,719.33,115.37
1602,334.28,74.852,1.1446
910,151.82,24.879,0.38132
984,834.02,1004.8,237.11
1226,584.1,236.82,41.814
902,350.06,88.416,32.996
1343,1228.1,2053,418.84
1492,1808.5,3044.7,756.32
1114,729.17,837.79,98.437
1088,806.06,840.25,184.23
1519,1115,1445.5,254
822,152.98,29.603,0.34029
814,643.49,1028.9,153.58
1138,391.15,94.539,28.124
1246,829.54,906.2,136.95
766,527.58,697.26,89.413
756,59.536,4.8931,0.040165
898,1173.8,1284.3,770.76
708,46.269,2.3281,0.089619
1127,104.03,11.93,0.059876
1250,406.67,70.615,51.157
1112,641.28,182.98,161.07
1004,28.123,1.2019,0.053341
788,22.072,0.94336,0.041865
1128,88.83,6.785,0.10799
589,16.498,0.70512,0.031293
1163,32.576,1.3923,0.061788
352,25.597,1.0844,0.09972
676,169.02,54.063,0.34287
970,636,615.97,104.6
978,27.394,1.1708,0.051959
1128,232.08,48.749,0.9405
1458,2923.9,3030.4,4292
947,899.86,1139.9,306.66
436,454.31,552.48,200.05
1170,708.29,685.08,78.036
252,33.509,7.7113,0.013388
683,513.64,381.29,124.44
670,617.55,536.05,246.05
960,498.42,85.164,119.61
1261,1356.2,49.894,583.04
642,255.36,69.199,20
1054,707.32,763.33,100.62
732,20.504,0.87632,0.03889
836,610.59,522.18,144.89
1232,1669.5,2329.5,979.96
822,1233,1252.6,752.19
750,240.99,69.744,9.694
88,70.572,183.37,9.1645
640,161.7,50.864,0.46197
1433,40.139,1.7155,0.076133
837,545.29,539.72,79.214
1783,1394,1529.2,420.27
905,692.63,682.23,207.46
1092,178.94,29.051,0.37451
774,189.83,55.266,0.67265
698,283.46,162.16,5.1977
818,1303.4,1490.4,1070.7
753,223.21,53.537,6.2331
1334,126.37,13.969,0.086602
704,19.719,0.8428,0.037402
1121,772.45,907.67,129.14
818,597.16,885.41,121.13
962,168.47,29.306,0.4803
1168,352.83,55.808,11.461
1516,339.24,78.046,2.4549
682,65.194,6.1771,0.13109
1108,701.97,762.1,81.378
959,105.12,12.441,0.25054
1357,173.13,20.717,0.23328
1014,1038.5,1547.6,568.35
696,20,0.83322,0.036977
131,146.58,65.817,84.395
1056,739.34,846.84,107.21
961,151.04,22.526,0.28737
1006,344.72,85.731,25.688
766,48.837,1.5317,0.11657
1468,41.12,1.7574,0.077992
1314,1245.2,1495.5,669.67
923,191.27,32.103,4.1678
586,307.08,67.724,57.489
1107,908.04,993.51,314.59
1216,34.061,1.4557,0.064604
889,601.23,641.52,101.4
1428,317,75.034,1.6236
608,17.03,0.72787,0.032302
981,219.45,55.043,0.7158
955,26.75,1.1433,0.050738
1098,180.76,28.504,0.60202
1162,471.23,146.48,27.806
632,518.85,584.91,108.08
1670,1111.3,977.98,185.25
1328,1019.2,954.99,238.2
1074,336.73,20,89.715
990,180.95,32.405,0.75196
622,58.704,6.3333,0.043142
1220,589,90.391,98.205
862,236.74,44.822,10.922
1295,930.02,1280.4,175.3
824,148.3,27.882,0.24681
1298,1506.9,1548.5,1135.7
576,16.134,0.68956,0.030602
736,133.31,23.858,0.16558
1082,409.12,122.17,25.58
1577,317.33,66.514,1.1957
1114,670.42,212.89,157.35
1203,236.45,47.222,0.98831
958,537.69,157.63,110.83
912,25.546,1.0918,0.048453
1650,280.62,45.087,1.3216
897,173.26,31.684,0.97122
694,53.26,3.8147,0.07016
804,149.86,30.42,0.1704
666,519.35,869.55,123.33
826,23.137,0.98885,0.043884
839,87.556,10.893,0.095406
1045,853.68,1003,221.07
728,20.392,0.87153,0.038677
1447,242.22,40.494,0.53562
966,27.058,1.1565,0.051322
1065,216.74,43.835,0.83724
880,236.43,38.951,14.983
873,100.3,11.993,0.31512
1004,804.65,902.98,293.81
1164,197.07,33.241,0.46433
1436,1296.6,1508.8,424.29
986,875.2,889.77,291.32
156,18.158,1.7357,0.10641
1137,816.85,796.35,167.16
534,335.1,275.01,48.191
962,106.13,13.435,0.20172
1026,155.32,22.198,0.41519
1318,787.45,784.52,79.473
818,22.913,0.97927,0.043459
1152,283.77,81.628,1.2386
1024,191.44,36.861,0.51274
1598,1434.3,1887.9,706.9
1524,260.45,43.466,0.85932
1134,1117.1,1098.5,588.53
705,133.84,25.322,0.34712
1177,255.68,63.168,0.59579
1075,788.01,1160.5,152.79
1424,1141.1,1497.1,325.28
1519,1055.5,1003.9,164.53
646,18.095,0.77336,0.034321
607,17.002,0.72667,0.032249
1184,674.51,879.26,56.509
944,26.442,1.1301,0.050153
640,209.78,60.826,9.2894
1430,295.54,62.495,1.5116
1072,111.45,13.522,0.14257
1024,1038.2,1108.7,595.97
626,17.535,0.74942,0.033258
946,276.2,50.311,23.623
627,552.03,632.38,166.61
1040,769.84,866.52,160.05
467,13.081,0.55907,0.024811
942,701.64,914.49,158.66
1062,206.6,40.453,0.88927
1143,253.73,61.608,1.0147
1049,206.87,43.949,0.45073
1217,1251.2,1162.6,641.49
586,283.93,57.801,66.222
1198,805.2,958.28,134.57
1256,273.17,20,14.813
938,281.08,54.119,19.999
1052,1011,1491.2,556.59
1066,235.41,64.398,0.20189
810,22.689,0.96969,0.043034
982,27.506,1.1756,0.052172
804,431.33,20,42.425
838,23.473,1.0032,0.044522
420,11.764,0.5028,0.022314
1370,229.17,38.525,0.45878
1190,307.91,95.391,1.5376
501,196.26,49.006,15.4
875,423.17,127.41,51.288
1124,866.76,874.59,192.46
668,151.01,11.237,3.1001
1622,45.433,1.9418,0.086174
746,776.24,694.8,233.06
818,71.648,6.0953,0.12011
668,529.07,719.79,110.42
719,605.82,677.8,200.28
972,192.99,37.009,0.81682
776,58.886,4.5892,0.041228
812,88.078,10.334,0.19833
658,18.431,0.78773,0.034958
1270,248.02,51.449,0.35708
1920,1342.6,1524.8,267.87
920,880.2,237.78,349.87
978,27.394,1.1708,0.051959
758,90.471,12.657,0.16368
538,386.24,491.27,71.54
1102,169.74,23.607,0.8449
1310,1282.2,1756.3,725.23
3144,739.12,188.53,4.6209
1331,389.71,169.07,1.2046
568,3598,1395.9,64632
1046,208.22,44.198,0.54597
1100,986.91,1614.4,415.04
864,651.83,731.26,143.46
638,544.07,648.55,190.23
883,721.95,1162.3,251.9
304,112.7,17.199,5.4227
426,533.81,221.12,241.72
1575,1244,1452,363.22
868,24.313,1.0391,0.046115
970,146.36,20,0.27588
1379,133.7,13.173,0.26591
794,903.53,1048.3,421.33
3894,2849.5,3633.7,555.93
1955,2427.8,1020.6,2007.8
1083,30.336,1.2965,0.057538
1050,99.906,9.7744,0.17397
872,776.44,1721,399.69
976,155.12,25.28,0.1453
863,1711.1,3130.7,3088.7
932,282.21,50.924,12.457
754,533.73,660.91,83.481
1200,225.71,43.008,0.77381
1181,163.86,20,0.44395
893,390.29,19.552,28.768
586,332.09,4.6948,9.3256
2722,295.22,29.022,0.39661
1160,122.01,14.639,0.19231
1258,434.53,152.24,14.368
1768,374.8,91.149,0.67832
1054,465.2,142.97,49.631
923,804.26,1358.6,311.47
512,295.52,454.26,29.549
565,15.826,0.67639,0.030017
968,141.63,20,0.066881
1196,1801,2008.5,1239
779,810.61,1275.9,433.8
986,767.64,1108.1,219.58
2002,1243.5,1037.9,145.08
1003,82.948,7.5364,0.053288
1287,324.58,102.38,0.80698
1818,957.46,487.36,90.037
2148,1765.5,2264.7,509.46
1840,555.47,77.03,72.309
2139,338.22,52.529,0.72278
1032,117.63,14.636,0.31262
934,26.162,1.1181,0.049622
966,671.92,1147.9,117.01
1025,903.91,1631.4,396.26
1482,1111.4,1381.2,214.26
757,647.05,434.79,255.92
633,17.731,0.7578,0.03363
1247,227.94,45.278,0.25066
1065,29.831,1.275,0.056582
1141,1275.4,1809.5,733.74
1120,268.73,76.926,0.65806
2600,7241.3,7293.5,2.5269e+05
1286,271.91,59.557,1.1598
2782,2024.7,4190.4,528.96
789,609.36,1040.4,185.34
601,2284.6,2132.1,6417.1
1299,892.27,1310,160.13
1246,342.85,116.03,2.1382
701,262.46,60.794,24.473
1274,225.13,40.699,0.48466
587,16.442,0.70273,0.031186
1310,36.694,1.5683,0.069598
580,496.84,900.57,211.06
1149,897.72,998.74,222.14
797,22.324,0.95413,0.042343
1150,762.26,691.34,122.41
1065,229.62,56.086,0.39422
1302,36.47,1.5587,0.069173
1590,1398.8,2123.1,682.46
788,22.072,0.94336,0.041865
785,21.988,0.93977,0.041706
1865,1308.6,1560.8,195.33
1112,153.55,20.82,0.12624
1091,4306.9,4660.4,94482
683,551.62,942.75,189.76
1200,279.66,74.14,1.0653
779,686.49,860.74,247.33
1232,930.12,1726.9,270.9
629,227.44,44.935,20
926,167.75,19.36,2.567
1174,264.46,65.317,1.1327
1257,1058.1,1468.6,310.13
586,515.26,501.16,153.94
1390,1240.8,2095.9,350.92
1431,242.33,39.562,0.69666
1585,637.74,20,98.214
1028,676.95,1108,116.19
906,25.378,1.0846,0.048134
1124,31.484,1.3456,0.059716
807,210.77,65.995,1.0745
358,10.028,0.42858,0.01902
714,115.88,11.16,1.187
480,13.445,0.57463,0.025502
600,49.993,4.8319,0.031877
1016,227.37,55.806,0.92068
890,179.84,39.507,0.2771
1669,375.46,93.931,1.4397
1041,755.58,752.83,140.67
1252,521.71,110.81,49.715
2040,436.65,94.336,3.0331
1854,1606.9,2611.5,633.91
502,14.061,0.60097,0.02667
973,678.43,694.9,92.748
1090,1119.9,1904.1,886.22
1018,779.2,282.18,263.46
963,26.974,1.1529,0.051163
1342,1253.9,2223.1,733.77
1028,845.11,972.56,263.05
614,17.199,0.73505,0.032621
968,27.114,1.1588,0.051428
847,23.725,1.014,0.045
867,667.53,771.16,148.52
1370,212.01,20,2.971
1916,1369,1632.6,299.51
1732,165.01,13.181,0.56613
1367,946.35,256.94,286.07
1172,640.47,180.19,107.91
1278,237.32,43.844,0.93371
817,22.885,0.97807,0.043406
904,114.26,2.513,1.791
1273,321.14,93.211,1.6144
850,1130,1426.2,704.3
703,2391,2076.6,33746
948,26.554,1.1349,0.050366
862,263.61,117.56,1.1183
866,644.61,186.23,229.33
1067,243.12,58.518,1.0415
983,1433.3,1796.2,1634.2
979,309.17,53.896,30.748
1095,242.47,37.24,12.551
1034,28.963,1.2379,0.054935
891,319.89,84.47,13.129
1098,30.756,1.3145,0.058335
807,1191,742.15,636.16
741,20.756,0.88709,0.039368
820,224.98,72.735,1.7558
859,163.8,33.018,0.34867
872,1687.7,3636.5,3289.3
849,166.44,35.731,0.26884
1917,1741.9,2010.7,645.46
566,15.854,0.67759,0.030071
752,70.2,7.579,0.042672
623,46.015,3.7326,0.033099
378,10.588,0.45252,0.020083
715,730.24,951.02,310.45
1431,976.24,1452.5,156.54
935,854.87,1002.1,336.02
1093,735.14,874.25,119.29
1721,1463.9,1279.7,605.79
1397,223.57,35.002,0.51209
1166,679.19,728.68,63.371
915,25.63,1.0954,0.048612
1658,434.61,134.64,2.636
1025,28.711,1.2271,0.054457
1142,31.988,1.3672,0.060673
1022,54.312,2.4214,0.054297
1245,821.34,1058.6,124.54
1065,1173.3,2119.2,688.89
916,59.044,3.1506,0.088394
671,20,0.80329,0.035649
689,150.22,33.415,0.4983
1021,84.474,6.8543,0.11346
554,368.19,345.22,57.114
1183,916.19,1256.3,241.44
896,25.098,1.0727,0.047603
944,271.79,30.054,10.002
467,549.71,596.81,263.11
1308,916.5,1271.8,154.7
1340,1224.2,1563.7,492.36
1127,31.568,1.3492,0.059876
1206,289.9,79.657,1.0988
665,395.07,178.17,45.623
1049,29.383,1.2558,0.055732
830,176.64,39.494,0.77826
1006,110.55,12.654,0.30139
1218,993.95,1811.8,324.16
922,593.28,764.44,80.593
1250,1022.1,1237,276.22
739,256.2,39.061,34.072
742,544.73,558.32,93.962
2142,2772.5,3299.4,2766.6
1458,975.42,1120.7,144.95
1409,281.2,60.845,0.6386
1840,51.54,2.2028,0.097756
1000,1038.4,1648.3,662.17
1416,1027,1679.3,251.95
1002,3050.9,4785.2,8516.6
967,203.5,49.514,0.28859
580,312.82,260.95,23.422
1038,241.65,44.937,9.4709
1168,302.91,103.34,0.59273
686,479.91,319.34,105.85
835,23.389,0.99962,0.044362
1062,822.92,1318.6,222.09
663,18.571,0.79371,0.035224
850,184.21,29.445,4.1607
830,599.32,592.22,140.61
745,120.83,8.3309,1.7794
714,79.324,10.861,0.10157
894,733.56,534.98,273.8
589,144.37,38.988,0.89634
2245,62.884,2.6876,0.11927
1434,405.15,70.219,28.8
1570,272.76,47.929,0.63532
1112,31.148,1.3312,0.059079
708,394.68,113.61,51.474
1004,208.37,48.658,0.37947
788,3512,3559.4,53050
841,139.5,23.911,0.15164
729,151.21,34.195,0.37925
1509,42.268,1.8065,0.080171
2054,1408.4,1356.5,204.36
594,16.638,0.71111,0.031558
931,172.39,31.601,0.67714
940,675.43,403,139.92
1079,849.65,857.2,219.57
947,26.526,1.1337,0.050313
2040,1940.1,3147.6,1066.8
1182,237.06,49.18,0.91676
850,136.96,21.758,0.1473
709,20,0.84878,0.037668
1022,1147.5,1986.9,710.32
952,596.63,325.54,98.548
1124,919.45,2064.9,381.4
872,208.67,57.097,0.87511
899,25.182,1.0762,0.047762
833,23.333,0.99723,0.044256
610,17.086,0.73026,0.032408
882,109.24,8.6193,0.90587
1202,110.11,10.852,0.083747
1882,52.716,2.253,0.099987
1280,463.61,7.8016,25.331
1426,275.56,57.473,0.53
2596,627.86,175.12,2.4322
1406,1229.6,854.9,467.7
1166,351.16,138.72,2.478
980,906.37,275.84,322.15
904,87.979,10.32,0.048028
796,772.94,1298.4,324.02
722,20.224,0.86435,0.038359
992,861.32,1056,280.6
1025,230.2,55.632,1.1293
822,23.025,0.98406,0.043671
1176,127.42,15.529,0.24763
699,436.74,99.383,98.819
570,403.86,397.98,75.787
884,1727.8,2451.5,4980.1
1046,741.11,1112.9,154.49
811,513.62,580.29,68.321
648,18.151,0.77576,0.034427
946,170.72,32.592,0.24747
578,20,0.69196,0.094902
898,85.418,8.0378,0.17392
848,23.753,1.0152,0.045053
1278,1083.3,1772.5,415.38
1013,856.28,322.13,214.45
985,27.59,1.1792,0.052331
1464,243.59,39.009,0.83662
916,931.75,1547.2,584.46
1236,3477.2,4712.6,5915.4
544,15.238,0.65125,0.028902
556,55.558,5.3809,0.13703
828,156.28,29.085,0.69023
647,383.76,304.17,36.06
991,154.17,23.456,0.28445
765,21.428,0.91582,0.040643
450,12.605,0.53872,0.023908
697,19.523,0.83442,0.03703
689,19.299,0.82484,0.036605
989,1367.5,2671.2,1380.4
576,16.134,0.68956,0.030602
881,215.61,59.81,1.1187
976,1453.7,2203.8,1360.3
642,240.76,57.166,26.4
762,21.344,0.91223,0.040484
1155,205.66,35.698,0.81392
984,776.9,1407.6,238.92
572,527.94,798.28,221.92
1314,2267.8,4233.6,8588.9
865,794.83,1144.9,288.98
506,244.81,59.322,33.395
1133,1121.4,2112.3,503.11
1149,243.85,42.198,4.4626
460,12.885,0.55069,0.024439
852,23.865,1.02,0.045265
768,21.512,0.91941,0.040803
655,18.347,0.78414,0.034799
749,20.98,0.89667,0.039793
558,535.69,675.23,376.95
821,393.25,96.03,51.453
829,333.12,92.546,38.94
618,31.885,0.73984,0.23584
931,89.678,5.586,0.44031
845,1058.8,1721.1,706.78
754,577.52,835.06,131.99
483,461.33,36.399,153.68
946,26.498,1.1325,0.050259
1186,610.49,278.46,62.824
1177,3685.9,5980,7523.8
628,25.203,0.93092,0.033365
752,924.5,258.69,660.87
558,46.754,4.0954,0.0383
696,1064,1752.8,2401.1
885,185.63,42.052,0.57528
331,188.08,25.891,20
750,642.36,1365.9,197.71
1054,29.523,1.2618,0.055997
684,289.7,20,20.135
915,101.6,12.879,0.20303
882,203.71,54.151,0.63347
980,103.46,12.07,0.19304
826,625.49,1181.9,178.61
988,635.49,912.27,94.674
920,165.52,29.81,0.49345
1021,281.41,98.869,1.3859
887,749.64,1009.6,225.61
722,20.224,0.86435,0.038359
714,20,0.85477,0.037934
1667,308.65,59.822,0.67708
1733,1979.4,3436.8,1496.4
431,23.001,0.97264,0.024394
727,584.73,966.83,144.12
956,665.63,304.56,172.5
960,193.68,41.619,0.55334
660,544.28,532.21,167.37
766,912.73,1014.8,586.07
648,18.151,0.77576,0.034427
800,22.409,0.95772,0.042503
545,195.6,21.705,35.107
1132,1020.7,1261.6,398.55
742,20.784,0.88829,0.039421
897,347.48,42.362,60.56
1014,182.62,32.825,0.57628
856,593.81,880.44,119.86
1442,333.72,80.908,1.9042
618,549.26,888.71,213.29
694,485.71,161.77,157.4
784,680.74,1204.2,283.78
995,577.81,97.661,141.75
953,1276.6,2209.5,884.82
4168,2296.3,1445,197.94
442,538.6,76.722,477.91
704,159.64,38.699,0.62192
868,1005.1,1527.2,657.91
798,211.85,65.541,1.4562
998,634.81,802.03,88.39
654,281.43,92.69,26.358
1098,851.25,323.71,271.46
1482,41.512,1.7742,0.078736
858,24.033,1.0272,0.045584
1787,404.8,101.15,1.5532
1166,732.99,244.25,165.8
643,574.37,895.43,285.82
1916,871.77,285.72,91.512
730,366.28,84.799,66.514
764,221.65,82.198,1.0609
713,198.88,67.246,0.76503
1062,245.05,61.553,1.0547
610,33.417,0.99844,0.10016
1098,883.15,1374,273.54
756,217.83,80.205,1.1854
874,197.18,48.782,0.82501
760,352.97,330.9,12.313
2440,507.71,109.29,2.2828
936,151.22,23.423,0.44311
2838,391.16,50.355,0.63002
1676,365.93,87.185,1.3973
603,597.07,964.68,246.22
924,143.3,21.585,0.28356
503,1996.6,753.06,10829
709,19.86,0.84878,0.037668
724,20.28,0.86674,0.038465
744,128.12,11.127,2.0466
706,519.03,794.81,120.98
813,22.773,0.97329,0.043193
780,21.848,0.93378,0.04144
708,386.06,118.36,73.281
988,795.58,1279.5,266.49
818,171.83,41.07,0.28806
1431,1278.6,1943.8,476.22
1006,830.76,1395.6,275.56
1983,2670.6,3951.8,2702.5
1350,906.4,1654.2,185.07
1454,1022.9,1504.8,203.24
460,12.885,0.55069,0.024439
963,1664,2072.8,2710.8
1441,1045.5,1782.1,258.35
996,824.32,1464.5,296.6
1037,128.39,15.796,0.56594
1020,196.54,39.589,0.52848
1016,844.31,1233.7,251.47
718,20.112,0.85956,0.038146
934,491.54,143.88,90.212
628,155.04,43.565,0.78997
803,233.33,43.571,15.806
794,355.15,105.98,40.484
1517,687.66,378.54,31.081
582,159.66,20,8.6527
972,390.96,72.976,42.84
2604,518.07,106.81,2.0008
1220,348.91,130.79,1.6995
1589,44.509,1.9023,0.084421
1208,2296.8,4407.2,5029.5
863,260.82,99.401,1.9341
851,76.219,7.2716,0.081881
801,22.437,0.95892,0.042556
962,679.52,959.71,127.22
786,701.8,392.04,359.17
840,23.529,1.0056,0.044628
674,133.65,27.927,0.36257
906,632.2,854.99,122.48
902,690.07,826.48,148.98
380,279.28,429.86,60.807
805,635.47,1383.2,191.97
418,11.708,0.50041,0.022208
535,67.934,10.73,0.17413
2460,2452.4,4350.8,1430
1202,1122,518.11,401.08
748,1671.8,3166.2,2676.7
579,318.56,132.18,39.485
1698,1514.7,2652.3,574.13
1067,248.67,66.611,0.85226
822,23.025,0.98406,0.043671
1215,877.18,1390,193.72
908,217.99,59.47,0.98769
967,745.08,1468.8,197.94
819,559.82,1066.3,106.23
920,212.26,54.282,0.73823
953,721.89,985.25,166.2
1107,249.28,60.443,1.0293
1022,784.55,1251.6,218.97
1028,99.247,9.9177,0.17652
1514,1167,1467.5,259.33
1476,1201,2201.6,416.58
1565,299.72,59.655,0.87542
653,988.99,20.075,510.23
894,25.042,1.0703,0.047497
1168,232.53,48.654,0.72801
835,23.389,0.99962,0.044362
943,221.44,56.416,1.2881
1098,173.49,26.442,0.43336
954,221.46,58.464,0.63668
840,552.77,533.17,81.217
760,177.06,44.197,1.0649
945,1073.3,1479.1,607.42
940,670.68,1022.6,154.92
796,176.29,43.118,0.60742
734,1197.5,554.15,830.77
923,197.76,48.281,0.39176
993,826.17,1314.4,287.52
777,21.764,0.93019,0.041281
1120,753.74,1039.2,132.28
1672,1656.7,2725.2,851.48
846,213.63,62.342,1.1543
1272,928.48,1771.8,254.25
850,673.31,1122.2,209.65
1046,835.37,1255.8,228.53
1571,426.93,41.876,20
1016,1517.4,638.46,1084.2
1046,785.66,1013,188.49
678,466.73,173.94,166.15
976,630.99,991.93,100.48
847,152.57,28.204,0.32935
665,1610,978.79,1695.4
1012,267.15,91.196,0.84468
666,20,0.7973,0.035383
834,309.24,73.723,20
1540,43.136,1.8436,0.081818
1528,326.15,76.213,0.87811
631,498.18,987.64,176.48
1490,1166.5,2045.7,332.83
912,435.57,92.587,76.848
915,638.1,967.14,105.2
804,301.3,30.426,60.984
1008,736.67,1140.7,166.03
604,1611.4,928.3,12776
596,245.76,50.901,33.551
540,175.22,23.118,26.401
535,66.739,12.195,0.057022
907,728.64,1030.3,219.6
820,753.46,998.73,413.3
979,777.16,1053.6,200.3
684,19.159,0.81885,0.03634
838,536.08,339.18,80.123
1186,8401.9,4495.6,1.0849e+05
468,687.77,1370.9,1111.1
810,229.15,83.671,1.0345
612,1012.6,415.31,605.03
788,22.072,0.94336,0.041865
765,77.769,9.0957,0.092939
386,162.17,33.762,14.404
805,99.019,13.349,0.33736
975,111.39,12.304,0.41779
382,480.5,831.58,259.89
482,406.48,590.35,110.25
556,15.574,0.66562,0.029539
521,14.594,0.62372,0.02768
755,21.148,0.90385,0.040112
387,287.72,468.1,74.765
846,575.97,1129.7,116.39
514,136.55,40.055,0.97147
409,26.155,1.4304,0.029231
284,85.445,33.898,0.55011
296,49.734,12.528,0.30721
678,18.991,0.81167,0.036021
854,23.921,1.0224,0.045372
490,212.26,62.802,16.435
389,306.13,382.05,74.824
371,297.01,460.29,80.509
104,13.399,1.601,0.0055253
602,170.59,61.037,1.0363
397,355.04,611.98,174.15
569,167.05,67.13,0.80522
414,400.92,643.42,213.37
526,200.04,51.041,23.817
522,148.48,54.671,0.78014
437,24.039,0.86588,0.050291
502,337.27,461.98,56.509
481,57.475,9.4042,0.05462
858,226.58,71.757,0.84498
888,381.96,141.11,27.527
667,38.31,1.5227,0.078765
580,76.75,12.607,0.24195
514,456.96,897.08,210.51
822,1376.2,3004.2,1668.3
350,310.29,502.37,134.14
456,50.747,6.3616,0.10174
637,84.156,14.228,0.24156
306,185.77,181.06,18.87
840,93.344,11.6,0.20318
602,108.02,20.217,0.16404
928,290.98,120.53,2.0066
842,235.36,86.608,1.0222
484,17.966,0.57942,0.033936
558,51.819,5.924,0.029646
540,107.66,22.132,0.36452
484,246.24,33.718,20
496,177.48,55.73,9.1596
810,205.63,57.837,1.2765
370,318.05,60.531,157.17
330,238.52,342.51,50.551
339,103.18,39.336,0.97391
751,789.08,1148.1,490.37
332,9.2995,0.39746,0.017639
474,156.49,38.292,6.6402
788,629.32,1314,227.07
592,510.16,960.94,219.02
530,362.12,178.3,88.073
391,91.941,25.519,0.21497
332,46.527,9.1719,0.12812
410,1370.4,1376.2,21995
523,393.95,569.12,96.754
190,5.322,0.22746,0.010094
1340,289.11,67.564,1.0848
374,346.79,422.49,139.87
915,257.28,91.313,1.5423
347,285.03,481.11,93.868
626,179.41,66.244,1.0481
1218,1056.5,1499.8,299.36
477,55.262,6.1426,0.21183
776,21.736,0.92899,0.041228
610,519.98,977.36,162.87
692,513.16,1021,128.47
388,95.841,10.232,2.7099
1356,789.26,672.19,72.102
464,485.27,681.02,237.12
492,1283.2,1840.9,5243.2
542,509.97,190.98,227.95
839,651.15,1045.5,179.51
494,55.685,8.9649,0.026245
310,8.6833,0.37112,0.01647
447,703.19,192.88,518.47
356,9.9718,0.42619,0.018914
412,480.84,1019.1,355.83
488,13.669,0.58421,0.025927
436,490.53,840.73,347.66
456,336.39,649.04,70.814
1234,340.39,136.66,0.63045
740,515.27,800.67,105.03
611,184.27,70.456,1.6543
732,20.504,0.87632,0.03889
526,240.97,55.411,31.411
520,247.09,46.058,60.817
799,184.81,47.139,0.84584
597,67.568,10.126,0.051735
1089,187.32,31.065,0.70764
744,332.72,128.93,24.326
864,266.84,111.04,2.1176
710,204.13,73.838,1.1828
463,140.37,48.223,1.1087
567,652.7,1299.8,486.21
454,51.886,7.6691,0.052241
509,444.88,698.75,160.61
414,11.596,0.49562,0.021995
735,123.22,20,0.2299
394,386.98,671.29,190.36
957,26.806,1.1457,0.050844
340,81.467,20.644,0.54763
705,541.38,970.81,157.26
528,65.402,10.672,0.11324
838,802.75,1447.5,388.84
627,185.54,30.89,14.879
614,110.7,20.313,0.24723
723,427.34,139.06,114.56
528,56.285,6.7119,0.097457
310,273.63,329.79,90.379
404,11.316,0.48365,0.021464
819,227.7,75.549,1.7792
390,60.836,13.698,0.28522
499,134.03,42.5,0.85942
348,341.83,527.32,152.21
595,58.156,2.3482,0.35743
754,576.09,1017.8,167.64
770,147.35,27.586,0.52486
655,979.41,400.12,829.78
553,15.49,0.66203,0.02938
633,485.42,846.86,150.73
614,130.92,30.384,0.38988
526,95.908,12.387,1.2502
345,9.6637,0.41302,0.018329
667,612.18,863.76,261.79
668,535.35,858.48,196.72
360,212.7,449.33,31.328
753,223.95,85.99,1.2235
598,16.75,0.7159,0.031771
612,490.14,930.22,175.72
1638,1413.5,2106.1,634.69
468,337.02,543.49,80.318
286,257.63,249.26,81.943
412,229.04,109.61,32.273
504,14.117,0.60337,0.026777
529,395.91,536.94,88.948
1240,257,55.288,0.9474
480,266.1,134.11,31.422
402,11.26,0.48126,0.021358
576,465.44,751.77,137.77
565,15.826,0.67639,0.030017
511,125.58,20.564,8.7625
514,135.86,42.92,0.72494
595,524.87,990.98,209.68
1176,292.68,20,10.694
769,559.1,945.05,130.28
602,135.26,31.645,0.82166
403,389.16,20,71.067
493,105.84,24.188,0.39253
338,9.4676,0.40464,0.017957
563,149.9,46.761,0.97363
909,203.49,48.033,0.92096
546,425.81,801.15,127.98
289,8.0951,0.34598,0.015354
710,375.48,96.387,91.62
348,221.09,20,55.757
700,580.52,916.52,200.16
403,171.71,47.654,21.425
646,370.06,168,53.681
615,170.7,57.026,0.76125
702,421.73,112.98,90.347
539,446.67,414.67,117.43
550,471.27,878.8,198.19
485,136.61,30.336,3.9914
237,63.299,20.799,0.24417
980,785.68,1358.9,245.54
993,231.65,37.879,8.1042
846,735.74,1100.9,308.49
377,281,580.44,89.946
470,13.165,0.56266,0.02497
742,96.383,14.313,0.35626
802,102.7,13.367,0.40975
628,70.48,8.1819,0.2052
848,669.95,848.89,164.68
1074,1071.3,1682.5,398.52
896,668.05,1162.5,173.14
416,136.64,49.524,3.0028
330,9.2435,0.39506,0.017532
666,674.22,878.09,305.88
289,439.55,750.97,469.98
697,177.57,52.976,0.69874
225,33.55,3.4589,0.3408
497,244.53,93.75,29.687
475,119.04,22.007,5.7278
452,92.299,12.18,1.6802
562,15.742,0.6728,0.029858
509,72.246,13.64,0.25952
738,185.42,54.117,0.91876
435,55.382,10.336,0.058197
777,236.57,101.9,1.1134
492,435.6,715.14,179.69
818,199.95,52.045,1.3408
738,529.44,944.98,121.01
500,14.005,0.59858,0.026564
640,146.34,36.749,0.62712
1072,430.11,95.064,38.331
530,431.1,512.14,116.75
1654,1485.8,2380,651.25
668,18.711,0.7997,0.03549
290,40.347,6.2241,0.19079
430,106.85,29.232,0.45435
352,116.74,46.158,1.0612
856,272.16,59.002,13.807
748,632.68,215.82,299.26
562,15.742,0.6728,0.029858
366,1236.1,495.25,12928
731,516.44,771.41,102.7
380,327.65,550.74,118.64
627,17.563,0.75062,0.033311
720,145.41,22.085,2.6772
618,1669.3,863.78,3037.4
850,479.79,192.66,67.602
587,130.55,30.954,0.60997
794,680.94,979.75,244.23
664,522.62,1177.6,209.75
620,575.21,740.94,217.13
580,187.87,45.62,10.365
791,39.629,1.5357,0.045802
309,15.342,0.65812,0.016417
546,146.46,49.335,0.61309
642,804.12,1307.4,538.19
784,697.84,1371.6,333.64
868,179.22,39.514,0.56629
672,336.87,60.633,57.057
355,308.98,576.12,95.087
467,341.91,127.98,129.52
626,592.92,694.43,337.27
298,82.659,28.954,0.38038
858,638.82,1353.9,202.5
1022,1092.4,1820.6,650.8
1814,425.9,104.64,3.1123
760,2244.6,1123.1,12909
399,11.176,0.47766,0.021198
641,17.955,0.76738,0.034055
524,270.73,108.72,34.481
324,462.81,949.06,677.75
371,28.544,1.4022,0.10551
928,778.75,1588.6,313.01
594,416.27,697.84,93.538
356,39.65,5.3517,0.050911
205,75.854,13.488,3.7211
1103,1193.8,2360.9,587.27
1384,1233.6,1945.1,565.53
623,492.71,1389,208.23
979,376.88,87.067,51.384
344,377.96,613.5,243.58
679,161.77,41.053,0.65342
496,596.39,380.52,349.57
608,4789.7,10547,3.6962e+05
744,224.46,90.978,1.517
798,657.1,1232,201.75
420,158.22,46.815,16.876
1490,433.48,158.59,2.6597
234,168.99,58.631,39.283
211,5.9102,0.2526,0.01121
390,10.924,0.46689,0.02072
736,815.51,1379.7,528.78
378,717.21,47.157,1196.9
297,8.3192,0.35555,0.015779
668,91.239,14.71,0.37461
609,161.18,55.255,0.48393
423,59.509,12.82,0.12862
408,45.14,6.9659,0.021676
911,261.62,97.07,1.5753
784,544.13,871.09,111.36
431,117.8,42.568,0.3748
423,41.938,4.6818,0.04532
328,114.76,20,15.194
384,10.756,0.45971,0.020401
289,299.64,363.34,141.24
472,128.77,43.846,0.62352
400,11.204,0.47886,0.021251
565,471.92,779.85,151.58
528,68.475,10.314,0.23713
342,153.28,50.125,14.341
1093,223.21,47.202,0.93348
525,386.88,76.923,108.47
766,87.309,10.387,0.20841
706,779.45,1653.7,346.2
857,237.81,20,14.08
476,108.13,26.347,0.51919
823,674.51,1150.9,255.87
878,764.69,1440.2,269.92
388,59.876,12.913,0.28217
708,513.94,917.7,115.47
690,194.09,67.581,1.2858
723,168.38,28.94,5.3227
426,331.55,429.41,88.228
504,423.64,757.63,138.7
662,143.98,20,5.1697
865,691.83,1131.7,208.03
554,64.437,9.2505,0.10634
476,330.17,247.67,47.877
522,957.35,265.89,1418.5
790,22.128,0.94575,0.041971
1325,310.56,79.611,1.2857
4302,3580.4,6365.4,1204.5
975,187.04,37.824,0.43844
645,435.07,849.39,88.183
988,876.31,1246.9,306.91
440,12.325,0.52675,0.023376
821,147.44,24.4,0.73882
405,18.325,0.67474,0.021517
838,901.29,1619.9,577.18
346,226.84,411.15,38.659
2107,252.58,28.105,0.32878
480,13.445,0.57463,0.025502
1234,1023.8,1514.9,338.67
1149,225.74,45.247,0.89806
740,842.58,1469.6,528.8
1042,291.14,91.201,3.0653
970,256.98,89.548,0.72661
1013,826.01,1542.9,319.06
488,13.669,0.58421,0.025927
529,14.818,0.63329,0.028105
740,1609.1,2958,2268.3
504,948.31,478.55,596.03
504,122.02,31.49,0.88535
468,459.26,747.94,213.07
461,12.913,0.55189,0.024492
694,568.12,1388.2,203.19
213,119.32,7.4255,11.011
184,21.833,3.7354,0.0097756
910,969.62,1618.9,528.95
986,908.04,1488.5,370.45
589,153.62,49.479,0.59609
432,411.26,843.88,241.52
1664,46.61,1.9921,0.088406
527,289.94,74.749,43.759
747,456.53,888.07,64.813
1752,1507.5,2664.5,509.73
878,24.593,1.0511,0.046647
1206,1040.7,275.96,497.81
630,448.84,710.62,93.791
762,541.82,237.4,147.56
529,463.47,359.28,153.79
652,596.23,912.13,254.57
744,131.77,23.475,0.32382
488,362.49,379.69,85.226
512,418.9,7.4558,62.83
742,1201.7,1494.6,3550.4
453,47.654,6.7106,0.024067
679,509.1,1147.9,157.31
377,254.84,574.56,63.034
3409,604.65,105.06,2.0269
549,378.65,759.96,90.799
1121,864.45,1627.8,277.06
593,16.61,0.70991,0.031505
704,586.24,720.22,207.07
791,707.43,1028.4,231.39
448,12.549,0.53633,0.023801
517,485.73,678.71,164.05
1042,1047.6,1734.1,812.06
652,546.18,792.54,173.08
650,128.22,26.474,0.36067
879,24.621,1.0523,0.0467
1033,254.31,72.199,1.0128
416,11.652,0.49802,0.022101
420,69.739,13.756,0.3795
602,179.5,78.057,0.68148
1673,1505.8,2285.4,476.42
764,21.4,0.91463,0.04059
1502,1328.6,2486.5,733.08
687,95.33,3.6787,1.5223
290,238.56,340.75,61.293
602,69.793,8.5482,0.21198
626,525.42,841.36,181.09
663,18.571,0.79371,0.035224
896,703.54,1336.1,222.53
571,166.69,15.478,7.0722
712,591.62,782.01,189.91
756,645.92,1003,244.87
775,302.01,129.13,13.894
735,279.02,55.036,51.711
1027,849.33,1551.1,374.25
470,155.01,68.856,1.5076
389,10.896,0.46569,0.020667
1962,2363.7,3726.7,1804.6
952,193.03,40.652,0.74149
922,800.71,1565.6,411.27
765,666.47,998.9,281.95
668,335.48,115.66,43.618
524,450.19,753.04,146.49
440,28.999,1.4196,0.060253
651,18.235,0.77935,0.034587
674,256.26,51.027,15.989
729,20.42,0.87273,0.038731
600,407.1,151.77,169.34
520,418.2,628.29,131.61
612,148.75,41.279,0.66662
419,90.856,20.659,0.39648
784,217.6,66.682,2.2837
335,3534.8,708.07,94170
1018,263.17,84.811,0.94537
610,276.84,101.14,25.102
910,825.15,1419.8,313.35
352,304.76,7.8899,48.283
694,131.5,24.802,0.51968
880,101.27,14.491,0.15781
720,20.168,0.86195,0.038252
581,472.96,703.39,136.94
823,923.53,1746.8,868.93
894,686.73,1016.9,187.5
1240,896.17,1128,174.43
916,232.69,69.448,1.1612
621,136,32.295,0.50054
507,454.13,707.92,171.15
715,161.53,29.197,3.7176
1087,333.07,146.73,1.8209
476,47.29,2.963,0.27248
496,437.67,205.42,107.29
1294,208.02,32.229,0.58787
1028,703.81,948.34,118.92
571,472.67,698.13,140.76
1022,270.95,82.582,2.0602
753,134.68,24.893,0.24527
332,26.344,1.5777,0.072544
812,528.61,929.78,88.678
1264,35.405,1.5132,0.067154
434,12.157,0.51956,0.023058
741,152.9,20,3.3955
696,688.85,1125.8,358.31
637,468.48,164.51,126.74
982,815.51,1270,272.56
769,250.7,31.869,19.521
709,781.48,1373.4,569.34
832,23.305,0.99603,0.044203
860,804.05,1532.1,452.16
745,872.14,510.13,559.73
860,422.48,8.9535,34.806
590,141.77,38.62,0.43936
645,112.24,15.137,1.2727
505,435.79,961.55,186.97
470,13.165,0.56266,0.02497
656,470.76,693.21,97.754
887,991.19,1773.8,639.52
372,251,314.7,41.946
958,275.6,98.669,1.841
1030,770.69,1347.6,214.79
1509,251.78,40.916,0.76271
522,164.1,69.275,1.437
524,157.91,61.664,1.2397
632,20,0.7566,0.033577
1410,193.51,24.444,0.50186
1169,32.744,1.3995,0.062107
913,25.574,1.093,0.048506
542,509.69,792.31,240.72
928,222.48,57.797,0.98631
566,131.33,33.255,0.63638
938,1767.9,1583.2,2593.2
816,783.95,1213,331.12
707,513.59,711.95,109.58
938,149.91,23.567,0.29222
615,552.54,1150.7,277.62
752,555.26,979.95,153.57
888,500.22,304.27,55.876
718,20.112,0.85956,0.038146
282,902.6,355.32,4512.1
722,185.16,53.539,1.2895
743,176.9,50.691,0.43532
788,529.6,1170.4,119.2
1238,820.38,1459.2,155.39
1120,290.77,93.776,0.94939
798,720.11,1297.8,283.38
650,123.49,23.608,0.43421
1041,1021.2,2236.6,777.13
614,174.62,57.961,0.91002
710,1010.9,1823.5,1194.9
716,301.22,8.3648,20
264,7.3948,0.31605,0.014026
630,137.55,32.559,0.49903
758,21.232,0.90744,0.040271
234,146.91,355.24,27.55
559,1333.7,294.52,8069.6
784,21.96,0.93857,0.041653
887,24.845,1.0619,0.047125
1124,747.94,1181.4,131.1
692,488.39,1300.4,149.37
1071,220.09,46.307,0.84542
572,16.022,0.68477,0.030389
736,74.315,8.5322,0.09231
684,19.159,0.81885,0.03634
705,594.48,895.57,168.83
839,580.09,1109.5,133.69
848,618.3,1081.2,158.65
1276,718.58,263.6,73.622
1868,2908.8,5289.1,2785.2
673,588.55,689.72,172.29
330,9.2435,0.39506,0.017532
1018,28.515,1.2187,0.054085
1214,1076.2,790.21,389
946,105.8,13.713,0.20449
1022,3728.2,4781,56829
439,12.297,0.52555,0.023323
1212,317.61,95.742,2.276
880,1124.3,2311.5,1212.4
440,350.28,646.33,101.53
674,505.01,947.86,135.29
403,17.358,0.64228,0.021411
754,21.12,0.90265,0.040059
706,590.49,972.84,203.4
810,22.689,0.96969,0.043034
658,183.05,63.149,0.89015
562,472.16,672.35,161.3
409,324.99,596.41,115.87
559,15.658,0.66921,0.029699
571,135.41,34.97,0.7588
640,122.45,24.093,0.34984
243,83.623,23.663,2.8315
288,32.091,4.1541,0.050935
648,152.21,40.086,0.64421
706,681.73,924.77,305.89
318,193.28,86.607,25.838
878,24.593,1.0511,0.046647
604,192.15,89.871,1.0179
675,139.41,31.824,0.28322
1015,892.03,2034.2,386.46
672,196.32,71.399,1.6025
781,21.876,0.93498,0.041493
538,137.57,41.097,0.70131
488,13.669,0.58421,0.025927
238,6.6665,0.28492,0.012645
418,76.635,10.632,0.92185
367,10.28,0.43936,0.019498
897,102.56,13.735,0.20906
241,161.98,302.92,27.037
501,521.11,1059,429.34
492,13.781,0.589,0.026139
1035,984.39,2062,638.66
1420,826.76,574.47,97.407
542,141.92,39.264,0.71817
431,12.073,0.51597,0.022898
421,59.158,12.573,0.064232
426,240.79,53.383,16.019
452,333.51,662.02,84.321
946,242.42,69.845,1.7571
710,128.01,23.3,0.32965
486,369.85,679.63,111.32
574,565.15,718.61,316.39
769,190.9,53.266,1.1348
378,48.293,8.8908,0.0584
630,567.38,1035.6,275
550,111.02,21.406,0.83045
707,129.82,22.515,0.75543
952,191.87,16.029,4.1457
1488,230.68,34.42,0.56692
321,91.314,20.032,5.7215
965,727.23,1185.6,199.8
727,78.815,9.61,0.14867
349,177.52,43.826,38.597
411,259,395.21,33.991
677,568.38,1416.1,258.66
411,58.67,10.17,0.26101
685,547.24,755.17,145.34
546,296.76,86.003,43.23
282,33.329,4.0145,0.054025
446,501.92,813.91,631.19
718,185.87,58.762,0.59165
468,67.824,7.6839,0.59621
532,541.92,1016,408.82
786,76.886,8.4281,0.089429
492,402.67,673.97,130.19
942,26.386,1.1277,0.050047
516,56.115,2.883,0.49711
433,231.07,64.547,36.835
579,139.02,36.202,0.43901
945,329.93,75.201,24.896
390,10.924,0.46689,0.02072
961,894.42,2340.1,530.1
375,334.87,548.93,144.5
266,21.644,1.9548,0.014132
416,11.652,0.49802,0.022101
280,38.213,6.5577,0.12477
540,15.126,0.64646,0.028689
538,496.18,547.83,259.69
1854,2326.5,2680.1,1513.8
407,395.02,743.75,267.08
1338,910.56,2210.6,214.65
293,8.2071,0.35077,0.015567
966,857.24,1117.5,312.34
1318,1003.4,1720.5,257.86
426,11.933,0.50999,0.022633
936,218.45,56.265,1.0668
365,400.51,594.51,247.78
448,271.87,99.545,46.326
586,167.09,55.985,1.0427
436,368.17,717.06,166.75
529,14.818,0.63329,0.028105
819,254.08,104.35,1.9854
598,150.72,42.177,1.0369
722,171.41,45.827,0.75966
370,52.645,9.7836,0.19512
720,226.17,104.87,1.2923
685,578.33,868.01,223.84
489,53.958,6.7647,0.10088
692,234.45,128.83,1.7036
464,403.26,659.53,147.79
586,63.13,7.8539,0.098489
564,404.53,515.77,95.736
350,9.8037,0.419,0.018595
290,500.09,20.001,315.3
376,10.532,0.45013,0.019976
348,195.38,20,43.628
742,710.9,1123.9,377.51
1082,244.49,60.091,1.1362
506,69.779,12.11,0.25215
748,716.83,1497.3,424.04
372,10.42,0.44534,0.019764
520,150.7,40.094,6.3586
239,6.6945,0.28612,0.012698
851,157.34,29.715,0.42257
339,2075.5,1800.6,28014
688,123.1,20.753,0.65432
410,388.5,450.59,199.24
406,11.372,0.48604,0.02157
687,1172.6,2097,1546.4
662,616.28,979.47,299.15
884,194.06,43.465,1.3045
424,405.51,741.62,157.82
426,432.51,947.09,284.03
489,279.6,522.01,29.535
634,431.34,969.46,90.81
438,59.679,11.739,0.062282
864,719.58,1021.9,255.83
383,476.53,225.74,133.65
604,466.19,786.5,136.19
737,78.57,9.9801,0.097463
746,222.2,89.822,1.0892
556,15.574,0.66562,0.029539
812,697.84,926.29,291.49
398,247.71,136.64,31.864
306,187.91,345.44,27.51
966,1032.9,1775.2,730.24
414,11.596,0.49562,0.021995
316,8.8514,0.3783,0.016789
314,8.7953,0.37591,0.016682
250,7.0027,0.29929,0.013282
318,234.45,511.85,61.674
415,26.64,1.755,0.022048
716,229,111.55,1.3158
533,14.93,0.63808,0.028317
191,134.05,311.07,33.045
452,57.221,10.593,0.057868
2575,72.127,3.0827,0.13681
852,522.71,993.65,73.195
1098,116.52,14.066,0.19403
1342,597.43,196.21,51.281
1302,698.56,292.47,92.46
744,54.44,4.0009,0.039527
994,826.09,1688.9,322.15
1386,48.995,1.6593,0.073636
943,1111.6,2241.3,767.32
810,635.56,1377.4,201.21
804,176.89,41.558,0.80458
1122,1244,1978.5,994.37
830,543.08,826.11,87.934
798,590.29,275.76,199.16
812,757.68,1423.1,301.13
797,37.451,1.3236,0.042959
415,82.042,6.0598,1.717
689,135.23,30.568,0.089714
1097,4607.1,1419.5,66880
1214,34.005,1.4533,0.064498
916,25.658,1.0966,0.048666
558,299.92,212.85,21.621
954,816.32,1262.5,362.58
721,398.2,145.04,95.177
547,148.5,47.006,1.1169
568,481.86,794.18,187.69
1060,29.691,1.269,0.056316
1340,494.38,169.33,20.575
1485,1951.3,4034.4,1365.9
1038,1016.2,1739,636.83
1146,32.1,1.3719,0.060885
1091,983.73,1981,548.18
248,208.31,51.493,95.603
560,647.67,546.14,306.63
726,587.57,940.01,199.77
1042,29.187,1.2474,0.05536
1298,982.42,1425.2,255.67
409,331.36,251.7,111.84
564,437.79,992.24,140.51
488,21.434,0.87331,0.025927
650,74.294,11.458,0.052247
1376,38.543,1.6473,0.073105
796,705.13,364,264.82
818,41.985,1.7008,0.046923
1020,67.605,4.4476,0.054191
1762,1522,2804.4,656.23
877,646.04,941.04,121.56
532,60.424,8.1863,0.10384
518,105.86,22.009,0.46706
1772,1457,640.32,457.42
689,34.942,1.5125,0.036605
478,147.94,20,5.9421
362,151.08,55.321,10.111
734,625.94,1020.9,238.56
668,18.711,0.7997,0.03549
1571,1107.4,1751.9,226.83
1212,862.66,1188.2,183.5
1131,301.66,104.29,0.6096
662,159.1,30.662,4.3943
772,635.72,867.08,187.45
1380,239.69,39.427,0.95274
888,269.67,104.66,1.9434
566,15.854,0.67759,0.030071
483,13.529,0.57823,0.025661
678,61.149,5.6786,0.082454
946,893.15,1618.3,508.83
1150,32.212,1.3767,0.061098
1063,29.775,1.2726,0.056475
1103,30.896,1.3205,0.058601
1130,434.38,76.749,78.017
659,2645.7,3286,57143
463,104.07,28.677,0.10275
818,130.78,20,0.29233
790,128.86,20,0.14913
1140,31.932,1.3648,0.060566
2438,457.63,88.95,1.2871
1188,275.17,70.616,1.2705
1044,3482.2,1503.2,9239.6
3158,903.61,315.04,7.8476
1184,329.42,117.09,1.5262
595,401.89,596.5,71.012
1212,1095.4,1770.1,499.49
522,215.51,57.46,32.837
846,446.46,189.75,55.725
1125,247.83,59.314,1.007
1386,352.82,112.83,0.93089
749,160.12,34.712,0.97718
788,714.31,1233.8,214.22
890,792.93,1656.3,327.43
743,160.27,39.673,0.29581
615,401.98,162.45,111.14
910,25.49,1.0894,0.048347
868,887.69,1769.1,741.42
1193,33.417,1.4282,0.063382
1218,113.22,10.473,0.21245
534,353.38,533.98,61.406
1438,1109.1,514.99,264.06
3047,6131.3,13498,9205.6
2554,468.64,84.824,2.013
1313,2084.8,5088,2994.6
456,12.773,0.5459,0.024227
505,24.394,1.1205,0.02683
1128,1041.4,2058.2,553.67
822,215.42,67.087,1.1979
957,775.43,1536.5,286.68
712,691.38,1156.8,425.23
644,128.9,27.194,0.36596
2068,583.3,197.92,4.1258
614,17.199,0.73505,0.032621
805,145.95,25.534,0.663
994,438.95,177.8,23.416
904,596.99,700.83,97.805
823,23.053,0.98526,0.043725
549,206.9,44.959,19.983
1316,559.41,253.2,25.066
304,8.5152,0.36393,0.016151
448,247.47,58.118,32.067
829,371.06,84.545,84.296
908,554.17,1284.3,101.55
751,21.036,0.89906,0.039899
1378,266.29,54.112,0.70667
634,905.7,1526.7,921.39
786,1883.5,1546.5,2144.7
1187,33.249,1.421,0.063063
746,224.63,34.674,35.098
580,472.02,850.18,126.11
962,677.92,477.55,123.05
734,241.76,107.51,2.2584
1169,1274,2104.5,874.77
882,91.413,9.4449,0.23688
1236,924.58,2052.5,304.67
986,735.24,1627.2,210.31
1252,600.49,132.71,87.478
1314,1190.1,1538.9,513.37
472,65.605,11.285,0.25414
349,57.334,12.521,0.37547
3600,955.6,284.34,7.7656
1821,1433,2466.8,400.71
2071,493.52,134.24,2.1786
1490,41.736,1.7838,0.079161
952,26.666,1.1397,0.050578
846,676.94,1331.1,215.07
1012,247.12,69.591,1.1162
560,15.686,0.67041,0.029752
1548,43.36,1.8532,0.082243
654,85.207,14.032,0.23822
550,64.863,9.5747,0.10782
383,58.071,11.682,0.27723
734,175.94,44.481,1.0957
435,408.65,451.39,135.7
745,742.26,2109.7,701.81
1476,1389.7,2307.3,605.99
502,251.33,185.4,17.851
734,80.217,9.9593,0.14987
646,144.97,35.323,0.61547
840,218.9,68.652,1.0721
786,205.05,64.838,0.95401
749,843.87,1485.9,590.2
1372,399.29,144.66,3.3258
828,638.59,958.4,172.04
468,13.109,0.56027,0.024864
629,130.24,27.79,0.56791
974,677.05,1187.5,144.26
792,551.22,834.9,108.17
458,12.829,0.5483,0.024333
759,21.26,0.90864,0.040324
394,11.036,0.47168,0.020933
477,13.361,0.57104,0.025342
2360,1366.9,695.74,128.4
1003,300.59,120.67,1.7809
1078,249.6,63.877,1.1643
1261,361.54,83.609,14.678
303,223.95,195.33,43.921
526,589.44,258.09,289.93
775,1450.1,823.09,1835.4
778,205.85,59.621,1.4513
780,150.05,28.368,0.52762
572,16.022,0.68477,0.030389
903,258.27,96.201,1.4381
1360,289.16,65.525,1.1663
764,220.83,78.302,1.8497
652,197,79.1,0.96681
1062,284.65,97.701,1.1027
386,55.899,12.837,0.13239
436,368.18,477.82,139.73
397,109.07,41.423,0.25116
1153,244.61,56.769,0.58185
1050,707.18,290.7,141.62
1390,38.935,1.664,0.073848
802,188.74,48.352,0.64545
1012,28.347,1.2115,0.053766
470,151.29,20,8.0925
816,225.99,75.255,1.6457
410,34.861,1.5497,0.1166
424,106.08,26.323,1.0293
938,799.98,1387.7,290.83
809,139.66,24.171,0.31566
715,704.5,1558.3,414.37
605,16.946,0.72428,0.032143
250,119.97,13.915,10.749
543,364.13,20,22.684
1484,41.568,1.7766,0.078842
946,1406.6,2591.8,2583.5
439,12.297,0.52555,0.023323
295,8.2631,0.35316,0.015673
1029,139.05,9.4037,1.3589
2013,1522.2,3363.5,492.22
578,466.61,223.38,134.32
996,685.23,280.99,219.19
1008,146.59,20,0.19943
480,97.758,21.765,0.18619
807,678.89,1416.2,287.25
640,62.383,7.7521,0.034002
708,548.47,1127,181.31
602,72.255,9.5458,0.21946
597,446.04,1147.6,144.12
459,133.87,47.358,1.1999
798,22.352,0.95533,0.042396
694,177.88,55.42,0.70295
354,298.27,624.03,133.26
828,175.16,43.638,0.1934
562,409.55,767.93,101.93
726,210.74,71.664,1.9904
1081,30.28,1.2941,0.057432
1606,1211.4,3245.7,494.09
832,213.03,60.668,1.6386
648,596.75,1094.8,260.99
635,155.34,44.789,0.55912
733,126.24,15.41,1.1022
1107,211.09,42.178,0.52298
555,147.33,50.141,0.48537
632,208.42,91.796,2.2611
558,630.39,1390.8,564.95
490,13.725,0.58661,0.026033
663,89.186,12.704,0.36894
395,11.064,0.47288,0.020986
497,13.921,0.59499,0.026405
895,25.07,1.0715,0.04755
699,19.579,0.83681,0.037137
1288,1207.5,1986,613.24
729,20.42,0.87273,0.038731
318,8.9074,0.3807,0.016895
748,491.33,871.77,72.963
417,94.319,21.174,0.51696
750,578.99,912,177.5
1185,318.49,103.98,1.8428
616,716.45,425.89,377.47
938,26.274,1.1229,0.049834
437,103.63,26.128,0.43358
654,506.19,950.28,170.53
586,140.08,17.031,3.0595
1816,1400.6,2438.3,315.18
516,2229.6,1360.3,8635.4
640,78.673,11.202,0.22476
1192,877.18,1799.7,259.35
871,623.59,1137.6,133.2
1383,255.97,50.293,0.33841
472,13.221,0.56506,0.025077
876,784.68,230.05,298.9
1642,1207.1,2459.2,369.29
413,374.29,819.88,182.28
748,572.47,1365.1,198.01
830,45.77,2.2842,0.044096
560,134.64,42.824,0.1099
377,369.72,152.74,133.59
824,868.67,1502.2,497.79
1090,242.89,55.383,1.2223
932,26.106,1.1157,0.049516
313,8.7673,0.37471,0.016629
596,16.694,0.7135,0.031664
647,636.09,1184.2,306.49
802,244.05,100.84,1.6692
948,98.306,12.285,0.094803
124,20,3.2069,0.073727
725,86.099,11.806,0.21714
892,701.66,1348.3,221.85
1213,428.01,101.73,20
2671,1920.6,3072.6,450.3
1215,271.68,67.245,1.0221
1830,918.64,320.22,138.83
753,724.83,1181.8,335.29
796,22.296,0.95293,0.04229
1186,249.25,53.973,1.0567
782,21.904,0.93617,0.041546
160,4.4817,0.19154,0.0085005
945,619.14,1016.6,102.13
808,186.49,48.184,0.73851
348,261.78,413.18,65.333
629,491.21,962.68,173.13
414,314.52,536.87,78.136
838,460.51,138.4,81.388
1001,717.63,1000.2,136.33
692,644.76,1137.8,301.97
430,310.58,826.96,90.135
906,741.37,1126.7,237.15
2237,416.8,79.032,1.1924
678,472.22,813.01,98.059
1328,352.67,111.54,1.9423
768,715.86,1059.5,344.69
1007,1315.6,2939.6,1193.2
756,554.75,961.73,149.94
1045,259.94,74.392,1.137
1180,33.053,1.4126,0.062691
1028,321.38,132.09,2.5723
344,131.67,47.247,7.3484
1477,6603.6,2385.4,89871
755,538.96,788.92,116.17
467,237.77,82.674,27.696
649,237.36,75.445,11.201
334,15.422,0.53554,0.042213
1311,327.84,98.614,1.2574
859,689.19,1182.5,229.58
2381,3109.1,5400.2,2849.5
1168,975.1,1832.8,304.53
776,21.736,0.92899,0.041228
618,540.46,963.59,229.46
601,476.5,773.1,153.67
563,363.29,714.2,63.122
1625,1243.9,1962,333.8
717,862.59,1417.3,641.76
1006,28.179,1.2043,0.053447
970,321.43,134.52,4.0898
639,1514.5,398.58,3063.8
649,68.669,8.415,0.096731
606,413.72,212.66,58.358
606,188.42,80.111,1.4213
884,207.32,52.07,1.072
1055,244.35,64.662,0.84696
714,452.23,96.549,88.016
542,437.26,145.7,186.6
746,195.77,30.437,17.274
737,208.89,76.077,0.77734
459,301.35,714.15,66.324
1338,313.07,82.966,1.2835
973,53.524,2.2786,0.075435
524,165,42.782,0.027839
702,39.297,1.5304,0.076764
471,856.45,602.57,1110.5
726,232.56,103.76,1.7571
684,19.159,0.81885,0.03634
824,212.28,64.027,1.1776
540,428.3,782.58,161.7
1038,246.07,65.99,1.0837
442,360.12,725.61,147.11
794,280.15,60.8,24.677
1192,283.14,74.581,1.0858
703,537.46,1072.9,169.14
798,773.61,1459.3,480.36
1185,239.24,51.85,0.64601
1207,250.11,55.277,0.85248
1024,966.44,822.54,288.19
792,232.43,86.068,1.3415
1091,788.8,1370.5,191.36
796,736.79,1628.7,408.72
525,226.33,20,29.165
786,520.48,1053.3,101.7
431,312.46,479.27,78.87
678,185.05,74.391,0.24952
492,363.74,513.26,86.514
863,188.51,44.155,0.79879
1160,171.79,25.151,0.20309
718,555.46,1153,149.58
674,473.16,666.49,95.627
949,750.35,1023.2,211.79
1314,787.83,242.39,142.51
982,279.61,63.219,6.8983
1091,368.68,177.21,3.7072
514,23.761,1.034,0.027308
678,193.22,46.511,6.7741
791,241.37,95.81,2.0923
854,795.92,1110.3,322.93
727,586.91,1086.1,196.32
794,242.38,90.537,2.5117
973,231.73,59.979,1.1975
504,14.117,0.60337,0.026777
646,181.05,64.082,1.0249
688,616.24,939.43,184.24
1239,918.87,1590.1,254.25
796,448.33,160.51,69.513
628,655.22,436.5,194.59
1779,1555.2,3354.7,681.34
1707,266.62,30.279,5.8545
574,460.69,1045.2,192.24
596,81.269,13.33,0.24932
892,806.54,1262.9,339.74
448,295.83,296.51,31.392
750,342.11,75.2,59.216
508,949.35,1571.4,1354.8
832,838.97,1483.7,464.63
422,2858.9,4158.9,48787
579,139.46,25.542,3.9637
808,962.57,556.63,473.76
587,25.519,0.86438,0.031186
726,97.11,12.522,0.55029
600,16.806,0.71829,0.031877
800,1258.6,20.853,322.17
1656,318.22,62.088,1.2298
1130,1006.7,1765.4,348.59
676,1098,2372.3,1326.8
2011,287.18,39.278,0.52222
1638,1161.6,1682,230.8
524,147.22,56.094,0.5137
440,12.325,0.52675,0.023376
638,435.35,652.37,83.594
1132,366.21,178.5,2.0703
732,170.08,44.657,0.63725
613,64.279,8.3397,0.047933
809,711.31,1430.6,330.77
857,181.28,40.304,0.58014
364,96.414,20.846,2.9058
364,14.537,0.46319,0.019339
2040,57.142,2.4422,0.10838
619,17.339,0.74104,0.032886
567,245.41,43.746,28.886
600,567.48,1201.2,207.52
1205,824.11,1490.7,163.19
1817,489.1,159.67,2.9531
707,124.86,21.654,0.24218
3106,2286,4801,514.73
1296,933.55,1323.6,183.07
796,773.43,1180.1,295.36
350,9.8037,0.419,0.018595
388,10.868,0.4645,0.020614
630,661.05,1211.8,417.76
392,10.98,0.46928,0.020826
536,32.954,1.3243,0.084311
454,325.62,582.3,70.816
709,621.92,983.96,250.21
419,254.76,352.59,27.793
714,3350.9,7017.8,53571
599,484.01,824.05,154.76
1596,1190.1,2275.3,350.07
1603,843.41,421.06,83.215
1294,1015.4,1629.1,289.82
1027,845.88,1473.9,207.82
808,988.54,2451.8,705.21
361,117.57,27.521,8.337
386,10.812,0.4621,0.020508
1134,853.93,1783,262.29
672,446.07,195.77,140.49
1676,1260.1,898.19,377.02
920,25.77,1.1014,0.048878
360,365.72,651.41,210.36
359,10.056,0.42978,0.019073
990,292.84,111.99,2.1634
462,137.38,48.039,1.6312
1120,286.98,80.241,2.5768
420,275.08,322.3,40.716
814,228.71,80.537,1.4128
550,1977.7,3860.8,41203
515,101.07,11.869,1.7942
605,144.85,39.074,0.65664
807,765.33,1213.9,383.65
628,167.64,53.517,0.97616
670,498.96,772.44,119.15
704,19.719,0.8428,0.037402
633,114.04,20,0.32941
386,103,22.548,0.020508
420,375.78,681.18,152.96
574,140.52,39.144,0.67144
554,370.3,553.75,62.33
976,148.02,22.113,0.20798
436,80.974,11.539,1.1885
251,133.87,128.14,12.434
2359,298.08,35.278,0.23104
835,620.8,1156.7,159.39
378,10.588,0.45252,0.020083
544,139.17,43.871,0.46776
244,6.8346,0.29211,0.012963
503,65.919,9.9884,0.23962
424,11.877,0.50759,0.022526
740,209.96,86.736,0.38909
295,93.028,30.566,2.5947
838,838.91,1501.1,382.1
863,567.47,885.76,96.785
548,31.381,1.3283,0.052352
843,581.06,1070.7,132.96
197,33.039,7.225,0.22999
424,385.16,207.71,166.93
489,1913.1,2767.9,41500
676,156.92,20,6.6848
381,250.39,5.4444,30.04
242,6.7786,0.28971,0.012857
626,68.089,8.7406,0.099438
386,10.812,0.4621,0.020508
595,483.14,121.76,146.99
582,433.16,644.95,109.55
612,437.51,1035.9,120.58
1062,1036.8,1697.6,588.6
452,140.73,58.81,1.1386
570,72.178,11.54,0.17365
612,175.9,65.718,0.78828
880,188.14,43.926,0.58638
664,18.599,0.79491,0.035277
822,666.65,1158.3,238.74
198,19.337,1.6182,0.044642
582,525.46,810.05,198.1
531,14.874,0.63569,0.028211
872,176.98,38,0.55665
786,536.84,805.75,96.784
90,2.521,0.10774,0.0047815
540,140.05,44.046,0.59276
1005,280.69,97.643,1.532
610,491.35,836.81,164.95
100,2.8011,0.11972,0.0053128
794,744.98,1445,332.82
546,877.07,2118.6,1048.6
707,136.84,26.296,0.6193
504,414.95,654.79,125.7
298,8.3472,0.35675,0.015832
711,150.78,33.908,0.58164
282,567.34,20.001,391.77
1080,1082.2,498.09,445.22
578,130.18,32.093,0.51477
687,183.46,57.964,0.73242
409,11.456,0.48964,0.021729
705,207.64,84.179,0.67314
489,574.21,289.9,421.89
460,399.2,771.43,172.16
472,393.47,643.66,134.13
860,396.35,123.32,45.504
43,2.8594,0.11018,0.030397
522,397.54,586.75,99.561
448,380.25,201.81,122.6
688,601.11,1156.7,269.18
249,12.479,0.49822,0.022908
872,570.37,1022,98.668
112,9.3113,0.68874,0.0059504
290,35.526,6.6982,0.015407
796,725.02,1497.1,341.41
474,485.11,363.74,188.07
958,1043.1,1991.7,1009.3
619,17.339,0.74104,0.032886
859,725.9,1364.5,275.42
697,295.04,31.561,17.027
524,1637.8,1797,16587
486,336.21,617.82,77.791
594,502.16,1009.2,158.44
850,1750.7,117.74,9701.1
441,404.19,239.94,150.82
452,103.33,24.241,0.73146
570,507.44,1211,214.87
820,34.635,1.0497,0.043565
1594,1045.3,2053.6,184.35
784,676.14,937.39,256.24
476,13.333,0.56985,0.025289
721,20.196,0.86315,0.038306
586,475.21,1078.3,203.88
997,216.03,50.802,0.79238
689,1236.6,2453.3,6257.9
1614,412.59,127.91,1.7528
681,19.075,0.81526,0.03618
946,26.498,1.1325,0.050259
502,150.27,57.286,1.2315
670,626.97,1510.2,367.87
743,91.708,13.804,0.22568
526,182.06,82.582,1.7404
536,69.223,12.518,0.11807
590,470.34,1002.5,172
484,169.25,81.694,1.9181
270,11.624,0.35665,0.019679
475,155.28,23.29,15.839
545,468.53,700.81,161.51
534,421.84,1074.6,175.49
507,29.632,1.2589,0.053432
723,162.65,44.542,0.20566
543,15.21,0.65005,0.028849
657,143.08,34.64,0.39819
696,694.45,1319.3,401.36
1082,273.05,80.699,1.1536
467,347.93,570.32,84.459
496,366.12,618.25,74.231
604,149.47,41.208,0.90495
1114,206.76,38.749,0.67874
1026,729.97,1415.8,192.53
414,58.063,12.316,0.12822
508,56.925,7.4267,0.10244
744,131.68,23.021,0.40453
481,129.52,42.386,0.49236
441,100.59,26.833,0.20853
212,52.31,13.9,1.0151
522,38.224,2.0626,0.10042
564,538.09,954.79,268.64
657,527.13,1187.8,214.18
524,113.54,27.284,0.29713
568,511.06,843.05,241.84
546,1212.3,2384,2444
356,309.5,137.57,76.301
354,9.9158,0.42379,0.018807
914,224.78,66.011,0.78691
620,17.367,0.74224,0.03294
544,565.1,325.3,373.7
686,170.84,50.342,0.68303
399,375.18,810.92,202.87
368,716.11,451.4,743.63
484,307.34,137.83,66.18
786,144.34,26.776,0.41972
666,185.29,60.849,1.5261
382,269.39,514.13,62.538
456,143.29,70.81,0.57457
460,166.58,55.502,9.6011
190,5.322,0.22746,0.010094
851,267.54,111.47,2.5867
702,173.12,50.259,0.67637
627,116.12,20.407,0.42329
754,87.275,14,0.05291
600,443.41,755.5,99.317
1153,904.99,1903.9,330.8
424,11.877,0.50759,0.022526
486,13.613,0.58182,0.02582
883,819.7,1670.4,423.49
1235,312.87,91.087,1.6212
866,223.97,68.563,1.1822
976,827.97,1785.1,384.29
638,205.54,84.337,2.3562
458,140.37,59.92,0.84056
679,83.449,13.033,0.16854
544,15.238,0.65125,0.028902
532,163.5,69.507,0.8429
606,174.29,66.479,0.52589
372,10.42,0.44534,0.019764
810,719.17,1260.7,216.32
683,171.37,53.629,0.45877
546,148.57,46.437,1.2438
911,839.82,1328.9,351.44
509,155.93,68.016,0.84019
529,414.28,593.64,102.02
1045,302.56,111.54,2.1176
344,325.41,123.82,116.32
1543,320.65,72.995,0.85491
742,149.49,31.713,0.46047
1114,482.08,10.038,34.815
630,556.25,1332.7,258.71
312,241.4,102.56,47.746
381,344.53,660.74,153.35
847,548.56,641.17,74.307
504,152.7,61.244,1.1079
540,130.2,35.155,0.44085
447,586.99,1394.7,375.76
728,545.6,1243.6,189.11
676,166.06,47.621,0.67373
810,2762.9,2452.8,41399
825,566.5,1067.2,127.44
1008,28.235,1.2067,0.053553
674,580.12,1458.9,243.93
653,89.879,7.8679,0.81791
1639,368.09,89.678,1.7452
452,120.65,40.246,0.48805
698,555.47,977.05,162.97
598,190.69,77.139,1.4576
498,412.23,868.18,154.76
778,701.86,1222,297.32
119,3.3333,0.14246,0.0063223
1090,474.16,78.564,87.493
416,346.49,138.01,135.16
686,19.215,0.82125,0.036446
653,4502.4,10910,2.0319e+05
582,509.28,1278.1,260.8
391,10.952,0.46809,0.020773
528,40.627,2.1036,0.14069
415,331.78,731.21,133.39
558,423.64,855.4,130.14
442,269.16,85.765,60.962
552,155.22,50.785,0.89977
530,115.41,27.241,0.39817
334,152.89,35.647,26.783
463,462.07,921.87,241.78
300,8.4032,0.35915,0.015938
185,74.192,30.566,5.3162
692,166.77,47.318,0.55081
545,15.266,0.65245,0.028955
458,177.35,57.743,13.629
492,144.41,56.415,0.80503
668,644.58,1267.9,341.4
282,20,1.2926,0.014982
566,124.83,30.33,0.40325
243,166.13,2.2655,20
491,133.52,43.254,0.87011
372,242.73,471.38,44.74
632,78.028,13.092,0.11287
444,300.3,146.81,58.742
430,96.892,22.961,0.515
506,417.75,735.94,147.18
479,399,713.54,164.49
460,451.82,743.73,253.67
364,103.73,42.966,0.13026
784,549.45,851.17,116.93
1133,796.53,1183.5,154.25
2118,375.53,66.247,1.0536
662,75.209,10.636,0.10386
1300,245.87,48.103,0.69163
722,20.224,0.86435,0.038359
424,149.18,53.341,7.0764
858,256.78,92.232,2.3256
618,17.311,0.73984,0.032833
688,182.07,55.25,1.0887
577,163.6,54.966,1.1665
644,236.27,227.65,1.5093
803,574.4,331.86,173.95
438,280.63,618.91,52.132
930,280.79,108.56,2.2082
246,25.599,1.3793,0.19027
431,12.073,0.51597,0.022898
540,15.126,0.64646,0.028689
1051,845.01,1633.2,303.57
1988,1712.1,2540.7,632.24
862,160.63,30.258,0.51108
840,23.529,1.0056,0.044628
983,98.246,10.93,0.13706
570,410.75,758.78,79.056
820,676.48,889.85,211.18
760,332.42,81.894,50.385
947,94.799,11.113,0.091518
490,1179.9,2214.2,3672.9
204,5.7142,0.24422,0.038412
538,222.79,50.431,36.912
302,73.769,22.665,0.11166
663,121.4,22.45,0.33479
435,126.47,47.208,0.79738
1061,812.39,1592.8,252.7
1040,669.69,990.12,97.429
394,54.8,11.177,0.12716
1495,2529.9,856.59,1258.6
1960,242.29,27.446,0.45205
1092,385.29,105.23,19.999
817,286.2,62.685,21.457
560,143.49,41.606,0.70276
744,511.41,1127.5,122.86
802,184.71,47.511,0.73696
612,3876,2933,39170
1092,678.94,300.81,119.36
775,3126.7,1176.5,8929.4
348,39.938,5.7045,0.052459
384,91.092,23.78,0.43374
733,20.532,0.87751,0.038943
782,218,80.37,0.892
580,16.246,0.69435,0.030814
480,61.974,9.8405,0.17705
714,585.98,1385.7,258.1
992,297.27,127.6,1.3698
404,11.316,0.48365,0.021464
1274,869.02,1465.9,167.13
3473,828.37,224.27,3.925
531,324.7,90.173,55.904
1198,287.29,76.886,1.5347
766,222.76,81.19,1.4622
538,15.07,0.64407,0.028583
420,19.274,0.68431,0.041953
433,4103.5,11353,1.0721e+05
697,2941.4,4254.8,88431
367,21.075,0.95148,0.02625
355,241.58,727.26,78.7
581,146.6,41.599,0.92272
396,83.218,13.58,1.3448
1076,30.139,1.2881,0.057166
1764,1473.8,2713.3,682.49
1398,1137.1,896.22,196.31
542,28.168,0.64886,0.095026
428,1658.6,2228,46155
434,110.48,31.633,0.69817
450,383.21,547.47,154.15
886,772.64,1427.6,303.75
248,161.92,311.56,31.039
472,94.956,20,0.18392
426,11.933,0.50999,0.022633
560,456.63,816.04,120.77
603,182.49,85.746,0.55335
530,154.22,61.712,0.66505
634,153.42,39.494,0.6637
414,317.47,711.52,90.436
958,204.35,43.472,1.4626
1152,155.28,20.436,0.12323
1193,363.04,148.24,2.2256
180,5.0419,0.21549,0.0095631
822,483.86,153.13,146.65
656,198.51,85.238,0.82997
466,13.053,0.55787,0.024758
388,388.17,537.89,235.05
1750,999.57,303.32,321.15
475,352.5,544.72,87.52
710,625.79,1053.7,176.06
3336,2359.2,3767.8,499.12
930,194.61,41.26,0.66958
510,166.69,43.594,9.2629
412,172.51,13.875,7.6557
753,164.54,39.101,0.5993
948,570.79,211.5,82.843
519,271.4,19.062,21.275
830,190.47,53.041,0.31469
660,754.59,282.26,427.51
900,663.76,1324.6,190.81
515,121.71,32.891,0.4321
341,9.5516,0.40823,0.018117
580,450.79,870.55,148.51
800,90.197,11.395,0.20615
534,14.958,0.63928,0.028371
516,113,20.319,0.027414
884,24.761,1.0583,0.046965
632,17.703,0.7566,0.033577
1134,220.89,43.57,0.71231
973,270.82,91.774,1.9084
853,242.23,83.515,1.9471
390,10.924,0.46689,0.02072
589,16.498,0.70512,0.031293
226,153.19,210.02,26.646
161,163.5,230.51,135.08
546,346.43,172.93,72.217
404,293.72,560.76,77.102
201,5.6301,0.24063,0.010679
514,144.77,52.032,0.77246
558,612.91,1061.9,426.78
616,385.51,782.88,62.649
832,215.57,67.829,0.94748
1022,28.627,1.2235,0.054297
584,16.358,0.69914,0.031027
859,272.59,119.88,2.0308
718,581.76,820.26,189.26
840,1015.7,1986.5,1306.1
372,19.147,0.85282,0.019764
479,227.05,66.366,27.735
540,15.126,0.64646,0.028689
330,9.2435,0.39506,0.017532
491,219.6,56.321,31.894
582,386.3,578.48,54.613
768,229.23,93.718,1.0915
320,88.279,17.827,2.7743
276,80.604,20.565,2.9369
653,455.3,832.36,103.26
860,100.97,14.103,0.161
1076,30.139,1.2881,0.057166
932,1288.8,2272.8,975.3
772,21.624,0.9242,0.041015
1318,292.76,69.744,1.4215
442,331.47,127.98,85.014
820,246.68,109.41,0.68757
606,520.92,889.46,168.18
362,53.246,10.845,0.20171
694,19.439,0.83083,0.036871
349,81.577,22.076,0.21369
450,93.475,21.339,0.1899
872,762.57,1344.6,279.82
312,8.7393,0.37351,0.016576
740,525.42,769.4,118.14
653,209.52,55.288,9.6798
782,543.2,736.59,110.81
1026,930.04,2083.2,509.66
1066,275.47,83.707,0.945
1266,356.16,127.72,2.0575
880,272.39,108.98,2.6883
632,564.94,882.74,220.65
1010,307.75,112.08,3.3428
665,138.74,32.149,0.28611
670,540.3,874.52,203.85
732,577.41,978.92,177.4
1185,346.12,134.54,1.6022
1181,998.1,1832.3,380.52
776,21.736,0.92899,0.041228
392,337.98,20,207.31
809,721.2,1340.5,334.97
634,80.745,12.45,0.23287
628,177.48,61.342,1.2918
421,44.773,2.2026,0.38891
602,137.19,33.983,0.62502
1052,936.97,1650.6,361.12
1058,867.41,1401.9,294.19
1106,538.38,195.99,57.631
832,23.305,0.99603,0.044203
694,139.11,28.563,0.54977
485,263.66,100.43,16.401
622,33.379,1.3337,0.04906
657,18.403,0.78653,0.034905
534,3325.3,2352.4,88742
416,38.24,3.7315,0.042019
1012,156.31,23.289,0.21182
368,10.308,0.44055,0.019551
583,16.33,0.69794,0.030974
1943,429.49,105.11,1.2125
287,288.75,524.27,125.09
953,301.2,85.096,9.824
467,390.77,620.43,148.41
966,772.48,1625.7,261.72
600,527.02,1025.3,163.41
572,16.022,0.68477,0.030389
674,1215.6,1470.3,4280.4
465,384.13,669.32,115.17
758,570.9,1268.5,162.84
698,722.66,289.91,390.44
464,12.997,0.55548,0.024652
776,768.13,1217,237.55
295,98.85,26.65,4.5951
423,324.47,102.95,145.86
385,45.481,6.1657,0.108
842,691.14,1028.9,262.65
496,125.05,36.134,0.46098
578,517.15,1067.4,289.56
2572,1781.4,3754.9,411.26
551,172.51,50.837,4.2934
1402,974.01,1326.6,179.43
789,22.1,0.94455,0.041918
1008,864.87,299.96,436.91
662,573.87,920.69,236.57
306,198.09,107.26,25.449
382,278.44,544.68,64.305
639,17.899,0.76498,0.033949
1052,883.22,1357.7,290.52
790,22.128,0.94575,0.041971
411,395.78,603.92,258.83
130,20,3.5687,0.0069067
568,178.85,47.475,7.6283
298,8.3472,0.35675,0.015832
339,715.46,344.44,11233
1862,207.82,20.989,0.30611
665,81.329,13.475,0.11181
1810,50.699,2.1668,0.096162
678,20,0.81167,0.036021
959,679.5,1338.4,167.77
717,204.76,77.836,0.78323
734,617.5,1091.4,254.58
626,561.42,897.52,275.49
78,2.1848,0.093378,0.004144
724,510.4,984.1,101.51
712,163.59,43.778,0.42009
695,203.28,77.055,1.337
492,318.59,130.89,63.935
186,5.21,0.22267,0.0098819
760,616.76,779.88,202.17
627,17.563,0.75062,0.033311
1359,308.28,74.419,1.5554
469,62.855,10.881,0.18379
688,119.06,20.357,0.31641
428,478.55,814.21,311.77
602,558.3,213.59,136.93
580,892.94,1874.9,1479.3
664,566.05,1165.3,192.5
880,739.57,1212.2,242.79
154,4.3136,0.18436,0.0081818
563,461.26,682.81,150.93
648,588.82,854.42,202.7
807,580.31,982.96,130.82
673,472.71,751.81,104.03
812,417.85,138.13,57.16
401,11.232,0.48006,0.021304
408,11.428,0.48844,0.021676
534,761.64,1602.3,1468.2
817,748.08,1492.9,258.25
328,88.232,18.72,2.4593
977,204.1,44.132,0.95493
341,48.575,10.149,0.13023
1098,64.494,3.3576,0.058335
2061,1856.8,3834.8,789.86
826,246.51,93.952,1.7735
994,767.71,2530.6,328.33
1002,93.096,8.159,0.21235
643,20,0.76977,0.034162
852,207.38,57.47,1.0014
542,371.91,799.27,95.981
541,347.25,84.018,86.848
530,450.19,858.5,174.33
236,6.6105,0.28253,0.012538
471,13.193,0.56386,0.025023
600,298.24,154.42,24.539
394,247.99,519.88,44.02
1092,844.83,954.35,160.91
536,427.01,698.93,156.95
539,180.65,88.575,1.2256
1308,36.638,1.5659,0.069492
1287,1007.4,1691.2,261.19
773,687.51,1691,366.72
995,1265.2,1137.7,720.75
508,31.031,1.417,0.055845
606,135.64,32.635,0.61387
152,85.337,20,19.248
566,383.71,611.06,74.374
881,102.81,14.308,0.21337
649,158.12,43.598,0.77958
494,69.202,12.418,0.25614
427,331.1,515.84,90.738
288,61.342,10.234,1.1683
661,180.96,59.194,1.2514
1260,35.293,1.5084,0.066942
402,116.66,45.678,0.5306
223,6.2464,0.26697,0.011848
1037,863.54,1482.5,280.92
1486,1253,2957.7,577.4
1174,68.573,3.5808,0.062373
1455,1152.5,3342.6,540.2
1111,382.63,215.99,3.1486
1593,2747.2,2486,2970.4
621,17.395,0.74343,0.032993
681,508.82,788.59,121.59
648,158.4,41.718,0.89392
496,13.893,0.59379,0.026352
570,73.495,7.9046,0.47151
518,180.47,48.491,16.244
356,631.91,1232.3,765.94
502,97.724,21.288,0.088985
284,36.946,1.8321,0.47572
314,223.23,544.2,67.268
356,9.9718,0.42619,0.018914
488,61.147,10.069,0.11455
388,114.6,48.692,0.40502
1207,1002.3,924.63,280.9
1728,420.91,120.27,1.3361
1080,865.89,1841.2,286.59
1056,654.29,1428,107.06
717,732.28,839.33,331.46
648,609.71,1226.9,297.2
558,15.63,0.66801,0.029646
430,93.031,21.15,0.39559
1138,224.13,44.055,0.9003
388,17.366,0.59327,0.040918
564,475.13,818.66,162.12
430,47.503,7.3216,0.022845
657,261.91,66.052,25.329
486,361.96,1007,128.69
462,374.75,823.87,146.46
553,135,37.212,0.66953
266,200.73,388.86,60.022
1900,1384.8,1368.8,284.18
1302,364.26,136.75,1.2789
1040,93.029,8.1516,0.16356
507,2403.3,2898.1,2.0112e+05
1050,29.411,1.257,0.055785
580,43.55,3.2346,0.034322
986,880.09,1024.9,364.76
2764,2444.2,1494.5,932.94
379,482.81,301.83,277.18
452,61.494,10.933,0.18657
324,9.0754,0.38788,0.017214
1114,732.23,1260.1,131.6
603,16.89,0.72188,0.032036
464,374.85,465.82,120.39
442,769.04,1321.8,1132.5
697,220.68,98.624,1.0131
338,9.4676,0.40464,0.017957
639,17.899,0.76498,0.033949
425,11.905,0.50879,0.02258
458,378.2,578.75,112.11
692,19.383,0.82843,0.036765
438,12.269,0.52435,0.02327
584,16.358,0.69914,0.031027
1213,87.784,6.2952,0.066162
620,42.674,3.1362,0.03294
516,391.04,867.64,131.63
1223,247.34,53.28,0.73957
604,443.67,722.94,114.83
492,100.38,20.284,0.55959
785,460.73,818.33,54.731
516,428.78,715.27,172.45
397,392.04,528.49,205.84
939,1023.7,1846,629.89
531,168.67,36.842,11.035
498,13.949,0.59618,0.026458
556,62.512,7.6378,0.15418
1814,492.4,170.46,2.2334
781,4764.9,2062.2,45015
591,554.85,1448.2,378.51
728,20.392,0.87153,0.038677
1422,69.909,2.7695,0.075548
891,791.55,1763.4,375.63
755,665.32,607.39,176.43
716,173.24,50.914,0.4424
466,163.95,105.22,1.1257
403,126.16,31.123,7.2983
836,23.417,1.0008,0.044415
822,539.92,931.6,100.28
526,149.59,55.131,0.77999
421,53.531,1.4748,0.69747
510,323.88,870.72,73.154
691,174.02,61.964,0.11512
394,11.036,0.47168,0.020933
204,179.98,232.42,62.105
679,204.17,82.706,1.0996
1305,2750,3009.7,6883.4
843,295.94,168.69,2.8885
362,129.61,86.018,0.98196
1062,329.72,146.35,1.8449
673,578.26,1502,280.43
1024,285.88,100.61,1.659
675,471.53,974,118.47
588,140.1,39.084,0.43566
1060,1018.3,1621.9,421.55
673,681.68,1448.3,410.68
550,414.42,837.71,132.95
682,452.92,792.26,86.518
976,198.71,40.48,1.1168
1304,1120.1,787.06,342
1144,1027.4,1184.5,376.04
1430,1166,1032.2,333.21
956,767.67,1665.8,312
653,55.617,4.657,0.077865
723,707.82,866.21,290.88
380,304.68,692.14,128.28
526,125.9,34.898,0.43763
825,228.97,77.716,1.5224
701,543.89,932.03,155.34
527,14.762,0.6309,0.027999
571,463.17,979.77,189.84
561,437.93,688.09,137.74
650,18.207,0.77815,0.034533
296,125.99,42.314,6.226
288,52.75,13.049,0.50234
1424,1192.7,2732.6,480.89
1008,875.79,2129.1,470.63
748,725.8,1464.6,394.75
838,511.15,297.13,75.282
724,564.14,1182.6,212.64
840,686.08,1705.8,316.6
1066,1227.4,3625.6,1065.8
962,733.62,1635.7,207.06
366,282.03,561.13,81.014
627,81.326,14.077,0.11858
564,374.89,84.804,123.97
173,169.92,314.91,137.84
817,235.68,30.829,20.043
524,149.35,44.865,1.6937
541,127.55,24.611,4.0954
1052,1369.2,187.62,411.11
511,113.87,27.138,0.50931
1392,1561.6,3912.8,1081
1393,1293.6,3618.9,778.92
1082,207.03,39.629,0.87464
809,633.75,1865.8,292.2
1187,900.38,2186.9,316.92
811,903.33,850.79,454.16
718,146.34,18.236,2.7018
842,1023.1,2203.5,1059.2
702,219.12,93.611,1.7122
424,310.63,692.52,99.127
633,209.48,94.859,2.4203
283,36.183,2.5421,0.35066
418,101.13,27.059,0.33179
300,50.043,6.0806,0.61001
257,401.45,82.821,563.37
534,14.958,0.63928,0.028371
623,152.13,50.373,0.11162
1400,331.04,93.834,0.8647
387,10.84,0.4633,0.020561
629,465.55,834.52,131.27
158,4.4257,0.18915,0.0083943
1792,1717.9,3274.5,826.91
713,5677.7,7553.6,2.4222e+05
784,995.04,841.16,619.6
1175,391.16,177.61,4.5651
1344,1531.5,3821.5,1517.9
705,602.97,1425.6,302.99
692,2708.3,2422,1.6757e+05
273,42.576,9.0442,0.21387
345,210.01,483.13,37.843
400,287.96,115.7,68.118
638,552.36,971.15,237.05
254,163.83,302.45,28.894
492,63.451,11.218,0.1179
684,19.159,0.81885,0.03634
303,8.4872,0.36274,0.016098
717,175.5,45.827,1.1188
968,666.57,1065.7,127.17
1056,4763.6,10288,2.6115e+05
991,79.132,6.4168,0.073001
1490,505.86,269.45,4.3453
546,543.54,958.33,321.27
436,317.67,558.94,89.923
722,233.02,102.67,1.7703
444,220.87,49.454,51.391
424,1053.7,1933.3,3096.8
1385,370.91,122.02,1.9586
635,474.11,963.69,120.48
1720,527.01,220.33,3.3614
1298,1099.4,2055.9,441.75
1306,284.79,72.624,0.4984
1942,1842.3,2808.2,934.52
2138,661.35,276,4.949
874,202.94,52.706,0.84909
1214,893.22,1559.8,207.18
1000,1537.1,3766.7,2091
729,4122.6,5233.2,50881
478,13.389,0.57224,0.025395
399,54.145,10.343,0.12406
511,66.772,11.15,0.17919
503,101.58,22.418,0.18462
289,85.075,26.827,0.40369
714,644.83,1398.4,229.94
790,159.84,34.361,0.46242
307,279.36,618.16,166.38
114,70.496,24.591,23.462
337,282.96,312.33,77.147
1607,87.145,3.8636,0.099153
763,628.87,1285.1,243.38
1784,401.86,100.96,1.3386
1292,471.08,51.048,20
526,922.49,1232.1,1378.9
611,414.34,215.73,83.694
608,557.68,1583.6,365.61
250,7.0027,0.29929,0.013282
446,376.14,880.33,186.58
462,514.8,954.51,363.68
305,214.35,371.46,47.545
738,818.86,1696.9,577.69
325,412.89,951.45,297.33
462,353.16,581.35,117.41
522,369.5,661.49,91.57
556,506.75,943.83,235.8
1163,32.576,1.3923,0.061788
815,556.35,967.05,113.27
1657,431.29,129.81,1.7847
1378,1422.3,2727.6,694.48
1976,1607.8,2895.9,567.57
491,118.41,32.967,0.44096
634,537.22,1287.5,254.09
544,26.095,1.1922,0.028902
578,143.8,38.542,1.1372
1073,240.44,62.004,0.61458
524,420.69,897.9,175.42
899,255,90.705,1.6855
520,135.06,40.452,0.83107
428,40.835,4.2682,0.043612
1662,360.43,37.19,27.658
391,20,0.93227,0.020773
926,663.93,1798,225.49
243,195.13,581.44,85.526
462,385.45,1046.5,225.77
463,2430.1,2087.1,1.2299e+05
667,467.64,1251.7,150.31
7756,1982,574.36,14.018
1054,198.92,37.993,0.69015
451,154.25,78.768,1.5634
1206,1059,2977.6,655.9
535,135.75,39.939,0.69591
857,51.222,2.3768,0.054642
560,587.09,1508.6,331.14
392,341.71,907.05,179.31
903,680.02,685.02,155.94
458,128.16,44.511,0.76749
691,229.54,114.21,1.6703
229,13.325,0.67489,0.012166
712,1598.2,4013.1,4530.1
1002,981.6,2134.5,743.35
553,510.62,1257.6,282.79
765,923.33,2877.7,1219.8
527,31.203,1.3734,0.05413
920,1757.9,1617.8,3269.2
820,235.6,87.117,1.4447
623,873.94,2504.4,1028.5
1060,197.68,39.243,0.34099
851,762.09,698.12,246.43
869,809.68,1698.2,378.21
819,454.58,212.44,50.743
732,1938.6,2003.1,3183.8
1093,799.5,1985.2,267.82
646,917.72,2823.4,3712.5
442,201.26,125.99,9.5743
477,249.19,142.82,22.924
254,335.28,240.58,199.72
346,9.6917,0.41422,0.018382
581,155.68,54.387,0.48994
90,2.521,0.10774,0.0047815
2232,1851.8,4452.4,755.06
796,159.37,33.173,0.54911
746,417.59,404.38,29.17
672,589.77,602.75,255.15
1108,1598.9,4331.2,2797.5
1159,1099.9,2358.5,594.72
604,615.29,1548.6,424.68
1060,907.65,1913.9,461.08
660,57.272,4.529,0.119
642,472.37,1227.6,131.17
412,342.89,976.32,133.53
844,740.72,2220.5,397.56
1106,1119.5,2145.8,704.66
523,139.79,47.83,0.48872
600,154.8,48.945,0.58966
810,271.83,145.68,1.534
920,195.43,44.699,0.6797
1096,76.379,5.4269,0.058229
1836,494.69,161.16,2.8327
850,157.86,32.003,0.16979
528,300.8,886.83,57.031
991,1157.6,1025.8,600.18
1161,1283.8,2292,537.8
422,11.82,0.5052,0.02242
1371,455.31,220.65,3.7952
496,334.58,393.42,54.886
536,46.688,4.3297,0.039816
758,595.54,1637.7,281.93
663,222.79,112.47,1.9968
703,205.48,78.457,1.0689
677,625.32,1649.8,420.53
1318,36.918,1.5778,0.070023
886,24.817,1.0607,0.047072
566,31.524,1.292,0.050919
1150,971.17,2357.7,450.11
615,57.497,6.6609,0.032674
624,205.71,91.763,1.8083
592,688.83,2106.2,543.58
755,499.25,707.78,79.496
1230,58.415,2.1246,0.065348
701,52.251,3.5816,0.068144
726,65.416,5.6732,0.12356
456,203.17,109.26,10.59
752,262.18,155.97,2.0718
448,44.426,4.4362,0.090658
288,168.09,106.38,20.277
1252,1058.5,2609.8,507.43
503,235.79,434.18,15.857
803,784.59,2132.1,531.49
740,177.73,50.539,0.54893
832,780.05,97.09,410.57
808,749.48,828.38,328.18
872,2192.9,6258.5,2.4044e+05
615,17.227,0.73625,0.032674
834,71.844,4.7815,0.23626
1228,1537.3,4040.5,2010.2
782,631.23,2113.8,364.55
1098,278.65,85.148,1.16
524,319.14,732.62,56.236
377,37.784,3.6533,0.091625
923,308.86,155.8,2.4474
866,204.84,54.869,0.865
374,215.5,980.48,84.81
432,34.147,2.6193,0.036131
1017,285.4,98.111,1.7959
1412,1831.6,985.46,1296.2
1120,969.47,754.39,323.66
1596,1032,378.22,171.15
1070,817.12,1708.8,294.27
825,148.44,28.619,0.16449
961,725.79,950.42,158.46
585,550.52,712.57,201.32
761,486.53,1351.7,121.28
804,533.33,1278.8,135.84
608,344.86,281,30.076
1242,132.07,15.064,0.29164
1060,247.02,64.481,1.0652
799,52.508,3.0488,0.06008
1122,989.32,2751,630.38
644,474.92,369.01,101.13
981,72.991,5.3011,0.068022
756,526.12,1418.3,157.15
534,383.85,900.41,116.98
986,5211.7,6117.4,40818
1638,859.65,20,151.38
309,8.6553,0.36992,0.016417
1461,1239.5,698.64,383.93
1254,304.1,85.986,1.2194
406,582.76,1582.7,1015.7
892,83.372,7.5884,0.1709
889,151.8,26.595,0.23417
944,26.442,1.1301,0.050153
944,26.442,1.1301,0.050153
756,518.24,539.51,87.111
1044,816.63,2012.8,330.03
1002,28.067,1.1995,0.053235
614,45.021,2.9158,0.067034
478,287.85,246.95,35.235
683,245.36,157.44,1.9705
553,299.68,181.38,27.001
888,5285.9,10479,71448
658,208.77,93.048,1.1602
659,69.882,6.2375,0.29084
1592,1481.2,3894,939.04
3037,2095.4,4210.4,502.1
788,914.04,2099.7,907.74
1846,2010.8,3945.3,1316.5
541,486.88,536.82,185.95
588,175.86,88.457,0.27343
1003,1229.4,856.04,610.72
909,695.75,1863,293.19
715,461.58,532.68,52.527
972,670.8,1716.9,207.57
652,192.87,90.182,0.40565
736,1835.4,1491.6,2281
1080,349,184.45,1.3294
868,627.08,1608.8,207.06
795,224.08,80.326,1.2884
717,207.87,80.7,1.0602
710,612.1,1446.3,331.82
655,199.84,80.377,1.1157
2139,430.47,87.697,1.7479
2708,429.01,66.803,0.79658
938,268.1,93.293,2.221
3058,3431,7607,2372
854,49.904,2.469,0.053423
761,103.5,15.324,0.49736
704,467.72,248.78,103.56
846,486.53,883.32,57.308
1335,316.18,85.548,1.2991
643,394.19,460.14,43.716
607,552.31,1791,390.14
925,225.95,71.436,0.33498
694,52.929,3.4119,0.10459
512,893.82,960.32,967.17
902,569.05,1091.3,91.128
986,61.643,2.9522,0.11431
567,162.62,63.677,0.6555
282,284.73,268.5,118.15
166,132.33,398.89,63.768
820,69.52,5.1975,0.15502
1118,7755.5,17890,2.4648e+05
494,123.72,38.175,0.34343
673,245.02,136.33,3.3284
1951,2649.4,3541.5,1748.6
2910,783.79,277.81,2.7086
648,499.17,955.35,176.77
537,136.06,38.412,0.92653
896,77.497,6.1623,0.15815
968,27.114,1.1588,0.051428
944,931.59,2621.1,720.85
732,181.22,52.299,0.79214
324,24.358,1.6194,0.034366
1040,383.22,243.61,4.3794
625,614.9,1724.7,427.24
662,227.55,127,1.4141
142,156.81,175.65,109.54
162,132.57,150.5,38.528
842,248.57,94.159,1.6193
489,347.3,220.05,66.228
306,841.16,801.61,966.28
292,167.43,81.705,15.202
1180,832.36,1957.7,241.19
5240,1798,1094.7,10.195
573,443.02,1014.6,171.05
755,188.36,53.738,0.79829
898,886.25,932.89,366.32
896,309.59,163.16,3.0009
788,3579,3552,20066
813,47.576,2.5694,0.043193
684,849.81,727.7,393.57
1957,2274.6,4088.5,2078.4
742,266.1,153.6,3.1147
1091,302.95,102.14,1.904
295,8.2631,0.35316,0.015673
1182,1091.2,2592.8,640.61
200,166.38,345.98,58.563
1034,302.37,127.43,0.93571
276,95.41,49.831,0.94811
273,7.6469,0.32682,0.014504
1284,35.966,1.5371,0.068217
4555,1579.3,989.23,10.143
440,35.168,2.3838,0.073071
795,6049.7,12697,1.5716e+05
910,301.38,137.46,3.4819
619,42.091,3.042,0.032886
530,341.08,323.62,43.832
1000,338.05,177.84,2.1634
1292,452.44,265.74,3.5216
1104,1002.3,2691,515.82
757,69.407,6.7603,0.083822
1068,793.39,1990.3,261.47
444,119.81,38.451,0.74009
632,652.83,1660.2,522.22
600,438.92,1321.2,194.28
652,115.74,20,0.32457
1669,1064.7,2208.6,214.92
8222,2410.6,988.11,10.588
528,146.82,51.601,0.76263
774,2654.9,1182.1,18258
1052,375.51,228.29,3.4265
1280,299.67,82.624,0.85613
1013,315.32,138.48,2.1343
652,33.861,1.721,0.03464
500,28.992,1.6813,0.026564
701,557.76,1338.1,217.5
614,67.152,6.1613,0.29996
660,179.4,62.376,0.7455
1406,697.54,227.7,110.67
922,25.826,1.1038,0.048984
789,153.06,29.892,0.62073
673,218.17,96.682,1.9264
559,344.27,757.68,62.779
888,262.04,102.68,1.214
562,288.9,632,27.023
410,124.07,50.139,0.82995
482,36.751,2.7162,0.034853
490,309.56,133.46,35.232
512,998.85,774.17,952.41
362,10.14,0.43337,0.019232
492,29.503,1.2917,0.054822
1930,2439.8,3541.9,1542.3
728,20.392,0.87153,0.038677
580,433.19,1010.4,155
141,159.78,416.83,109.82
613,411.53,810.33,85.924
498,410.23,1252.3,236.85
399,120.87,48.689,0.83087
514,2299.3,1426.8,60506
