904,540.23,813.83,171.8
856,676.04,431.08,493
420,279.13,641.24,124.53
527,188.88,90.898,16.559
426,64.203,4.9856,1.1605
752,268.75,99.834,43.664
910,583.68,443.22,211.39
600,194.45,84.578,22.128
648,350.38,225.58,90.49
858,83.191,8.5533,0.69684
858,156.89,13.778,4.1301
722,143.26,10.211,4.0745
882,331.45,180.95,47.843
1124,743.01,753.22,299.98
746,162.37,20,8.4915
1831,692.74,387.29,95.945
974,777.89,1262.3,516.59
432,90.855,5.7977,2.4832
1232,131.44,20,1.8074
956,349.65,167.37,46.563
704,88.323,10.606,1.3525
652,416.53,844.17,170.21
830,20.049,0.53128,0.1488
961,704.5,759.87,313.86
692,413.73,290.08,145.17
152,2.2,0.097295,0.0011742
403,275.24,213.38,112.19
1334,712.1,273.71,269.92
1168,773.23,742.16,294.99
774,72.728,3.1084,0.86826
570,133.42,13.765,4.4459
802,52.173,2.152,0.33395
806,524.89,725.29,196.91
782,636.74,769.17,394.59
791,255.42,92.578,30.169
649,439.38,470.32,184.2
489,352.05,330.78,155.22
983,586,508.35,172.6
760,102.61,5.9552,1.8021
962,155.63,10.704,3.1559
474,301.14,130.77,166.66
664,517.87,587.68,300.68
723,36.678,0.8391,0.15626
724,227.53,73.35,29.685
792,512.06,476.48,205.12
983,768.26,1117.5,431.3
934,156.37,12.922,2.6642
539,148.52,9.6214,6.931
986,145.04,7.2994,2.7186
685,207.07,20,7.2935
1022,231.71,20,6.7504
730,106.27,6.4213,1.9431
518,309.2,156.87,112.46
775,582.32,745.69,312.44
531,355.72,738.7,169.2
556,8.0472,0.3559,0.02229
898,601.55,625.4,224.9
1511,1093.4,2804.7,667.9
803,158.88,20,3.8598
949,687.5,801.5,302.72
1091,882.65,1274.2,562.34
894,294.73,129.66,34.355
654,58.882,2.6475,0.50841
2260,1434.3,800.11,646.37
742,31.015,1.0755,0.085831
946,244.58,38.013,16.192
824,681.37,668.67,467.79
1011,400.85,217.14,66.15
779,537.14,707.11,222.65
552,429.4,500.37,277.54
867,214.43,20,6.3483
532,7.6999,0.34053,0.0041096
698,171.3,32.475,12.347
748,81.336,3.5971,1.1164
579,9.9911,0.37062,0.0088583
492,159.16,45.183,12.621
862,689,957.78,423.46
863,92.235,5.4998,1.0424
1186,441.24,236.57,60.161
646,195.28,20,8.6902
895,701.64,734.79,454.76
948,211.15,38.479,7.8896
965,666.44,1350.5,334.32
1065,676.76,436.78,246.62
639,137.98,14.286,4.2123
1054,696.99,646.55,262.07
690,423.58,417.43,124.16
1100,666.79,323.07,277.26
873,529.61,418.09,169.42
878,626.09,385.3,407.07
900,536.66,352.87,181.83
459,6.6433,0.29381,0.0035457
608,8.9924,0.38918,0.0075926
940,269.21,84.213,29.551
1198,142.01,24.399,3.1642
1096,664.25,447.76,220.28
1061,599.86,540.31,157.31
1421,128.06,9.9375,1.1103
1514,1179.1,1485.6,641.26
443,6.4117,0.28356,0.0034221
731,11.983,0.46791,0.016831
850,640.08,700.27,334
722,22.008,1.2324,0.015648
1203,779.77,413.36,359.37
1380,942.98,941.86,373.93
641,9.2775,0.4103,0.0049516
625,363.18,536.1,107.99
537,107.78,9.2219,3.0911
870,380.04,192.68,73.105
589,79.852,4.9831,1.3223
1108,212.02,30.948,25.934
330,6,0.21123,0.0025492
846,521.48,475.79,174.04
770,253.45,97.999,34.302
908,372.31,204.97,54.938
174,2.5184,0.11138,0.0013441
1136,364.4,139.13,40.509
1240,17.947,0.79372,0.0095787
1297,45.958,1.3024,0.12733
1096,695.51,1084.6,246.61
1474,958.66,486.48,470.09
1130,841.06,1012.2,412.65
976,624.25,1423.5,269.57
932,708.16,930.01,369.77
942,708.5,984.17,369.89
890,687.07,771.81,385.2
482,6.9762,0.30853,0.0037233
572,50.137,4.5105,0.40497
771,39.18,0.84053,0.20869
604,377.8,356.36,136.47
1132,475.48,254.74,79.35
854,309.89,242.74,33.716
1258,166.89,47.787,1.4302
1178,241.16,21.069,13.557
746,143.53,32.176,6.1235
481,161.55,58.021,20
1060,823.16,1039,422.57
520,24.432,1.2089,0.072359
716,542.58,597.46,269.2
865,12.52,0.55369,0.0066819
525,351.97,320.35,141.79
1025,326.76,118.35,39.277
710,268.01,171.36,28.486
519,9.658,0.342,0.0040091
757,52.561,2.0417,0.42772
588,65.571,2.4594,1.0304
687,398.09,346.11,120.18
780,617.87,784.68,342.39
1006,578.82,409.22,190.22
930,609.22,616.4,215.56
766,11.087,0.49032,0.0059172
1098,184.74,25.665,3.6276
816,534.39,726.95,194.65
822,182.62,26.131,9.4659
870,85.962,13.438,0.71012
1052,629.63,302.48,302.94
896,557.58,535.24,180.82
922,652.33,876.4,295.65
952,122.65,19.653,1.7196
1649,1216.8,1369.7,629.95
354,25.531,1.3255,0.1481
956,764.31,1021.2,468.29
650,329.28,482.26,63.194
746,10.797,0.47751,0.0057627
1398,824.12,712.87,238.47
1712,1415.8,2092.8,909.77
1225,713.68,307.29,313.73
772,550.2,668,245.86
1179,127.03,20,1.6594
952,379.12,301.54,42.318
878,297.98,122.25,36.587
916,15,0.58633,0.0070759
417,29.866,0.78975,0.2206
1168,774.14,404.41,386.86
918,565.61,536.73,184.71
658,9.5235,0.42119,0.0050829
1009,614.98,524.23,206.19
1262,963.64,1198.4,507.62
711,276.98,126.72,48.195
824,172.45,20,4.9419
764,235.37,71.339,31.314
535,316.22,191.19,107.41
785,475.43,463.03,142.71
1359,145.85,11.44,1.8732
755,525.16,590.6,229.96
952,191.85,20,7.7591
1012,288.01,82.639,36.232
881,366.53,371.6,50.831
728,238.6,92.159,30.285
649,546.49,693.29,391.2
656,57.17,3.3634,0.62633
924,580.63,1187.2,227.1
876,93.235,3.9121,1.3113
856,352.61,186.24,66.189
860,182.78,12.89,4.8007
584,123.76,12.463,3.3725
504,39.714,4.1996,0.1618
1026,735.41,861.52,329.69
816,27.342,0.98529,0.051603
428,95.611,11.906,2.8669
1040,46.703,2.4759,0.13832
917,297.82,136.09,33.845
1023,597.01,253.11,245.96
1388,1071.3,1551.9,606.63
1064,310.21,102.88,32.927
745,483.65,1165.7,230.62
247,42.696,5.0829,0.88738
483,375.83,439.02,190.54
776,628.86,902.54,385.23
738,504.4,484.85,225.25
310,52.906,6.273,0.7885
819,497.21,413.93,173.9
779,256.27,147.52,24.318
1104,147.14,26.944,3.421
992,584.68,454.94,181.54
772,95.544,5.0039,1.3977
1150,878,561.25,547.14
284,59.213,2.6823,2.1407
1001,195.49,28.354,23.359
868,701.94,633.12,437.97
948,654.29,989.38,304
600,45.12,1.5202,0.30883
1492,1005.9,577.42,505.67
882,690.6,818.79,381.85
693,85.789,12.741,1.271
650,124.62,15.504,2.4606
1264,980.47,655.76,620
440,6.3683,0.28164,0.0033989
1125,434.19,244,66.175
1011,802.91,983.74,481.89
911,745.78,905.72,474.46
430,56.724,4.8487,0.88035
662,9.5814,0.42375,0.0051138
808,500.37,458.66,169.76
694,133.74,4.9584,4.0561
482,303.98,543.59,114.61
1133,592.79,229.81,207.35
1322,1009.7,1173.4,532.04
809,13,0.51784,0.0062493
676,459.69,543.64,192
623,410.54,389.96,164.74
874,516.73,254.25,215.79
663,406.05,316.28,143.37
1174,933.48,1271.3,509.41
849,614.55,691.76,282.41
388,11.48,0.4894,0.030378
924,13.373,0.59145,0.0071377
849,144.35,12.186,3.404
537,338.18,280.09,111.86
1117,703.36,576.31,247.29
1050,726.2,788.06,288.3
821,91.026,11.411,1.0245
992,244.46,59.782,22.771
366,152.04,63.364,28.148
460,193.16,61.737,49.794
564,312.71,220.1,80.264
774,582.89,384.76,364.95
583,8.438,0.37318,0.02229
642,462.98,483.75,213.24
598,183.11,50.646,37.096
488,62.103,2.1049,0.9146
409,209.35,120.41,54.656
454,25.431,0.9265,0.17253
458,29.587,0.94981,0.19898
396,102.61,20,7.4487
770,436.66,306.41,128.67
663,446.64,450.66,172.22
512,364.02,442.95,156.21
732,47.773,1.9191,0.26803
1444,251.89,30.776,11.91
990,718.96,421.75,438.42
304,125.49,110.76,16.529
2476,1440.6,1277.8,370.35
1063,535.85,209.37,184.25
1162,884.71,1063.4,449.48
588,495.48,768.13,340.87
3069,371.09,20,8.3798
2931,1844.2,1639.8,636.65
774,523.56,765.78,217.38
455,288.71,473.46,103.59
451,42.102,2.745,0.4313
1110,134.42,24.926,2.7353
796,128.37,7.4096,2.9804
1992,459.54,101.75,41.923
545,7.888,0.34885,0.00421
1048,210.15,28.745,11.941
941,642.19,584.47,247.34
685,61.945,4.8196,0.64992
473,6.8459,0.30277,0.00743
731,469.53,403.71,163.55
1023,137.76,7.1769,1.7973
938,13.576,0.60041,0.0072458
1772,1221.7,1355.8,484.17
2286,336.18,20,11.4
2646,1604.3,748.81,733
346,33.186,1.4102,0.39389
1072,171.26,14.387,3.0345
1149,714.01,669.24,237.98
2218,1513.5,899.15,760.48
1030,776.31,943.29,419.41
1706,215.63,17.654,2.79
1882,1077.3,486.02,534.22
669,479.97,543.24,230.19
744,471.72,419.49,176.41
748,248.6,93.452,35.146
623,81.439,5.2853,1.4092
637,101.68,4.9869,2.2124
1064,757.14,470.8,413.15
537,68.858,4.0062,0.92157
676,183.84,41.984,9.633
1624,187.14,15.46,2.662
1590,182.97,29.397,2.8356
456,165.4,85.328,14.152
782,468.22,373.03,154.3
364,236.76,178.11,93.492
568,340.92,304.45,103.53
110,1.5921,0.070411,0.00084972
1000,719.86,769.97,299.7
670,40.757,1.5652,0.24983
514,172.2,67.114,21.67
785,459.83,357.41,140.13
1090,740.49,408.26,424.07
640,383.74,257.85,137.89
678,412.33,659.43,135.18
2028,1167.6,1621.1,332.21
870,95.109,11.653,1.1785
471,322.49,620.36,150.79
808,575.88,668.03,266.73
504,76.781,5.0396,1.4077
708,440.76,689.9,158.51
1454,217.73,20.366,8.1486
598,86.702,9.326,1.1164
792,512.72,485.42,194.08
802,235.14,10.777,12.191
699,432.8,361.86,147.17
810,492.82,906.83,150.86
1820,476.78,92.438,81.63
893,270.41,105.18,30.468
555,41.1,0.95269,0.2281
2652,1587.5,729.39,674.21
2636,785.1,217.31,121.7
768,11.116,0.4916,0.0059326
890,84.556,9.9525,0.73158
610,362.18,153.86,164.9
906,645.63,381.11,433.14
2105,621.29,110.66,20
579,335.65,281.27,95.231
636,75.733,4.8145,0.97806
602,23.432,0.8584,0.059944
829,89.295,1.5837,1.3824
728,483.54,541.99,179.69
1005,107.24,7.8442,1.5338
1699,204.25,19.443,2.7154
894,277.97,20,15.163
959,233.59,42.526,35.511
885,109.82,4.333,1.8473
690,105.72,22.809,2.8316
734,283.29,225.56,35.663
1938,670.41,249.85,95.54
1498,80.741,3.9623,0.33203
1010,555.07,239.37,189.87
786,131.92,10.179,3.1017
1486,1115,1237,590.9
912,693.04,867.27,354.6
501,250.03,138.49,60.717
1150,810.66,807.1,377.43
1855,1058.2,444.53,443.09
2462,1797.5,1180.8,1128.9
980,108.63,4.2782,1.5364
836,584.61,628.45,254.88
986,649.01,645.98,268.29
1130,289.21,68.204,38.365
801,222.21,53.022,31.757
1189,17.209,0.76108,0.0091847
2181,1434.7,1545,536.25
826,231.52,52.541,20
1177,901,592.28,595.75
1388,275.9,24.11,20
911,13.185,0.58313,0.0070373
830,187.87,31.2,5.4614
906,86.426,1.0519,1.3712
845,85.169,6.8538,0.87961
996,759.27,958.29,385.86
746,159.71,10.23,5.3852
852,12.331,0.54536,0.0065815
1065,781.5,399.18,427.93
710,438.74,697.29,143.38
721,453.31,664.4,158.47
1270,537,162.41,153.03
1153,818.67,869.07,374.7
1212,20,0.7758,0.016942
783,140.74,21.472,6.1822
824,328.29,303.13,42.746
779,496.8,428.97,189.88
1602,1130.6,675.77,527.88
910,618.64,311.1,302.92
984,567.02,584.59,151.75
1226,383.03,167.08,32.237
902,191.92,27.372,10.704
1343,760.26,1134,201.39
1492,917.35,1517.6,323.52
1114,697.59,1140.5,247.85
1088,553.12,213.02,180.86
1519,1127,1279,571.33
822,510.97,404.41,187.95
814,447.91,554.18,117.23
1138,335.88,28.749,20
1246,790.99,407.18,354.57
766,492.82,900.97,199.15
756,261.96,184.04,25.26
898,547,778.04,186.06
708,151.07,20,15.445
1127,167.57,38.803,2.2136
1250,269.75,7.5354,10.635
1112,244.76,26.294,20
1004,252.01,56.741,11.082
788,26.151,1.4028,0.034073
1128,287.35,94.103,24.193
589,30.428,2.1837,0.07956
1163,45.18,3.6411,0.019942
352,9.6689,0.30289,0.028202
676,410.4,646.02,130.58
970,444.02,128.71,148.98
978,253.41,20,7.1827
1128,916.47,1013.9,589.34
1458,971.85,476.53,552.28
947,577.05,509.54,187.37
436,189.01,182.45,18.694
1170,737.42,689.21,253.67
252,54.333,23.378,1.3282
683,189.79,46.984,13.409
670,453.71,398.25,172.42
960,214,10.652,7.8959
1261,31.043,1.674,0.0097409
642,118.59,21.047,3.5085
1054,464.07,330.96,77.979
732,10.595,0.46855,0.0743
836,374.6,141.64,115.7
1232,419.99,243.71,38.151
822,531.44,832.92,201.13
750,194.33,20,11.572
88,97.176,52.766,9.6369
640,408.57,633.55,151.73
1433,20.74,0.91726,0.01107
837,403.17,235.48,84.074
1783,1292.6,732.79,812.42
905,606.83,338.88,302.22
1092,866.3,1271.4,528.61
774,536.48,478.96,236.26
698,407.55,466.78,106.11
818,515.43,1028.3,207.34
753,169.73,28.583,8.9098
1334,489.29,424,51.215
704,16.307,0.68112,0.011891
1121,842.91,934.17,433.1
818,396.48,370.56,65.439
962,732.54,901.24,370.58
1168,220.23,36.385,8.5179
1516,868.39,365.3,345.52
682,249.32,124.29,36.033
1108,689.56,1197.5,239.93
959,324.01,201.8,31.566
1357,494.88,255.36,70.392
1014,397.42,180.8,62.373
696,10.074,0.44551,0.0053764
131,42.526,8.9489,1.6665
1056,601.6,1061.7,169.62
961,137.78,15.019,2.6497
1006,288.1,20,29.109
766,48.628,2.3334,0.19554
1468,119.66,2.5468,1.4228
1314,244.41,33.158,29.887
923,174.74,31.313,4.7621
586,103.08,11.639,2.5285
1107,688.01,346.09,315.23
1216,212,5.7673,5.3699
889,267.71,96.296,28.289
1428,738.32,279.36,260.11
608,20,0.38918,0.13509
981,628.85,577.26,225.74
955,76.59,2.9478,0.57638
1098,759.88,398.1,413.53
1162,431.15,96.831,20
632,218.55,118.84,21.48
1670,892.72,391.01,312.01
1328,744.17,324.41,280.48
1074,72.887,1.372,0.59226
990,734.32,419.86,430.66
622,72.082,6.3894,1.0708
1220,164.23,9.8959,2.7642
862,160.47,20.528,8.792
1295,489.14,282.53,62.824
824,457.44,686.64,117.7
1298,339.01,65.76,53.899
576,27.457,1.2265,0.097884
736,512.21,488.58,212.93
1082,319.35,58.582,20
1577,1057.7,586.73,525.41
1114,224.5,20,21.001
1203,675.11,277.44,292.41
958,221.82,20,16.165
912,242.78,13.699,10.386
1650,1167.2,629.25,628.62
897,414.7,146.14,116.77
694,209.96,78.954,17.395
804,489.45,664.57,152.19
666,411.65,792.89,143.74
826,206.64,12.414,8.8615
839,86.896,9.1366,0.95703
1045,718.9,848.36,281.82
728,131.05,5.2933,3.3268
1447,1068.5,1427.6,499.98
966,74.596,1.5611,0.71355
1065,820.98,930.79,449.55
880,184.17,20,7.0906
873,122.83,18.617,2.239
1004,706.15,368.39,369
1164,868.66,1083.5,427.54
1436,492.9,202.49,62.024
986,296,94.344,33.75
156,37.937,4.0224,1.4981
1137,660.82,549.02,178.42
534,282.06,136.88,81.347
962,110.11,16.829,1.2927
1026,122.52,16.899,1.6552
1318,807.12,774.31,259.04
818,202.01,43.116,9.2545
1152,703.68,879,219.5
1024,142.58,19.704,2.6447
1598,955.16,445.99,417.92
1524,1221.7,875.15,852.71
1134,266.76,50.582,34.899
705,540.66,670.89,299.99
1177,888.37,1159.6,452.17
1075,402.81,265.12,43.472
1424,856.04,656.26,274.04
1519,943.43,837.82,313.74
646,13.517,0.46146,0.021483
607,8.7854,0.38854,0.0046889
1184,729.15,1340,256.07
944,100.13,11.307,0.98017
640,201.77,57.94,13.757
1430,1034.1,644.57,578.38
1072,139.18,31.974,1.4663
1024,670.57,635.44,259.52
626,138.36,4.4683,5.106
946,223.18,6.9374,8.599
627,358.27,147.02,157.81
1040,802.02,891.46,431.12
467,53.179,3.1392,0.64303
942,549.42,455.56,155.69
1062,795.09,509.09,458.89
1143,655.34,315.06,261.36
1049,658.38,525.98,224.25
1217,776,682.02,281.51
586,126.58,9.5274,3.9919
1198,667.48,501.74,168.18
1256,144.82,5.5095,2.0125
938,216.88,8.0736,7.8338
1052,283.03,59.333,40.466
1066,626.02,1095.5,212.24
810,168.31,30.932,7.36
982,102.54,4.6056,1.1793
804,91.716,2.5158,1.464
838,31.748,1.5318,0.058346
420,6.0788,0.26884,0.0032444
1370,237.07,68.056,5.241
1190,702.04,328.52,281.35
501,128.51,26.871,5.794
875,198.38,20,6.2849
1124,621.42,406.42,173.13
668,92.345,5.8434,1.2774
1622,126.04,2.8563,1.476
746,364.42,385.14,61.94
818,103.82,7.4643,1.6941
668,388.32,673.07,111.91
719,444.53,204.53,218.36
972,770.06,503.78,513.66
776,95.528,17.421,0.94793
812,248.38,100.07,26.067
658,127.41,22.419,2.6838
1270,872.25,906.29,359.98
1920,984.41,404.24,321.11
920,168.48,17.838,4.4186
978,14.155,0.62602,0.0075548
758,529.19,569.67,245.5
538,355.56,511.35,129.6
1102,715.71,364.05,328.74
1310,740.87,445.89,213.68
3144,1950.6,931.58,875.56
1331,894.72,2050.8,434.12
568,137.36,20,8.0695
1046,914.78,750.6,851.67
1100,430.4,135.19,103.64
864,595.31,697.73,264.22
638,488.75,619.47,254.83
883,694.6,891.99,426.43
304,27.844,2.6933,0.18808
426,117.76,25.402,4.541
1575,998.13,882.83,347.45
868,170.67,18.068,4.0374
970,506.16,329.9,127.51
1379,517.64,282.85,75.153
794,224.16,72.638,20
3894,2884,3857.5,1407.1
1955,253.89,21.958,20
1083,280.61,20,9.5769
1050,437.78,265.89,76.197
872,301.14,92.663,52.476
976,156.4,50.361,2.8792
863,626.91,771.66,318.47
932,202.85,20,7.2625
754,482.72,897.74,205.74
1200,967.76,741.07,678.13
1181,147.73,20,2.697
893,64.973,3.2092,0.2988
586,24.677,1.78,0.043236
2722,1131.5,683.76,202.3
1160,430.9,258.06,55.683
1258,219.78,23.118,20
1768,1313.9,3243.8,851.16
1054,186.93,25.75,8.6494
923,653.59,814.66,295.9
512,333.47,634.41,141.1
565,9,0.36166,0.0043645
968,405.1,476.84,60.797
1196,768.92,421.82,338.29
779,327.14,161.3,58.638
986,584.85,413.15,207.36
2002,1086.8,740.27,269.2
1003,378.14,327.03,43.352
1287,813.07,1303.9,281.83
1818,1004.9,349.47,462.83
2148,1593.7,2228.1,812.03
1840,417.16,20,16.876
2139,202.41,20,4.6636
1032,440.05,235.1,94.344
934,96.346,5.6873,1.2709
966,578.62,1173.5,211.56
1025,491.64,290.02,114.5
1482,891.2,1479.8,279.69
757,325.38,101.9,85.835
633,137.77,20,5.81
1247,842.51,1432.9,337.13
1065,230.65,29.454,12.23
1141,378.4,145.06,48.861
1120,643.98,1013.4,181.23
2600,365.69,27.4,20
1286,792.82,1286,281.03
2782,1927.4,2300.8,790.98
789,612.04,849.67,346.05
601,136.76,26.347,4.7896
1299,1069.4,1748.9,693.07
1246,976.77,1358.6,563
701,151.75,13.925,4.8897
1274,216.63,20,5.9357
587,98.45,11.713,1.8942
1310,18.96,0.83853,0.010119
580,401.79,421.41,165.01
1149,668.37,518.49,194.7
797,150.78,26.076,4.3703
1150,847.07,1011.2,421.99
1065,706.28,684.96,271.67
1302,29.495,0.83341,0.023259
1590,715.48,222.46,211.83
788,148.2,19.01,3.2825
785,14,0.50248,0.0060639
1865,1054.7,1543.3,285.36
1112,491.58,363.97,93.044
1091,179.89,20,5.0787
683,265.77,105.84,49.539
1200,1041.4,1748.1,799.25
779,544.68,592.39,255.92
1232,954.33,1386.6,534.45
629,135.47,13.854,4.0908
926,265.19,20,8.5268
1174,723.04,353.14,294.66
1257,393.83,147.41,42.461
586,348.69,279.95,119.74
1390,560.93,488.74,66.706
1431,1077.2,1353,534.04
1585,28.158,1.0146,0.03648
1028,864.5,1236.4,562.94
906,13.113,0.57993,0.0069986
1124,279.58,67.656,25.538
807,616.12,861.52,369.98
358,15.689,1.2886,0.022497
714,74.789,6.7377,0.69904
480,110.73,13.567,3.0791
600,201.64,109.32,11.904
1016,541.89,636.15,122.11
890,536,718.33,163.55
1669,1083,1031.5,409.71
1041,630.17,471.71,205.72
1252,280.56,60.952,11.274
2040,1665.5,1143.3,966.49
1854,689.44,213.91,138.78
502,11.495,0.505,0.0038778
973,714.92,1845.9,480.92
1090,735.35,424.03,320.7
1018,260.93,30.619,20
963,13.938,0.61642,0.02229
1342,545.71,165.91,154.27
1028,828.17,851.33,528.53
614,8.8867,0.39302,0.004743
968,20,0.7974,0.0074776
847,18.303,0.67512,0.022186
867,602.19,679.09,246.02
1370,174.66,8.9037,2.7488
1916,1365.1,865.53,670.8
1732,25.068,1.1087,0.013379
1367,195.74,20,5.2925
1172,332.33,93.283,17.322
1278,143.04,17.691,1.4939
817,11.825,0.52296,0.0063111
904,13.084,0.57865,0.0069832
1273,1048.4,1693.8,666.75
850,627,746.97,340.81
703,173.87,20,10.538
948,184.65,22.551,7.7991
862,662.09,1029.1,367.09
866,172.38,28.535,8.788
1067,636.81,528.68,200.68
983,357.16,150.91,57.448
979,286.78,21.534,20
1095,238.1,10.39,8.1487
1034,17,0.66186,0.0079874
891,186.92,33.542,6.4616
1098,365.62,110.77,20
807,155.09,29.315,5.8207
741,109.88,12.263,2.2075
820,656.55,866.71,401.57
859,678.49,1396.5,454.95
872,560.98,1680.1,295.91
849,638.76,1711.8,459.61
1917,1291.1,763.71,679.39
566,8.9675,0.3623,0.032533
752,289.34,212.84,37.33
623,150.76,26.683,20
378,7.7005,0.29951,0.00292
715,219.96,75.76,26.847
1431,790.37,903.41,193.37
935,592.3,530.88,220.81
1093,672.38,472.58,255.16
1721,1101.7,560.03,431.5
1397,1024.2,614.39,575.07
1166,847.23,1064.3,375.25
915,28.787,1.5033,0.032301
1658,1234.1,798.89,770.33
1025,154.65,10.814,2.9432
1142,240.12,5.4099,7.7715
1022,276.58,74.603,29.73
1245,902,937.38,446.31
1065,470.9,272.22,89.885
916,230.24,26.792,20
671,15.386,0.58999,0.023543
689,133.76,53.518,2.6908
1021,285.91,78.227,36.227
554,370.3,307.11,160.59
1183,703.6,570.58,211.59
896,12.968,0.57353,0.05201
944,182.45,13.498,5.1593
467,137.81,46.1,7.4231
1308,704.86,972.54,162.11
1340,937.31,905.01,423
1127,411.03,190.36,49.428
1206,1069.3,1393.2,751.45
665,193.87,57.864,22.449
1049,173.34,9.4144,3.8173
830,664.81,1042.2,399.67
1006,346.94,106.48,66.567
1218,866.12,1157.9,403.74
922,535.49,856.04,159.81
1250,348.45,106.56,36.777
739,79.088,4.7204,0.76915
742,436.12,508.78,121.3
2142,1079.2,408.33,349.67
1458,1060.5,1518.5,538.79
1409,918.42,1686.7,358.37
1840,291.18,8.1435,6.6616
1000,390.44,109.07,106.23
1416,1192.7,2085.1,882.93
1002,346.34,83.215,85.88
967,752.28,1818.6,500.8
580,310.11,116.93,99.633
1038,161.37,20,4.7885
1168,749.63,1273.9,269.18
686,462.52,283.75,190.36
835,38.355,2.3637,0.094321
1062,503.39,318.83,104.15
663,11.991,0.42439,0.0092843
850,171.3,20,6.2073
830,556.29,298.09,290.39
745,42.606,1.9969,0.17615
714,90.35,20,0.71456
894,401.28,146.84,100.92
589,361.05,263.62,118.95
2245,36.827,1.437,0.042105
1434,312.11,20,15.754
1570,310.01,87.094,11.049
1112,187.85,9.6243,4.8563
708,167.5,20,6.6796
1004,199.77,75.328,3.7792
788,161.13,18.038,4.6187
841,153.83,52.105,3.8498
729,120.24,37.286,1.8628
1509,349.94,22.162,20
2054,1236.6,2330.2,425.9
594,94.963,8.8144,1.6414
931,691.56,879.15,330.99
940,378.53,171.7,67.599
1079,795.45,765.49,389.8
947,36.268,1.9708,0.078642
2040,1516.2,1016.2,834.41
1182,224.73,81.765,4.8802
850,165.64,55.51,3.7013
709,28.443,0.81099,0.061782
1022,439.79,265.73,75.109
952,266.69,74.137,31.207
1124,816.77,1092.4,399.52
872,679.2,930.46,390.25
899,31.151,1.5921,0.035577
833,121.69,11.276,1.8748
610,48.941,2.3592,0.41187
882,83.627,1.2198,1.3142
1202,300.36,60.62,44.641
1882,154.58,11.623,0.88547
1280,23.434,0.87481,0.0098877
1426,212.1,48.658,4.7341
2596,2176.4,3855,1501.6
1406,340.2,66.704,45.214
1166,907.2,1327,544.8
980,167.22,25.714,3.4162
904,378.7,448.08,56.774
796,341.92,195.78,60.199
722,23.841,1.2137,0.033902
992,699.42,881.13,313.44
1025,828.16,1440.3,540.45
822,18.282,0.69488,0.022835
1176,510.87,351.29,90.318
699,115.88,10.968,2.6381
570,368.93,311.66,134.9
884,657.38,743.47,338.23
1046,810.72,1289.1,448.02
811,536.49,600.58,201.04
648,209.07,57.516,10.269
946,128.24,24.416,3.3404
578,14.349,0.63872,0.012744
898,400.24,281.78,78.708
848,177.47,20,5.1568
1278,896.85,711.92,381.87
1013,268,63.207,11.001
985,17.981,0.6305,0.018743
1464,194.26,18.534,3.3378
916,672.98,694.02,339.44
1236,842.95,864.84,339.25
544,40.005,4.7303,0.22651
556,232.57,174.51,36.505
828,724.52,948.8,495.01
647,441.78,459.28,157.38
991,416.98,283.03,66.097
765,11.072,0.48968,0.0059094
450,8,0.28804,0.0034761
697,158.02,20,9.3109
689,58.517,4.0583,0.43599
989,449.72,265.75,85.436
576,185.28,40.2,12.88
881,674.76,934.64,363.3
976,732.57,885.59,388.39
642,218.33,20,15.363
762,197.21,31.393,14.083
1155,182.08,41.141,5.3413
984,702.83,966.12,313.13
572,440.19,650.59,250.86
1314,923.32,570.8,546.13
865,634.71,814.51,317.17
506,119.71,20,7.0439
1133,536.63,318.58,119.14
1149,205.05,22.958,13.742
460,23.408,1.2158,0.052247
852,112,5.315,1.7545
768,53.669,1.798,0.32287
655,9.4801,0.41927,0.0050597
749,167.35,22.995,9.176
558,388.59,231.65,195.19
821,197.46,37.572,12.1
829,237.41,20,17.054
618,12.542,0.44757,0.010418
931,81.691,2.5802,0.90089
845,577.94,598.32,245.77
754,516.68,559.16,210.36
483,82.027,5.6181,1.8308
946,13.692,0.60553,0.0073076
1186,287.95,66.486,30.163
1177,549.92,312.56,130
628,183.62,34.391,13.359
752,144.85,14.868,3.9553
558,245.19,188.97,47.371
696,501.62,537.77,234.57
885,796.88,1151.8,662.38
331,14.935,0.99511,0.069491
750,336.17,275.14,53.843
1054,163.53,10.265,3.5841
684,39.559,1.2755,0.089068
915,342.4,202.19,47.257
882,741.77,1077.3,474.91
980,423.65,457.62,64.135
826,593.9,771.7,298.24
988,794.23,1000.2,495.21
920,125.67,24.1,2.6647
1021,713.61,806.67,314.31
887,587.58,701.25,240.09
722,10.45,0.46215,0.05201
714,19.054,0.93187,0.0137
1667,257.34,59.58,7.2909
1733,1230.9,1254.5,595.79
431,75.801,13.575,1.9863
727,468.07,943.05,204.92
956,273.1,56.175,19.064
960,848.6,1393.9,686.12
660,482.14,557.16,225.76
766,549.06,675.79,272.3
648,9.3788,0.41478,0.0050056
800,11.985,0.51208,0.015381
545,33.609,1.36,0.12663
1132,771.59,911.96,332.42
742,224.3,20,8.2246
897,101.64,6.6641,1.2798
1014,149.13,34.596,3.9259
856,631.01,758.67,311.82
1442,1069.4,1166.7,517.02
618,265.67,143.79,45.461
694,258.58,12.326,18.745
784,340.68,186.87,58.891
995,120.37,7.7813,1.7388
953,699.8,780.03,352.84
4168,3014.2,3338.7,1461.2
442,33.665,1.9597,0.31279
704,546.2,808.48,337.75
868,383.88,220.27,71.743
798,585.28,351.81,368.98
998,781.42,1122.4,418.83
654,159.66,30.958,8.2714
1098,213.37,20,7.5817
1482,233.74,20,7.0439
858,50.211,1.9359,0.24033
1787,1429.5,1848,845.94
1166,239.09,35.423,20
643,502.04,507.96,284.58
1916,453.42,101.77,46.164
730,169.03,20,9.9845
764,645.7,961.46,492.87
713,517.2,321.28,270.72
1062,832.57,1002.8,472.47
610,132.93,22.427,8.0543
1098,814.19,915.79,429.39
756,595.58,816.59,342.14
874,699.9,1289.2,468.24
760,593.63,680.43,295.12
2440,2102.3,3830.4,1623.2
936,447.91,342.99,98.755
2838,1293.6,910.58,268.86
1676,1391.6,2121.2,936.91
603,250.62,142.07,41.392
924,428.12,376.37,85.152
503,40.03,2.7789,0.24513
709,190.88,26.224,14.097
724,10.479,0.46343,0.0055927
744,83.239,4.1123,0.91895
706,490.78,848.31,232.67
813,11.767,0.5204,0.0062802
780,11.289,0.49928,0.0060253
708,222.56,45.062,16.299
988,856.59,1440.4,669.83
818,144.41,52.885,2.8094
1431,631.93,370.08,114.71
1006,750.08,800.25,388.88
1983,1609.2,2407.2,1080.6
1350,995.29,1495.8,511.69
1454,1228.4,1652.1,862.23
460,83.145,5.9793,2.0413
963,543.59,379.69,144.89
1441,1056.3,1285.2,532.47
996,679.35,636.8,278.72
1037,433.56,224.37,79.842
1020,868.51,1441.2,589.23
1016,824.05,1389.2,581.66
718,124.03,20,2.6603
934,199.4,30.604,9.206
628,509.06,555.67,327.9
803,174.18,11.959,5.3449
794,249.47,55.433,20
1517,1263.7,1858.5,837.28
582,63.213,4.1918,0.66908
972,180.48,21.839,6.7675
2604,2129.2,3666.7,1532.1
1220,878.41,1594.5,442.44
1589,168.65,28.673,2.0704
1208,469.09,139.88,113.43
863,724.15,1284.6,523.8
851,398.38,299.4,86.513
801,78.469,12.783,0.55319
962,660.14,633.09,291.68
786,158.4,20,5.1727
840,223.19,36.135,10.639
674,452.33,985.48,212.22
906,708.58,950.09,397.08
902,612.46,821.1,248.88
380,264.77,394.4,115.89
805,392.93,370.49,71.414
418,93.815,11.549,2.4195
535,231.3,209.76,35.954
2460,1718.6,1733.3,742.39
1202,381.09,130.52,46.223
748,342.56,217.99,61.596
579,221.06,89.816,38.808
1698,1193.6,1388.8,536.6
1067,945.67,1837.3,764.36
822,212.15,46.957,7.9493
1215,850.05,1060.8,365.62
908,749.52,1145.4,503.42
967,580.56,1051.5,200.64
819,335.56,267.31,47.114
920,756.67,1318.1,472.46
953,656.1,695.89,287.68
1107,944.42,1533.4,679.71
1022,872.7,1508.1,661.04
1028,434,293.29,75.421
1514,1111.4,1453,571.29
1476,1070.8,1334.6,494.58
1565,267.53,68.802,7.3714
653,9.4511,0.41798,0.0050443
894,24.647,1.0134,0.014153
1168,157.56,32.478,3.4626
835,242.77,43.815,20
943,774.12,1303.5,509.07
1098,129.99,23.716,2.3702
954,744.38,1092.7,393.34
840,636.49,885.67,345.81
760,509.27,314.04,219.47
945,761.76,1022.2,459.33
940,720.29,1025.2,379.99
796,111.67,29.65,1.3684
734,175.31,33.361,5.8854
923,734.94,1216.1,463.53
993,777.42,835.96,493.14
777,11.246,0.49736,0.0060021
1120,929.93,1438.9,626.99
1672,756.24,394.01,158.35
846,702.64,1468.4,544.04
1272,941.87,1246.5,484.27
850,745.52,973.59,561.91
1046,714.55,814.8,278.44
1571,152.51,19.804,1.2459
1016,225.5,48.541,20.167
1046,880.81,1290.7,600.01
678,170.61,23.124,11.11
976,637.8,749.42,251.6
847,115.25,22.507,2.375
665,187.12,51.195,11.989
1012,622.75,1255.3,242.29
666,9.6393,0.42631,0.0051447
834,164.71,22.503,6.6912
1540,46.963,2.466,0.03131
1528,1347,2456.1,1135.9
631,288.17,196.4,56.734
1490,696.17,432.77,135.76
912,157.7,20.974,4.5271
915,560.44,1068.3,201.55
804,50.003,2.0574,0.19156
1008,717.45,809.7,315.69
604,83.483,5.5884,1.3481
596,132.37,20,4.9025
540,156.03,14.868,7.4164
535,449.92,680.05,327.24
907,698.85,1043.6,388.82
820,545.75,302.12,265.47
979,763.92,1061.2,502.32
684,16.288,0.7002,0.012224
838,585.76,536.98,226.78
1186,315.59,87.537,31.281
468,256.91,217.92,72.706
810,612.39,391.83,340.76
612,206.18,52.01,18.678
788,19.139,0.84812,0.012469
765,343.07,235.72,68.834
386,116.68,20,6.0521
805,351.47,266.4,59.62
975,438.98,315.26,88.985
382,259.47,474.36,114.72
482,365.79,970.71,278.16
556,10.614,0.38592,0.004295
521,62.233,6.1467,0.85848
755,237.91,87.448,25.721
387,317.72,525.06,201.03
846,410.32,360.11,81.169
514,383.02,410.85,196.24
409,166.16,67.195,27.946
284,207.69,254.02,106.62
296,240.17,298.24,155.78
678,9.813,0.43399,0.0052374
854,73.444,3.1611,0.52978
490,121.19,20,8.3798
389,198.92,135.33,48.826
371,218.62,173.27,61.105
104,10.682,2.2652,0.052728
602,478.01,738.41,306.53
397,353.42,644.61,304.36
569,405.38,523.73,193.84
414,293.09,348.69,139.56
526,113.74,5.1661,3.4411
522,387.12,580.62,203.3
437,134,25.923,12.278
502,387.06,632,213.74
481,213.86,302.33,39.029
858,782.31,1672.3,713.8
888,216.23,51.015,20
667,193.9,36.33,14.327
580,510.5,443.22,421.11
514,373.36,456.55,176
822,618.54,688.7,349.98
350,228.61,244.89,80.474
456,213.31,154.75,44.186
637,101.42,22.823,2.7789
306,200.21,468.95,86.32
840,399.82,304.42,94.317
602,93.898,19.493,1.7616
928,711.24,839.49,388.72
842,692.21,846.09,435.53
484,98.845,7.8819,2.7258
558,225.29,84.588,53.059
540,80.501,20,1.9132
484,100.31,16.759,2.5534
496,123.54,23.802,7.16
810,599.36,671.79,311.48
370,38.682,2.3057,0.37569
330,137.12,61.092,20.051
339,252.12,262.42,125.61
751,671.5,663.88,601.31
332,9.5984,0.37193,0.029683
474,90.016,10.47,1.7548
788,362.39,212.14,71.769
592,497.15,888.98,351.35
530,201.28,46.064,20.275
391,277.02,726.56,162.58
332,64.123,7.4542,2.0822
410,80.657,6.8693,2.6257
523,386.72,519.1,190.55
190,58.739,4.5453,3.1741
1340,1188.2,2446.1,1108.9
374,267.57,248.5,129.65
915,690.24,765.28,333.04
347,248.35,293.32,125.65
626,493.57,737.56,325.83
1218,804.6,728.42,312.66
477,219.48,177.58,42.754
776,142.16,17.844,2.7273
610,326.09,315.36,77.936
692,463.33,926.59,224.45
388,56.852,2.6929,1.0531
1356,605.69,553.29,82.777
464,329.28,422.57,145.72
492,314.75,293.93,109.69
542,143.78,24.377,11.44
839,646.52,940.36,378.97
494,231.78,280.24,48.654
310,64.84,7.688,2.1475
447,71.607,5.8881,1.4802
356,12.328,0.63642,0.035554
412,317.28,350.99,192.52
488,7.063,0.31237,0.0037697
436,329.46,474.94,182.32
456,242.86,265.26,54.135
1234,805.14,1950.9,389.2
740,601.83,1031.3,400.39
611,497.02,741.51,323.22
732,12,0.46855,0.0056545
526,139.61,20,5.9953
520,109.2,8.4909,3.6654
799,696.86,1481.1,582.94
597,267.14,338.82,49.848
1089,151.4,31.938,2.5693
744,228.24,50.741,20
864,725.89,1110.2,505.48
710,564.86,733.99,347.97
463,351.51,477.18,205
567,439.95,578.96,250.15
454,154.62,47.569,34.442
509,406.04,592.28,246.52
414,57.435,2.0397,1.2107
735,331.12,233.48,62.442
394,175.8,102.5,32.067
957,31.665,1.277,0.033971
340,349.02,330.15,370.99
705,469.02,476.84,177.59
528,218.89,153.9,34.477
838,393.23,260.45,75.64
627,133.95,14.527,3.9481
614,264.86,183.93,47.833
723,222.53,49.777,18.96
528,230.29,137.87,44.78
310,253.87,365.73,171.53
404,7.7191,0.28092,0.0031208
819,660.23,942.26,403.9
390,336.24,427.81,246.08
499,367.68,452.29,173.24
348,242.22,610.17,132.92
595,10.981,0.38086,0.018948
754,630.61,980.64,434.49
770,115.48,25.633,2.1557
655,148.5,20,8.3798
553,179.83,38.847,20.2
633,566.59,1018.3,517.85
614,447.02,572.66,213.78
526,58.217,2.8477,0.56817
345,47.541,2.5325,0.84888
667,480.18,653.6,233.94
668,532.33,395.43,299.45
360,188.87,196.69,42.014
753,574.93,687.57,286.91
598,80.351,6.1735,1.3106
612,442.87,550.59,214.72
1638,1376.2,1037.7,920.86
468,382.64,641.61,251.83
286,178.15,167.14,58.838
412,143.32,44.111,20
504,7.2946,0.32261,0.0038933
529,379.55,545.91,201.11
1240,171.89,33.629,3.5581
480,175.56,58.479,20.278
402,35.561,1.6257,0.27247
576,268.48,147.34,58.623
565,170.79,20,7.7591
511,46.159,0.49803,0.55645
514,446.03,794.21,361.72
595,496.21,1005.4,378.88
1176,85.679,2.4101,0.63582
769,625.2,1255.1,470.78
602,510.37,758.78,355.57
403,8.6726,0.3164,0.011047
493,74.464,13.047,1.5508
338,31.416,5.9787,0.14314
563,429.3,498.89,218.42
909,766.71,1441.6,549.03
546,395.49,1025,249.13
289,12.058,0.92019,0.021419
710,175.6,20,8.6338
348,25.62,0.94709,0.18896
700,590.03,1031.7,449.14
403,117.16,13.892,5.3728
646,196.62,58.175,20
615,566.52,1220.6,543.82
702,164.32,22.369,10.934
539,385.19,601.52,186.36
550,417.74,526.24,214.45
485,135.33,20,7.1622
237,212.93,373.17,162.35
980,418.22,225.88,67.475
993,245.6,20,5.4596
846,749.01,650.84,591.3
377,257.48,225.93,99.572
470,68.064,6.6537,1.1895
742,285.44,188.76,39.101
802,353.71,222.09,67.922
628,320.38,249.4,81.972
848,702.98,1185.3,486.84
1074,786.08,1076.1,380.24
896,626.08,703.72,274.05
416,147.95,56.866,21.179
330,22.116,1.1085,0.13762
666,499.68,642.55,263.45
289,205.33,266.37,96.289
697,610.22,778.75,446.74
225,43.926,5.7406,0.80176
497,141.3,26.126,11.384
475,84.897,6.5695,1.835
452,76.329,5.276,1.8205
562,16.105,0.8953,0.0043413
509,460.3,538.48,453.1
738,626.5,1020.3,440.59
435,71.806,19.112,1.8643
777,602.25,840.45,338.21
492,372.39,517.46,186.89
818,751.32,1186.7,656.34
738,515.78,1206.1,284.51
500,20,1.6173,0.0038624
640,496.69,730.25,303.58
1072,290.66,108.13,20.322
530,446.84,709.66,283.92
1654,1193.8,1456.4,572.44
668,180.19,36.188,9.2776
290,126.58,74.602,27.112
430,405.52,658.62,366.49
352,278.89,375.67,163.5
856,210.52,43.843,15.782
748,186.28,8.6961,7.1593
562,52.956,3.4635,0.58047
366,37.388,2.6283,0.36708
731,621.1,991.56,447.51
380,281.62,324.16,140
627,153.69,32.884,6.0398
720,114.31,7.0026,2.282
618,167.55,40.858,10.021
850,247.24,76.977,28.669
587,95.212,21.463,2.6645
794,646.1,915.24,391
664,331.99,181.94,87.524
620,510.83,805.56,349.79
580,129.5,11.9,4.2409
791,182.31,33.038,10.412
309,150.48,78.761,20
546,428.3,565.12,244.03
642,318.5,203.32,75.894
784,434.57,324.96,123.78
868,755.69,651.21,655.2
672,49.863,2.7273,0.38091
355,232.7,478.26,97.585
467,141.17,20,15.363
626,524.34,403.32,413.22
298,212.61,584.8,129.65
858,766.55,1502.4,630.62
1022,438.36,234.91,80.148
1814,1574.3,1486.5,1283.1
760,96.24,7.4472,1.4301
399,34.898,3.6971,0.2694
641,61.417,2.4652,0.7378
524,188.36,50.207,18.822
324,244.12,409.87,129.19
371,106.74,24.322,7.0893
928,389.13,220.4,59.412
594,512.23,982.6,422.32
356,167.72,117.76,34.343
205,32.682,4.6879,0.65473
1103,778.59,2658.1,554.42
1384,1006.1,651.97,590.38
623,402.1,1030.8,189.52
979,225.57,26.677,12.064
344,284.41,559.16,217.73
679,571.72,999.65,437.86
496,175.67,59.884,20
608,490.19,788.27,336.9
744,591.24,864.6,365.11
798,552.73,611.02,243.57
420,128.51,25.867,8.9533
1490,1151.2,1794.8,689.74
234,111.46,69.156,11.003
211,3.8766,0.13506,0.0016299
390,55.868,3.1592,1.1031
736,229.88,51.662,61.25
378,6,0.24196,0.00292
297,5,0.19011,0.0022943
668,310.72,229.1,70.202
609,406.08,1188.7,226.6
423,297.55,325.77,132.52
408,72.788,20,2.3812
911,781.69,1315.2,573.51
784,344.22,192.05,61.758
431,282.61,461.53,110.41
423,135.55,38.279,27.8
328,56.915,4.1457,1.2471
384,5.5578,0.2458,0.0029663
289,110.72,45.064,13.374
472,414.13,877.19,356.72
400,32.947,1.5138,0.33827
565,328.98,301.76,100.13
528,77.653,16.758,1.359
342,82.323,11.502,2.7185
1093,143.31,20,4.3077
525,59,3.3046,0.80768
766,335.21,280.68,59.757
706,362.28,414.01,81.662
857,96.561,7.8688,1.3882
476,404.23,508.79,291.65
823,715.69,1153.9,564.71
878,629.24,758.66,286.97
388,273.78,259.36,124.97
708,456.75,744.58,173.21
690,547.29,810.49,339.18
723,151.31,20,6.3386
426,331.96,443.96,190.01
504,396.95,709.25,282.21
662,138.73,12.325,3.873
865,617.86,803.39,283.45
554,243.93,189.36,44.529
476,349.63,757.29,263.19
522,49.555,2.6171,0.48734
790,195.39,20,7.618
1325,1122.5,1706.5,757.61
4302,2070.6,1289.7,467.22
975,132.77,27.529,2.5166
645,469.56,660.93,204.05
988,714.26,451.73,433.47
440,44.047,2.2078,0.5139
821,120.74,20,2.5668
405,39.521,3.0488,0.40076
838,404.19,244.66,85.176
346,252.3,774.59,181.18
2107,985.4,801.92,208.39
480,36.568,2.5202,0.27376
1234,891.51,588.19,511.07
1149,1009.5,1408,748.68
740,352.16,235.27,74.023
1042,784.34,527.06,484.95
970,633.41,1237.3,251.41
1013,896.01,1836.9,752.39
488,8,0.31237,0.0037697
529,11.548,0.44129,0.011206
740,331.86,204.4,56.172
504,118.29,31.487,4.8193
504,380.31,1023.4,259.15
468,315.52,365.51,121.13
461,27.083,1.1877,0.15079
694,318.42,275.74,51.818
213,84.406,5.0979,6.1028
184,97.916,121.27,15.571
910,388.31,202.33,71.85
986,794.27,1049.6,487.96
589,534.31,993.63,496.89
432,299.06,287.53,120.83
1664,533.44,167.32,67.802
527,123.21,18.477,4.5609
747,337,337.45,54.193
1752,770.85,415.62,143.2
878,251.44,20,14.26
1206,176.74,5.6559,3.6863
630,517.49,923.87,342.82
762,221.4,64.078,26.102
529,164.88,44.679,20
652,509.93,664.06,310.76
744,334.87,256.43,64.696
488,385.62,294.81,249.48
512,7.4104,0.32773,0.0039551
742,587.16,440.65,425.32
453,194.05,267.67,33.205
679,454.02,512.44,161.68
377,308.34,556.15,201.53
3409,396.43,51.934,13.313
549,393.81,428.45,183.75
1121,848.74,1032.5,460.19
593,110.17,15.706,3.052
704,486.12,269.04,260.54
791,667.81,1055.1,475.88
448,8.6795,0.32045,0.0034607
517,378.28,641.41,200.2
1042,957.94,957.98,831.09
652,544.02,1005.9,396.64
650,561.78,889.5,440.13
879,12.722,0.56265,0.0067901
1033,894.97,1363,683.15
416,75.965,4.6984,1.8748
420,71.559,13.777,1.7493
602,399.87,854.53,182.77
1673,936.45,711.86,273.55
764,130.69,9.7455,2.9856
1502,1051.9,657.68,551.48
687,11,0.43975,0.0053069
290,213.39,233.95,121.26
602,260.11,162.79,49.241
626,487.49,601.1,292.63
663,57.313,2.2242,0.53252
896,624.06,730.9,265.3
571,44.973,2.0265,0.28303
712,564.65,887.6,331.79
756,305.07,95.67,93.635
775,670.69,1016.3,551.77
735,193.91,11.152,8.5325
1027,949.27,879.94,841.29
470,389.68,606.45,286.87
389,7.7086,0.29135,0.0030049
1962,1439.8,1680.4,742.13
952,776.78,1139.7,442.32
922,623.15,360.22,358.06
765,565.04,412.66,296.51
668,155.86,28.302,8.3846
524,209.96,94.256,37.641
440,143,41.811,20.021
651,181.58,55.361,5.8706
674,135.27,11.803,3.709
729,10.551,0.46663,0.0056313
600,201.2,39.442,18.247
520,380.17,378.9,196.66
612,539.84,842.99,454.64
419,288.21,347.64,127.83
784,642.03,481.6,457.39
335,110.67,19.429,4.2399
1018,699.55,1463.7,358.41
610,199.98,20.485,21.879
910,430.01,264.87,93.635
352,6,0.22531,0.0027191
694,96.826,20,1.7906
880,414.85,315.36,90.509
720,10.421,0.46087,0.0055618
581,404.54,445.31,187.3
823,332.23,105.35,81.028
894,743.4,1104.9,494.32
1240,906.54,1209.2,432.35
916,768.47,1350.6,565.04
621,557.29,433.76,417.38
507,387.02,607.46,226.5
715,159.13,14.316,4.6843
1087,830.55,1098.1,431.46
476,27.76,0.64309,0.17963
496,175.25,54.545,16.687
1294,581.7,460.18,107.08
1028,750.33,952.41,373.2
571,424.04,580.05,243.61
1022,867.8,1538.7,619.41
753,140.89,35.074,6.1471
332,115.63,48.648,13.231
812,562.21,1514.2,336.95
1264,114.54,9.3262,0.69779
434,11.42,0.58029,0.0033525
741,109.58,8.1535,1.9738
696,449.59,474.86,164.81
637,157.55,20,8.2529
982,756.27,884.6,423.02
769,106.75,7.1435,2.0666
709,554.69,674.34,310.86
832,15.454,0.54618,0.006427
860,641.12,750.79,315.34
745,190.23,28.157,10.749
860,12.447,0.55049,0.0066433
590,465.2,640.49,276.86
645,92.836,10.052,1.4778
505,228.05,189.22,34.773
470,133.44,29.743,9.3282
656,504.67,916.19,304.89
887,393.45,223.37,72.185
372,146.76,66.704,20.05
958,726.67,928.42,373.81
1030,819.71,944.84,489.44
1509,720.08,535.84,156.78
522,428.01,715.77,296.74
524,471.24,434.68,458.89
632,9.1472,0.40454,0.004882
1410,641.45,443.12,128.91
1169,304.71,73.774,33.854
913,228.87,39.16,39.508
542,377.25,243.04,206.17
928,787.11,1289.1,532.07
566,478.49,818.79,335.9
938,255.55,42.059,20
816,383.2,222.67,83.413
707,549.95,962.1,321.05
938,189.03,20,7.3453
615,316.55,227.98,76.364
752,591.71,710.03,335.67
888,325.93,81.621,72.354
718,162.78,20,6.5176
282,31.448,2.0495,0.34348
722,601.72,1105.8,466.33
743,733.97,786.1,735.31
788,534.89,1452.1,300.02
1238,966.93,1442.6,559.72
1120,972.08,1579.1,734.27
798,378.87,253.04,75.556
650,108.26,8.5706,3.078
1041,842.74,617.44,559.79
614,513.14,559.07,321.77
710,373.58,257.22,99.67
716,29.056,1.1187,0.041665
264,92.488,14.165,5.3953
630,568.66,1091.5,582.92
758,317.54,89.308,20
234,174.37,557.38,133.5
559,85.14,6.7179,1.5638
784,208.09,20,7.9029
887,359.97,99.943,20
1124,931.76,1517.4,634.07
692,416.62,876.32,150.52
1071,157.95,33.609,3.0283
572,82.407,15.357,1.2573
736,271.71,97.022,55.339
684,77.304,5.8158,1.0443
705,321.62,179.42,66.978
839,591.72,725.84,259.59
848,679.25,974.53,384.88
1276,319.17,105.73,21.572
1868,815.67,447.79,154.67
673,484.32,611.03,231.27
330,29.036,0.97023,0.36135
1018,208.74,26.756,20
1214,337.88,94.116,38.291
946,438.72,305.12,92.848
1022,759.3,521.59,426.4
439,119.39,13.995,4.4677
1212,932.15,692.6,536.56
880,455.66,331.16,116.96
440,266.79,596.17,103.03
674,484.87,1464.9,346.04
403,139.11,24.741,10.986
754,209.83,33.243,20
706,282.19,120.47,53.35
810,206.71,50.653,21.485
658,486.78,671.64,248.37
562,402.83,540.09,197.96
409,275.46,376.28,117.55
559,12.467,0.53285,0.0043181
571,588.72,649.94,682.78
640,546.96,929.82,376.43
243,91.188,20,7.3203
288,127.03,135.37,23.321
648,589.4,904.35,451.99
706,506.76,652.99,234.35
318,88.483,15.341,3.4282
878,17.397,0.58264,0.020344
604,396.08,955.69,184.14
675,116.95,35.025,2.3125
1015,747.18,938.9,364.29
672,505.35,341.37,353.23
781,219.66,56.343,28.155
538,398.79,495.86,223.36
488,130.53,8.3571,6.1792
238,5.7343,0.26568,0.0018385
418,71.048,9.9961,1.5706
367,73.376,9.5535,1.8475
897,133.14,27.279,2.286
241,192.38,466.53,145.89
501,394.51,244.57,284.18
492,178.47,20,9.6833
1035,782.6,519.72,483.65
1420,571.37,169.34,155.54
542,463.5,949.28,362.62
431,30.038,2.0493,0.14311
421,72.815,19.39,1.7758
426,69.479,9.292,1.4233
452,335.54,929.07,245.03
946,834.21,727.67,644.63
710,133.22,52.417,2.9861
486,410.37,751.08,294.75
574,411.31,233.09,213.72
769,736.56,760.44,755.74
378,46.458,6.0986,0.63093
630,463.34,564.99,238.23
550,475.13,752.54,341.92
707,97.829,10.681,1.7048
952,104.87,9.9205,0.73518
1488,661.17,473.63,120.44
321,40.379,4.6237,0.64576
965,716.3,868.98,364.29
727,293.75,124.76,63.68
349,95.205,11.03,3.501
411,294.52,613.7,175.47
677,320.39,175.69,65.595
411,84.206,17.321,2.9449
685,506.65,614.41,247.56
546,102.45,20,3.3712
282,52.304,12.271,1.5234
446,288.66,158.2,123.27
718,531.69,718.57,270.66
468,206.95,149.54,39.045
532,190.68,48.085,50.966
786,299.72,111.43,59.509
492,327.57,327.93,131.25
942,273.88,43.815,20
516,60.809,4.115,0.72596
433,147.25,20,7.3323
579,497.7,830.96,393.62
945,179.76,21.675,9.3746
390,46.315,2.1825,0.6706
961,539.29,420.78,151.53
375,322.01,490.8,226.58
266,26.421,2.7382,0.25495
416,57.388,4.5636,1.0623
280,202.76,396.59,105.57
540,7.8157,0.34565,0.0041714
538,164.1,43.165,25.523
1854,1164.6,625.72,567.23
407,357.35,622.86,283.06
1338,784.28,1382.1,246.44
293,36.513,1.6032,0.38384
966,731.72,1023.2,405.57
1318,915.52,2392.4,506
426,34.835,1.8034,0.25187
936,873.11,768.02,777.67
365,268.5,332.57,126.88
448,119.65,27.487,8.5005
586,463.83,340.39,283.62
436,366.12,524.71,274.16
529,13.351,0.64935,0.0040864
819,630.74,914.33,340
598,471.59,352.19,353.83
722,122.77,20,3.1424
370,280.87,760.32,203.42
720,510.23,1009.3,271.02
685,260.77,76.959,65.272
489,207.15,147.92,35.23
692,514.74,1088.2,306.63
464,349.37,464.95,189.01
586,122.63,15.769,4.6194
564,359.65,195.71,163.35
350,107.61,37.857,5.6818
290,5,0.18563,0.0022402
376,60.143,4.7035,0.98536
348,5.0368,0.22275,0.0026882
742,578.44,421.22,343.77
1082,988.24,916.5,819.58
506,101.85,14.427,3.4099
748,623.41,876.14,424.43
372,14.996,0.96308,0.041387
520,166.44,20,14.952
239,33.607,2.0674,0.57748
851,117.55,23.355,2.0564
339,63.596,9.9984,1.9261
688,123.51,16.166,3.2255
410,239.06,112.52,96.382
406,18.472,1.5051,0.023356
687,558.35,740.86,356.31
662,543.58,854.13,364.19
884,768.27,637.29,616.57
424,203.39,186.9,38.416
426,351.84,610.19,245.49
489,314.9,923.14,167.28
634,443.44,1311.1,279.71
438,115.65,53.865,4.4731
864,705.13,490.46,480.55
383,142.43,57.41,8.3999
604,441.48,690.46,225.88
737,285.67,116.83,62.083
746,576.96,849.99,313.66
556,274.2,52.568,20
812,730.65,649.9,609.74
398,158.15,45.276,17.134
306,198.57,517.58,94.606
966,420.88,144.93,115.41
414,9.634,0.34213,0.023892
316,12.267,0.71341,0.019928
314,7.6422,0.35783,0.0024256
250,11.866,1.134,0.0019312
318,219.52,361.57,98.871
415,167.2,59.975,9.9276
716,465.07,1052.9,218.41
533,7.7143,0.34117,0.0041173
191,134.62,465.03,99.864
452,79.438,20.349,2.2555
2575,39.451,1.6483,0.086514
852,596.94,1591.5,369.74
1098,501,342.14,107.28
1342,240.92,38.931,20.182
1302,799.75,546.37,295.14
744,379.2,219.19,80.587
994,867.11,1527.9,682.48
1386,244.63,34.059,23.467
943,682.86,894.32,322.67
810,599.36,1936.5,485.45
804,749.77,688.97,790.38
1122,853.43,602.5,586.49
830,726.79,1094.3,535.82
798,199.68,34.031,34.555
812,620.02,834.97,331.62
797,174.37,25.331,7.1879
415,52.313,2.78,0.84123
689,334.7,421.39,74.813
1097,80.941,3.6612,0.4924
1214,102.46,8.8411,0.38993
916,15,0.58633,0.0070759
558,383.69,166.81,197.67
954,808.14,638.3,617.95
721,273.73,16.746,21.244
547,416.51,291.08,283.79
568,480.2,748.9,317.69
1060,256.34,20,11.794
1340,275.02,58.842,20.018
1485,756.26,522.25,186.92
1038,774.84,535.03,514.64
1146,198.52,25.151,20.009
1091,883.15,1031,559.33
248,46.65,3.8028,1.4485
560,142.58,29.012,8.7574
726,530.14,815.94,268.4
1042,15.081,0.66698,0.0080492
1298,1184,1133.2,1165.5
409,295.61,185.96,116.5
564,378.45,881.72,193.24
488,175.43,66.069,12.734
650,289.81,363,50.584
1376,249.34,27.974,20
796,190.05,25.889,19.856
818,257.79,110.05,24.106
1020,303.9,64.065,52.615
1762,1521.7,2883.9,1204.1
877,609.19,1363.4,331.63
532,231.26,147,46.862
518,501.51,473.29,550.19
1772,366.95,72.311,31.254
689,229.43,66.093,20
478,97.953,3.7661,3.1559
362,127.08,20,9.9116
734,604.69,446.64,393.31
668,64.34,3.7173,0.74167
1571,1334.1,2175.5,990.43
1212,874.12,608.39,466.88
1131,762.81,1786.2,387.09
662,135.41,31.202,4.5153
772,572.09,838.94,314.23
1380,205.8,46.318,6.1245
888,721.55,1278.3,506.39
566,59.031,4.4085,0.74956
483,6.9907,0.30917,0.0037311
678,282.8,174.78,48.819
946,709.98,489.65,376.8
1150,206.9,12.895,5.8186
1063,160.22,8.587,3.7913
1103,18,0.70603,0.0085204
1130,215.74,20,22.248
659,155.9,20,6.801
463,362.6,908.19,251.67
818,385.9,228.02,95.418
790,344.2,273.85,57.705
1140,190.74,21.218,7.7304
2438,346.91,57.27,12.272
1188,1174.9,1286.8,1342.9
1044,257.82,62.631,25.862
3158,2508.1,1907.7,1570.1
1184,981.62,1554.2,654.58
595,484.94,641.09,324.68
1212,964.88,1395.8,589.32
522,204.77,12.256,16.11
846,237.1,76.23,22.444
1125,1044.5,2179,977.58
1386,967.72,2414.9,550.9
749,137.58,35.783,5.9404
788,374.4,395.55,65.854
890,449.12,302.33,107.25
743,648.37,1299,562.65
615,257.63,118.56,45.805
910,13.171,0.58249,0.0070295
868,690.21,479.33,431.88
1193,262.59,55.42,20
1218,323.73,81.575,48.711
534,434.34,505.26,269.74
1438,528.43,779.36,64.894
3047,1417.1,876.93,273.6
2554,308.01,38.344,12.196
1313,1086.9,1731.4,735.2
456,9.6126,0.38742,0.0035225
505,15.12,0.88038,0.003901
1128,880.43,1345.5,531.31
822,746.08,1447.9,668.16
957,702.12,1058.5,344.99
712,522.69,609.82,261.16
644,547.86,944.33,404.4
2068,1694.3,1323.5,1411.4
614,26.151,1.5655,0.043729
805,156.92,48.721,6.2041
994,302.46,150.43,20.307
904,567.95,279.42,268.98
823,25.683,1.2617,0.032039
549,165.96,20,9.4661
1316,401.88,180.71,31.353
304,5.79,0.21002,0.0023483
448,105.24,22.018,3.9795
829,164.03,20,8.9385
908,666.88,1453.7,386.08
751,247.49,129.61,20.977
1378,212.01,49.2,5.6867
634,421.2,837.58,196.44
786,408.3,206.21,20
1187,184.54,20,4.7885
746,162.7,8.4172,5.7099
580,403.49,1205.7,251.06
962,386.28,169.73,64.725
734,580.58,830.05,357.33
1169,883.21,1063.6,477.83
882,265.99,81.473,38.548
1236,965.87,1378.7,554.4
986,596.63,1627,262.79
1252,378.47,20,24.829
1314,870.06,463.64,486.75
472,78.467,22.914,2.1335
349,105.07,90.736,5.409
3600,2616.4,1701.6,1338.3
1821,808,396.31,164.23
2071,1859.5,3567.5,1473.1
1490,274.83,20,5.2078
952,16,0.60937,0.007354
846,672.58,835.74,373.43
1012,924.19,1661.6,844.79
560,77.939,5.6272,1.3575
1548,36.488,1.083,0.024201
654,113.91,35.212,2.9507
550,257.75,196.37,53.168
383,50.915,10.505,0.68243
734,673.81,1076.4,592.84
435,299.37,344.03,142.03
745,607.63,482.66,404.46
1476,766.04,515.07,211.28
502,231.18,181.96,35.461
734,359.03,231.03,89.141
646,529.92,381.42,362.99
840,735.17,1563.4,608.34
786,707.11,1276.4,645.18
749,572.82,788.49,321.93
1372,1216.3,1090,1042.2
828,440.38,335.27,110.31
468,12.436,0.53717,0.027281
629,495.34,743.91,279.75
974,811.18,1340.8,548.1
792,656.46,1197.3,494.01
458,145.3,16.325,7.1659
759,112.07,11.397,2.1223
394,29.563,1.6548,0.23111
477,141.17,13.597,5.7731
2360,848.61,341,120.17
1003,802.61,1585.4,543.89
1078,934.2,1592.7,750.94
1261,200.99,24.899,8.8369
303,239.03,275.47,127.16
526,136.29,20,6.5176
775,171.1,21.91,9.6335
778,715.29,1272.3,663.6
780,117.78,27.196,2.4805
572,48.762,3.1334,0.3501
903,759.94,1178.6,500.29
1360,1156.9,2016.7,848.06
764,578.39,449.4,334.62
652,517.48,813.92,319.43
1062,967.03,1742.1,824.57
386,307.82,735.73,255.05
436,364.73,395.12,251.65
397,308.73,435.9,177.25
1153,191.26,58.837,4.0874
1050,261.93,67.393,25.612
1390,309.51,54.837,16.118
802,719.78,1250.2,616.45
1012,69.142,5.9015,0.28059
470,41.949,3.1166,0.27491
816,628.14,735.65,327.99
410,33.85,1.2139,0.33906
424,356.94,286.23,229.91
938,817.48,1467.1,637.99
809,122.84,27.905,3.0399
715,368.01,266.75,86.664
605,141,22.701,6.6999
250,32.701,2.404,0.53719
543,56.766,1.9213,0.85866
1484,252.34,20,5.412
946,829.46,773.47,631.5
439,6.3538,0.281,0.0033912
295,9.4135,0.58645,0.0022788
1029,126.69,7.4667,1.7696
2013,1542,2365.2,806.95
578,182.83,46.506,14.289
996,236.87,54.197,21.731
1008,457.28,430.21,80.578
480,406.5,666.14,322.58
807,587.8,712.15,272.21
640,234.11,84.033,53.33
708,517.11,840.29,269.21
602,276.74,206.99,51.445
597,285.52,340.15,53.277
459,348.37,451.93,180.01
798,213.11,55.46,23.032
694,464.51,1187,236.39
354,266.6,346.01,133.76
828,138.82,43.447,2.6682
562,444.61,619.38,266.83
726,605.86,478.51,530.79
1081,233.37,34.915,12.967
1606,1292.4,2120.9,822.94
832,856.41,1161.5,1142.4
648,320.43,191.75,76.661
635,551.94,1247.6,471.64
733,166.18,20,6.5176
1107,162.1,34.446,4.2095
555,469.27,957.22,381.53
632,518.58,928.93,383.32
558,257.19,92.33,70.509
490,13.302,0.69845,0.0037851
663,303.02,228.47,61.472
395,8.6383,0.36172,0.0030513
497,30.883,1.8272,0.095698
895,70.65,3.1916,0.44575
699,158.04,14.543,4.8747
1288,474.1,138,106.95
729,198.33,20,7.1228
318,6.7549,0.23423,0.010904
748,468.5,1053.3,199.99
417,70.883,16.245,1.9197
750,560.88,355.97,315.95
1185,1035.8,2088.4,811.29
616,145.88,27.855,10.699
938,138.84,13.602,2.8874
437,387.51,673.05,309.09
654,496.45,686.39,259.53
586,109.26,9.5947,2.6801
1816,1062.6,1603.4,313.3
516,73.116,7.552,1.1638
640,296.75,237.75,54.271
1192,851.79,1000.7,395.45
871,552.58,1261.6,252.08
1383,201.73,47.449,3.744
472,32.695,2.5461,0.14224
876,158.88,20,6.4245
1642,1291.5,1708.6,754.24
413,186.04,107.62,35.381
748,576.32,699.5,340.15
830,24.352,1.0784,0.030123
560,419.37,1264.8,318.31
377,93.243,20,4.8247
824,408.42,239.57,100.51
1090,536.64,423.46,128.39
932,14.983,0.59657,0.016506
313,12.241,0.71875,0.040153
596,52.043,4.1725,0.44826
647,323.04,214.72,72.28
802,650.9,1005.3,397.47
948,416.75,308.63,75.15
124,20,2.3714,0.49679
725,352.26,440.22,80.564
892,684.91,1001.9,377.22
1213,221,32.145,8.0437
2671,2101.7,3245,1118.5
1215,227.74,65.45,7.4091
1830,356.2,52.584,39.169
753,587.73,672.75,347.79
796,24.253,1.1199,0.015641
1186,933.14,1272.5,546.07
782,128.84,18.168,2.622
160,9.9117,1.0246,0.063603
945,665.62,1963.7,428.12
808,761.49,1409.9,761.99
348,277.49,423.51,173.56
629,483.97,639.16,261.09
414,272.9,663.86,138.06
838,227.57,48.411,15.614
1001,740.15,1084.4,380.34
692,305.73,168.89,58.061
430,197.63,157.95,35.391
906,398.07,140.5,110.97
2237,1893.2,3375.2,1415.9
678,579.46,1046.1,432.16
1328,1023.3,688.22,645.94
768,330.01,122.41,86.029
1007,499.47,323.6,113.05
756,671.27,1409.9,615.81
1045,936.11,1932.8,805.68
1180,183.45,20,4.6289
1028,746.53,1166.5,340.74
344,74.578,8.7655,2.4484
1477,115.57,6.9024,0.80335
755,671.21,1120.8,545.83
467,113.55,32.62,8.4875
649,192.81,37.127,15.251
334,55.777,6.4451,1.0287
1311,1128.8,2036.6,852.23
859,588.05,661.77,244.24
2381,955.28,314.11,238.09
1168,504.46,273.84,90.016
776,22.701,1.5054,0.0059944
618,491.7,608.29,319.81
601,464.3,620.45,286.34
563,422,1365.1,352.08
1625,1391.6,2387.5,1030.4
717,616.77,1011.8,463.67
1006,105.02,8.4418,1.2862
970,694.44,442.08,342.53
639,169.61,20,6.1316
649,260.1,106.8,53.491
606,208.93,76.67,20
606,489.73,763.4,298.7
884,802.6,1471.7,728.49
1055,988.51,1009.1,960.07
714,210,20,6.9454
542,88.115,10.457,1.5022
746,117.72,7.5403,2.5113
737,560.1,600.57,303.52
459,307.78,1170.7,222.02
1338,1117.9,2091.4,865.54
973,179.01,23.33,20.4
524,406.15,1232.2,329.06
702,183.96,42.38,20.716
471,136.39,30.866,9.2164
726,596.36,1123.2,425.9
684,25.99,1.3268,0.039012
824,715.88,1116.1,550.36
540,193.69,60.646,39.404
1038,922.37,1531.8,783.7
442,409.1,780.78,408.63
794,180.01,20,7.9143
1192,1023,2113.6,829.19
703,524.07,720.64,269.03
798,397.55,243.54,97.438
1185,162.13,35.706,4.0036
1207,231.62,81.819,6.0091
1024,352.32,169.46,36.208
792,630.78,892.86,390.86
1091,941.95,1999.3,798.68
796,572.17,779.42,269.74
525,49.031,2.4029,0.43149
786,530.06,842.77,225.72
431,357.71,282.18,267.14
678,403.77,963.13,151.02
492,385.93,555.02,228.72
863,132.99,25.489,3.3225
1160,225.34,66.048,8.5763
718,493.33,1248.9,274.41
674,599.8,873.35,518.97
949,723.4,487.52,506.36
1314,275.83,44.751,14.655
982,142.66,17.087,2.6102
1091,910.79,1120,540.84
514,178.35,60.58,25.828
678,141.93,16.928,3.8687
791,678.19,1040,458.62
854,640.51,838.05,341.13
727,630.23,1097.7,453.03
794,676.91,1043.5,497.17
973,886.05,1313.8,779.75
504,9.6482,0.35182,0.0038933
646,493.63,606.67,254.58
688,452.1,926.28,199.7
1239,1079,1760.5,818.11
796,224.72,64.337,20
628,157.55,38.268,7.7271
1779,1324.2,1701.8,696.99
1707,364.24,20,10.078
574,508.73,817.67,412.21
596,294.99,221.95,75.208
892,673.52,742.4,332.19
448,330.66,504.6,142.84
750,204.05,20,8.5195
508,378.82,498.85,180.69
832,632.87,855.55,333.09
422,98.343,23.984,2.3926
579,157.52,20,6.5642
808,163.96,27.596,8.4376
587,166.76,30.282,10.5
726,342.49,242.76,79.918
600,62.55,4.5983,0.74924
800,17.285,0.71476,0.0061798
1656,226.72,40.761,7.4498
1130,928.3,1627.5,629.63
676,335.74,378.8,69.35
2011,960.81,795.53,212.89
1638,1268,1626.2,713.74
524,378.66,933.63,236.3
440,59.494,6.7095,0.83295
638,487.84,657.67,259.07
1132,984.74,1883.3,785.97
732,672.31,1326.7,654.43
613,310.17,416.6,81.301
809,427.05,282.31,114.63
857,732.36,1383.6,609.78
364,157.37,20.659,9.7655
364,5.2683,0.233,0.00743
2040,382.76,20,6.7424
619,10,0.39622,0.0047816
567,31.958,1.0358,0.1736
600,249.15,141.18,35.385
1205,1010.3,1688.8,689.96
1817,1288,1568.6,588.08
707,295.87,300.72,42.107
3106,2182,5347.7,1240.6
1296,1052.1,1581.5,659.3
796,603.87,776.58,323.63
350,32.866,1.208,0.19282
388,100.59,10.482,3.9927
630,462.67,520.98,226.96
392,14.884,1.1165,0.0030281
536,171.17,62.21,20
454,305.17,758.49,167.36
709,334.28,178.5,72.854
419,311.2,735.72,182.25
714,329.74,204.55,64.484
599,430.38,484.62,218.36
1596,1305.9,2004.6,846.83
1603,654.38,291.84,116.31
1294,951.62,1311,470.4
1027,812.94,1142,498.6
808,546.66,961.14,228.18
361,74.114,7.5461,1.8971
386,5.5867,0.24708,0.0029818
1134,789.39,987.64,339.48
672,211.14,30.603,20
1676,1007.5,426.42,490.33
920,20.762,0.78804,0.011585
360,257.74,273.68,124.96
359,43.082,2.6466,0.43123
990,808.99,1100.8,502.13
462,421.76,1067.1,444.74
1120,1014.3,922.05,1011.6
420,304.28,396.77,151.74
814,457.47,225.16,176.56
550,232.21,74.488,71.305
515,73.815,6.8488,1.398
605,451.05,1664.7,406.45
807,353.23,127.9,98.868
628,559.96,1307.7,517.24
670,617.15,1235.8,618.03
704,63.555,3.1523,0.69516
633,320.01,312.18,79.154
386,81.139,32.064,1.9424
420,356.58,605.4,259.76
574,538.33,1065.2,541.15
554,424.28,571.44,229.99
976,458.43,398.81,90.662
436,87.536,3.3208,3.1951
251,77.461,20.418,7.2876
2359,85.507,7.0612,0.037215
835,658.89,1218.2,389.69
378,7.7005,0.29951,0.00292
544,482.78,993.27,410.93
244,61.967,11.202,2.3467
503,245.69,193.9,53.66
424,8.6882,0.30127,0.010519
740,507.01,1628.1,322.53
295,97.283,20,8.803
838,407.97,251.42,97.969
863,760.15,1320.9,606.36
548,177.49,20.238,20.783
843,742.24,1381.9,611.1
197,161.18,221.04,104.16
424,170.81,40.721,17.786
489,97.627,13.209,2.8697
676,83.828,3.8743,1.3368
381,7.7028,0.29724,0.0029431
242,24.896,3.9705,0.26406
626,279.86,354.11,49.801
386,94.439,8.9928,3.7679
595,125.79,13.987,4.0155
582,512.94,991.28,440.67
612,315.3,386.31,70.615
1062,454.48,154.94,114.9
452,375.58,565.03,245.27
570,87.493,16.08,1.7336
612,494.33,731.84,307.67
880,698.6,1140.9,419.76
664,12.548,0.45151,0.0051292
822,779.36,1181.4,864.91
198,28.839,5.0859,0.44862
582,427.04,1217.7,285.14
531,9.8205,0.33989,0.0041018
872,143.89,34.269,3.219
786,677.6,1115.4,470.88
90,22.268,1.8189,1.0161
540,81.619,20,1.8622
1005,825.88,1347.2,545.04
610,536.59,960.29,447.06
100,1.9291,0.070906,0.00077248
794,542.59,1689.2,339.58
546,285.24,197.78,72.945
707,98.964,20.58,2.4432
504,376.05,419.6,207.6
298,92.94,22.927,8.6456
711,655.6,1177.8,608.73
282,7.6721,0.3,0.027932
1080,267.13,76.369,11.809
578,482.02,830.68,317.22
687,604.46,1250,542.91
409,7.7224,0.2776,0.0031594
705,465.16,1217.5,246.58
489,166.3,20,8.3798
460,386.18,796.12,306.85
472,405.47,767.29,339.57
860,201.84,36.663,20
43,6.177,0.52801,0.29498
522,459.26,734.09,365.39
448,165.52,60.431,24.656
688,345.6,197.56,92.318
249,64.095,9.4614,2.6428
872,547.73,958.14,193.47
112,5.4622,0.53778,0.00086517
290,39.003,8.4039,0.55234
796,608.12,850.84,338.85
474,185.39,111.42,22.689
958,795.94,720.71,588.16
619,8.9591,0.39622,0.0047816
859,752.81,1494.7,648.74
697,83.177,4.825,1.2252
524,134.93,15.144,4.4945
486,379.69,468.07,225.39
594,428.83,1379.9,321.32
850,12.302,0.54408,0.006566
441,123.06,20,5.7298
452,111.79,20,5.8405
570,297.26,209.9,74.961
820,220.32,47.405,20
1594,1010.2,3227.5,556.99
784,608.17,410.59,408.97
476,132.62,21.505,7.1511
721,10.435,0.46151,0.0055695
586,470.78,838.63,311.79
997,876.07,1384,633.77
689,549.14,749.96,343.68
1614,1386.7,2775.9,1050.6
681,101.99,7.1564,1.8452
946,28.617,1.1675,0.031059
502,450.66,379.47,379.74
670,341.35,227.53,81.078
743,329.6,412.53,57.16
526,430.83,707.49,265.32
536,461.12,700.42,343.6
590,335.96,305.58,98.803
484,383.55,789.36,255.88
270,99.285,27.708,10.949
475,55.741,2.588,0.7229
545,429.18,500.74,255.49
534,277.72,152.93,82.763
507,169.78,38.772,15.472
723,680.28,1383.4,666.57
543,97.079,6.9,2.3862
657,117.03,28.807,3.2004
696,570.8,916.39,379.75
1082,934.9,1867.5,715.02
467,418.97,896.94,427.39
496,310.21,712.65,132.92
604,545.09,958.65,472.09
1114,129.71,20.543,2.8691
1026,933.73,1729.4,827.86
414,83.419,20.737,2.2756
508,234.96,163.21,46.537
744,332.43,436.04,57.114
481,438.54,1152.8,469.91
441,349.96,845.88,256.65
212,100.76,14.85,11.712
522,158.81,44.731,20.46
564,449.19,736.24,276.79
657,340.2,245.52,79.214
524,89.1,20,2.706
568,405.4,561.41,175.14
546,426.68,561.55,243.91
356,130.53,49.864,5.4584
354,13.272,0.68905,0.038494
914,782.39,1595.2,638.93
620,44.85,2.26,0.37135
544,142.09,28.801,8.1791
686,582.73,1083.4,420.37
399,310.01,409.81,167.52
368,100.12,20,6.9832
484,130.22,22.745,9.6679
786,138.07,17.11,3.8775
666,533.77,359.4,394.56
382,262.18,441.48,116.27
456,349.69,834.33,232.26
460,128.16,27.65,8.7245
190,30.758,2.9751,0.66483
851,778.65,766.8,703.62
702,621.14,1004.9,492.37
627,112.58,10.56,3.4105
754,341.18,506.45,65.273
600,477.12,865.17,313.51
1153,476.36,229.3,78.261
424,33.19,3.3088,0.16074
486,7.0341,0.31109,0.0037542
883,779.49,1731.1,701.52
1235,1139,1942.4,1028.8
866,802.01,1300.3,675.1
976,738.66,1004.2,367.54
638,466.46,583.16,219.94
458,279.7,382.72,106.59
679,330.97,286.66,76.569
544,90.025,12.774,2.2088
532,376.39,702.15,185.6
606,520.86,864.04,392.69
372,27.328,3.2402,0.15085
810,495.44,1277,221.05
683,599.91,1107.4,471.65
546,489.04,1155.5,431.29
911,703.11,512.05,441.77
509,424.69,539.76,299.83
529,333.37,996.03,164.99
1045,858.86,1371.5,579.71
344,110.25,28.862,6.2521
1543,206.63,28.302,8.2493
742,149.61,19.269,5.2788
1114,16.123,0.71307,0.0086054
630,464.09,626.82,223.12
312,94.315,20,7.7591
381,281.16,322.78,151.53
847,628.74,822.64,323.15
504,459.8,742.75,399.96
540,462.05,902.63,348.76
447,274.44,542.74,98.336
728,563.51,873.45,325.04
676,617.94,1382.6,562.17
810,231.97,20,7.6447
825,702.72,1495,571.94
1008,405.72,20.712,28.101
674,316.55,298.64,57.622
653,63.716,1.6139,0.75135
1639,260.44,61.619,8.3204
452,92.129,36.71,3.7668
698,626.14,1328.8,582.99
598,480.54,686.73,306.92
498,411.86,533.5,258.56
778,580.38,703.32,314.79
119,2,0.076172,0.00091925
1090,237.24,20,6.5921
416,80.398,8.8797,1.5874
686,16.259,0.74051,0.0052992
653,530.78,911.23,346.33
582,433.4,911.47,252.3
391,7,0.25028,0.0030204
528,209.56,84.614,36.471
415,236.7,371.08,62.074
558,496.53,1043.4,432.13
442,160.34,20,17.505
552,512.44,1107.3,548.05
530,440.27,601.5,257.14
334,134.36,20.7,8.2601
463,278.71,232.33,87.145
300,10.496,0.45009,0.053882
185,45.966,5.4795,1.5306
692,554.45,871.73,327.41
545,52.659,3.5515,0.59522
458,94.56,10.624,3.0736
492,413.67,621.18,265.88
668,315.08,187.24,63.924
282,96.202,35.109,10.683
566,122.35,43.701,6.2144
243,3.517,0.15554,0.0018771
491,485.43,937.55,531.38
372,324.78,760.54,302.97
632,298.18,237.59,68.786
444,151.81,51.525,20.009
430,383.55,370.48,330.6
506,457.26,900.15,419.37
479,426.89,879.53,405.35
460,389,662.07,279.57
364,261.26,494.67,136.7
784,671.79,966.92,490.03
1133,990.02,1711.9,798.45
2118,208.17,22.94,5.7014
662,298.16,311.23,49.479
1300,210.35,54.716,4.9838
722,151.1,20,7.0906
424,181.36,70.749,14.492
858,642.9,486.11,350.8
618,8.9446,0.39558,0.0047739
688,587.28,831.45,397.89
577,470.81,599.84,305.78
644,461.16,1962.2,414.65
803,253.48,90.501,28.52
438,344.63,1281.2,347.77
930,694.39,938.6,348.8
246,22.019,0.32899,0.22974
431,31.329,1.8703,0.18658
540,178.1,20.609,7.1112
1051,851.66,1200.3,520.81
1988,1172.8,545.33,490.59
862,751.46,1148.7,595.2
840,282,111.67,30.677
983,421.17,318.11,71.262
570,339.29,701.21,123.75
820,628.87,448.21,405.12
760,224.82,14.135,10.934
947,459.93,381.13,102.72
490,376.38,1259.2,336.75
204,2.9526,0.13058,0.0015758
538,195.16,20,18.063
302,198.45,609.88,114.02
663,111.36,27.166,3.6216
435,318.66,401.2,159.45
1061,762.42,942.92,350.81
1040,916.47,1404.1,708.88
394,59.835,18.979,1.2474
1495,186.42,24.062,4.2888
1960,852.71,534.1,176.66
1092,252.18,39.895,15.174
817,161.56,16.717,3.8575
560,515.16,887.6,493.97
744,390.85,293.51,101.67
802,605.12,1684.8,433.04
612,95.811,11.221,1.6877
1092,287.14,75.387,29.292
775,194.38,32.266,12.618
348,53.933,11.393,1.1138
384,265.24,133.29,169.14
733,39.291,2.1673,0.13759
782,644,929.28,435.02
580,208.79,13.231,12.936
480,74.091,19.006,1.4263
714,551.67,709.99,314.93
992,769.93,2141,565.38
404,5.8473,0.2586,0.0031208
1274,889.99,1024.5,399.14
3473,3065.7,2803.3,2476.5
531,140.08,27.151,7.3131
1198,1110.2,1067.9,949.12
766,678.12,1042.9,571.7
538,71.991,1.2296,1.5112
420,171.15,43.437,12.761
433,353,653.24,321.83
697,469.11,279.54,207.3
367,124.98,20.028,9.0907
355,258.41,690.31,160.31
581,493.22,1039.1,370.42
396,101.68,11.797,3.8225
1076,17,0.68875,0.0083118
1764,730.3,237.39,192.55
1398,489.88,290.44,47.67
542,24.242,0.82201,0.091844
428,96.076,14.852,2.7657
434,391.06,929.01,390.4
450,375.1,435.07,257.6
886,817.08,1525.4,746.11
248,185.65,254.52,98.763
472,448.03,907.13,487.28
426,6.1657,0.27268,0.0032907
560,287.96,207.9,64.409
603,428.91,1085,246.47
530,519.43,864.55,689.26
634,51.629,7.3333,0.25083
414,188.6,174.14,28.53
958,850.69,757.23,702.92
1152,570.85,508.17,132.79
1193,935.79,1483.4,555.69
180,2.6052,0.11522,0.0013905
822,296.53,25.193,20
656,559.48,887.16,421.62
466,133.45,20,8.0858
388,303.97,375.78,186.61
1750,348.59,49.421,44.073
475,340.62,363.74,144.3
710,463.79,1088.8,230.04
3336,2540.7,3930.4,1432.5
930,829.61,1726.3,744.15
510,134.87,28.189,10.182
412,45.241,2.2199,0.5637
753,137.67,43.68,2.8156
948,206.86,31.681,10.866
519,67.491,5.9747,1.0681
830,184.5,76.395,4.5645
660,163.24,20,6.3483
900,714.46,1199.3,471.91
515,395.61,1026.4,262.64
341,116.21,13.779,6.6479
580,501.01,936.63,370.71
800,257.33,76.258,47.556
534,98.97,11.581,2.1883
516,251.57,351.23,54.31
884,149.66,11.823,3.3026
632,182.72,54.727,10.538
1134,223.7,69.608,7.5951
973,734.36,488.25,433.94
853,796.53,1767.6,841.77
390,166.98,48.786,20.001
589,9.9913,0.37702,0.0087081
226,100.41,40.011,15.054
161,130.17,154.53,78.029
546,179.57,53.191,28.027
404,309.47,430.79,176.17
201,20,0.91434,0.15324
514,401.65,608.91,239.88
558,220.26,67.465,52.279
616,390.58,844.83,156.89
832,626.69,1914.5,512.73
1022,221.1,20.277,15.548
584,10.799,0.37382,0.0045113
859,643.01,917.6,320.48
718,625.03,1059.1,462.08
840,635.17,476.66,376.92
372,48.257,6.437,0.73253
479,136.5,27.234,7.7534
540,172.84,20,9.3657
330,7.6588,0.34122,0.0025492
491,106.87,20,4.2458
582,369.89,912.22,175.53
768,494.98,1415.5,244.84
320,25.036,0.57513,0.16065
276,44.465,1.4804,0.99244
653,562.75,969.3,415.42
860,558.37,1241,264.64
1076,216.84,20,9.0005
932,610.5,526.08,267.33
772,145.6,25.65,3.0983
1318,1131.2,1927.5,857.84
442,147.44,39.235,16.097
820,601.56,1661,417.27
606,464.85,879.68,304
362,195.33,200.31,56.507
694,157.34,20,7.0996
349,308.83,689.55,296.64
450,404.51,683.95,380.71
872,661.71,931.6,370.07
312,111.04,15.697,5.8462
740,554.85,388.59,351.04
653,187.01,20,6.1746
782,571.28,377.27,344.65
1026,728.31,451.39,417.61
1066,919.32,1730.8,679.13
1266,1027.2,1389.7,640.17
880,732.77,518.78,599.3
632,510.81,816.97,326.12
1010,855.49,667.81,637.45
665,106.52,35.324,1.7267
670,506.33,336.1,337.9
732,645.06,1336.1,599.85
1185,983.23,1337.3,591.64
1181,918.66,1252.3,581.41
776,84.378,3.7969,1.2838
392,34.378,1.4506,0.40519
809,733.35,1472.7,685.93
634,319.38,281.45,77.581
628,590.65,1490,658.56
421,12.302,0.69813,0.0032521
602,530.67,1004.4,487.82
1052,500.01,342.41,98.086
1058,891.98,1512.2,673.43
1106,272.72,59.818,20
832,238.45,70.052,25.894
694,640.18,1317.2,627.92
485,166.49,45.424,11.455
622,178.18,44.224,20
657,9.509,0.42055,0.01486
534,210.99,84.232,37.118
416,206.23,159.44,47.845
1012,448.03,278.26,87.499
368,6.7636,0.23644,0.0028427
583,228.88,15.151,16.324
1943,1662.8,2875.1,1156.3
287,134.91,80.345,25.58
953,196.35,29.157,8.6731
467,411.74,393.75,392.42
966,723.52,925.01,372.96
600,412.84,1055.9,228.89
572,143.88,37.445,5.1652
674,507.35,686.17,271.27
465,352.04,498.11,192.77
758,566.85,1823.8,464.9
698,143.87,24.622,7.5124
464,7.9912,0.29701,0.0088411
776,659.37,1474.1,557.46
295,102.45,19.148,6.5965
423,143.85,20,7.3323
385,170.45,156.22,30.91
842,726.53,515.38,558.56
496,91.99,21.473,3.1419
578,452.66,633.28,270.57
2572,1129.6,1133.3,169.55
551,116.01,20.121,6.0527
1402,975.96,1106.6,409.53
789,15.425,0.57488,0.0060948
1008,304.66,17.775,15.515
662,667.15,822.34,828.27
306,116.98,44.966,7.4576
382,198.8,143.47,46.753
639,100.06,20.145,1.7685
1052,829.52,1220.2,440
790,214.93,20,15.223
411,321.6,424.23,196.43
130,89.76,77.405,36.154
568,134.37,20,5.5865
298,63.906,10.247,1.4311
339,24.602,0.80025,0.22353
1862,847.38,635.65,167.97
665,320.59,262.26,69.295
1810,255.81,20,11.681
678,20,1.2469,0.0052374
959,819.45,1561,586.92
717,597.15,797.45,418.14
734,390.07,242.21,103.67
626,499.89,344.88,322.62
78,3.7726,0.17778,0.049658
724,406.62,897.99,128.01
712,568.31,839.09,351.98
695,553.64,856.45,332.88
492,135.9,32.488,7.0897
186,25.495,3.5267,0.42219
760,430.3,211.23,152.88
627,94.633,3.0512,2.0145
1359,1119,1818.9,758.32
469,250.88,1070.6,146.91
688,124.89,16.681,3.6344
428,217.82,147.78,58.521
602,170.58,44.784,12.946
580,275.65,190.41,57.091
664,448.8,1122.9,255.72
880,804.5,1535.6,724.61
154,2.8963,0.10369,0.0011896
563,495.71,679.63,354.37
648,293.85,174.18,55.869
807,635.27,975.1,400.88
673,526.65,661.56,289.24
812,243.25,46.247,17.686
401,39.44,3.0729,0.40392
408,65.583,5.3175,1.3203
534,430.81,601.97,275
817,584,1966.6,439.97
328,116.86,15.06,7.6817
977,147.12,32.933,4.4835
341,63.218,20.102,1.142
1098,538.34,472.16,98.663
2061,1105.5,888.16,289.39
826,686.47,1099.7,461.19
994,449,568.66,66.783
1002,426.47,119.68,113.62
643,10.991,0.41158,0.0087751
852,240.43,112.02,16.225
542,535.7,1108,689.53
541,117.11,15.914,4.0007
530,411.36,653.31,233.89
236,4,0.15106,0.001823
471,36.823,1.5805,0.32107
600,210.9,58.138,19.488
394,275.86,643.37,149.88
1092,649.16,899.15,207.21
536,487.73,448.18,420.88
539,467.27,815.73,384.51
1308,246.38,25.964,14.602
1287,1054.7,1814.8,800.99
773,702.59,1540.1,730.68
995,240.55,61.316,22.836
508,60.603,8.7699,0.79614
606,91.594,20,2.0174
152,62.319,8.2884,5.8932
566,486.3,840.04,358.14
881,412.3,364.67,85.767
649,608.97,1193.3,581.88
494,81.454,20,2.0315
427,341.79,541.36,198.47
288,39.208,3.0024,0.48921
661,584.8,1214.6,499.14
1260,29.745,1.3016,0.012119
402,327.47,555.41,228.32
223,8.5385,0.42221,0.039312
1037,841.95,1392.2,592.27
1486,1150.3,2193.6,712.08
1174,223.78,44.84,9.1003
1455,814,706.35,204.2
1111,961.64,2061.6,797.15
1593,361.85,88.084,28.919
621,72.777,1.723,1.2032
681,545.3,821.15,383.1
648,117.19,30.246,2.9709
496,13.378,0.59481,0.027691
570,125.79,15.412,3.5119
518,134.72,22.464,7.7435
356,157.89,72.545,35.519
502,89.915,31.272,1.9309
284,7.6743,0.29797,0.027744
314,202.39,458.43,91.324
356,34.752,1.794,0.4009
488,211.83,82.965,56.599
388,311.8,852.16,238.44
1207,693.88,526.15,195.66
1728,1145.3,3817.5,757.38
1080,911.38,1634.6,663.66
1056,694.53,2462.2,478.76
717,402.6,295.14,109.54
648,319.82,216.78,74.995
558,106.76,13.361,2.3571
430,368.72,329.37,319.14
1138,149.21,20,4.2404
388,129.91,29.535,11
564,503.11,1098.4,480.83
430,180.32,79.38,42.624
657,166.78,23.326,15.116
486,236.7,211.24,43.503
462,358.92,471.16,212.97
553,97.137,24.534,3.0659
266,186.99,188.62,85.887
1900,1044,451.39,414.64
1302,1226.2,3124.2,1371.1
1040,586.39,368.9,164.4
507,73.059,7.945,1.1836
1050,63.601,5.6773,0.24876
580,304.01,298.63,64.041
986,458.61,266.7,97.18
2764,1250.4,626.05,247.56
379,133.94,46.113,13.243
452,93.542,25.863,3.7184
324,4.6894,0.20739,0.0025028
1114,941.04,1529.2,647.01
603,39.232,3.5871,0.2004
464,392.16,622.86,286.35
442,294.05,706.69,141.05
697,473.58,1218.7,249.74
338,4.892,0.21635,0.002611
639,30.285,1.9163,0.09732
425,34.566,2.3916,0.33401
458,357.41,404.43,212.32
692,10.016,0.44295,0.0053455
438,55.965,9.6279,0.59034
584,51.472,3.2396,0.31672
1213,343.83,105.23,35.796
620,397.04,220.08,164.37
516,437.55,953.74,377.41
1223,697.71,883.84,229.02
604,294.31,169.25,68.54
492,109.82,38.973,3.5523
785,568.96,1850.2,444.62
516,469.45,411.32,437.62
397,291.29,431.5,125.8
939,362.92,105.84,97.022
531,128.48,20.011,6.7076
498,164.69,9.7244,9.8465
556,249.29,220.84,43.732
1814,1296,5143.1,1096.2
781,64.423,4.3963,0.25407
591,484.43,900.84,346.31
728,17.289,0.69835,0.012192
1422,549.51,149.85,129.94
891,769.31,1447.2,636.05
755,329.73,220.72,52.013
716,618.7,1388,546.06
466,295.61,1081.9,183.34
403,125.3,20,6.3846
836,97.382,4.4957,1.6743
822,711.31,1498.1,610.36
526,407.03,654.19,251.85
421,11.471,0.50076,0.027975
510,323.6,762.65,147.23
691,468.77,1592.1,320.4
394,25.824,1.2046,0.16824
204,115.87,80.377,33.24
679,545.73,846.38,380
1305,567.65,239.82,118.79
843,747.59,1422.8,647.82
362,290.63,1074.1,347.84
1062,918.79,2025.7,788.77
673,570.41,1202.5,496.01
1024,226.32,82.457,12.027
675,318.05,174.92,70.872
588,513.29,1004.3,400.62
1060,777.53,1167.4,384.08
673,479.37,581.21,217.2
550,440.58,597.7,296.9
682,489.64,717.78,239.19
976,889.64,1839.4,862.86
1304,458.75,170.69,66.461
1144,753.76,707.17,297.65
1430,754.64,328.78,275.78
956,835.81,1680.7,732.46
653,223.97,121.02,24.65
723,441.67,415.4,143
380,297.99,415.06,178.74
526,83.979,20.539,2.131
825,648.62,1017.2,388.26
701,558.06,880.77,332.66
527,13.348,0.6517,0.0040709
571,466.52,735.76,296.11
561,414.28,409.86,228.21
650,107.49,7.9016,2.0374
296,49.614,3.6966,0.9465
288,220.77,249.36,117.27
1424,1190.2,2425.4,901.03
1008,532.16,298.84,159.63
748,697.02,1620.1,743.86
838,317.69,125.41,51.767
724,678.32,674.97,609.38
840,572.66,702.88,263.88
1066,730.03,729.98,322.38
962,589.12,1018.5,204.34
366,258.7,576.76,143.69
627,258.74,277.58,34.954
564,125.78,13.935,4.1215
173,159.3,148.92,139.92
817,81.217,4.7501,0.86754
524,438.21,341.2,402.26
541,146.43,14.923,6.2525
1052,126.49,7.9551,1.79
511,91.078,24.24,3.8429
1392,748.72,693.93,190.52
1393,891.11,949.94,343.5
1082,561.94,335.02,171.96
809,710.6,1514.2,615.04
1187,972.42,1779.6,669.51
811,234.57,54.751,16.184
718,74.395,1.7138,1.2766
842,409.94,164.64,121.22
702,564.55,2095.8,572.2
424,392.42,748.42,386.27
633,554.77,471.93,464.31
283,33.043,1.9313,0.41958
418,67.763,14.599,1.5812
300,70.771,7.8038,2.9064
257,43.391,3.1029,0.86673
534,144.1,34.714,4.9869
623,419.82,1284.3,253.91
1400,879.25,2485,411.06
387,25.848,1.2275,0.13715
629,526.92,852.91,358.65
158,2.2868,0.10114,0.0012205
1792,1552.5,3029.9,1261.7
713,109.95,13.32,1.8998
784,184.45,38.482,11.957
1175,1005.2,2238.9,862.54
1344,1120.3,2109.5,791.22
705,601.85,958.61,458.4
692,101.65,7.0189,2.1114
273,86.004,48.055,5.0134
345,167.56,182.09,31.664
400,114.44,10.516,5.4342
638,582.4,1244.8,542.65
254,212.45,325.88,155.43
492,91.39,10.924,2.67
684,265.84,20,18.755
303,11.389,0.55265,0.057889
717,638.54,1288.1,571.47
968,690.57,726.35,307.63
1056,234.17,56.241,20.035
991,656.81,545.69,262.66
1490,1332.1,2676.6,1180.5
546,447.42,756.01,318.45
436,151.13,35.675,38.614
722,591.56,1039,391.59
444,127.15,20,8.5268
424,268.58,760.21,146.98
1385,1027.9,1126.6,499.08
635,415.89,1120.6,208.45
1720,1347.1,2127.4,795.67
1298,970.93,1314.2,510.72
1306,898.88,2357.8,502.78
1942,752.11,212.11,202.79
2138,1839.6,3497.9,1404.6
874,202.18,83.325,8.1938
1214,999.77,1944.9,733.5
1000,857.3,2076.6,747.73
729,374.48,220.91,95.46
478,138.22,36.668,7.7189
399,75.083,23.171,2.1252
511,247.65,219.1,55.977
503,84.84,18.599,1.9049
289,230.96,299.63,124.72
714,347.59,424.98,65.226
790,141.59,39.526,4.7844
307,260.84,234.22,198.02
114,39.234,3.1625,2.4735
337,142.71,66.931,20
1607,377.43,79.853,40.993
763,627.09,990.85,432.88
1784,1535.4,2631.9,1230.9
1292,179.94,16.637,2.7168
526,177.4,64.463,24.932
611,253.24,63.984,20
608,373.32,362.23,118.2
250,64.777,20,3.3253
446,345.12,463.61,189.88
462,227.54,140.3,51.578
305,234.59,319.47,130.69
738,312.63,98.096,84.16
325,252.48,789.54,222.93
462,341.86,237.99,240.45
522,449.72,904.1,341.44
556,208.43,58.561,46.186
1163,225.11,31.66,9.7377
815,645.47,876.23,382.99
1657,1378.9,3224,1056
1378,1354.8,1721.9,1491.9
1976,1670.7,3250.6,1250.9
491,127.82,55.496,7.3499
634,463.16,520.92,240.01
544,78.546,15.391,1.3342
578,120.63,34.904,4.7141
1073,259.48,91.552,14.773
524,503.93,1239,627.97
899,887.31,1984.4,1086.3
520,128.93,54.681,7.7642
428,204.01,99.868,52.366
1662,155.64,5.3351,1.8268
391,146.47,52.324,20
926,805.56,1654.7,724.35
243,157.32,216.55,70.458
462,442.54,1068.6,534.02
463,123.79,21.129,12.079
667,633.07,1603,753.76
7756,1030.7,170.23,43.388
1054,152.94,20,7.2253
451,396.57,861.33,347.57
1206,1050.2,2045.3,843.11
535,101.9,31.503,3.5199
857,385.55,178.59,78.984
560,468.48,907.11,386.51
392,340.89,661.66,294.64
903,491.19,317.9,131.24
458,421.02,1245.1,514.37
691,640.76,1305.4,624.55
229,126.76,87.491,30.406
712,547.9,858.45,324.33
1002,893.32,856.92,853.56
553,514.87,1492.1,650.02
765,698.46,1406.1,639.31
527,110.29,20,4.5122
920,307.48,74.323,68.115
820,731.87,1712.5,637.32
623,338.71,461.63,83.451
1060,603.44,752.25,195.8
851,535.19,524.73,202.75
869,824.04,1878.7,883.05
819,207.19,49.284,20
732,401.36,393,99.643
1093,1013.6,2764.4,1158.7
646,396.39,231.18,179.86
442,255.91,212.81,76.089
477,166.18,48.019,20.03
254,85.117,26.482,5.5049
346,27.755,2.0639,0.16472
581,535.79,1489.7,625.37
90,1.9215,0.078476,0.00069523
2232,1313.6,1350.9,410.89
796,499.36,530.35,204.18
746,424.32,723.37,123.51
672,403.43,317.76,131.29
1108,901.57,1719.7,619.88
1159,597.47,235.9,203.5
604,531.07,974.39,446.85
1060,927.41,895.62,847.53
660,413.11,384.21,133.03
642,453.9,1629.4,362.22
412,272.32,1124.8,219.19
844,560.35,695.5,215.4
1106,979.01,935.41,949.72
523,124.74,46.464,8.081
600,142.68,62.057,7.8126
810,570.01,1361.9,305.98
920,492.87,605.51,132.56
1096,616.38,436.16,163.98
1836,1659.3,3690.6,1489.3
850,454.74,558.47,129.08
528,303.05,654,106.96
991,620.3,432.53,237.14
1161,705.09,1458.8,269.68
422,11.404,0.59598,0.0032598
1371,1192.2,2628.9,1113.8
496,359.35,418.09,165.13
536,364.18,347.14,136.73
758,688.1,2068.7,725.11
663,615.47,1352.9,720.55
703,698.79,1879.8,886.86
677,613.83,1829.6,683.28
1318,173.39,24.178,5.2677
886,127.01,17.388,2.1342
566,40.144,4.4318,0.21846
1150,1019.6,1587.1,862.06
615,417.2,271.79,164.72
624,461.24,2102.9,485.32
592,423.76,1581.3,366.73
755,699.44,1804.7,772.33
1230,453.78,172.22,67.613
701,365.48,233.79,86.449
726,407.57,316.74,103.17
456,157.22,54.492,20
752,714.34,1627.1,771.45
448,262.54,208.94,75.209
288,135.99,53.802,18.907
1252,1023.6,1908.2,725.64
503,386.56,1019.7,311.67
803,674.85,1365.4,531.52
740,699.45,1521.7,736.57
832,29.409,0.97444,0.072583
808,451.28,281.25,133.9
872,180.71,30.849,20
615,111.59,8.003,2.3286
834,222.25,45.546,36.252
1228,775.31,469.93,360.09
782,464.86,468.68,140.68
1098,960.35,2546.2,903.38
524,433.71,1095.2,401.53
377,186.61,92.79,44.468
923,825.7,1581.6,705.39
866,184.34,68.068,7.1027
374,264.05,1597.3,321.48
432,201.7,123.57,37.871
1017,220.35,70.879,12.457
1412,316.62,67.586,28.893
1120,672.75,418.38,230.03
1596,380.15,86.674,38.394
1070,1115.2,1511.3,1537.7
825,480.29,584.17,164.37
961,883.5,1630.5,865.56
585,330.05,232.26,101.95
761,516.91,1887.5,388.8
804,739.27,2049.8,823.2
608,227.37,142.95,23.613
1242,600.28,322.43,177.15
1060,222.83,75.722,8.6331
799,511.39,395.23,176.11
1122,944.34,1831.4,738.84
644,261.94,116.61,42.803
981,381.73,170.92,56.132
756,429.83,455.58,116.16
534,494.8,1430.4,588.87
986,498.71,293.74,117.36
1638,23.707,1.0485,0.012653
309,9.5546,0.39779,0.04762
1461,464.46,144.89,63.647
1254,1118.6,2944.3,1175.9
406,260.88,152.33,127.98
892,424.6,195.96,100.19
889,459.3,573.5,115.9
944,219.7,69.292,9.5581
944,33.35,1.8179,0.036271
756,504.87,486.02,191.64
1044,641.05,650,216.87
1002,49.4,3.6243,0.15185
614,325.84,228.22,79.004
478,257.96,144.8,71.475
683,613.94,1376.1,578.65
553,263.87,88.572,87.694
888,688.31,1564.1,463.17
658,621.5,2062.2,847.57
659,362.17,507.03,86.048
1592,954.2,892.24,310.15
3037,2668.9,5255.5,2233.1
788,467.21,238.64,219.45
1846,894.2,532.36,215.35
541,369.41,327.54,149.33
588,433.35,2413.6,549.35
1003,259.46,80.822,21.248
909,796.64,1541.4,697.79
715,434.51,589.7,138.51
972,867.71,1680,743.32
652,445.07,2136.5,410
736,389.2,327.51,92.026
1080,746.68,2355.7,509.66
868,759.38,1591.8,657.95
795,732.96,2789,1080.1
717,617.11,2031,686.61
710,648.4,657.92,643.69
655,622.81,1880.3,756.6
2139,390.97,120.6,11.917
2708,1443.2,1457.4,393.42
938,884.64,2085.1,952.8
3058,2327.3,3414.1,1286.1
854,269.88,74.922,40.558
761,386.68,192.37,134.6
704,231.73,20.568,21.122
846,755.45,2110.5,811.38
1335,261.97,76.454,10.275
643,352.14,245.59,87.154
607,496.42,1130.3,390.87
925,213.76,102.35,7.7111
694,423.78,305.25,141.06
512,291.15,242.46,74.731
902,765.61,1653.5,674.08
986,162.58,20,8.8877
567,600.67,1327.8,910.93
282,148.71,122.11,33.298
166,94.737,73.419,27.539
820,489.63,321.53,153.26
1118,1027.5,2261.7,1032.8
494,128.93,60.916,7.2349
673,626.7,1430.7,605.19
1951,1607.7,1204,1139.2
2910,759.76,441.44,39.807
648,645.48,741.42,627.94
537,134.22,57.879,7.4421
896,562.78,436.34,191.53
968,26.326,1.5994,0.0074776
944,594.12,566.77,226.48
732,776.1,1024.9,996.03
324,189.54,137.61,56.458
1040,1029.1,2316.9,1227.3
625,332.36,341.08,77.528
662,597.12,1326.2,592.69
142,87.656,70.337,29.154
162,150.5,199.76,113.03
842,734.39,1817.7,669.82
489,183.81,74.607,29.716
306,154.83,127.39,20
292,101.97,32.089,7.5291
1180,1022.6,2611.9,1005.8
5240,3648.9,13777,2956
573,511.82,1360.9,566.75
755,156.08,53.951,6.3677
898,640.01,702.07,286.48
896,818.07,2033.7,860.54
788,355.03,207.01,65.224
813,331.43,89.905,88.314
684,208.55,54.913,18.156
1957,1887.8,2008.7,1956.1
742,647.91,1497.2,591.69
1091,259.36,100.05,14.889
295,124.21,33.275,31.775
1182,920.27,1425.1,513.19
200,162.63,327.27,120.22
1034,826.17,3513.9,962.67
276,219.43,997.95,273.45
273,7.5912,0.40883,0.0021089
1284,277.58,96.545,9.3222
4555,2985.5,8433.2,1571.7
440,282.07,144.91,119.46
795,662.39,1393.4,544.49
910,864.23,975.66,799.06
619,199.71,100.8,9.606
530,282.76,186.29,75.042
1000,919.21,2023.8,940.93
1292,1131.1,2640.3,1031.4
1104,917.98,1578.6,653.94
757,282.68,113.92,41.789
1068,643.61,721,205.42
444,428.51,1236.3,540.52
632,577.55,1392.3,570.46
600,507.96,1135.8,410.27
652,360.67,374.12,107.63
1669,1462.7,3242.3,1240.4
8222,2031.8,1208.1,84.235
528,519.16,878.23,565.33
774,191.43,20,5.8405
1052,937.04,2042.9,915.42
1280,287.43,137.43,9.7986
1013,972.14,987.67,862.13
652,155.25,40.697,9.0454
500,227.46,178.08,35.03
701,571.78,1080.8,401.97
614,404.9,432.66,134.4
660,148.23,51.595,7.3789
1406,307.91,41.053,16.864
922,270.08,61.372,20
789,435.57,539.75,124.41
673,641.46,1657.1,773.09
559,520.41,1481.7,638.01
888,798.66,1953.8,884.63
562,358.63,1182.1,212.6
410,372.42,981.6,366.51
482,211.59,101.65,44.169
490,170.34,66.444,6.7814
512,285.28,172.03,90.385
362,93.797,20,4.7885
492,180.28,123.23,9.9694
1930,1531.9,2631.6,997.5
728,169.47,47.488,9.7992
580,562.36,1322.2,646.57
141,87.099,90.821,26.003
613,488.24,1053.9,321.38
498,415.76,785.57,311.57
399,347.33,876.69,319.96
514,51.112,2.5585,0.51048
