904,629,481,726,424
856,332,1457,614,1465
420,426,246,238,85
527,298,366,304,358
426,11,6,2,2
752,332,683,302,334
910,482,848,587,701
600,267,420,310,427
648,253,454,322,364
858,121,56,73,41
858,34,57,15,8
722,38,38,14,8
882,540,802,564,722
1124,604,881,704,808
746,60,108,27,18
1831,1464,2288,1624,1979
974,771,1244,926,1031
432,30,80,16,33
1232,616,902,582,717
956,488,703,444,387
704,236,458,232,340
652,582,334,354,137
830,12,6,4,8
961,559,1058,739,992
692,243,405,324,394
152,4,0,0,0
403,192,409,252,429
1334,312,1242,484,1150
1168,783,1288,582,452
774,16,4,7,5
570,42,41,10,7
802,26,56,36,62
806,584,419,401,217
782,534,888,388,316
791,356,622,332,334
649,402,590,353,341
489,228,338,162,183
983,501,742,434,397
760,14,40,28,26
962,32,39,20,8
474,165,542,133,241
664,410,634,485,642
723,8,12,6,8
724,328,530,300,330
792,440,796,348,370
983,740,1126,580,386
934,62,78,22,13
539,9,31,9,10
986,31,85,11,13
685,34,46,16,13
1022,97,112,61,46
730,38,49,22,19
518,137,601,147,167
775,485,750,358,282
531,476,347,521,368
556,5,2,0,0
898,568,905,668,727
1511,1854,1351,1957,1310
803,35,28,39,20
949,532,816,378,290
1091,790,1460,1052,1428
894,420,657,480,600
654,12,6,2,8
2260,871,2891,1043,1343
742,6,2,1,0
946,56,68,20,8
824,393,898,314,335
1011,640,1226,696,1043
779,600,442,653,386
552,262,620,391,638
867,31,32,14,12
532,6,0,0,0
698,94,126,28,28
748,16,14,6,2
579,20,10,13,8
492,140,238,118,126
862,576,856,392,347
863,38,21,10,6
1186,762,1198,791,1026
646,22,26,17,30
895,448,957,316,328
948,86,42,36,21
965,954,515,561,215
1065,482,913,578,864
639,22,37,24,32
1054,494,852,606,728
690,308,519,418,474
1100,347,1230,488,665
873,342,638,428,502
878,248,978,230,410
900,350,679,337,326
459,2,1,1,2
608,29,32,16,21
940,464,661,414,356
1198,628,1120,736,947
1096,404,742,386,374
1061,508,718,406,326
1421,160,227,135,196
1514,1128,1846,1064,936
443,3,0,0,0
731,18,22,18,26
850,464,844,600,808
722,5,0,0,0
1203,360,1541,617,1371
1380,981,1500,763,648
641,6,1,0,1
625,391,238,275,113
537,21,36,17,43
870,540,842,460,385
589,25,18,23,2
1108,199,807,259,484
330,3,0,0,0
846,435,617,358,360
770,412,852,442,712
908,498,647,430,332
174,1,0,0,0
1136,494,789,476,448
1240,6,1,0,0
1297,16,4,4,1
1096,835,590,842,494
1474,398,1635,623,1167
1130,738,1208,846,1092
976,1024,677,1200,681
932,582,1044,730,1028
942,614,853,363,232
890,459,840,337,306
482,2,0,0,0
572,149,210,122,161
771,13,17,7,6
604,236,312,310,342
1132,566,967,482,422
854,806,529,765,512
1258,946,629,888,551
1178,72,158,79,146
746,310,499,332,377
481,172,226,132,148
1060,721,1244,910,1161
520,14,1,2,1
716,442,692,588,719
865,10,0,0,0
525,272,421,230,200
1025,497,629,412,349
710,483,288,363,129
519,3,1,1,2
757,36,52,38,52
588,28,30,12,6
687,268,456,272,240
780,505,783,385,330
1006,468,812,432,483
930,502,745,395,332
766,8,1,0,0
1098,122,60,56,22
816,638,414,391,129
822,34,58,50,54
870,380,586,430,460
1052,294,1175,377,570
896,445,663,538,594
922,614,836,397,311
952,434,611,438,503
1649,970,1479,579,486
354,4,4,4,5
956,670,1156,857,1189
650,451,296,292,142
746,7,0,0,0
1398,724,973,646,576
1712,1128,2016,1477,1956
1225,283,1338,326,690
772,422,578,530,470
1179,715,1008,700,871
952,754,368,534,257
878,419,637,370,413
916,14,0,1,0
417,12,10,11,6
1168,396,1266,403,522
918,632,900,434,318
658,8,0,0,0
1009,460,739,431,398
1262,758,1266,928,1160
711,356,490,291,263
824,52,54,14,4
764,316,484,294,322
535,207,338,203,210
785,490,733,359,316
1359,106,165,94,163
755,545,774,408,322
952,80,92,31,20
1012,359,688,327,438
881,913,525,890,576
728,331,656,375,583
649,450,826,370,306
656,110,226,126,160
924,888,608,957,618
876,20,22,13,12
856,574,950,603,826
860,28,54,40,50
584,22,31,23,33
504,11,3,5,1
1026,668,1022,478,384
816,22,30,20,19
428,54,27,30,2
1040,112,147,106,142
917,529,860,598,746
1023,314,991,495,858
1388,944,1644,1204,1469
1064,406,639,392,387
745,841,574,879,600
247,4,9,3,1
483,294,475,354,464
776,642,897,413,293
738,350,585,384,570
310,14,4,13,4
819,481,735,314,332
779,552,672,618,606
1104,563,906,591,712
992,568,744,388,322
772,12,17,16,12
1150,390,1588,671,1594
284,3,4,1,2
1001,241,833,310,465
868,441,1431,747,1438
948,745,520,736,502
600,8,1,0,0
1492,592,2022,655,918
882,639,1076,696,1022
693,350,512,346,420
650,47,26,12,8
1264,572,1657,501,636
440,2,1,0,0
1125,807,1254,859,1154
1011,634,1086,764,1080
911,522,1034,684,1134
430,15,22,20,23
662,4,0,0,0
808,344,599,424,500
694,12,41,15,5
482,493,305,342,156
1133,325,1112,353,479
1322,740,1335,978,1278
809,7,1,0,0
676,372,569,293,231
623,372,615,310,256
874,220,995,307,455
663,267,468,258,232
1174,796,1264,552,468
849,504,710,412,390
388,8,3,0,1
924,12,4,2,3
849,46,58,26,15
537,202,404,314,464
1117,632,1046,486,470
1050,638,952,434,390
821,385,540,376,454
992,86,97,34,21
366,97,184,96,144
460,107,368,118,172
564,265,388,217,182
774,318,1050,311,357
583,3,1,0,2
642,330,538,362,452
598,210,781,268,748
488,11,17,12,14
409,106,234,147,193
454,20,3,2,1
458,10,14,6,3
396,84,147,88,79
770,342,678,290,290
663,314,453,220,156
512,286,491,347,437
732,20,15,6,7
1444,90,114,93,116
990,299,1121,288,460
304,304,224,266,203
2476,1298,1896,1100,1054
1063,297,1018,319,567
1162,689,1166,920,1267
588,482,820,594,752
3069,233,693,285,524
2931,1668,2582,1209,1128
774,698,480,482,222
455,275,211,358,206
451,10,6,5,2
1110,596,1040,659,994
796,80,207,84,160
1992,186,331,234,272
545,8,4,3,6
1048,83,115,38,24
941,505,834,573,782
685,23,17,13,8
473,6,1,0,0
731,328,534,250,186
1023,28,16,20,14
938,20,18,8,6
1772,1008,1529,682,576
2286,56,123,34,39
2646,752,2482,830,1232
346,7,4,5,5
1072,45,26,25,19
1149,544,800,477,413
2218,765,2512,869,1157
1030,618,819,398,354
1706,60,15,33,21
1882,603,2140,489,896
669,359,705,460,686
744,449,843,323,294
748,363,506,329,291
623,15,7,2,2
637,11,12,4,6
1064,345,1404,586,1238
537,11,6,1,0
676,64,27,20,7
1624,429,1431,610,1219
1590,766,1289,802,1190
456,181,100,170,114
782,433,628,326,240
364,138,292,158,244
568,288,321,154,108
110,2,0,0,0
1000,600,1060,789,1034
670,8,7,3,1
514,104,148,100,112
785,443,668,326,286
1090,341,1395,592,1324
640,217,398,196,248
678,684,447,498,197
2028,1314,872,952,451
870,286,498,283,371
471,441,309,282,113
808,450,860,610,787
504,10,8,5,2
708,489,347,348,161
1454,73,72,70,90
598,14,23,11,1
792,443,705,315,266
802,33,82,10,11
699,411,633,341,300
810,808,501,844,547
1820,451,1631,555,971
893,442,835,510,755
555,6,6,8,11
2652,931,3393,1020,1551
2636,1022,3388,1367,2854
768,6,1,0,0
890,26,6,10,4
610,151,466,84,138
906,320,1402,480,1325
2105,156,79,152,83
579,319,372,236,124
636,22,28,19,26
602,25,30,30,28
829,8,16,4,6
728,398,609,490,583
1005,307,984,343,871
1699,178,254,181,239
894,26,86,33,92
959,276,974,305,596
885,14,31,6,6
690,499,753,471,616
734,710,402,569,441
1938,873,1358,775,746
1498,104,118,61,78
1010,372,1271,344,509
786,38,52,14,14
1486,934,1490,600,504
912,610,1094,832,1092
501,158,258,124,98
1150,504,892,456,496
1855,434,1876,755,1635
2462,872,3129,1381,2842
980,20,33,1,5
836,445,713,542,738
986,570,829,413,338
1130,426,1441,598,1267
801,157,662,273,385
1189,15,0,0,0
2181,1604,2268,1279,967
826,106,131,99,133
1177,407,1478,370,519
1388,80,263,116,242
911,43,36,28,36
830,67,44,73,43
906,21,57,27,43
845,290,959,434,778
996,612,1032,762,982
746,31,111,26,32
852,19,35,15,33
1065,332,1382,602,1230
710,562,426,586,368
721,422,268,389,245
1270,318,1004,303,481
1153,644,1194,797,1093
1212,18,13,12,8
783,45,60,19,14
824,825,520,752,468
779,331,544,284,318
1602,611,2172,889,1919
910,295,1057,484,1022
984,506,475,418,228
1226,258,115,81,23
902,90,131,42,26
1343,996,586,736,321
1492,1532,1026,1033,448
1114,806,428,409,153
1088,287,938,283,411
1519,902,1386,674,555
822,325,570,402,527
814,488,337,359,178
1138,71,153,26,13
1246,379,1308,316,359
766,754,356,346,132
756,537,374,516,362
898,805,502,486,220
708,167,701,252,463
1127,572,405,514,308
1250,27,53,9,3
1112,76,212,41,32
1004,95,56,92,46
788,74,23,74,35
1128,439,809,478,674
589,37,16,17,10
1163,105,44,59,33
352,4,2,0,2
676,527,320,479,274
970,176,673,219,330
978,36,62,42,58
1128,564,1226,767,1155
1458,428,1619,440,660
947,444,632,381,372
436,267,163,423,105
1170,746,1040,558,444
252,251,141,199,113
683,214,352,174,183
670,318,614,232,204
960,28,39,12,7
1261,17,0,0,0
642,49,14,16,5
1054,797,471,514,225
732,54,197,66,142
836,175,528,163,258
1232,864,529,620,250
822,776,501,476,246
750,34,52,22,19
88,38,32,56,30
640,495,324,476,315
1433,10,6,0,0
837,358,573,288,262
1783,575,2235,562,877
905,298,1086,253,371
1092,762,1340,954,1346
774,370,690,458,630
698,546,404,399,151
818,705,405,387,151
753,78,97,27,14
1334,1344,815,1178,749
704,21,6,18,6
1121,610,1126,432,372
818,533,313,367,152
962,526,894,700,968
1168,61,21,15,8
1516,376,1483,686,1324
682,378,662,431,584
1108,916,528,513,173
959,687,552,739,492
1357,862,1488,976,1401
1014,448,606,406,366
696,6,7,9,12
131,22,10,6,3
1056,908,519,517,221
961,370,696,390,562
1006,44,147,16,15
766,13,5,2,1
1468,31,56,27,49
1314,325,1213,402,633
923,48,17,22,3
586,21,31,11,12
1107,424,1352,425,556
1216,29,50,32,58
889,335,504,304,268
1428,357,1385,603,1252
608,6,5,3,0
981,472,796,602,742
955,22,29,24,19
1098,372,1480,612,1347
1162,113,47,30,9
632,389,238,264,114
1670,513,1688,465,600
1328,495,1553,570,816
1074,17,43,10,15
990,358,1491,585,1319
622,246,137,197,151
1220,54,54,25,23
862,53,60,18,8
1295,791,543,637,338
824,568,439,696,402
1298,360,1146,375,610
576,24,23,15,18
736,384,742,486,652
1082,90,136,34,16
1577,562,2257,920,2030
1114,49,203,32,38
1203,273,1173,503,1034
958,45,95,22,15
912,20,72,18,50
1650,514,2278,962,2063
897,192,582,257,478
694,286,466,278,426
804,446,332,515,296
666,712,420,400,153
826,23,54,23,36
839,308,472,350,442
1045,642,813,376,272
728,19,53,29,43
1447,918,1358,1145,1292
966,19,28,12,26
1065,547,1214,798,1186
880,51,56,14,8
873,364,620,396,540
1004,319,1158,303,354
1164,789,1252,966,1282
1436,610,1008,540,512
986,346,573,352,344
156,12,21,6,3
1137,638,976,476,380
534,185,522,135,206
962,406,691,474,631
1026,444,750,454,602
1318,784,1134,599,451
818,84,42,67,40
1152,733,458,824,472
1024,412,1453,619,1182
1598,444,1538,419,718
1524,567,2094,988,2068
1134,265,956,347,507
705,443,746,554,748
1177,822,1290,985,1222
1075,792,440,616,252
1424,562,998,536,540
1519,964,1354,713,536
646,45,56,34,38
607,6,0,0,0
1184,1010,641,612,212
944,98,47,66,51
640,61,37,21,6
1430,490,1779,752,1642
1072,902,515,769,464
1024,643,942,522,407
626,21,40,24,29
946,21,86,16,15
627,192,732,236,374
1040,552,876,414,410
467,7,10,13,10
942,435,548,352,295
1062,404,1542,761,1450
1143,342,1151,511,1056
1049,410,822,512,666
1217,732,1165,530,468
586,24,18,8,8
1198,540,818,479,360
1256,19,25,5,12
938,25,86,7,11
1052,334,1289,428,616
1066,769,537,780,481
810,55,33,30,29
982,16,15,6,14
804,12,22,2,1
838,15,1,1,0
420,2,2,0,0
1370,999,681,876,544
1190,346,1328,565,1138
501,51,38,17,6
875,80,96,39,28
1124,416,686,377,354
668,23,9,3,3
1622,50,158,59,137
746,566,357,392,154
818,185,562,226,491
668,535,333,302,128
719,269,957,331,438
972,345,1599,688,1660
776,349,168,225,124
812,412,645,414,623
658,55,44,68,35
1270,640,1094,817,999
1920,460,1657,587,906
920,62,64,30,28
978,8,0,0,0
758,346,564,426,520
538,310,175,160,64
1102,384,1470,620,1293
1310,548,918,462,378
3144,839,3375,1418,2905
1331,1388,945,1451,876
568,52,58,22,15
1046,424,1924,872,1638
1100,401,1512,516,874
864,708,1102,551,474
638,396,568,256,222
883,563,986,452,494
304,14,20,14,3
426,62,36,30,6
1575,756,1075,514,442
868,43,27,33,24
970,336,472,386,447
1379,876,1450,916,1361
794,325,382,278,212
3894,2569,3462,1718,1302
1955,130,434,88,115
1083,37,54,47,54
1050,839,1445,904,1212
872,384,782,356,493
976,898,592,906,508
863,498,806,439,441
932,37,55,24,24
754,607,392,412,148
1200,414,1825,775,1655
1181,510,820,506,618
893,10,10,5,3
586,7,0,0,0
2722,1723,2850,1900,2606
1160,786,1092,829,1003
1258,89,239,66,54
1768,2147,1546,2291,1499
1054,65,98,42,23
923,570,909,495,448
512,460,335,343,144
565,8,10,3,4
968,1269,791,1123,674
1196,491,1769,559,764
779,444,717,393,365
986,338,580,311,352
2002,933,1671,742,713
1003,1031,640,931,599
1287,1043,674,1119,647
1818,482,2353,586,847
2148,1526,2083,992,816
1840,52,145,27,21
2139,598,2400,858,1781
1032,610,1468,844,1367
934,72,245,98,216
966,962,546,672,274
1025,644,1072,604,618
1482,1130,756,1011,597
757,164,533,130,209
633,54,100,68,82
1247,908,737,1043,635
1065,60,104,64,75
1141,468,849,439,456
1120,910,637,933,562
2600,172,482,166,235
1286,837,626,1004,564
2782,1881,2670,1622,1488
789,536,828,395,336
601,70,37,37,17
1299,1182,1778,877,636
1246,817,1392,1075,1268
701,38,52,22,16
1274,430,1752,643,1551
587,72,52,54,49
1310,55,46,34,36
580,352,558,297,291
1149,474,786,420,370
797,57,26,58,26
1150,628,1096,440,299
1065,536,1008,661,876
1302,18,0,0,0
1590,386,1321,408,785
788,61,21,45,21
785,10,0,0,0
1865,1715,954,986,412
1112,924,1330,910,1280
1091,72,114,51,34
683,298,570,318,352
1200,984,1487,1182,1548
779,550,836,428,401
1232,919,1368,634,560
629,30,23,4,4
926,31,37,8,6
1174,391,1384,639,1113
1257,560,901,460,488
586,246,488,184,221
1390,1352,701,1010,423
1431,918,1470,1116,1538
1585,20,11,1,2
1028,812,1350,591,431
906,12,12,6,15
1124,108,150,113,128
807,554,836,659,794
358,26,13,24,17
714,24,16,12,5
480,11,28,11,16
600,410,268,357,248
1016,652,414,628,414
890,547,422,585,427
1669,772,1430,926,1282
1041,498,869,389,426
1252,112,58,31,10
2040,1006,4082,1791,3665
1854,677,2258,866,1336
502,10,0,0,0
973,1283,651,600,243
1090,405,1345,499,703
1018,61,172,21,28
963,2,3,1,1
1342,495,1954,569,1077
1028,638,1156,402,380
614,8,0,0,0
968,22,1,0,0
847,65,58,43,53
867,520,756,350,248
1370,35,40,20,12
1916,729,2403,661,906
1732,179,628,217,540
1367,72,111,54,36
1172,155,63,22,8
1278,543,1715,732,1383
817,7,0,0,0
904,10,0,0,0
1273,1002,1900,1315,1844
850,647,1173,495,521
703,56,102,34,37
948,43,72,53,53
862,672,1006,846,918
866,84,91,28,22
1067,402,647,472,546
983,465,808,410,462
979,30,126,27,26
1095,40,119,27,31
1034,8,1,0,0
891,89,37,26,8
1098,172,117,166,98
807,142,55,49,25
741,127,156,105,147
820,524,894,676,881
859,768,826,912,876
872,1177,671,743,321
849,1105,880,1377,853
1917,857,2835,909,1399
566,8,3,1,4
752,646,794,741,704
623,152,637,230,544
378,8,3,7,1
715,317,516,282,284
1431,864,583,721,295
935,478,698,334,276
1093,402,608,304,334
1721,535,1789,578,677
1397,474,1929,877,1814
1166,746,963,522,330
915,47,48,30,48
1658,665,2626,1129,2302
1025,36,36,24,32
1142,27,86,28,54
1022,116,209,148,193
1245,832,1466,657,643
1065,668,922,596,530
916,76,189,98,187
671,12,16,6,12
689,830,507,620,440
1021,383,1231,518,977
554,252,420,148,140
1183,502,752,438,375
896,4,18,4,8
944,30,31,11,11
467,208,113,132,61
1308,1067,703,735,298
1340,640,1131,588,518
1127,220,132,216,138
1206,843,1880,1145,1727
665,128,164,49,30
1049,22,50,27,38
830,606,1057,786,954
1006,414,1832,709,1471
1218,804,1125,688,566
922,753,438,406,139
1250,487,820,496,464
739,14,20,6,4
742,465,289,230,69
2142,487,1727,600,949
1458,1024,1256,624,510
1409,1305,895,1446,896
1840,42,135,59,109
1000,445,1776,442,895
1416,1216,1759,837,732
1002,369,1395,465,811
967,1086,875,1538,830
580,244,883,298,311
1038,50,56,22,14
1168,1048,645,987,626
686,301,802,326,380
835,98,49,64,56
1062,856,1178,740,658
663,18,18,11,10
850,42,42,14,8
830,252,858,234,342
745,22,8,7,1
714,425,217,361,203
894,201,702,271,370
589,218,516,290,432
2245,66,95,54,78
1434,63,171,25,38
1570,1298,1879,1333,1547
1112,21,103,29,72
708,45,66,22,18
1004,1123,655,1020,561
788,60,80,52,42
841,761,491,746,452
729,770,465,657,415
1509,78,206,114,240
2054,1978,1223,1738,885
594,28,10,22,11
931,642,1011,832,1001
940,246,369,214,172
1079,546,929,338,319
947,52,58,50,50
2040,795,2593,962,1220
1182,1204,732,1042,724
850,776,405,591,362
709,5,2,2,1
1022,711,1092,581,587
952,108,172,68,52
1124,748,912,308,257
872,607,916,800,868
899,28,35,26,48
833,88,135,104,156
610,22,10,10,10
882,10,28,2,5
1202,330,1300,464,1064
1882,34,14,4,2
1280,13,0,0,0
1426,960,1528,1014,1147
2596,2321,3750,3053,3675
1406,263,803,241,369
1166,856,1463,1071,1226
980,86,50,68,18
904,1156,731,1026,655
796,524,754,466,412
722,76,92,64,79
992,838,1252,659,502
1025,854,1486,1086,1386
822,20,2,1,0
1176,842,1448,946,1203
699,19,46,26,22
570,316,616,274,282
884,726,1162,548,528
1046,881,1284,558,450
811,552,806,394,326
648,82,29,68,19
946,596,984,628,870
578,4,2,1,0
898,844,1444,964,1320
848,30,38,22,34
1278,624,1706,732,907
1013,128,65,70,21
985,6,1,0,0
1464,546,1899,759,1517
916,482,906,441,520
1236,694,1044,598,525
544,74,33,44,27
556,443,607,454,552
828,522,1174,778,1058
647,475,932,485,294
991,758,1240,874,1118
765,4,0,0,0
450,3,0,0,0
697,47,62,36,66
689,45,60,36,50
989,666,1063,644,620
576,44,64,54,52
881,634,1096,806,1058
976,596,1126,576,534
642,40,38,2,4
762,54,100,61,90
1155,774,1314,922,1107
984,699,1018,644,544
572,428,593,312,249
1314,521,1665,520,831
865,744,1183,570,514
506,48,48,13,10
1133,652,1076,626,603
1149,60,66,18,10
460,26,34,19,30
852,16,27,12,20
768,14,20,11,18
655,48,50,43,42
749,53,93,64,71
558,190,592,194,229
821,48,69,30,17
829,29,105,21,43
618,6,0,0,0
931,22,14,4,1
845,490,755,426,390
754,574,866,416,342
483,14,12,8,4
946,8,0,0,0
1186,136,176,71,54
1177,732,1169,580,692
628,70,128,80,120
752,34,79,33,21
558,498,684,482,618
696,402,656,324,342
885,619,1492,950,1530
331,13,7,5,2
750,589,416,521,268
1054,34,44,28,32
684,12,14,4,6
915,676,1029,710,876
882,670,1216,911,1198
980,1370,779,1176,799
826,547,832,474,432
988,632,1064,468,419
920,566,963,650,790
1021,618,1030,778,881
887,710,983,546,422
722,13,7,2,3
714,20,12,12,15
1667,1080,1688,1172,1423
1733,900,1649,870,978
431,104,92,83,86
727,678,460,532,214
956,84,138,46,36
960,754,1408,986,1412
660,376,578,254,168
766,584,984,473,408
648,2,0,0,0
800,18,7,9,7
545,18,14,7,4
1132,896,1280,642,477
742,40,58,44,46
897,34,39,7,8
1014,759,1182,784,1010
856,632,1067,494,420
1442,817,1626,1076,1546
618,408,579,388,314
694,35,112,35,31
784,480,786,454,466
995,41,52,17,9
953,561,832,500,418
4168,2327,4504,2936,3578
442,14,21,13,8
704,548,871,662,827
868,578,776,456,376
798,272,1249,441,1101
998,738,1256,520,380
654,69,90,28,20
1098,89,96,52,40
1482,56,78,46,66
858,16,11,12,6
1787,1146,2201,1432,1942
1166,87,144,30,34
643,353,659,278,232
1916,184,224,54,28
730,42,56,16,5
764,498,882,639,762
713,260,1055,485,978
1062,638,1194,820,1057
610,30,48,36,42
1098,634,1069,582,492
756,552,935,682,876
874,776,1307,1054,1189
760,668,1102,771,487
2440,2242,3620,2726,3583
936,779,1268,807,1097
2838,2160,3628,2142,3005
1676,1271,2435,1672,2344
603,378,512,334,315
924,994,1518,1129,1378
503,18,8,18,1
709,45,194,71,160
724,2,1,2,4
744,25,20,6,2
706,827,553,530,238
813,9,5,0,2
780,10,1,0,0
708,64,72,22,9
988,836,1151,572,474
818,1035,614,932,576
1431,938,1484,920,788
1006,624,1043,544,505
1983,1438,2121,876,870
1350,1342,1898,1017,928
1454,950,1814,654,617
460,14,20,11,16
963,488,714,334,198
1441,918,1448,789,677
996,486,820,469,474
1037,768,1371,798,1198
1020,862,1436,1163,1396
1016,828,1200,509,400
718,43,16,30,26
934,78,70,22,16
628,388,912,554,943
803,32,44,16,14
794,68,64,25,12
1517,1132,2069,1563,1800
582,16,22,4,5
972,52,38,12,10
2604,2052,3326,2436,3478
1220,1038,786,1021,691
1589,301,150,225,148
1208,529,1784,580,960
863,818,1217,1087,1052
851,598,808,506,598
801,204,124,144,79
962,630,1138,608,664
786,90,121,46,48
840,76,99,82,72
674,802,553,770,488
906,660,1022,464,360
902,786,1076,613,467
380,293,262,240,142
805,847,522,657,350
418,30,20,13,12
535,598,603,580,552
2460,1304,2236,1223,1248
1202,188,294,75,54
748,526,800,501,425
579,117,134,72,46
1698,974,1664,930,959
1067,970,1662,1269,1591
822,99,65,70,49
1215,820,1363,712,682
908,724,1180,896,1227
967,947,573,699,280
819,664,381,477,244
920,880,1486,1126,1442
953,611,998,489,408
1107,936,1715,1235,1574
1022,837,1182,560,476
1028,800,1238,906,1128
1514,1281,1944,992,816
1476,916,1599,860,790
1565,1164,1813,1187,1438
653,6,0,1,0
894,29,18,12,12
1168,750,1256,768,947
835,78,116,78,128
943,836,1340,1019,1244
1098,771,1150,799,1038
954,807,1457,942,1413
840,623,954,387,330
760,244,916,417,844
945,616,952,475,381
940,670,996,547,412
796,696,488,586,409
734,77,44,31,12
923,671,1136,892,1196
993,712,1286,490,524
777,19,32,8,38
1120,856,1348,522,440
1672,974,1826,958,981
846,851,1384,966,1300
1272,876,1314,794,774
850,598,1176,410,383
1046,821,1273,626,576
1571,319,184,276,158
1016,130,181,54,30
1046,669,1256,566,526
678,70,172,46,40
976,804,1061,640,601
847,512,825,536,660
665,60,40,34,14
1012,962,621,961,566
666,6,0,0,0
834,60,72,29,14
1540,58,56,36,45
1528,1436,2625,1869,2528
631,480,626,366,370
1490,993,1496,931,836
912,42,41,18,10
915,1096,677,716,265
804,18,20,12,6
1008,661,1099,621,522
604,28,44,24,17
596,35,11,13,2
540,16,16,6,5
535,364,739,512,732
907,719,1072,508,394
820,232,844,250,385
979,764,1374,660,580
684,26,24,20,28
838,600,1042,540,381
1186,194,248,62,38
468,401,508,354,320
810,349,1337,583,1165
612,84,110,28,10
788,55,34,40,19
765,622,1028,669,924
386,44,52,20,9
805,706,954,700,819
975,816,1230,888,1139
382,486,460,338,183
482,639,564,401,202
556,8,0,0,0
521,50,73,48,65
755,104,125,112,116
387,306,527,200,158
846,841,794,670,480
514,268,542,388,527
409,45,72,57,68
284,202,328,232,310
296,170,440,252,438
678,2,5,1,3
854,14,13,8,6
490,40,62,24,11
389,254,330,168,152
371,196,312,187,196
104,73,47,79,39
602,478,795,610,700
397,323,607,258,252
569,458,580,466,548
414,358,476,274,231
526,23,77,19,10
522,380,536,434,527
437,44,64,46,63
502,376,518,250,193
481,829,504,758,471
858,888,1646,1181,1479
888,126,124,33,22
667,61,96,76,86
580,250,1057,510,1028
514,312,488,283,248
822,481,810,486,487
350,198,294,192,142
456,406,680,450,655
637,466,718,501,607
306,435,314,293,119
840,698,1118,722,990
602,403,555,395,429
928,599,1070,642,928
842,530,1046,737,972
484,28,12,13,10
558,274,1062,378,868
540,390,624,418,474
484,44,36,16,4
496,44,40,18,12
810,447,960,572,856
370,22,29,8,10
330,147,202,118,118
339,185,346,266,341
751,357,1384,313,465
332,4,0,0,0
474,30,21,6,4
788,542,894,532,557
592,538,844,412,358
530,92,96,33,26
391,518,290,508,311
332,112,455,143,370
410,26,54,19,20
523,455,622,368,301
190,8,12,7,9
1340,1259,2012,1546,2131
374,246,527,210,222
915,543,994,674,912
347,172,305,168,168
626,440,784,528,720
1218,635,1114,582,578
477,428,618,430,542
776,41,14,16,19
610,572,430,457,266
692,779,440,551,209
388,16,14,2,3
1356,848,471,581,231
464,250,396,237,205
492,250,428,238,204
542,56,108,34,16
839,780,1152,636,568
494,549,416,516,396
310,12,16,16,18
447,28,32,21,14
356,20,11,16,15
412,266,447,243,298
488,6,0,0,0
436,256,429,252,228
456,542,326,409,204
1234,1420,961,1317,820
740,671,936,462,288
611,470,838,574,762
732,9,1,0,0
526,48,75,32,14
520,16,22,11,4
799,858,1318,1067,1348
597,861,475,679,475
1089,886,1262,900,1022
744,94,136,36,18
864,655,1033,746,980
710,462,860,542,754
463,325,547,398,486
567,498,823,448,504
454,289,1016,396,1050
509,384,585,284,240
414,4,19,5,16
735,620,1087,725,964
394,262,385,232,196
957,12,4,1,4
340,243,950,461,850
705,423,708,382,356
528,478,676,501,624
838,618,856,514,489
627,23,28,14,9
614,550,876,614,860
723,72,82,21,16
528,424,681,418,565
310,194,294,132,108
404,3,0,0,0
819,630,1164,771,947
390,288,599,388,547
499,325,487,373,448
348,401,248,237,88
595,10,7,4,2
754,578,1046,431,422
770,582,802,605,721
655,46,62,17,16
553,55,81,50,59
633,544,912,372,316
614,450,682,472,560
526,11,12,4,2
345,10,22,10,14
667,560,835,392,364
668,338,1294,327,421
360,446,303,337,200
753,508,874,700,855
598,21,20,34,29
612,335,576,310,288
1638,785,2911,817,990
468,438,689,312,256
286,191,241,112,86
412,60,61,22,14
504,6,0,0,0
529,492,710,345,280
1240,906,1556,948,1168
480,90,72,23,18
402,15,47,26,38
576,342,678,320,372
565,32,37,23,38
511,8,15,1,3
514,466,880,634,842
595,606,812,394,318
1176,7,25,6,8
769,733,1044,516,412
602,406,814,564,792
403,2,3,2,2
493,398,592,406,498
338,44,31,44,18
563,355,629,500,590
909,794,1258,974,1320
546,697,458,421,175
289,1,2,0,1
710,39,76,20,14
348,10,10,7,4
700,580,894,388,336
403,26,25,10,10
646,68,72,26,19
615,712,1179,974,1172
702,49,52,20,8
539,448,580,252,149
550,372,576,330,296
485,44,65,14,8
237,221,442,299,366
980,685,1088,659,540
993,39,42,20,6
846,482,1603,543,628
377,207,329,184,180
470,10,28,18,19
742,548,978,638,882
802,674,1126,762,1034
628,536,1028,580,954
848,712,1136,487,388
1074,904,1334,758,606
896,537,792,466,432
416,71,62,44,28
330,4,1,0,0
666,576,976,518,424
289,226,372,183,158
697,460,1146,715,1188
225,13,8,6,2
497,56,84,21,24
475,24,27,9,9
452,18,16,3,4
562,12,0,0,0
509,313,1019,517,1007
738,588,1066,798,1022
435,425,240,379,218
777,608,1088,747,1060
492,422,656,334,304
818,657,1302,894,1313
738,869,512,480,223
500,28,6,8,8
640,422,727,530,635
1072,157,76,120,57
530,452,722,317,252
1654,1068,1700,915,841
668,58,48,55,32
290,191,410,256,418
430,309,731,472,728
352,258,418,317,398
856,72,74,16,8
748,37,133,29,32
562,19,11,10,10
366,21,8,6,3
731,562,894,419,372
380,334,475,234,214
627,60,37,55,37
720,17,24,6,10
618,80,72,44,21
850,131,160,50,33
587,452,667,530,620
794,626,889,372,294
664,461,811,454,538
620,512,888,386,340
580,28,50,15,4
791,64,80,61,70
309,51,58,58,44
546,364,576,416,510
642,369,546,288,284
784,612,998,533,488
868,360,1794,740,1789
672,33,25,10,21
355,413,273,311,132
467,26,34,5,15
626,250,916,199,325
298,440,274,414,270
858,827,1298,630,557
1022,648,1044,564,574
1814,1138,4189,1792,3975
760,44,63,33,26
399,52,14,30,13
641,18,23,22,16
524,74,87,28,11
324,360,431,251,208
371,36,25,40,36
928,625,1018,590,524
594,502,726,338,282
356,285,481,328,472
205,20,18,8,10
1103,1983,1402,1219,527
1384,715,2462,791,1146
623,843,467,631,247
979,57,90,29,24
344,296,446,214,160
679,552,976,662,838
496,78,117,52,36
608,546,809,476,424
744,606,1142,842,984
798,537,858,480,448
420,39,40,9,4
1490,1237,1791,1396,1640
234,63,13,16,3
211,2,0,0,0
390,8,16,6,14
736,266,961,291,635
378,3,4,2,3
297,12,16,8,18
668,666,1020,732,1020
609,804,555,847,538
423,226,334,213,298
408,282,421,270,399
911,724,1325,981,1252
784,496,714,428,415
431,369,238,417,234
423,160,650,219,548
328,16,14,8,8
384,2,0,0,0
289,118,184,104,117
472,494,792,602,740
400,27,38,28,37
565,538,821,418,331
528,387,616,427,478
342,46,48,17,12
1093,502,1873,703,1733
525,19,26,6,8
766,860,852,798,848
706,719,522,628,263
857,51,60,40,55
476,349,728,412,648
823,640,1159,438,402
878,548,909,544,474
388,174,408,249,372
708,601,421,475,235
690,516,808,606,754
723,44,43,12,6
426,294,472,186,142
504,523,660,453,350
662,20,26,21,18
865,532,907,520,493
554,500,739,534,678
476,432,441,219,96
522,19,18,13,5
790,49,67,48,50
1325,1113,2006,1358,1742
4302,2818,4338,2555,2438
975,680,986,674,884
645,548,657,510,344
988,452,1782,518,951
440,8,3,1,1
821,482,826,520,671
405,54,56,34,54
838,649,1030,617,568
346,565,331,301,142
2107,1782,2641,1868,2400
480,19,23,20,30
1234,614,2047,597,866
1149,792,2004,1166,1814
740,536,868,480,492
1042,411,1922,730,1532
970,1084,676,1149,586
1013,1040,1515,686,532
488,6,2,0,3
529,22,30,17,18
740,501,716,464,378
504,60,32,32,5
504,690,486,709,345
468,242,373,245,219
461,33,50,30,50
694,672,427,527,279
213,7,21,9,4
184,283,158,246,160
910,540,927,519,526
986,722,1327,656,558
589,562,1098,708,1011
432,219,328,202,180
1664,194,394,238,326
527,44,32,14,6
747,782,509,564,292
1752,1184,1703,1019,948
878,32,126,50,105
1206,55,150,29,32
630,543,744,386,288
762,84,114,38,26
529,74,106,40,27
652,570,1012,488,473
744,646,979,709,944
488,202,838,251,304
512,4,0,0,0
742,296,1281,257,445
453,682,412,632,418
679,519,870,505,434
377,414,570,253,218
3409,1373,4503,1952,3926
549,310,548,290,237
1121,730,1176,684,655
593,128,180,117,155
704,284,1011,248,402
791,560,899,412,312
448,3,0,0,0
517,450,450,412,194
1042,569,1765,519,614
652,600,727,404,286
650,502,882,592,830
879,11,1,0,0
1033,755,1498,996,1376
416,12,18,15,25
420,442,602,427,506
602,696,489,703,416
1673,1123,1793,946,866
764,24,30,22,33
1502,590,1910,687,927
687,12,4,4,2
290,230,352,173,171
602,392,786,450,747
626,379,699,339,357
663,11,10,6,11
896,574,920,544,483
571,7,23,3,7
712,606,746,332,252
756,254,1014,333,655
775,556,1172,756,1090
735,26,55,12,9
1027,563,1599,390,561
470,391,644,435,600
389,4,0,0,0
1962,1462,2496,1154,1062
952,744,1244,898,1132
922,303,1094,437,649
765,340,860,394,438
668,74,96,34,18
524,264,590,302,389
440,60,101,77,100
651,78,50,86,53
674,21,24,10,8
729,12,14,7,8
600,56,100,20,20
520,289,556,257,247
612,500,936,587,936
419,464,570,524,538
784,333,1421,593,1206
335,31,19,6,5
1018,927,765,1007,666
610,30,51,10,8
910,546,928,521,485
352,3,1,0,0
694,400,788,460,648
880,712,1202,732,1060
720,50,163,53,111
581,321,546,352,306
823,356,1524,491,876
894,744,1259,486,383
1240,1156,1604,876,676
916,752,1336,1006,1318
621,316,1227,534,1195
507,480,627,389,332
715,30,31,16,13
1087,752,1193,814,1040
476,12,8,6,6
496,92,102,31,18
1294,1414,2148,1518,1870
1028,845,1208,656,544
571,482,761,384,358
1022,901,1593,1132,1460
753,589,994,585,876
332,224,356,258,362
812,1120,615,714,291
1264,92,50,68,54
434,6,0,0,0
741,17,24,13,11
696,350,637,354,356
637,50,60,20,24
982,810,1334,614,557
769,23,40,14,7
709,438,847,430,414
832,16,10,6,10
860,574,890,523,509
745,96,152,79,54
860,9,0,0,0
590,450,716,563,668
645,37,15,14,6
505,490,535,427,325
470,34,54,29,39
656,588,644,386,246
887,658,921,559,518
372,162,276,143,154
958,652,1095,815,986
1030,609,1285,557,553
1509,1242,2194,1418,1859
522,474,661,521,596
524,264,1025,391,1033
632,6,0,0,0
1410,1202,1952,1348,1730
1169,156,244,152,180
913,81,338,129,270
542,206,731,231,370
928,798,1523,1110,1374
566,508,852,616,794
938,110,138,74,55
816,534,852,475,427
707,707,892,386,286
938,390,1427,503,1128
615,488,704,378,411
752,518,786,392,322
888,150,521,165,210
718,28,40,30,48
282,12,9,1,2
722,662,1068,825,1130
743,465,1731,946,1575
788,1029,711,837,379
1238,1196,1852,990,832
1120,933,1862,1238,1861
798,663,890,582,614
650,246,1033,326,848
1041,457,1606,563,921
614,391,836,477,808
710,585,843,484,503
716,8,8,6,2
264,19,34,32,28
630,522,1018,620,1055
758,120,69,103,66
234,387,220,239,98
559,24,43,20,10
784,34,56,50,56
887,105,64,104,56
1124,936,1470,674,510
692,722,443,509,217
1071,716,1166,784,868
572,98,67,85,55
736,312,1290,538,1148
684,69,117,101,136
705,465,761,409,417
839,803,1194,715,600
848,580,898,490,417
1276,256,142,88,16
1868,1256,1888,1108,1080
673,588,928,421,363
330,1,16,7,14
1018,70,199,88,205
1214,166,268,99,61
946,774,1268,828,1144
1022,489,1867,512,778
439,17,32,18,21
1212,485,1777,784,1577
880,641,914,622,524
440,691,357,374,179
674,994,558,596,235
403,44,52,42,56
754,51,175,72,129
706,409,918,431,513
810,84,125,97,130
658,522,875,648,752
562,430,682,313,296
409,252,333,194,165
559,10,12,4,8
571,348,1438,671,1281
640,558,939,692,881
243,23,16,5,4
288,314,216,285,228
648,527,1175,728,1124
706,678,1074,564,488
318,36,47,16,8
878,39,100,32,59
604,699,484,755,509
675,697,468,585,366
1015,727,1189,654,658
672,272,1224,460,1063
781,92,147,109,116
538,356,600,441,526
488,11,41,16,50
238,2,0,0,0
418,19,7,4,2
367,17,27,22,22
897,667,1003,690,917
241,280,418,179,86
501,188,807,279,400
492,40,44,30,35
1035,503,1554,528,880
1420,314,1104,329,539
542,508,854,652,860
431,36,40,30,34
421,380,494,360,394
426,35,11,5,3
452,570,361,387,155
946,579,2100,925,1817
710,764,442,704,461
486,466,712,332,260
574,306,1010,256,313
769,443,1691,749,1657
378,184,639,283,538
630,402,677,374,368
550,404,868,586,832
707,287,1015,403,798
952,34,11,10,2
1488,1277,2135,1388,1820
321,22,13,9,6
965,606,1182,586,566
727,426,1269,556,1149
349,24,27,10,6
411,598,429,394,180
677,515,718,422,400
411,256,356,266,378
685,564,876,410,359
546,49,18,24,4
282,166,246,178,222
446,149,434,147,201
718,499,782,608,748
468,403,680,448,622
532,164,721,217,403
786,442,1654,592,1481
492,222,400,246,240
942,72,126,92,116
516,12,14,4,3
433,24,34,8,8
579,463,946,556,879
945,69,69,23,14
390,8,10,11,14
961,847,1357,790,762
375,269,466,192,173
266,9,2,3,1
416,24,83,42,80
280,242,186,305,178
540,14,24,12,24
538,191,725,288,419
1854,683,2741,757,1244
407,354,594,250,230
1338,1169,774,903,403
293,14,4,3,8
966,930,1394,718,587
1318,1612,1138,1156,451
426,24,30,24,42
936,427,1802,837,1677
365,290,486,269,228
448,46,46,22,10
586,227,969,461,896
436,408,740,354,346
529,6,3,1,1
819,554,886,656,743
598,238,1091,391,934
722,303,1046,437,852
370,448,359,486,325
720,735,551,690,491
685,261,997,351,578
489,468,788,510,658
692,694,551,701,516
464,287,450,254,236
586,231,903,358,855
564,228,810,284,461
350,42,29,37,26
290,4,1,1,0
376,7,12,16,16
348,10,23,5,3
742,408,1297,436,514
1082,592,2122,981,1926
506,143,766,265,672
748,590,990,538,503
372,5,1,0,0
520,24,64,14,6
239,8,8,8,12
851,562,820,570,638
339,38,12,20,2
688,250,885,368,728
410,152,612,174,256
406,8,1,1,2
687,556,896,444,466
662,558,940,412,348
884,445,1836,775,1681
424,421,243,298,126
426,368,558,310,256
489,660,366,398,160
634,842,529,522,212
438,583,352,535,298
864,418,1257,265,398
383,53,31,13,7
604,591,832,476,366
737,424,1611,650,1408
746,696,1062,878,997
556,57,94,78,88
812,351,1253,338,468
398,62,59,22,12
306,386,209,240,103
966,404,1576,515,931
414,14,20,14,15
316,1,0,0,0
314,8,0,0,0
250,2,7,14,5
318,280,186,207,106
415,50,48,65,39
716,749,537,782,514
533,4,2,1,0
191,229,174,164,64
452,392,274,334,163
2575,27,32,10,22
852,1026,676,701,313
1098,904,1376,896,1256
1342,121,204,43,40
1302,434,972,496,761
744,173,319,239,258
994,832,1412,594,504
1386,100,374,175,332
943,650,938,590,581
810,1121,761,708,263
804,380,1632,687,1773
1122,476,1621,570,781
830,733,1432,492,517
798,74,237,36,34
812,564,809,496,491
797,63,85,60,70
415,5,6,0,1
689,978,673,947,635
1097,28,14,12,11
1214,49,15,43,20
916,8,1,1,0
558,301,1319,374,368
954,488,1696,482,575
721,22,133,25,29
547,210,883,365,762
568,520,926,392,360
1060,31,112,39,89
1340,136,185,99,52
1485,1188,1724,1082,1021
1038,428,1495,434,720
1146,58,180,77,162
1091,642,1432,600,698
248,9,18,3,11
560,80,116,58,30
726,688,916,504,401
1042,5,0,0,0
1298,719,2461,567,773
409,161,638,206,182
564,601,390,436,184
488,81,57,76,45
650,780,436,613,405
1376,71,255,127,244
796,113,227,49,40
818,139,101,145,79
1020,96,378,159,356
1762,1640,2336,1021,798
877,1134,743,701,309
532,436,826,492,748
518,222,1067,526,1009
1772,190,296,102,73
689,112,216,162,197
478,13,18,7,1
362,18,36,12,5
734,337,1155,358,468
668,50,122,71,105
1571,1211,2093,851,696
1212,687,2323,694,885
1131,1326,928,1418,902
662,72,31,24,3
772,753,1076,562,481
1380,1109,1702,1158,1380
888,668,1096,896,1001
566,48,82,55,79
483,8,0,0,0
678,492,880,552,794
946,419,1500,503,751
1150,91,329,121,339
1063,89,259,129,281
1103,17,0,0,0
1130,54,152,82,178
659,70,98,48,42
463,626,494,654,490
818,541,1352,670,1233
790,716,1026,807,904
1140,60,94,76,82
2438,1230,4123,1648,3405
1188,650,2862,1154,2694
1044,114,136,42,20
3158,1486,5396,2394,4597
1184,956,1720,1215,1536
595,408,718,280,259
1212,1194,1902,982,818
522,27,96,17,10
846,120,116,38,18
1125,1085,2084,1444,1946
1386,1564,1127,1727,963
749,556,1018,565,870
788,850,564,696,306
890,638,1032,589,553
743,692,1296,892,1342
615,112,132,84,48
910,6,0,0,0
868,384,1280,460,716
1193,112,175,125,186
1218,318,1597,499,1444
534,323,632,247,222
1438,1263,370,292,83
3047,2186,3189,2059,2027
2554,1062,3815,1601,3208
1313,1067,1730,1008,899
456,2,2,0,0
505,65,19,25,11
1128,852,1142,695,578
822,726,1240,942,1225
957,726,803,658,455
712,426,676,372,376
644,642,1114,768,1037
2068,921,3557,1500,3197
614,82,72,70,76
805,670,1228,747,1032
994,242,106,161,50
904,340,1696,388,777
823,50,68,48,58
549,40,46,8,10
1316,245,98,83,18
304,6,0,0,0
448,38,23,14,12
829,79,136,70,58
908,1163,801,765,431
751,172,97,169,90
1378,982,1366,942,1127
634,970,461,557,248
786,173,114,106,32
1187,162,252,188,221
746,21,53,5,6
580,799,447,443,165
962,204,246,86,36
734,583,1036,705,856
1169,1082,1717,912,938
882,423,1576,626,1414
1236,874,1286,726,622
986,1179,704,865,322
1252,48,120,39,43
1314,433,1807,470,932
472,365,582,388,456
349,350,252,305,192
3600,1467,5338,2305,4804
1821,1084,1940,1014,1072
2071,2140,4244,2933,4174
1490,117,327,139,301
952,10,1,0,0
846,577,1040,549,526
1012,928,1964,1274,1892
560,18,34,19,20
1548,27,4,5,5
654,596,858,580,641
550,549,792,572,834
383,243,350,204,294
734,600,1346,789,1310
435,316,546,271,212
745,375,1224,482,611
1476,1126,1994,1036,1152
502,191,155,137,83
734,525,1128,616,918
646,299,1331,572,1372
840,895,1444,1084,1398
786,690,1294,838,1113
749,529,843,456,416
1372,772,2802,1226,2438
828,642,992,512,432
468,22,34,21,28
629,470,904,576,754
974,850,1287,592,412
792,734,1102,542,426
458,32,44,36,40
759,78,118,67,104
394,14,0,8,1
477,22,26,24,18
2360,441,491,196,137
1003,982,1159,1147,1132
1078,958,1664,1204,1758
1261,87,115,57,32
303,232,448,220,153
526,53,54,17,10
775,47,59,22,26
778,720,1438,954,1436
780,588,847,622,682
572,26,32,24,28
903,731,1334,925,1212
1360,1225,2190,1634,2050
764,320,1127,469,1036
652,508,697,567,692
1062,978,2004,1329,1876
386,358,379,460,378
436,314,778,224,228
397,271,450,392,475
1153,1149,1080,1078,1022
1050,170,220,69,41
1390,102,98,106,106
802,624,1258,840,1264
1012,116,56,85,49
470,30,15,8,7
816,524,1118,768,940
410,5,4,2,2
424,193,756,330,817
938,879,1470,670,569
809,564,664,474,576
715,584,826,540,489
605,46,66,40,44
250,6,9,4,1
543,11,15,4,2
1484,70,82,48,80
946,554,1815,549,598
439,3,0,0,0
295,2,0,0,0
1029,41,32,16,12
2013,1653,2396,1454,1092
578,80,98,33,26
996,131,154,44,22
1008,1124,1310,1064,1118
480,382,724,446,692
807,483,680,452,412
640,316,1392,531,1213
708,633,860,530,453
602,488,860,536,768
597,744,489,545,272
459,316,496,416,466
798,88,130,102,102
694,950,573,886,547
354,258,418,222,194
828,1012,667,913,525
562,540,852,453,356
726,325,1431,518,1373
1081,72,106,78,90
1606,1332,1912,1212,1098
832,577,2240,1027,2247
648,374,716,361,398
635,657,1092,864,1089
733,46,40,15,3
1107,894,1367,906,1114
555,546,904,678,812
632,532,910,680,827
558,296,1053,322,571
490,16,21,14,14
663,640,1059,684,903
395,3,0,0,0
497,5,0,0,0
895,25,10,8,12
699,18,26,18,24
1288,530,1861,644,1078
729,36,34,28,27
318,8,10,2,2
748,1077,711,783,329
417,374,603,354,516
750,363,1251,374,561
1185,1163,2134,1641,1956
616,104,108,42,29
938,80,112,94,113
437,340,805,529,786
654,448,690,372,339
586,28,20,6,9
1816,2384,1448,1505,505
516,43,29,32,6
640,630,980,639,882
1192,738,1076,666,632
871,1205,710,791,384
1383,1070,674,833,553
472,32,47,24,40
876,68,88,30,14
1642,1143,2072,1049,1006
413,309,424,360,298
748,504,973,456,544
830,94,123,81,117
560,826,625,939,621
377,36,44,22,10
824,561,944,504,518
1090,810,1266,722,1056
932,12,2,0,3
313,9,1,1,1
596,70,75,54,52
647,512,888,496,482
802,600,982,774,946
948,841,1370,894,1178
124,48,186,72,118
725,1066,655,911,621
892,742,1146,606,559
1213,88,108,46,32
2671,2084,3242,1444,1116
1215,922,1423,917,1150
1830,139,407,57,72
753,480,907,420,410
796,32,30,18,24
1186,810,1353,993,1199
782,127,154,130,144
160,4,0,0,0
945,1416,819,828,360
808,721,1471,960,1436
348,242,410,168,166
629,594,942,504,462
414,560,361,370,184
838,88,85,30,23
1001,915,1418,751,574
692,400,644,368,376
430,426,314,344,132
906,412,1504,462,716
2237,1926,3446,2586,3194
678,633,972,425,348
1328,554,2338,891,2091
768,304,1311,369,739
1007,850,1186,778,740
756,730,1149,548,534
1045,1039,1796,1408,1750
1180,131,228,135,188
1028,814,1353,1043,1236
344,22,44,10,5
1477,54,58,30,32
755,656,1054,418,362
467,35,28,5,3
649,54,84,32,8
334,32,32,30,35
1311,1221,2172,1581,1912
859,550,784,494,419
2381,907,3186,1080,1677
1168,762,1192,768,724
776,7,0,0,0
618,471,872,377,412
601,464,880,422,442
563,950,573,519,239
1625,1328,2155,940,794
717,588,918,370,336
1006,108,164,112,150
970,401,1412,613,1168
639,33,54,14,6
649,417,1301,562,1265
606,134,72,41,16
606,466,916,606,745
884,882,1634,1150,1536
1055,569,2241,929,1913
714,34,62,26,17
542,42,30,28,9
746,23,24,10,9
737,420,790,554,728
459,636,414,420,192
1338,1214,2090,1518,2000
973,67,242,132,181
524,715,555,797,580
702,88,156,115,151
471,36,62,18,14
726,655,1097,881,1044
684,42,28,26,40
824,730,1308,937,1360
540,251,905,290,458
1038,896,1582,1080,1482
442,418,700,326,308
794,53,85,26,14
1192,1227,1746,1454,1836
703,483,760,410,367
798,485,788,460,441
1185,918,1236,842,1044
1207,1401,892,1230,763
1024,219,130,130,47
792,644,1056,748,934
1091,1106,1666,830,656
796,636,902,533,482
525,16,13,9,6
786,816,948,680,554
431,273,785,276,338
678,757,546,840,467
492,396,656,288,252
863,675,1052,666,880
1160,974,1553,1040,1354
718,807,573,700,285
674,471,983,357,428
949,355,1545,485,846
1314,96,142,46,25
982,46,22,23,11
1091,868,1714,1064,1452
514,60,108,81,116
678,36,52,24,16
791,587,1152,828,1033
854,806,1278,628,589
727,628,942,444,367
794,584,1278,855,1143
973,847,1928,1023,1706
504,3,0,0,0
646,474,747,554,699
688,920,630,655,301
1239,1022,1748,774,728
796,106,158,46,26
628,123,76,70,31
1779,1106,1782,948,966
1707,29,75,23,17
574,470,886,385,344
596,567,998,584,845
892,545,1048,504,502
448,550,484,512,205
750,34,56,22,22
508,358,615,336,288
832,600,934,522,456
422,76,42,58,25
579,35,38,9,5
808,114,168,78,56
587,42,58,53,76
726,597,1039,614,860
600,44,74,42,53
800,10,6,3,1
1656,894,1852,1003,1607
1130,1017,1486,715,574
676,761,515,593,242
2011,1784,2462,1683,2316
1638,1362,2106,1050,880
524,605,411,640,448
440,22,14,18,11
638,584,858,384,354
1132,1060,1795,1403,1692
732,690,1272,916,1246
613,893,622,745,570
809,626,1046,564,554
857,814,1386,1068,1292
364,38,47,16,8
364,0,0,0,2
2040,38,62,30,44
619,12,18,12,18
567,20,24,14,14
600,474,548,357,286
1205,1062,1626,788,590
1817,1102,1617,1276,1606
707,673,465,642,226
3106,3321,1978,2384,1036
1296,1035,1660,744,674
796,650,1116,470,448
350,2,7,2,10
388,11,30,22,20
630,422,700,376,356
392,8,0,0,0
536,77,140,83,135
454,583,411,446,175
709,460,682,404,350
419,480,455,350,162
714,514,732,492,445
599,390,771,362,387
1596,1194,1941,967,886
1603,325,396,111,57
1294,866,1281,610,482
1027,909,1464,738,668
808,758,474,567,275
361,18,14,10,6
386,7,0,0,0
1134,806,1212,696,658
672,65,180,44,35
1676,480,2147,805,1624
920,34,34,24,28
360,206,332,212,188
359,14,7,5,7
990,711,1278,882,1234
462,524,978,660,888
1120,610,2291,982,2478
420,378,564,297,226
814,241,840,272,556
550,236,882,286,542
515,14,9,2,2
605,967,720,1137,724
807,387,1243,437,787
628,793,1264,912,1276
670,652,1060,440,374
704,11,26,14,28
633,680,1066,676,888
386,431,261,328,200
420,410,610,266,241
574,522,987,720,1002
554,507,764,357,288
976,1014,1525,996,1414
436,17,35,7,7
251,81,102,58,85
2359,735,435,635,329
835,788,1160,598,402
378,6,0,0,0
544,574,1070,772,988
244,30,14,21,14
503,517,958,596,812
424,2,2,0,0
740,1201,813,1356,761
295,26,32,12,4
838,552,1052,510,594
863,840,1299,566,514
548,15,98,42,93
843,802,1260,514,404
197,136,255,204,272
424,50,84,26,13
489,59,110,62,55
676,11,21,3,9
381,6,0,0,0
242,39,21,17,11
626,910,554,861,565
386,15,27,14,18
595,27,36,8,16
582,585,942,396,352
612,876,594,706,330
1062,486,1595,524,895
452,407,751,513,636
570,490,716,475,641
612,428,899,590,766
880,740,1179,890,1142
664,8,0,0,0
822,600,1318,438,432
198,99,172,115,174
582,661,440,410,153
531,6,0,0,4
872,715,1092,805,888
786,719,1190,502,402
90,1,7,3,3
540,482,671,468,624
1005,788,1356,1014,1208
610,539,942,402,320
100,1,0,0,0
794,1105,654,609,238
546,465,804,442,468
707,516,889,544,730
504,404,680,314,338
298,27,52,30,44
711,606,1243,814,1208
282,2,0,1,0
1080,204,81,65,15
578,542,1040,702,980
687,714,1215,945,1255
409,10,20,15,26
705,895,602,765,558
489,21,36,25,20
460,443,617,269,216
472,442,691,292,272
860,78,109,24,21
43,4,0,0,0
522,416,780,324,314
448,88,107,46,29
688,428,868,453,532
249,16,18,13,16
872,995,656,733,326
112,0,0,0,0
290,134,104,152,76
796,624,1086,518,474
474,93,76,31,11
958,595,2193,677,1031
619,4,3,0,0
859,864,1254,616,552
697,8,30,14,10
524,49,65,30,30
486,334,618,334,358
594,1066,671,587,223
850,3,1,0,0
441,48,82,37,24
452,251,867,312,735
570,420,742,457,454
820,65,104,74,90
1594,2391,1325,1423,548
784,414,1505,410,686
476,34,44,30,47
721,4,0,0,0
586,524,764,448,377
997,748,1543,1073,1336
689,576,962,522,535
1614,1642,2715,2122,2644
681,16,22,18,19
946,32,38,34,43
502,276,1098,433,1003
670,533,956,548,533
743,950,657,826,591
526,492,873,632,763
536,437,853,556,722
590,595,796,522,506
484,500,678,644,643
270,45,69,54,66
475,11,12,6,6
545,386,916,338,376
534,374,750,408,464
507,42,80,46,62
723,728,1350,1008,1298
543,22,43,30,26
657,510,948,569,810
696,717,1236,550,573
1082,1146,1786,1394,1655
467,446,664,326,284
496,806,471,466,165
604,534,1051,696,1015
1114,684,1193,724,946
1026,874,1596,575,608
414,309,564,320,442
508,480,915,581,780
744,1078,689,1013,608
481,623,1004,784,986
441,598,767,566,756
212,14,36,9,7
522,70,90,84,100
564,617,896,506,359
657,570,976,553,526
524,340,556,314,479
568,526,784,423,260
546,377,610,343,344
356,63,20,17,5
354,1,1,2,1
914,836,1469,1034,1480
620,14,18,6,14
544,69,84,29,22
686,752,1134,831,1126
399,308,464,278,230
368,34,46,20,16
484,58,66,22,31
786,384,1228,505,1047
666,270,1271,490,1196
382,360,423,286,212
456,557,384,537,338
460,43,51,20,12
190,10,6,2,3
851,490,1614,834,1547
702,600,1242,778,1068
627,250,1050,354,825
754,1246,723,1147,755
600,626,934,501,366
1153,731,1108,666,677
424,68,50,46,62
486,2,1,1,0
883,912,1318,566,450
1235,1140,2154,1591,2031
866,743,1719,994,1563
976,655,1026,666,538
638,480,782,524,671
458,358,428,238,256
679,758,1372,891,1202
544,72,134,73,98
532,541,630,590,626
606,526,1002,658,888
372,53,25,23,16
810,1243,703,781,391
683,699,1338,876,1232
546,694,1100,922,1023
911,471,1898,554,812
509,380,766,490,638
529,796,434,424,132
1045,856,1552,1094,1288
344,47,13,17,7
1543,610,2209,779,1836
742,344,1214,444,968
1114,10,0,0,0
630,478,672,442,425
312,41,27,12,11
381,198,372,188,186
847,787,1119,572,474
504,428,766,542,740
540,592,928,694,793
447,474,276,384,188
728,698,1016,562,498
676,722,1244,1003,1178
810,64,108,60,57
825,834,1112,586,428
1008,57,121,43,65
674,709,466,635,314
653,14,23,3,8
1639,1280,2279,1344,1988
452,484,632,446,527
698,709,1142,536,422
598,465,901,608,867
498,357,646,332,315
778,528,960,434,456
119,2,1,2,0
1090,50,54,16,16
416,15,16,5,6
686,6,0,0,0
653,630,798,532,452
582,596,690,533,362
391,4,1,2,0
528,96,158,101,130
415,364,384,294,211
558,556,910,430,362
442,28,85,17,27
552,612,1080,813,1162
530,418,716,540,654
334,24,44,14,10
463,362,566,322,314
300,10,14,6,10
185,12,29,11,8
692,563,1006,694,896
545,40,48,32,52
458,36,45,22,16
492,358,737,512,608
668,469,804,421,418
282,116,100,107,106
566,580,934,581,780
243,3,0,0,0
491,447,967,646,864
372,406,554,262,194
632,576,940,670,863
444,66,106,21,8
430,205,967,379,857
506,522,796,396,329
479,470,768,310,295
460,372,572,258,209
364,283,256,340,227
784,624,1121,412,378
1133,1022,1665,693,640
2118,851,2957,1189,2385
662,764,691,770,576
1300,960,1404,954,1160
722,40,46,50,68
424,78,93,68,32
858,344,1000,446,918
618,5,0,0,0
688,538,1207,758,1207
577,359,782,446,598
644,1468,998,1631,921
803,132,154,50,26
438,731,455,439,214
930,666,1065,814,956
246,2,0,0,1
431,20,24,11,21
540,22,30,24,38
1051,738,1256,675,615
1988,866,3196,986,1527
862,641,1106,852,1142
840,172,221,194,202
983,979,1296,900,1188
570,754,445,500,187
820,449,1675,501,674
760,23,78,14,23
947,914,1580,993,1342
490,751,495,430,189
204,0,0,0,0
538,17,100,18,23
302,362,289,431,278
663,482,874,558,760
435,268,462,352,447
1061,687,1148,647,600
1040,795,1304,554,473
394,376,296,364,240
1495,97,49,41,20
1960,1534,2729,1692,2551
1092,88,91,36,17
817,32,47,20,12
560,461,988,586,1062
744,734,1094,674,606
802,1139,766,1162,809
612,58,24,21,13
1092,137,211,75,46
775,73,91,28,22
348,248,384,262,340
384,138,574,248,519
733,31,32,27,26
782,586,1138,726,1058
580,31,119,44,101
480,358,592,364,514
714,570,882,524,455
992,1377,988,1525,972
404,4,0,0,0
1274,824,1068,706,668
3473,1749,6609,2911,6463
531,37,48,25,8
1198,722,2796,1145,2545
766,632,1243,808,1146
538,6,16,10,16
420,57,81,66,84
433,510,533,349,243
697,378,1291,414,619
367,32,53,32,40
355,534,356,464,201
581,658,922,782,928
396,16,12,6,6
1076,9,0,0,0
1764,745,2772,996,1591
1398,644,376,393,156
542,12,1,3,1
428,52,58,42,23
434,476,830,586,716
450,228,534,224,286
886,992,1584,716,640
248,136,224,146,110
472,392,822,494,783
426,17,63,25,55
560,418,614,400,364
603,739,496,773,468
530,381,1101,566,1078
634,530,830,488,644
414,484,293,365,172
958,481,2019,771,1917
1152,1144,1747,1219,1592
1193,968,1595,1136,1433
180,3,1,6,1
822,39,154,28,23
656,502,1072,682,987
466,20,28,22,22
388,248,398,176,138
1750,130,402,49,57
475,412,714,322,322
710,995,661,730,309
3336,3100,4900,2500,2372
930,956,1658,1305,1605
510,54,88,21,12
412,6,2,1,0
753,906,841,808,760
948,87,172,46,49
519,11,4,2,1
830,1080,715,992,610
660,46,50,22,21
900,786,1220,708,616
515,718,816,752,777
341,14,25,8,18
580,565,865,421,286
800,324,1177,403,1110
534,29,12,18,5
516,737,472,684,496
884,36,44,31,41
632,54,37,40,43
1134,998,1422,970,1136
973,389,1678,693,1500
853,862,1576,1044,1498
390,32,55,48,62
589,38,40,24,39
226,150,216,126,120
161,84,116,58,35
546,68,108,33,26
404,428,628,396,351
201,8,15,10,14
514,427,700,504,684
558,228,929,283,488
616,846,481,587,251
832,1190,936,1112,757
1022,56,189,89,183
584,4,0,0,0
859,629,970,760,830
718,657,1100,433,355
840,321,1281,463,726
372,50,31,38,23
479,44,48,14,6
540,30,40,28,48
330,8,6,4,6
491,37,64,26,16
582,810,455,558,208
768,1000,623,998,571
320,7,36,5,5
276,7,31,8,11
653,624,1006,489,497
860,897,705,801,572
1076,52,90,73,74
932,366,742,366,434
772,34,19,24,14
1318,1316,2297,1661,2082
442,69,82,30,16
820,1087,760,1134,666
606,614,660,454,350
362,385,309,304,283
694,44,67,39,58
349,368,517,397,526
450,337,657,412,674
872,640,1068,602,566
312,24,32,32,42
740,348,1259,298,462
653,38,46,14,14
782,414,1746,480,749
1026,371,1394,473,721
1066,1040,1712,1223,1640
1266,875,1556,1070,1384
880,411,1489,585,1262
632,639,1046,516,409
1010,436,2048,822,1794
665,818,451,667,429
670,312,1126,370,679
732,702,1163,466,420
1185,1010,1723,1210,1408
1181,834,1178,676,598
776,47,190,83,165
392,6,6,0,1
809,737,1202,518,454
634,639,1000,666,872
628,756,1406,1033,1334
421,9,1,0,0
602,581,964,680,968
1052,642,866,598,495
1058,888,1362,560,506
1106,87,99,34,12
832,118,152,122,153
694,704,1462,1016,1402
485,74,42,20,6
622,76,136,78,98
657,6,3,0,0
534,126,254,86,61
416,350,546,333,468
1012,869,1374,902,1150
368,4,3,2,1
583,24,94,72,122
1943,1600,2862,2143,2738
287,174,119,116,66
953,69,76,44,22
467,267,907,161,333
966,624,1064,577,566
600,938,582,634,254
572,52,30,43,23
674,586,837,398,336
465,404,512,346,268
758,1060,667,622,232
698,58,84,29,24
464,10,4,1,0
776,906,1228,590,380
295,18,20,10,4
423,26,50,24,15
385,438,538,422,495
842,367,1442,427,512
496,386,637,400,574
578,438,680,380,338
2572,2393,1396,1708,818
551,51,80,22,8
1402,1045,1724,768,598
789,6,1,0,0
1008,78,188,31,38
662,436,1560,398,579
306,53,38,36,11
382,320,532,322,284
639,125,63,116,91
1052,875,1313,740,503
790,45,165,64,127
411,376,639,268,258
130,52,104,86,114
568,23,46,13,14
298,21,10,7,12
339,7,33,3,6
1862,1470,2418,1536,2235
665,584,962,680,786
1810,68,148,60,156
678,40,12,24,10
959,920,1574,716,588
717,549,1048,648,874
734,502,988,499,530
626,299,1041,256,337
78,2,2,4,3
724,805,449,583,222
712,572,1080,698,984
695,552,926,674,800
492,46,70,28,16
186,3,1,6,2
760,205,648,198,317
627,9,27,10,32
1359,1114,1859,1393,1706
469,448,339,460,338
688,247,982,375,772
428,346,597,346,355
602,71,42,44,9
580,444,662,408,420
664,843,542,607,276
880,924,1486,694,556
154,1,0,0,0
563,436,1038,347,329
648,436,596,408,344
807,728,1196,580,536
673,564,1018,444,408
812,78,108,24,16
401,8,12,6,6
408,11,14,18,21
534,396,634,366,348
817,1258,741,786,347
328,24,19,4,3
977,806,1270,753,914
341,288,413,264,360
1098,376,251,309,226
2061,1518,2246,1369,1404
826,698,1181,910,1140
994,1551,951,1197,570
1002,157,635,344,628
643,20,32,19,25
852,1042,1496,1034,1283
542,549,1374,473,412
541,33,40,26,10
530,468,704,381,289
236,2,0,0,0
471,4,2,1,1
600,110,118,42,26
394,494,335,387,165
1092,1724,1157,1386,812
536,259,867,232,306
539,434,922,586,810
1308,92,240,117,224
1287,1539,2345,1097,1070
773,823,1322,545,458
995,208,331,146,120
508,127,150,118,132
606,454,825,522,650
152,8,18,5,7
566,470,784,335,291
881,930,1489,1090,1382
649,611,1186,796,1123
494,451,615,430,527
427,362,524,229,196
288,8,6,4,0
661,678,1110,876,1098
1260,43,66,50,64
402,300,524,358,518
223,2,1,0,0
1037,1061,1896,878,886
1486,1610,2034,1300,1126
1174,288,474,310,468
1455,1368,1966,1307,1167
1111,1228,1971,1496,1702
1593,322,426,200,162
621,4,26,4,10
681,700,1221,594,530
648,556,880,631,784
496,38,40,22,40
570,27,22,4,3
518,56,50,14,4
356,214,366,184,180
502,609,349,539,306
284,4,0,0,0
314,523,328,348,131
356,10,11,10,12
488,261,962,331,717
388,582,458,628,493
1207,494,616,156,88
1728,2998,2043,3076,2040
1080,1276,1990,909,776
1056,2208,1387,1362,604
717,210,285,91,59
648,415,646,396,422
558,18,30,22,22
430,209,1029,338,969
1138,580,2035,807,1740
388,38,60,54,46
564,625,916,448,347
430,280,1051,445,958
657,63,98,27,21
486,464,360,378,232
462,355,613,291,266
553,519,758,531,611
266,144,201,115,120
1900,633,2345,655,1144
1302,1680,2866,2205,2788
1040,300,556,381,511
507,34,34,26,17
1050,204,240,184,207
580,235,167,248,126
986,380,517,200,123
2764,746,830,237,152
379,64,96,36,26
452,374,773,434,676
324,2,0,0,0
1114,988,1584,729,581
603,56,17,23,23
464,356,602,234,192
442,718,477,492,219
697,841,605,876,523
338,8,4,4,6
639,44,33,31,34
425,22,41,26,37
458,389,674,308,242
692,8,0,0,0
438,62,47,50,26
584,16,19,16,20
1213,167,267,190,240
620,178,623,271,599
516,680,986,522,485
1223,1716,2564,1858,2120
604,426,722,395,393
492,480,332,383,279
785,1220,745,705,296
516,269,972,225,419
397,377,592,310,261
939,342,1216,453,901
531,34,34,12,4
498,8,37,10,14
556,572,872,598,769
1814,3344,2330,3418,2109
781,29,13,4,5
591,643,930,515,486
728,22,22,20,16
1422,173,687,286,557
891,1102,1772,850,782
755,299,190,179,73
716,766,1200,918,1194
466,773,603,905,518
403,38,42,14,7
836,50,149,69,153
822,840,1358,641,572
526,404,674,477,630
421,2,1,2,1
510,598,359,420,189
691,1153,762,1207,802
394,5,10,8,14
204,93,142,75,50
679,550,938,661,901
1305,356,594,204,160
843,882,1529,1028,1277
362,658,530,686,488
1062,1228,1962,1398,1716
673,948,1353,664,584
1024,1197,2103,1346,1721
675,492,758,460,436
588,594,1092,736,945
1060,1069,1657,842,730
673,417,645,378,337
550,410,734,316,340
682,663,1018,520,453
976,1042,1978,1347,1970
1304,223,276,97,46
1144,460,607,174,96
1430,794,3150,1064,2394
956,1346,2089,1038,865
653,376,446,302,368
723,430,534,146,104
380,310,494,260,248
526,462,646,430,554
825,642,1136,824,1032
701,534,775,432,322
527,11,0,0,0
571,498,790,441,378
561,388,898,376,386
650,28,20,16,20
296,18,15,9,15
288,170,270,194,272
1424,1525,1983,1090,841
1008,786,1741,789,926
748,850,1504,564,458
838,200,245,78,62
724,617,1988,632,865
840,1114,1419,816,788
1066,1128,1958,1088,1090
962,1012,633,703,260
366,531,393,334,163
627,1084,630,997,526
564,34,30,10,6
173,122,408,125,138
817,47,48,24,10
524,274,889,384,813
541,22,24,6,10
1052,33,22,9,1
511,398,768,450,598
1392,1480,1670,1236,1038
1393,1586,2270,1338,1382
1082,958,3400,1405,2840
809,996,1528,892,924
1187,1164,1800,1062,976
811,166,224,126,92
718,16,17,7,16
842,372,1349,476,772
702,1110,833,1272,791
424,400,710,302,295
633,384,1554,630,1258
283,8,12,2,0
418,295,632,388,576
300,15,24,7,2
257,9,17,1,2
534,60,35,38,21
623,911,638,941,606
1400,1976,1250,2065,1350
387,8,3,6,3
629,484,823,368,300
158,2,0,0,0
1792,1868,2712,1162,906
713,69,35,32,10
784,146,185,100,65
1175,1330,2162,1525,2000
1344,1495,2178,1311,1032
705,662,1310,582,714
692,32,58,24,32
273,619,232,315,210
345,417,280,317,191
400,34,54,24,18
638,622,919,472,348
254,264,412,214,178
492,252,858,353,635
684,31,100,32,104
303,12,20,12,15
717,735,1082,862,1088
968,741,1144,571,464
1056,201,243,144,118
991,419,722,510,666
1490,1568,2794,1970,2470
546,603,928,463,392
436,124,474,194,342
722,709,1187,810,1066
444,45,52,14,13
424,686,436,439,187
1385,862,1397,1044,1345
635,878,529,540,209
1720,1396,2141,1538,1994
1298,922,1399,770,682
1306,1633,1133,1859,1081
1942,740,2752,834,1455
2138,2084,3636,2724,3242
874,919,1464,999,1242
1214,1539,2216,1080,887
1000,1184,1768,1059,888
729,230,298,110,68
478,77,48,62,47
399,376,562,399,467
511,516,856,614,742
503,378,596,388,476
289,198,280,205,242
714,1125,590,773,342
790,664,1084,701,926
307,184,440,147,165
114,13,35,7,35
337,190,236,136,116
1607,171,314,185,284
763,728,1180,658,674
1784,1574,2578,1866,2528
1292,32,15,18,3
526,88,150,62,52
611,86,121,46,32
608,764,1023,621,601
250,89,134,89,143
446,378,484,352,288
462,326,486,298,268
305,206,314,156,150
738,369,1326,496,767
325,441,338,256,118
462,203,756,226,379
522,488,771,371,288
556,261,917,358,566
1163,67,105,62,89
815,766,1294,690,620
1657,1986,2538,2628,1934
1378,963,3035,814,1164
1976,1948,2950,1214,980
491,522,788,485,656
634,718,1317,613,562
544,189,244,165,212
578,571,848,563,622
1073,1168,1924,1184,1490
524,676,1082,496,391
899,1052,2220,1473,2083
520,554,880,554,696
428,103,146,101,129
1662,121,456,154,403
391,62,134,94,108
926,1316,2106,1071,1030
243,314,468,294,294
462,578,1024,370,339
463,80,144,69,68
667,906,1443,734,684
7756,5221,17840,7419,14198
1054,505,2095,741,1609
451,501,990,602,851
1206,1300,2070,1196,1020
535,678,1037,658,914
857,143,271,181,256
560,678,1076,602,626
392,393,631,306,372
903,310,420,119,78
458,686,1180,948,1144
691,836,1614,1140,1490
229,77,126,92,118
712,622,882,546,489
1002,621,1981,719,1058
553,840,1246,544,448
765,870,1541,822,822
527,112,167,106,122
920,159,519,139,137
820,1068,1976,1394,1816
623,971,598,741,384
1060,1401,2220,1488,1962
851,486,588,182,126
869,936,1511,633,552
819,97,132,67,46
732,302,202,105,38
1093,1612,2332,1036,711
646,455,1866,576,1115
442,163,200,133,79
477,74,116,48,40
254,40,70,34,17
346,17,4,4,1
581,836,1365,974,1256
90,2,0,0,0
2232,2524,3551,2136,1866
796,849,1718,934,1466
746,531,248,163,29
672,280,366,88,64
1108,1192,1680,1060,968
1159,822,2702,903,1539
604,654,1052,539,532
1060,701,2422,716,1355
660,300,394,314,356
642,1458,849,936,430
412,918,515,616,269
844,1122,1580,1038,926
1106,754,2740,832,1325
523,678,1113,653,880
600,694,1220,741,1024
810,1013,1240,1138,1167
920,1366,1886,1540,1610
1096,376,520,408,546
1836,2150,3740,2683,3704
850,1152,1624,1167,1469
528,1017,590,783,410
991,447,791,210,128
1161,1118,650,704,336
422,13,18,13,20
1371,1536,2476,1847,2256
496,255,310,109,56
536,236,365,272,340
758,1254,1728,795,566
663,682,1364,904,1291
703,992,1974,1319,1715
677,966,1376,652,546
1318,253,406,264,356
886,134,185,129,159
566,122,156,126,144
1150,981,1898,929,1016
615,240,660,370,649
624,1330,952,1527,973
592,1290,721,798,379
755,1020,1494,526,412
1230,214,379,256,308
701,204,272,216,267
726,281,448,330,377
456,77,93,22,22
752,905,1847,1192,1476
448,180,266,224,249
288,54,57,13,6
1252,1294,2036,1091,958
503,644,560,178,96
803,874,1454,784,760
740,830,1561,1058,1538
832,15,8,5,2
808,214,459,154,120
872,188,545,176,206
615,16,12,16,20
834,92,308,125,309
1228,838,2920,977,1517
782,976,1264,871,787
1098,1548,2454,1858,2272
524,850,1129,605,512
377,116,173,133,144
923,1006,1746,1222,1512
866,1094,1546,1030,1264
374,1068,672,603,296
432,116,199,150,152
1017,957,1890,1057,1600
1412,180,352,121,106
1120,311,508,118,58
1596,226,350,102,57
1070,798,2671,755,1050
825,1108,1752,1098,1607
961,819,1678,554,542
585,210,346,136,84
761,1729,1004,1196,541
804,1210,1832,840,700
608,168,84,66,18
1242,821,3082,1115,2546
1060,1166,1880,1166,1454
799,254,417,284,393
1122,1142,1766,947,889
644,142,216,102,51
981,188,313,242,276
756,1035,1329,967,748
534,824,1124,497,339
986,286,436,165,131
1638,20,7,3,2
309,14,45,14,69
1461,221,269,85,52
1254,1707,2639,1957,2539
406,242,1000,263,521
892,237,402,294,322
889,1244,1896,1440,1588
944,345,491,367,406
944,36,36,18,29
756,368,525,144,88
1044,1146,1760,1061,1060
1002,123,135,98,132
614,190,278,248,257
478,142,192,48,37
683,795,1409,1071,1308
553,53,249,111,107
888,1275,1710,982,766
658,1090,1857,1447,1712
659,437,246,436,223
1592,1722,2781,1550,1496
3037,3002,4883,2046,1690
788,434,1726,599,1029
1846,1052,1806,936,1058
541,254,403,93,52
588,1547,1039,1812,1029
1003,260,364,185,128
909,1058,1694,916,800
715,536,298,190,67
972,1120,1948,1026,906
652,1575,932,1660,966
736,351,238,113,21
1080,1649,1189,1686,1052
868,1234,1838,934,814
795,1452,2003,1822,2049
717,1202,1551,1364,1669
710,469,1581,484,815
655,1038,1782,1296,1624
2139,2138,3360,2300,2768
2708,2998,4754,3292,4180
938,1208,2434,1630,2315
3058,2234,3772,2094,2070
854,118,250,178,259
761,466,1751,721,1598
704,89,216,62,71
846,1226,1687,782,634
1335,1358,2470,1470,2081
643,230,287,106,56
607,788,1110,660,600
925,1626,1026,1356,922
694,216,382,250,314
512,260,266,106,48
902,1031,1260,790,694
986,202,584,271,523
567,658,1628,888,1483
282,146,144,54,29
166,175,210,133,147
820,262,532,365,496
1118,1281,2124,1143,1040
494,682,1004,702,800
673,846,1468,1106,1316
1951,1138,3854,1103,1343
2910,4635,3071,3904,3090
648,404,1546,420,505
537,703,954,662,769
896,352,642,472,652
968,28,5,15,9
944,998,1733,939,1053
732,597,2440,1134,2312
324,102,210,128,190
1040,1258,2425,1603,2232
625,773,1103,671,648
662,764,1357,994,1256
142,42,88,16,18
162,220,458,185,122
842,1149,1685,1326,1906
489,97,156,53,40
306,131,50,43,18
292,46,60,26,18
1180,1532,1822,912,685
5240,8836,6121,9087,5470
573,772,1078,486,454
755,752,1299,780,1006
898,462,518,150,81
896,1144,1886,1443,1741
788,266,298,142,93
813,134,478,192,436
684,168,192,94,72
1957,1367,5378,1284,1746
742,946,1670,1074,1225
1091,1446,2093,1398,1632
295,53,217,133,118
1182,976,1464,883,910
200,272,332,210,156
1034,2270,1588,2440,1575
276,630,469,751,530
273,1,1,2,3
1284,401,242,343,223
4555,7018,4458,6891,3960
440,102,376,188,373
795,1111,1610,742,629
910,600,2392,1000,2343
619,253,183,248,183
530,238,285,110,68
1000,1182,2188,1498,1992
1292,1675,2652,1924,2322
1104,1116,1792,1069,955
757,216,252,198,228
1068,1268,1772,1116,1025
444,535,954,712,902
632,830,1248,606,461
600,804,1207,694,590
652,820,1351,884,1095
1669,2028,3104,1335,1112
8222,15391,8858,13445,7991
528,514,1586,742,1474
774,26,39,26,26
1052,1270,2012,1426,1792
1280,2155,1306,1890,1182
1013,645,2350,1157,2074
652,234,253,214,227
500,191,94,177,102
701,731,1016,609,583
614,338,464,394,438
660,674,1178,634,988
1406,82,106,54,32
922,94,115,99,128
789,1097,1610,1136,1415
673,892,1756,1144,1674
559,837,1228,530,441
888,1072,1800,1298,1654
562,1252,730,772,261
410,526,884,636,782
482,96,147,102,104
490,105,53,41,10
512,219,310,95,54
362,104,136,90,152
492,375,194,348,234
1930,2329,3470,1779,1454
728,260,428,287,353
580,694,1236,488,436
141,148,227,150,146
613,930,1384,647,572
498,511,791,486,390
399,502,805,592,821
514,20,26,10,12
