904,908,404,418,153
856,960,1226,1055,1728
420,475,187,181,68
527,17,3,2,0
426,7,2,0,0
752,50,10,0,0
910,586,414,122,100
600,26,2,0,0
648,542,502,452,330
858,35,1,0,0
858,24,5,0,0
722,86,63,84,58
882,36,8,1,0
1124,735,495,206,124
746,22,10,0,0
1831,73,11,1,0
974,1663,1560,2118,1985
432,29,2,0,0
1232,46,6,2,0
956,58,6,0,0
704,16,2,0,0
652,657,246,252,128
830,30,12,6,12
961,1011,930,1156,1146
692,376,255,72,48
152,5,0,0,0
403,240,224,162,150
1334,729,918,457,431
1168,64,18,0,0
774,37,18,32,28
570,116,70,70,26
802,16,8,0,0
806,714,339,364,184
782,944,684,620,544
791,40,6,0,0
649,580,390,158,112
489,488,410,388,382
983,1084,988,784,740
760,78,66,130,176
962,34,4,2,0
474,391,427,156,184
664,663,506,474,442
723,34,39,38,77
724,52,10,2,0
792,46,8,1,0
983,1312,803,1011,1476
934,27,6,0,0
539,78,115,72,79
986,29,2,0,0
685,25,6,0,0
1022,38,4,0,0
730,20,6,0,0
518,464,510,223,202
775,769,564,409,340
531,554,202,323,173
556,13,2,0,0
898,669,431,338,202
1511,4399,2658,9588,8097
803,160,119,187,171
949,1030,744,774,674
1091,1024,705,660,548
894,37,4,0,0
654,26,25,78,148
2260,112,24,1,0
742,24,13,6,6
946,208,172,274,301
824,954,1055,1163,1361
1011,50,8,0,0
779,742,443,526,273
552,620,790,1163,1504
867,114,68,64,82
532,29,0,0,0
698,26,4,0,0
748,80,49,66,52
579,27,2,0,0
492,20,6,0,0
862,1188,1037,1126,1086
863,28,2,0,0
1186,47,6,0,0
646,115,154,186,228
895,1091,990,860,942
948,44,5,1,0
965,1257,549,640,295
1065,881,829,572,464
639,92,85,327,488
1054,740,586,298,179
690,564,400,330,304
1100,619,534,117,61
873,700,597,394,298
878,995,1359,1066,1376
900,824,698,688,717
459,12,2,0,0
608,12,3,0,0
940,54,9,0,0
1198,33,4,0,0
1096,1237,1370,1548,1852
1061,819,515,278,184
1421,48,6,0,0
1514,2018,1559,1300,1029
443,13,1,0,0
731,15,1,0,0
850,782,720,546,419
722,28,4,0,1
1203,915,981,361,285
1380,102,15,2,0
641,20,3,1,0
625,829,480,894,588
537,71,74,90,130
870,43,8,1,0
589,85,40,36,24
1108,51,11,1,0
330,11,1,0,0
846,548,312,107,45
770,19,8,0,0
908,58,6,1,0
174,6,3,0,0
1136,71,15,0,0
1240,40,22,18,35
1297,28,4,0,0
1096,804,305,177,55
1474,894,846,212,168
1130,859,586,249,156
976,1160,451,774,383
932,1008,836,851,828
942,1528,1324,1685,1587
890,816,561,305,271
482,12,2,0,0
572,20,3,0,0
771,16,6,0,0
604,390,264,206,84
1132,57,9,0,1
854,30,0,0,0
1258,51,4,0,0
1178,232,338,828,1968
746,18,5,0,0
481,30,5,0,0
1060,956,726,569,506
520,13,3,7,4
716,854,722,1102,1230
865,27,5,0,0
525,557,448,496,552
1025,48,5,1,0
710,39,4,0,0
519,21,2,4,1
757,17,4,0,0
588,19,10,2,0
687,676,506,378,301
780,1046,874,1038,1172
1006,72,16,0,0
930,870,549,380,251
766,26,8,4,0
1098,39,4,0,0
816,791,308,184,54
822,168,140,412,716
870,34,4,0,0
1052,663,676,156,126
896,616,390,182,100
922,1032,815,888,713
952,32,4,0,0
1649,1367,884,485,368
354,28,20,20,12
956,1204,1214,1921,2526
650,664,276,266,101
746,12,3,0,0
1398,1066,744,301,204
1712,2538,2358,3982,4136
1225,614,608,113,55
772,534,400,214,118
1179,45,4,0,0
952,67,9,0,0
878,52,11,0,0
916,24,2,0,0
417,17,12,4,3
1168,1386,1916,1525,2477
918,56,7,0,0
658,18,2,1,0
1009,970,794,572,470
1262,1080,704,556,404
711,51,6,0,0
824,117,63,42,32
764,43,2,0,0
535,515,487,498,512
785,46,6,3,0
1359,32,4,0,0
755,46,8,0,0
952,38,5,0,1
1012,49,12,0,0
881,43,0,0,0
728,20,8,1,1
649,942,972,1262,1390
656,14,2,0,0
924,1475,586,1501,928
876,44,28,72,104
856,34,9,1,0
860,110,133,404,784
584,152,164,260,304
504,54,31,24,15
1026,1130,843,648,578
816,24,4,0,0
428,20,4,0,0
1040,30,2,1,0
917,32,6,0,0
1023,636,642,217,193
1388,1440,1043,880,588
1064,52,5,1,0
745,941,333,546,248
247,25,14,13,11
483,592,455,702,659
776,772,454,208,106
738,346,262,52,40
310,34,25,72,92
819,52,8,0,0
779,36,7,0,0
1104,31,5,1,0
992,56,8,1,0
772,85,68,230,389
1150,1080,1542,1476,2037
284,20,20,11,7
1001,38,14,0,0
868,1114,1460,1282,2480
948,888,325,142,55
600,11,4,1,4
1492,97,13,1,0
882,900,633,598,434
693,24,4,1,0
650,114,36,74,47
1264,1231,1086,515,537
440,11,0,0,0
1125,40,12,0,0
1011,1038,844,770,770
911,1037,984,1198,1378
430,36,28,24,16
662,16,2,0,0
808,614,430,308,165
694,58,92,89,95
482,66,5,0,0
1133,67,11,0,0
1322,1114,956,693,578
809,23,4,0,0
676,670,474,305,234
623,30,8,1,0
874,782,1063,580,770
663,548,480,351,326
1174,1898,1626,2596,2683
849,702,548,320,261
388,11,3,0,0
924,32,10,2,2
849,34,3,0,0
537,476,494,779,940
1117,66,8,1,0
1050,982,714,468,384
821,25,6,0,0
992,262,180,170,134
366,181,177,77,104
460,7,11,0,0
564,26,8,0,1
774,553,485,152,142
583,11,9,2,0
642,642,610,558,550
598,18,8,0,0
488,38,38,90,142
409,236,191,98,92
454,40,12,22,5
458,8,2,0,0
396,20,1,0,0
770,32,10,0,0
663,450,295,227,194
512,586,400,527,435
732,20,3,1,0
1444,166,114,64,56
990,1114,1429,1184,1763
304,16,0,0,0
2476,3078,2313,1730,1248
1063,43,18,0,0
1162,1252,1064,1398,1216
588,795,628,530,438
3069,83,21,1,0
2931,176,32,1,0
774,62,5,1,1
455,450,263,675,426
451,12,4,0,0
1110,34,8,0,0
796,12,4,0,0
1992,562,524,900,1310
545,13,6,1,0
1048,38,6,0,0
941,609,386,166,98
685,62,32,178,183
473,8,1,0,0
731,687,528,502,410
1023,68,32,48,29
938,22,3,1,0
1772,2313,2022,2492,2538
2286,308,377,406,616
2646,1407,1119,178,80
346,24,15,6,4
1072,109,41,53,31
1149,868,538,310,189
2218,1249,1063,205,106
1030,1044,742,694,694
1706,151,44,81,35
1882,114,26,1,0
669,636,491,450,396
744,53,7,0,0
748,29,6,0,0
623,56,15,40,16
637,34,32,38,32
1064,905,1075,589,684
537,42,24,48,37
676,106,51,93,50
1624,41,13,0,0
1590,52,8,1,0
456,16,2,0,0
782,44,8,1,0
364,249,176,122,86
568,346,217,100,62
110,4,1,0,0
1000,1312,1206,1893,2222
670,32,14,33,96
514,139,110,40,18
785,40,6,1,0
1090,745,827,257,226
640,559,525,330,284
678,48,1,0,0
2028,2288,1168,1736,948
870,27,4,0,0
471,708,420,762,524
808,555,352,102,46
504,37,27,14,18
708,793,292,340,146
1454,235,244,896,1850
598,86,36,31,12
792,42,7,1,0
802,106,94,29,43
699,40,6,0,0
810,1185,553,1481,905
1820,102,22,0,0
893,39,7,0,0
555,18,26,95,184
2652,152,54,0,0
2636,97,17,0,0
768,31,4,0,0
890,29,2,0,0
610,527,394,256,538
906,742,1059,649,730
2105,311,157,403,316
579,32,10,1,0
636,80,70,138,168
602,14,0,0,0
829,63,57,45,80
728,518,367,212,112
1005,30,7,0,0
1699,45,8,1,0
894,110,171,161,333
959,44,7,0,0
885,68,67,35,43
690,29,3,1,0
734,36,3,0,0
1938,110,22,0,0
1498,48,8,1,0
1010,43,14,0,0
786,22,4,0,0
1486,1507,1064,736,598
912,1163,1337,1934,2411
501,286,260,255,246
1150,1264,1039,832,664
1855,1097,1209,449,360
2462,1593,1477,396,280
980,67,44,24,31
836,666,452,294,232
986,64,16,2,0
1130,26,4,0,0
801,43,4,0,0
1189,49,11,24,52
2181,133,20,1,0
826,299,283,736,1123
1177,1331,1439,979,1496
1388,355,434,541,889
911,33,5,0,0
830,196,127,524,535
906,58,44,86,119
845,27,5,0,0
996,1088,876,960,854
746,107,170,45,71
852,15,3,0,0
1065,1170,1618,1798,2822
710,939,489,1398,1120
721,517,167,119,37
1270,47,8,0,0
1153,978,654,486,324
1212,33,3,0,0
783,135,89,61,37
824,36,6,0,0
779,608,418,142,80
1602,1446,1558,1087,1287
910,556,491,251,280
984,595,304,116,50
1226,405,169,252,117
902,36,10,0,0
1343,2275,1023,2361,1522
1492,93,16,0,0
1114,1352,596,1261,879
1088,603,611,200,200
1519,2162,1875,2521,2639
822,405,264,84,31
814,499,189,61,23
1138,234,199,53,57
1246,975,854,323,343
766,891,370,644,339
756,49,3,0,0
898,48,5,1,0
708,16,6,0,0
1127,38,2,0,0
1250,106,121,109,150
1112,34,10,0,0
1004,273,165,788,833
788,23,3,0,0
1128,40,8,0,0
589,33,3,0,0
1163,53,4,0,0
352,8,0,0,0
676,611,255,173,34
970,428,336,72,26
978,132,121,270,416
1128,1340,1306,1676,1848
1458,1536,1872,1354,2126
947,838,492,214,126
436,25,8,0,0
1170,70,10,1,0
252,23,2,0,0
683,36,5,0,0
670,528,384,297,244
960,132,150,120,128
1261,68,3,3,0
642,144,50,76,28
1054,68,5,0,0
732,24,9,0,0
836,339,322,93,53
1232,76,11,0,0
822,47,7,0,0
750,138,138,142,168
88,11,1,0,0
640,502,197,127,51
1433,37,23,2,10
837,48,6,1,0
1783,1939,2830,1781,2610
905,745,916,580,711
1092,1058,790,758,699
774,476,314,70,28
698,35,4,0,0
818,796,246,312,153
753,26,7,0,0
1334,58,6,0,0
704,16,1,0,0
1121,1123,840,706,680
818,933,461,780,397
962,748,561,586,486
1168,168,79,131,72
1516,1093,1463,941,1352
682,25,5,1,0
1108,990,343,368,150
959,42,8,0,0
1357,69,6,0,0
1014,75,9,3,3
696,18,3,0,0
131,6,1,0,0
1056,1178,464,752,424
961,26,3,0,0
1006,212,210,420,1627
766,35,9,0,2
1468,93,133,97,174
1314,60,18,0,0
923,181,79,263,280
586,102,84,33,20
1107,47,10,0,0
1216,127,230,404,1002
889,50,4,1,0
1428,1148,1626,1009,1239
608,29,34,80,255
981,601,346,110,42
955,63,34,51,50
1098,865,826,497,555
1162,319,148,260,239
632,38,5,3,0
1670,80,14,0,0
1328,41,17,0,0
1074,31,7,0,0
990,972,1197,1180,1838
622,20,1,1,0
1220,41,10,0,0
862,130,124,116,97
1295,116,13,1,0
824,973,469,1380,1069
1298,62,11,0,0
576,18,4,0,0
736,732,686,827,895
1082,259,169,198,299
1577,1317,1599,940,995
1114,45,9,0,0
1203,831,1048,411,349
958,239,226,98,93
912,134,143,97,130
1650,1752,2387,2364,3843
897,462,518,229,246
694,26,4,0,0
804,476,156,46,18
666,765,303,412,202
826,87,68,30,25
839,37,5,0,0
1045,1064,659,675,658
728,73,105,182,444
1447,1966,1759,2600,2496
966,51,54,21,20
1065,1156,1048,1384,1541
880,194,110,198,252
873,23,4,0,1
1004,944,1009,632,784
1164,1527,1324,2242,2448
1436,84,17,0,0
986,51,12,0,0
156,6,1,0,0
1137,62,8,1,0
534,25,3,0,0
962,44,4,0,0
1026,42,4,0,0
1318,74,15,2,0
818,197,104,350,349
1152,1171,541,660,264
1024,38,6,0,0
1598,1192,1580,920,1185
1524,1906,2653,3190,4785
1134,34,14,0,0
705,616,460,430,319
1177,1153,814,637,384
1075,95,6,0,0
1424,914,723,319,202
1519,82,16,1,0
646,17,2,0,0
607,18,3,0,0
1184,1270,496,670,364
944,21,1,0,0
640,179,77,89,62
1430,1328,1712,1255,1592
1072,46,0,0,0
1024,48,8,0,0
626,67,88,24,33
946,146,177,228,463
627,33,11,0,0
1040,954,566,303,216
467,34,12,6,3
942,602,350,144,70
1062,1225,1542,1284,1921
1143,506,365,87,47
1049,686,560,272,222
1217,64,12,0,0
586,20,4,0,0
1198,893,698,554,406
1256,77,92,23,20
938,139,142,137,186
1052,61,13,0,0
1066,1234,553,541,226
810,194,118,426,418
982,51,37,44,59
804,49,43,47,69
838,25,4,0,0
420,8,5,0,0
1370,52,5,0,0
1190,645,549,112,70
501,20,4,0,0
875,34,3,0,0
1124,764,540,245,164
668,38,22,18,17
1622,43,11,0,0
746,49,2,0,0
818,23,4,1,0
668,686,264,265,124
719,34,5,0,0
972,1091,1523,1841,2761
776,37,6,0,0
812,36,4,8,2
658,128,73,227,161
1270,1082,835,514,335
1920,1414,1862,1078,1383
920,31,3,0,0
978,38,6,0,0
758,600,452,520,414
538,493,230,337,183
1102,837,892,686,816
1310,859,678,396,276
3144,2676,3788,2481,2989
1331,1771,845,790,288
568,30,4,0,0
1046,1312,1768,1754,2727
1100,57,30,44,62
864,62,12,0,0
638,846,696,825,763
883,1244,1203,1542,1932
304,50,21,17,8
426,20,0,0,0
1575,1042,646,212,66
868,85,61,236,299
970,434,268,147,118
1379,55,4,0,0
794,46,8,1,0
3894,5442,3735,3782,3718
1955,93,20,0,0
1083,118,88,46,52
1050,46,9,0,1
872,47,15,1,0
976,48,9,2,0
863,1242,1024,678,500
932,116,83,35,18
754,801,302,363,253
1200,930,1027,637,640
1181,47,6,1,0
893,52,19,15,14
586,36,6,0,0
2722,120,16,2,0
1160,44,8,1,0
1258,294,280,181,208
1768,2633,1318,2267,2549
1054,198,140,44,6
923,953,715,316,135
512,52,7,0,0
565,16,6,0,0
968,62,5,1,0
1196,79,22,1,0
779,56,12,0,0
986,1094,1120,1220,1369
2002,84,18,2,0
1003,56,0,1,0
1287,1161,469,489,168
1818,120,35,0,1
2148,3312,2716,3644,4017
1840,169,228,169,254
2139,70,16,0,0
1032,46,8,1,0
934,20,8,0,0
966,1162,440,504,194
1025,76,18,0,0
1482,1172,448,261,109
757,19,3,0,0
633,126,128,119,182
1247,1535,757,2133,1761
1065,208,188,506,788
1141,65,11,2,0
1120,1070,409,388,191
2600,138,35,2,0
1286,1341,665,1237,689
2782,3720,2383,1150,572
789,1280,1086,1328,1488
601,216,123,249,202
1299,1570,1102,608,430
1246,1778,1518,1550,1352
701,91,66,32,29
1274,49,10,0,0
587,28,4,0,0
1310,53,10,1,0
580,609,430,267,166
1149,854,646,616,579
797,109,43,54,17
1150,946,666,382,270
1065,752,534,216,158
1302,57,10,0,0
1590,1274,1827,690,666
788,126,63,206,239
785,32,2,28,78
1865,144,16,1,0
1112,57,12,0,0
1091,54,10,2,1
683,50,8,0,0
1200,1687,1265,1352,1062
779,64,10,0,0
1232,1080,632,195,84
629,111,82,46,22
926,100,60,70,100
1174,995,1106,799,763
1257,71,14,1,0
586,38,4,0,0
1390,116,15,0,0
1431,1618,1533,2036,2074
1585,72,20,26,28
1028,1335,919,564,421
906,25,2,0,0
1124,366,401,1063,1616
807,1102,898,914,686
358,14,1,0,0
714,79,24,50,40
480,82,120,251,374
600,31,2,0,0
1016,862,438,563,215
890,784,363,556,323
1669,1286,1011,614,436
1041,52,8,2,0
1252,231,86,94,67
2040,3422,4597,5001,6949
1854,104,24,0,0
502,10,5,4,0
973,1245,455,772,500
1090,1008,1268,602,590
1018,282,371,332,423
963,22,20,5,33
1342,83,30,0,0
1028,1236,1098,1055,1210
614,29,5,6,3
968,36,0,0,0
847,34,6,0,0
867,642,350,196,116
1370,130,70,94,106
1916,1939,2030,1234,1460
1732,44,14,0,0
1367,48,10,0,0
1172,57,8,0,0
1278,56,8,0,0
817,16,4,0,0
904,39,4,0,0
1273,1804,1504,1250,1205
850,71,14,2,1
703,30,10,0,1
948,228,230,568,833
862,1082,825,706,556
866,228,134,124,124
1067,966,755,560,420
983,66,8,0,0
979,109,125,81,96
1095,36,14,0,0
1034,28,8,0,0
891,226,98,415,366
1098,456,287,1303,1424
807,49,5,0,0
741,26,2,1,0
820,677,524,225,170
859,1621,1307,3098,2710
872,2083,976,2529,2172
849,1768,1033,2810,2217
1917,124,24,4,0
566,22,8,31,30
752,39,3,0,1
623,18,4,0,0
378,19,1,0,0
715,32,4,1,0
1431,875,351,186,91
935,50,10,2,0
1093,1389,1317,1606,1699
1721,1407,2100,1073,1582
1397,1392,1791,2010,3809
1166,1566,1274,1478,1532
915,30,10,0,0
1658,1683,2197,899,994
1025,122,109,98,130
1142,120,114,191,422
1022,334,332,578,870
1245,196,18,43,10
1065,78,11,1,0
916,219,215,106,130
671,17,4,0,0
689,57,8,0,0
1021,44,4,1,0
554,458,379,246,220
1183,823,560,463,268
896,25,8,0,0
944,104,60,43,60
467,36,6,0,0
1308,100,7,1,0
1340,1005,707,358,288
1127,646,365,1048,1157
1206,1314,1020,847,866
665,30,4,0,0
1049,78,100,96,134
830,1522,1588,2616,2980
1006,46,11,0,0
1218,1130,636,261,190
922,978,335,425,227
1250,66,9,0,0
739,81,74,120,197
742,791,413,1171,1026
2142,1716,1824,991,1193
1458,1246,775,398,229
1409,1599,712,1158,552
1840,237,401,948,2531
1000,84,13,0,0
1416,2989,2893,4089,4763
1002,76,12,1,0
967,332,58,1,0
580,38,9,0,0
1038,36,7,0,0
1168,1424,692,1025,551
686,45,13,2,0
835,28,1,2,0
1062,88,14,1,0
663,20,2,1,0
850,106,82,92,113
830,767,958,721,1201
745,40,3,0,0
714,52,3,0,0
894,326,346,43,17
589,344,246,134,81
2245,54,14,1,0
1434,38,12,0,0
1570,62,19,1,0
1112,147,201,300,629
708,126,86,28,19
1004,59,4,0,0
788,44,8,0,0
841,55,6,0,0
729,52,3,1,0
1509,336,544,1090,2331
2054,2973,1406,3452,2207
594,70,22,30,38
931,1104,916,1150,1050
940,234,108,24,12
1079,1004,874,828,956
947,34,4,0,0
2040,1244,1009,180,56
1182,59,2,1,0
850,44,3,1,0
709,20,4,4,18
1022,68,16,0,0
952,328,196,90,40
1124,1974,1518,1744,1440
872,1030,900,793,553
899,33,3,0,0
833,18,4,0,0
610,54,32,39,72
882,40,26,18,24
1202,42,5,0,0
1882,130,23,20,22
1280,53,3,0,0
1426,62,7,0,0
2596,3186,2244,2204,1674
1406,54,21,0,0
1166,1065,776,426,204
980,54,4,0,0
904,48,9,0,0
796,58,18,2,0
722,27,3,0,0
992,68,14,2,0
1025,1462,1166,1270,1109
822,62,6,3,0
1176,58,12,2,2
699,97,104,98,90
570,34,4,1,0
884,60,14,0,0
1046,1098,666,416,310
811,62,8,1,0
648,203,74,210,149
946,45,6,0,0
578,18,2,2,0
898,42,6,0,0
848,97,82,220,425
1278,1096,813,186,128
1013,54,2,0,0
985,37,6,9,2
1464,57,22,1,0
916,922,818,440,257
1236,1058,716,320,204
544,20,2,0,0
556,21,4,0,0
828,1121,994,1322,1500
647,57,12,3,0
991,40,6,1,0
765,20,9,1,0
450,15,2,0,0
697,166,184,544,891
689,30,3,0,0
989,64,9,1,0
576,144,100,192,214
881,1371,1206,1504,1533
976,682,387,98,35
642,132,114,52,30
762,204,218,506,1026
1155,40,12,1,0
984,902,572,320,178
572,490,362,158,76
1314,1356,1648,901,1075
865,68,12,2,0
506,112,78,98,76
1133,125,18,13,4
1149,154,136,96,75
460,20,2,0,0
852,84,68,136,220
768,56,41,126,224
655,14,2,0,0
749,186,228,345,548
558,433,453,205,168
821,162,117,114,122
829,146,269,80,48
618,27,2,0,0
931,46,52,50,67
845,927,576,262,119
754,68,8,1,0
483,18,5,0,0
946,27,2,0,0
1186,337,272,166,132
1177,80,14,2,0
628,200,198,416,648
752,37,4,0,0
558,22,2,0,0
696,790,784,702,780
885,1597,1628,2201,2754
331,9,0,0,0
750,54,9,0,0
1054,96,70,52,46
684,26,3,0,0
915,30,6,0,1
882,1216,1160,1428,1614
980,52,7,1,0
826,917,824,598,533
988,1207,907,614,513
920,46,8,0,0
1021,880,562,206,119
887,90,15,12,10
722,37,14,1,0
714,38,4,0,0
1667,84,8,0,0
1733,1822,1332,426,261
431,18,3,1,0
727,941,403,1358,1625
956,224,162,58,21
960,1503,1434,2274,2539
660,509,336,438,1011
766,53,14,0,0
648,16,6,0,0
800,29,3,0,0
545,24,2,0,0
1132,65,12,1,1
742,112,92,188,268
897,28,4,0,0
1014,50,7,0,0
856,60,7,1,1
1442,1308,1082,610,460
618,42,4,0,0
694,22,6,0,0
784,60,8,1,0
995,35,11,0,0
953,1031,852,701,638
4168,4230,3871,2686,2138
442,16,4,0,0
704,844,619,586,587
868,56,10,1,0
798,475,573,126,94
998,1098,766,540,422
654,28,2,0,0
1098,48,10,0,0
1482,239,211,646,1140
858,46,26,20,14
1787,2454,2370,2879,3164
1166,420,396,686,1000
643,620,422,232,178
1916,638,521,624,575
730,172,137,176,236
764,966,834,669,501
713,483,514,190,127
1062,1160,980,782,664
610,155,182,366,534
1098,1072,775,392,288
756,702,554,212,104
874,1077,802,612,432
760,83,20,1,0
2440,3272,2364,2016,1662
936,48,4,0,0
2838,126,24,1,1
1676,2475,2088,2316,2026
603,40,5,1,0
924,54,13,1,0
503,30,5,0,0
709,226,240,244,508
724,22,16,3,27
744,74,40,14,6
706,47,7,0,0
813,26,6,0,0
780,38,6,0,2
708,188,128,110,65
988,1701,1478,2302,2530
818,48,4,0,0
1431,80,19,0,0
1006,1014,738,350,292
1983,3906,3630,5174,5770
1350,104,18,4,0
1454,1686,1214,691,514
460,63,68,110,234
963,48,5,0,0
1441,1412,994,530,401
996,1122,999,647,506
1037,42,8,0,0
1020,1640,1504,2438,2818
1016,1219,844,556,415
718,137,41,198,194
934,33,6,0,0
628,828,876,772,782
803,173,156,211,236
794,166,132,96,69
1517,2538,2414,3966,4686
582,54,34,22,16
972,152,106,128,170
2604,4044,3374,3690,3312
1220,1568,646,519,232
1589,81,3,0,0
1208,57,36,0,0
863,1102,892,577,344
851,28,6,0,0
801,40,3,0,0
962,69,16,0,3
786,48,8,1,0
840,178,165,534,784
674,1068,353,911,446
906,1219,1154,1307,1543
902,74,5,0,1
380,243,94,25,4
805,58,5,0,0
418,62,46,158,219
535,32,6,0,0
2460,2838,2738,2525,2822
1202,72,8,1,0
748,70,12,2,1
579,70,16,2,0
1698,1888,1226,443,234
1067,2272,2080,3460,3906
822,242,123,399,241
1215,946,592,241,98
908,1014,693,594,453
967,1112,425,308,104
819,70,6,1,0
920,1178,742,678,478
953,66,16,0,0
1107,1324,1007,832,934
1022,1273,812,479,340
1028,51,9,0,0
1514,118,18,2,0
1476,1810,1539,1104,851
1565,73,10,2,0
653,25,8,1,0
894,29,3,0,0
1168,61,6,0,0
835,218,243,449,794
943,1052,736,582,448
1098,48,8,0,0
954,1336,1050,1133,1024
840,644,410,252,244
760,665,969,573,686
945,1430,1182,1523,1684
940,1976,1848,2798,3229
796,38,1,0,0
734,203,126,62,34
923,1184,918,880,748
993,62,21,2,0
777,24,13,0,0
1120,1358,891,641,473
1672,129,32,0,0
846,1430,1210,1493,1432
1272,1294,886,426,271
850,1106,1143,986,1064
1046,72,10,1,0
1571,71,6,0,0
1016,46,6,0,0
1046,1526,1282,1448,1656
678,27,5,0,0
976,56,22,2,0
847,32,6,0,0
665,227,131,208,136
1012,1070,442,317,163
666,26,2,0,0
834,34,8,0,1
1540,46,5,0,0
1528,2060,1508,1548,1738
631,52,7,2,1
1490,114,18,1,0
912,118,63,14,7
915,85,6,1,0
804,28,6,0,0
1008,776,446,162,58
604,32,4,1,0
596,109,49,196,286
540,54,46,56,78
535,712,806,1256,2096
907,1117,825,930,846
820,606,766,349,480
979,79,12,2,0
684,24,4,0,0
838,66,18,1,1
1186,473,346,356,389
468,44,10,0,0
810,622,682,271,256
612,192,120,75,42
788,20,3,0,0
765,40,7,0,0
386,18,5,0,0
805,28,6,0,0
975,44,6,0,0
382,34,6,0,0
482,727,340,363,390
556,26,4,0,0
521,16,7,0,0
755,294,227,420,532
387,478,327,179,123
846,73,5,0,0
514,646,609,702,640
409,214,194,407,528
284,200,118,28,6
296,370,289,241,204
678,17,4,3,0
854,86,56,150,232
490,157,124,154,131
389,27,10,1,0
371,372,276,158,96
104,6,1,0,0
602,482,276,88,51
397,670,549,636,791
569,624,396,204,144
414,28,8,1,0
526,19,5,0,0
522,478,300,169,78
437,150,169,418,637
502,557,364,292,428
481,26,2,0,0
858,1833,1642,2470,2444
888,284,199,132,103
667,206,196,290,304
580,712,877,796,1166
514,392,254,80,32
822,944,846,556,549
350,270,152,72,16
456,20,3,0,0
637,30,6,0,0
306,45,5,0,0
840,41,4,0,0
602,17,7,0,0
928,1094,922,577,428
842,1150,1047,952,920
484,78,74,227,317
558,21,3,0,0
540,21,4,0,0
484,20,2,0,0
496,134,106,90,66
810,1131,1112,1042,1108
370,10,2,0,0
330,16,4,0,0
339,328,326,187,131
751,874,955,446,406
332,8,4,1,0
474,68,49,62,56
788,64,10,0,0
592,1900,2290,7572,14028
530,18,5,0,0
391,694,360,1048,918
332,9,1,0,0
410,26,7,0,0
523,36,10,0,0
190,54,44,120,186
1340,2076,1838,2696,2858
374,22,4,0,0
915,726,514,243,128
347,392,383,195,144
626,650,414,204,206
1218,1338,1046,1214,1884
477,22,4,1,0
776,107,64,278,286
610,57,8,1,0
692,882,393,336,180
388,34,29,36,38
1356,90,12,0,0
464,376,247,98,50
492,361,268,84,49
542,24,7,0,0
839,56,8,1,0
494,38,3,0,0
310,48,44,25,46
447,20,6,0,0
356,12,1,0,0
412,570,598,430,416
488,16,3,0,0
436,484,388,196,106
456,58,0,1,0
1234,1507,546,280,139
740,962,660,408,306
611,779,650,419,356
732,22,5,0,0
526,26,7,0,0
520,64,44,30,12
799,1566,1335,2260,2474
597,36,4,0,0
1089,42,7,0,0
744,252,187,161,130
864,751,434,142,48
710,618,523,318,218
463,442,312,178,114
567,47,8,0,0
454,16,2,0,0
509,613,428,151,62
414,14,15,18,30
735,34,6,1,0
394,24,4,1,0
957,52,8,4,20
340,519,731,512,923
705,950,734,580,569
528,30,6,0,0
838,58,12,1,0
627,84,74,42,40
614,27,10,0,0
723,177,124,49,36
528,24,9,0,0
310,334,270,300,303
404,12,1,0,0
819,803,590,257,151
390,440,390,264,208
499,448,337,166,86
348,471,195,210,118
595,14,3,0,0
754,1188,1098,1320,1366
770,30,4,0,0
655,203,172,149,154
553,179,202,484,634
633,1098,924,1012,1030
614,545,376,196,86
526,43,42,33,36
345,30,35,16,11
667,41,8,1,0
668,911,1221,823,1164
360,30,6,0,0
753,664,458,232,138
598,82,110,200,335
612,698,540,372,283
1638,2079,2337,1680,1809
468,494,354,194,130
286,22,4,0,0
412,196,178,155,100
504,18,1,0,0
529,36,6,0,0
1240,55,10,0,0
480,222,164,208,217
402,10,4,0,0
576,50,10,2,0
565,109,154,474,826
511,69,107,69,96
514,794,602,541,516
595,1022,809,641,582
1176,81,87,55,59
769,1202,894,789,662
602,1173,1354,2209,2937
403,26,6,0,0
493,24,1,0,0
338,11,2,1,0
563,687,552,376,293
909,1508,1567,2592,3032
546,1036,512,846,526
289,20,2,0,0
710,174,168,314,544
348,33,23,17,5
700,980,688,500,429
403,16,2,1,0
646,244,218,212,193
615,1218,1048,1704,1939
702,198,192,336,508
539,528,336,213,138
550,814,616,660,578
485,18,4,0,0
237,279,206,152,91
980,66,11,0,0
993,136,104,168,153
846,897,781,306,347
377,484,394,254,176
470,51,50,92,112
742,33,4,1,0
802,34,6,1,0
628,35,12,2,0
848,962,617,325,212
1074,70,10,0,0
896,835,559,212,88
416,51,6,0,0
330,12,6,8,9
666,50,11,0,0
289,16,3,0,0
697,1258,1510,1962,2604
225,34,16,2,2
497,18,4,0,0
475,14,4,0,0
452,11,4,0,0
562,20,4,16,13
509,839,1028,1232,1854
738,974,748,610,578
435,13,2,0,0
777,774,500,254,129
492,37,4,1,0
818,1066,869,800,716
738,1159,541,598,468
500,30,0,0,0
640,807,716,522,334
1072,434,224,765,605
530,612,381,277,219
1654,1696,1200,696,390
668,150,97,299,234
290,16,4,0,0
430,719,668,800,784
352,310,186,49,28
856,204,158,246,255
748,26,7,0,0
562,72,56,70,80
366,19,4,0,0
731,977,684,572,673
380,24,6,0,0
627,162,60,83,38
720,72,38,20,12
618,18,3,0,0
850,48,8,0,0
587,27,2,0,0
794,812,566,304,162
664,56,13,1,0
620,858,625,530,414
580,129,124,188,241
791,168,180,144,132
309,164,124,290,355
546,625,458,310,212
642,50,9,1,1
784,69,10,1,0
868,1163,1729,1723,2553
672,27,5,0,0
355,22,4,1,0
467,134,212,136,191
626,537,565,223,258
298,646,344,982,690
858,1864,1645,2098,2250
1022,73,21,0,0
1814,1833,2051,940,1060
760,45,6,1,0
399,7,1,0,0
641,68,61,102,99
524,199,140,108,109
324,25,4,0,0
371,80,83,196,172
928,54,9,1,1
594,692,366,247,168
356,14,7,1,0
205,9,2,0,0
1103,2603,1058,1475,789
1384,83,15,1,0
623,1159,529,715,420
979,224,179,291,328
344,506,318,282,199
679,741,625,440,353
496,17,5,0,0
608,1041,922,944,890
744,624,386,108,43
798,938,671,262,186
420,122,100,106,91
1490,1698,1310,822,572
234,100,37,49,26
211,9,1,7,2
390,26,36,24,20
736,51,14,0,0
378,12,3,0,0
297,6,2,0,0
668,36,2,2,0
609,1075,510,890,444
423,376,316,178,82
408,14,1,0,0
911,1592,1514,1288,1215
784,58,11,1,0
431,647,381,524,395
423,17,2,0,0
328,46,46,114,295
384,15,4,0,0
289,20,3,0,0
472,656,406,310,220
400,10,4,0,0
565,46,10,0,0
528,16,5,0,0
342,14,1,0,0
1093,39,11,0,0
525,24,4,0,0
766,34,4,0,0
706,73,7,0,0
857,42,6,2,0
476,483,434,346,338
823,1652,1550,2064,2170
878,1446,1358,1480,1316
388,380,445,348,392
708,1000,468,785,652
690,982,790,507,318
723,92,62,28,12
426,400,275,183,188
504,34,7,0,0
662,82,64,34,24
865,842,390,146,66
554,20,4,1,0
476,352,225,285,236
522,18,3,1,0
790,172,205,660,1222
1325,1678,1324,1068,780
4302,299,52,2,0
975,38,7,1,0
645,858,462,398,208
988,47,14,0,0
440,26,12,8,10
821,41,6,0,1
405,8,2,0,0
838,67,12,0,0
346,808,288,373,140
2107,98,10,1,1
480,20,2,0,0
1234,76,17,0,0
1149,1995,1956,3040,3778
740,56,13,1,0
1042,699,617,105,92
970,1016,382,364,108
1013,1482,1089,1085,860
488,26,6,0,0
529,19,1,1,0
740,54,12,0,0
504,30,4,0,0
504,705,415,710,578
468,528,386,210,130
461,14,2,0,0
694,75,11,0,0
213,19,39,19,11
184,10,1,0,0
910,82,13,2,0
986,72,16,0,0
589,830,636,624,592
432,484,379,296,198
1664,780,742,1749,2539
527,23,3,0,0
747,74,15,0,0
1752,127,19,1,0
878,151,193,168,231
1206,41,11,0,0
630,991,668,518,414
762,258,211,210,247
529,288,326,356,414
652,42,8,1,1
744,40,6,0,0
488,465,465,206,211
512,19,6,0,0
742,853,970,732,883
453,23,2,0,0
679,690,418,86,32
377,724,400,236,164
3409,114,39,0,0
549,796,732,514,416
1121,1490,1118,618,386
593,20,2,0,0
704,475,446,60,70
791,1090,883,776,763
448,21,2,0,0
517,384,176,50,13
1042,1390,1412,960,1242
652,1014,867,992,1002
650,1470,1640,3549,4836
879,29,5,0,0
1033,1346,1246,1248,1258
416,64,53,46,27
420,22,2,0,0
602,724,288,258,97
1673,122,32,0,0
764,94,105,111,132
1502,1265,1427,419,255
687,38,12,4,2
290,24,4,0,0
602,27,4,0,0
626,828,714,792,1048
663,54,58,47,54
896,1252,991,715,572
571,16,4,0,0
712,774,448,239,164
756,60,12,2,0
775,944,725,606,475
735,120,155,158,247
1027,1524,1705,1030,1321
470,550,395,184,107
389,14,3,0,0
1962,143,29,1,0
952,1354,1214,1544,1659
922,1061,1393,632,731
765,512,371,70,26
668,34,5,1,0
524,37,8,0,0
440,166,152,260,330
651,213,93,418,354
674,82,36,27,62
729,23,3,1,0
600,157,146,139,122
520,516,430,202,140
612,758,646,716,716
419,190,176,94,220
784,872,1331,691,957
335,57,35,121,154
1018,945,384,343,135
610,144,235,168,255
910,53,14,1,0
352,12,4,3,0
694,33,3,0,0
880,48,9,2,0
720,28,11,0,0
581,662,430,341,292
823,49,15,1,0
894,1032,699,422,336
1240,95,16,1,1
916,1044,738,575,462
621,770,1098,1211,1600
507,34,3,0,0
715,95,62,23,12
1087,1528,1274,1002,856
476,13,11,0,0
496,32,4,1,0
1294,72,14,1,0
1028,92,14,1,0
571,38,8,1,1
1022,1628,1254,1351,1309
753,32,9,0,1
332,17,2,0,0
812,1791,836,1968,1274
1264,47,7,0,0
434,18,3,0,0
741,68,53,41,48
696,796,591,307,154
637,28,8,0,0
982,72,13,0,0
769,82,56,50,52
709,666,418,100,54
832,24,7,0,0
860,790,584,246,122
745,31,4,0,0
860,31,8,0,0
590,797,706,834,932
645,118,38,70,42
505,46,3,0,0
470,116,128,319,460
656,963,717,786,602
887,138,14,24,2
372,22,3,0,0
958,887,576,348,192
1030,1019,762,293,232
1509,74,18,4,0
522,456,230,55,16
524,500,546,107,75
632,32,6,0,0
1410,74,16,0,0
1169,437,406,851,1162
913,373,496,524,1013
542,378,341,103,69
928,1558,1354,2151,2174
566,783,624,538,422
938,480,566,925,1182
816,58,14,1,0
707,850,524,419,306
938,37,11,0,0
615,48,13,0,1
752,1329,1194,1419,1646
888,321,326,168,166
718,90,89,88,85
282,12,1,0,0
722,937,807,698,658
743,1154,1472,1334,1678
788,1478,556,538,212
1238,90,15,2,0
1120,1494,986,936,922
798,64,10,2,0
650,14,5,0,0
1041,1279,1391,482,380
614,517,398,156,97
710,51,7,2,1
716,28,4,0,0
264,60,66,160,266
630,1166,1158,1518,1532
758,347,212,964,1164
234,506,221,244,104
559,22,3,0,0
784,134,94,275,447
887,347,179,897,964
1124,1674,1270,1096,1028
692,1478,818,1624,976
1071,50,4,0,0
572,21,2,0,0
736,26,4,0,0
684,13,1,1,0
705,59,9,0,0
839,70,12,1,0
848,1604,1602,2721,3544
1276,77,13,0,0
1868,133,22,2,0
673,54,5,0,0
330,20,23,10,46
1018,366,546,933,1851
1214,459,376,164,96
946,46,10,0,0
1022,61,16,1,0
439,72,76,105,136
1212,973,956,279,183
880,74,12,0,0
440,34,3,0,0
674,1167,539,957,597
403,150,180,470,827
754,212,283,419,811
706,46,10,0,0
810,301,314,804,1302
658,688,499,230,118
562,40,10,1,0
409,485,333,196,116
559,23,6,0,0
571,949,1314,1628,2484
640,936,822,1193,1168
243,68,57,58,40
288,18,1,0,0
648,1164,1288,1813,2237
706,52,8,0,0
318,18,3,0,0
878,20,3,0,0
604,900,430,459,217
675,42,3,0,0
1015,1430,1274,796,727
672,513,546,99,82
781,286,284,582,932
538,372,256,126,96
488,88,110,119,155
238,6,2,0,0
418,22,2,0,0
367,44,52,26,16
897,40,7,1,0
241,540,282,631,456
501,734,1099,787,983
492,76,62,99,154
1035,78,15,0,0
1420,55,17,1,0
542,988,948,1398,1620
431,10,3,0,0
421,11,2,0,1
426,15,4,0,0
452,912,426,936,652
946,1005,992,401,403
710,25,8,1,0
486,830,662,690,589
574,34,21,0,0
769,936,944,492,672
378,13,2,0,0
630,572,411,188,124
550,869,887,1330,1467
707,38,14,0,0
952,125,48,115,65
1488,70,10,0,0
321,16,0,0,0
965,955,640,308,238
727,42,8,0,0
349,12,8,0,0
411,43,3,0,0
677,52,12,0,0
411,18,3,0,0
685,42,14,0,0
546,23,2,0,0
282,13,2,0,0
446,481,555,261,269
718,892,598,375,286
468,19,3,0,0
532,32,14,0,0
786,53,6,0,0
492,655,719,862,932
942,201,202,478,874
516,12,1,0,0
433,102,74,64,47
579,931,763,790,772
945,42,7,0,0
390,36,19,13,8
961,94,14,2,0
375,556,554,526,513
266,25,8,17,15
416,17,2,0,0
280,378,213,570,515
540,16,3,1,0
538,33,7,0,0
1854,108,23,0,0
407,633,448,420,440
1338,1800,840,610,230
293,46,16,77,62
966,94,14,2,0
1318,2385,1005,1774,1017
426,16,3,0,0
936,1330,1676,1739,2172
365,27,6,0,0
448,22,4,1,0
586,578,696,268,188
436,44,6,0,0
529,20,4,6,13
819,778,588,340,220
598,422,467,55,39
722,38,6,0,0
370,657,300,510,424
720,656,221,99,27
685,42,9,0,0
489,22,2,0,0
692,1139,686,883,594
464,322,208,37,4
586,23,5,0,0
564,31,3,0,0
350,105,48,214,237
290,10,6,8,13
376,92,92,198,314
348,11,2,0,0
742,31,13,0,0
1082,2023,2742,3543,7160
506,23,4,0,0
748,1155,978,781,701
372,20,8,11,16
520,123,110,60,55
239,46,41,106,219
851,37,6,2,0
339,17,1,0,0
688,21,7,0,0
410,17,4,0,0
406,23,4,10,13
687,785,539,288,178
662,1288,1336,1831,1923
884,1109,1258,844,983
424,46,1,0,0
426,479,246,46,20
489,666,244,245,92
634,1008,400,407,163
438,25,4,0,0
864,1245,1469,1108,1335
383,25,1,0,0
604,61,8,0,1
737,32,5,0,0
746,760,500,242,126
556,242,237,626,1085
812,1001,1120,950,1248
398,160,103,106,74
306,588,290,680,418
966,51,24,0,0
414,18,1,0,0
316,17,0,8,11
314,6,0,0,0
250,10,0,0,0
318,485,237,233,116
415,154,79,371,423
716,977,510,598,266
533,15,4,3,0
191,377,110,153,82
452,12,2,0,1
2575,134,89,55,85
852,1446,622,1136,649
1098,74,7,1,0
1342,46,10,0,0
1302,760,651,443,468
744,523,599,1425,1872
994,1594,1144,876,690
1386,584,1234,3011,8859
943,892,520,176,101
810,1792,879,1728,1244
804,1289,1936,2319,3839
1122,761,600,128,53
830,1210,914,632,609
798,319,290,165,262
812,927,616,238,160
797,240,264,451,608
415,17,17,12,12
689,42,3,0,0
1097,48,6,3,0
1214,146,70,226,241
916,34,7,4,3
558,43,14,0,0
954,1530,1876,1680,2312
721,39,6,0,0
547,490,511,163,175
568,1038,958,1078,1248
1060,180,220,234,425
1340,371,272,278,298
1485,125,20,2,0
1038,890,823,518,1427
1146,348,569,754,1744
1091,1796,1698,1324,1162
248,5,3,0,0
560,28,4,0,0
726,52,12,0,1
1042,33,15,0,0
1298,1678,1711,1098,1561
409,414,518,153,165
564,1037,505,780,417
488,177,87,369,348
650,32,2,0,0
1376,558,925,2015,5000
796,38,13,0,0
818,493,265,1091,1126
1020,404,525,347,409
1762,3099,2526,2938,2678
877,63,7,0,0
532,28,5,0,0
518,901,1232,1193,1673
1772,100,22,0,0
689,332,337,749,1036
478,14,5,0,0
362,14,2,0,0
734,850,969,695,1009
668,18,4,0,0
1571,2079,1441,988,702
1212,98,13,0,0
1131,1423,530,672,512
662,108,49,71,38
772,64,12,0,0
1380,61,16,1,0
888,1158,850,574,386
566,20,4,0,0
483,17,6,0,0
678,35,10,0,0
946,955,989,347,300
1150,22,3,0,0
1063,28,7,0,0
1103,42,9,0,0
1130,308,516,487,979
659,39,7,3,1
463,933,521,1010,838
818,24,6,0,0
790,38,3,0,0
1140,156,183,236,243
2438,104,23,0,0
1188,1900,2517,2237,3254
1044,367,345,382,406
3158,2533,2544,755,521
1184,1638,1342,824,521
595,618,422,208,153
1212,96,16,2,0
522,138,202,209,271
846,420,328,512,493
1125,2786,2395,4172,4340
1386,2721,1389,2950,1970
749,42,5,1,0
788,77,6,2,0
890,76,16,0,0
743,1239,946,1162,1104
615,104,20,2,0
910,24,19,3,11
868,785,770,184,125
1193,412,479,1649,2962
1218,36,10,0,0
534,539,400,196,146
1438,127,9,0,0
3047,231,46,4,0
2554,87,15,2,0
1313,2454,2171,2204,1933
456,10,5,0,0
505,27,1,0,0
1128,1495,1126,499,168
822,1674,1658,2560,2656
957,2339,2107,2230,1944
712,727,512,236,164
644,819,436,772,994
2068,1841,1771,456,273
614,18,2,1,0
805,29,8,0,0
994,153,18,0,0
904,37,11,0,0
823,32,9,0,0
549,121,103,94,114
1316,823,456,1658,1313
304,16,1,2,0
448,32,1,0,0
829,82,42,8,1
908,90,5,0,0
751,373,167,662,635
1378,62,13,0,0
634,61,7,1,0
786,472,199,237,123
1187,35,10,0,0
746,87,93,79,110
580,822,271,318,123
962,483,314,216,135
734,643,368,114,31
1169,108,24,2,0
882,32,9,0,0
1236,1304,896,446,259
986,1365,501,450,133
1252,178,243,94,59
1314,790,697,107,39
472,18,7,0,0
349,20,7,0,0
3600,2619,2381,657,395
1821,125,27,2,0
2071,3986,3165,3666,3156
1490,37,12,0,0
952,38,10,10,22
846,1054,822,319,127
1012,1574,1228,1168,1124
560,66,65,123,120
1548,61,26,24,25
654,42,7,0,0
550,24,6,0,0
383,18,2,1,0
734,1116,1035,863,910
435,33,6,0,0
745,1164,1415,839,1006
1476,111,18,0,1
502,266,118,144,71
734,34,8,0,0
646,653,646,277,248
840,1308,1020,898,730
786,1093,882,989,1142
749,560,317,68,46
1372,928,799,232,568
828,63,14,0,1
468,16,2,0,0
629,1278,1315,2203,2403
974,1378,1068,822,697
792,1412,1104,1148,1046
458,93,92,233,308
759,25,6,0,0
394,31,15,11,7
477,80,70,60,58
2360,1658,1572,3944,6224
1003,1141,840,500,262
1078,1672,1286,1572,1332
1261,247,178,176,116
303,23,2,1,1
526,28,10,0,0
775,160,188,148,176
778,1183,922,758,700
780,35,6,0,0
572,20,3,0,0
903,813,626,254,166
1360,1682,1230,1179,1099
764,706,710,182,140
652,925,766,936,692
1062,2518,2725,4172,5078
386,493,214,329,212
436,546,624,516,658
397,530,501,388,368
1153,62,6,0,0
1050,50,5,0,0
1390,270,196,125,113
802,1284,1243,1816,2366
1012,41,8,1,0
470,16,0,0,0
816,1068,848,624,488
410,18,16,10,12
424,363,375,208,191
938,1335,864,598,430
809,42,6,0,0
715,56,11,2,1
605,136,100,97,86
250,10,2,0,0
543,28,19,9,7
1484,274,270,391,552
946,1389,1573,958,1027
439,16,2,0,0
295,14,2,0,0
1029,34,4,0,0
2013,2258,1360,574,286
578,25,4,0,0
996,378,294,446,482
1008,50,13,1,0
480,604,464,362,332
807,1384,1316,1732,1831
640,24,3,0,0
708,545,302,70,24
602,26,6,0,0
597,54,5,0,0
459,479,376,160,90
798,200,161,205,293
694,1262,591,1166,675
354,455,288,253,168
828,46,1,0,0
562,41,7,0,0
726,856,1173,677,913
1081,254,218,360,413
1606,2438,1824,1054,766
832,1528,2043,1974,2914
648,52,12,0,0
635,1013,840,934,1066
733,116,74,30,16
1107,46,7,0,1
555,782,606,622,540
632,462,286,59,14
558,34,16,2,0
490,20,2,0,0
663,38,9,0,0
395,10,2,0,0
497,23,7,0,0
895,66,46,78,69
699,106,106,297,572
1288,87,24,0,0
729,84,42,24,42
318,14,2,0,0
748,100,8,1,0
417,16,2,1,0
750,49,8,2,0
1185,2849,2977,7276,11479
616,32,10,0,0
938,30,5,2,0
437,622,530,383,298
654,736,538,272,182
586,74,58,124,368
1816,161,18,0,1
516,31,3,0,0
640,32,4,1,0
1192,1992,1814,2162,2200
871,78,7,0,0
1383,80,7,0,0
472,12,2,0,0
876,27,6,0,0
1642,1878,1342,696,445
413,30,4,0,0
748,1183,1114,764,802
830,38,4,0,0
560,1060,526,1709,1257
377,20,1,0,0
824,61,11,2,0
1090,49,6,0,0
932,37,7,8,4
313,20,10,36,44
596,20,4,0,0
647,44,16,0,0
802,1140,1094,1031,916
948,44,4,2,0
124,4,0,0,0
725,46,2,0,0
892,768,370,98,70
1213,51,6,2,0
2671,4174,3607,4010,3932
1215,60,12,2,0
1830,440,418,208,247
753,562,299,88,56
796,33,5,0,0
1186,1502,1431,1140,928
782,34,4,0,0
160,12,1,0,0
945,1928,991,1702,1073
808,1234,931,912,953
348,582,480,580,548
629,48,8,0,0
414,28,5,0,0
838,34,9,0,0
1001,65,11,1,0
692,44,8,0,0
430,23,0,18,42
906,52,13,0,0
2237,2818,2042,1852,1540
678,970,612,508,327
1328,1155,1343,540,1372
768,58,16,0,0
1007,78,14,0,1
756,1714,1456,2052,2564
1045,1742,1442,1631,1435
1180,48,7,0,0
1028,1020,649,310,163
344,119,100,166,188
1477,78,12,1,0
755,948,586,358,240
467,77,41,37,40
649,138,134,90,64
334,19,2,1,0
1311,1832,1202,1281,1126
859,872,588,298,212
2381,169,37,1,1
1168,91,16,0,0
776,28,2,0,0
618,650,516,171,132
601,52,6,0,0
563,1163,449,611,283
1625,2001,1520,884,726
717,1046,801,585,466
1006,36,6,0,0
970,1011,1069,488,512
639,30,2,0,0
649,27,8,0,0
606,45,6,0,0
606,517,411,189,168
884,1739,1726,2426,2942
1055,1269,1419,742,848
714,32,4,1,0
542,26,8,0,0
746,110,100,230,432
737,516,336,82,48
459,1218,524,1348,809
1338,2054,1604,1696,1487
973,308,361,272,419
524,905,511,1108,883
702,252,222,331,467
471,144,124,90,73
726,665,425,172,55
684,23,3,0,0
824,1185,992,896,823
540,38,16,0,0
1038,1912,1976,3584,4898
442,908,810,832,723
794,40,6,0,0
1192,2348,2260,4200,4407
703,888,641,391,313
798,68,10,2,0
1185,48,12,1,0
1207,59,6,0,0
1024,447,192,125,82
792,1126,1068,846,632
1091,1943,1302,1112,1111
796,1254,958,874,694
525,40,24,24,22
786,74,16,1,0
431,26,8,0,0
678,1117,586,958,517
492,598,536,363,376
863,34,10,1,0
1160,52,13,0,0
718,1260,555,868,597
674,854,654,466,437
949,1175,1433,1215,2391
1314,278,192,236,234
982,142,73,72,20
1091,1450,1214,654,474
514,223,202,476,620
678,93,90,64,50
791,1098,1078,1020,1016
854,82,12,4,0
727,1361,1350,1878,2054
794,918,880,650,566
973,1158,1174,807,726
504,10,2,0,0
646,920,682,590,424
688,75,9,0,0
1239,2038,1866,2262,2543
796,44,8,1,0
628,46,4,0,0
1779,2951,2730,2904,3219
1707,182,230,85,64
574,758,648,304,224
596,36,2,0,0
892,866,706,421,312
448,67,6,1,0
750,130,96,70,68
508,384,224,54,6
832,948,636,464,403
422,31,3,0,0
579,99,91,151,169
808,46,11,0,0
587,136,116,292,454
726,32,2,1,0
600,19,3,0,0
800,26,4,0,0
1656,70,12,0,0
1130,1455,960,558,336
676,81,5,0,0
2011,100,14,0,0
1638,117,24,1,0
524,479,183,123,40
440,77,28,97,92
638,48,10,0,0
1132,1222,725,306,159
732,1462,1424,1941,2233
613,50,0,0,0
809,62,13,0,1
857,1025,743,694,586
364,16,4,0,0
364,12,1,0,0
2040,180,162,266,323
619,18,4,0,0
567,25,6,0,0
600,57,8,0,0
1205,1721,1130,692,462
1817,1676,1062,344,140
707,44,4,1,0
3106,6915,3547,9054,6753
1296,1718,1504,1036,1012
796,63,16,0,0
350,38,60,58,106
388,80,54,80,126
630,568,338,117,36
392,22,1,0,0
536,248,268,538,788
454,47,1,0,0
709,56,10,1,0
419,738,418,492,416
714,70,7,3,1
599,700,554,322,295
1596,2900,2766,3540,3799
1603,872,656,686,683
1294,922,464,97,42
1027,78,12,1,1
808,1471,812,1577,1049
361,88,96,153,218
386,20,4,0,0
1134,1746,1400,1094,1019
672,19,3,0,0
1676,1587,2520,1911,2747
920,26,6,0,0
360,555,485,560,592
359,31,6,27,17
990,1032,824,314,304
462,970,860,1263,1386
1120,1826,2636,2597,4061
420,32,4,1,0
814,1211,2218,1526,2823
550,36,16,0,0
515,64,34,10,4
605,1391,707,2267,1733
807,61,12,0,1
628,1334,1240,2115,2322
670,778,501,269,170
704,61,79,45,67
633,32,8,0,0
386,19,2,0,0
420,596,367,331,520
574,936,887,1022,972
554,42,12,1,0
976,48,8,1,0
436,12,8,0,0
251,16,3,0,0
2359,107,6,0,0
835,1420,1155,1088,968
378,22,2,0,0
544,1037,890,998,1090
244,52,43,150,192
503,25,6,0,0
424,16,4,0,0
740,1573,701,1501,735
295,85,65,68,95
838,62,12,3,1
863,1394,1002,942,842
548,144,213,251,358
843,1284,1008,871,772
197,176,129,88,73
424,131,130,118,202
489,42,4,6,3
676,54,76,16,14
381,11,4,0,0
242,9,1,0,0
626,36,2,0,0
386,77,74,82,56
595,112,119,107,102
582,713,460,232,162
612,70,5,0,0
1062,76,8,0,0
452,470,312,98,39
570,25,4,0,0
612,1072,1032,888,814
880,1105,802,1199,2128
664,30,2,0,0
822,912,755,412,352
198,10,2,0,0
582,904,438,1164,1424
531,18,2,0,0
872,36,6,0,0
786,948,594,401,219
90,33,34,26,28
540,24,2,1,0
1005,1198,1016,886,639
610,1103,992,1006,952
100,2,5,8,8
794,1489,594,1115,656
546,50,8,1,1
707,32,3,0,0
504,38,4,0,0
298,99,85,128,190
711,1192,1217,1460,1594
282,12,2,2,4
1080,82,12,2,0
578,786,618,514,442
687,1066,800,718,635
409,14,3,0,0
705,846,313,161,81
489,197,219,240,294
460,902,736,916,812
472,756,558,450,415
860,280,242,288,346
43,7,14,1,0
522,736,444,345,235
448,26,6,0,0
688,45,7,2,1
249,70,96,178,301
872,72,10,0,0
112,11,1,0,0
290,11,2,1,0
796,897,638,364,284
474,277,145,224,149
958,85,14,0,0
619,12,2,0,0
859,1586,1272,1336,1252
697,26,3,0,0
524,26,6,1,0
486,773,652,428,351
594,1022,417,425,251
850,23,6,1,0
441,30,14,0,0
452,17,8,0,0
570,50,4,0,0
820,235,278,716,1338
1594,2979,1077,1613,847
784,67,12,0,0
476,144,150,506,896
721,14,6,0,0
586,598,339,106,52
997,1608,1530,2297,2774
689,54,10,0,0
1614,2236,1550,1110,835
681,74,78,125,196
946,37,6,0,0
502,401,347,58,22
670,46,12,2,0
743,41,6,0,0
526,514,316,119,52
536,970,1045,1725,2368
590,42,8,2,2
484,644,377,278,162
270,108,120,206,349
475,56,35,32,22
545,32,6,0,0
534,46,14,0,0
507,167,176,306,460
723,1890,1996,4002,5388
543,79,76,70,94
657,30,6,0,0
696,64,13,0,0
1082,1576,1206,1476,1272
467,923,853,1012,1210
496,38,5,0,0
604,985,818,740,597
1114,54,9,0,0
1026,1997,1800,1767,1786
414,16,4,0,0
508,24,3,0,0
744,49,3,0,0
481,1000,874,1196,1146
441,707,549,535,498
212,64,66,31,44
522,202,209,224,201
564,36,8,1,0
657,56,10,2,0
524,22,8,0,0
568,47,7,2,0
546,792,730,438,399
356,14,3,0,0
354,15,14,24,26
914,1594,1282,1302,1111
620,68,48,62,80
544,142,128,70,62
686,976,756,637,448
399,557,374,168,106
368,170,183,192,236
484,21,4,0,0
786,42,14,0,0
666,792,1028,431,565
382,414,194,54,8
456,716,303,267,115
460,148,145,207,268
190,19,8,7,14
851,1129,1462,1181,2107
702,942,795,634,611
627,30,10,0,0
754,49,1,0,0
600,36,10,1,0
1153,85,14,0,0
424,14,8,0,0
486,21,1,0,0
883,1352,913,580,382
1235,2269,2295,3094,3386
866,1102,1066,980,958
976,1194,742,346,145
638,824,674,622,706
458,488,342,130,65
679,26,6,0,0
544,19,6,0,0
532,796,456,316,179
606,599,394,147,100
372,14,1,0,0
810,84,7,1,0
683,1130,849,818,658
546,1168,999,1644,1744
911,50,19,0,0
509,481,321,108,55
529,1089,495,1191,748
1045,1084,658,264,161
344,26,2,0,0
1543,57,16,0,0
742,29,11,3,1
1114,29,15,2,0
630,810,599,332,272
312,133,92,190,190
381,352,256,54,27
847,65,10,0,0
504,1076,1200,2048,2824
540,790,620,562,426
447,907,523,1129,782
728,676,365,96,32
676,1232,948,1822,1798
810,40,5,2,0
825,1262,822,561,434
1008,154,125,106,100
674,52,11,0,0
653,54,49,31,25
1639,65,11,0,0
452,26,4,0,0
698,1164,773,660,614
598,776,652,344,212
498,464,312,114,80
778,702,434,81,30
119,4,5,0,0
1090,75,52,23,14
416,88,86,96,109
686,23,2,0,0
653,1256,1094,1122,1118
582,1116,807,822,634
391,20,2,0,0
528,310,328,480,656
415,706,464,308,190
558,1368,1288,2105,2918
442,136,178,138,257
552,907,727,614,516
530,780,708,611,651
334,14,1,0,0
463,33,4,0,0
300,23,20,10,6
185,7,0,0,0
692,911,837,900,884
545,23,3,0,0
458,24,2,0,0
492,546,443,202,120
668,54,11,0,0
282,68,74,228,474
566,26,4,0,0
243,8,1,0,0
491,970,932,1160,1466
372,612,392,264,140
632,35,6,1,0
444,194,140,118,72
430,439,534,266,318
506,834,618,448,418
479,858,824,772,856
460,568,352,246,168
364,585,284,356,151
784,852,721,450,388
1133,2114,1816,2470,3006
2118,54,28,0,0
662,32,4,0,0
1300,60,7,0,0
722,159,168,560,942
424,62,14,1,0
858,889,1185,610,658
618,21,6,0,0
688,929,728,654,651
577,609,472,247,183
644,1653,806,945,555
803,393,367,350,356
438,1175,626,1163,785
930,1337,1078,729,480
246,13,6,0,0
431,20,4,0,0
540,88,62,98,142
1051,1262,1006,638,536
1988,128,32,0,1
862,1454,1437,1914,2171
840,471,454,972,1504
983,60,9,0,0
570,70,3,10,0
820,64,16,0,0
760,28,17,0,0
947,49,7,0,0
490,771,311,313,147
204,4,5,0,0
538,141,198,156,318
302,389,205,234,134
663,33,2,0,0
435,539,442,252,182
1061,1388,1208,804,676
1040,1024,676,444,383
394,21,2,0,0
1495,72,6,0,0
1960,88,13,1,0
1092,237,176,174,248
817,134,140,78,52
560,762,657,568,506
744,64,12,1,0
802,1368,647,1000,569
612,48,0,0,0
1092,312,213,184,208
775,41,6,0,0
348,14,3,0,0
384,396,512,165,139
733,28,2,0,0
782,788,585,234,154
580,110,167,169,368
480,22,8,0,0
714,1203,1110,1080,1167
992,1378,634,562,267
404,23,4,0,0
1274,1290,882,462,308
3473,4795,4952,3643,4385
531,23,7,1,0
1198,1455,1461,655,614
766,903,662,357,257
538,45,69,17,23
420,148,138,332,396
433,38,4,1,0
697,48,14,0,0
367,114,121,280,457
355,652,282,244,100
581,898,675,592,461
396,50,34,14,10
1076,52,13,14,28
1764,87,33,0,0
1398,76,6,0,0
542,23,8,10,5
428,22,6,1,0
434,658,384,272,192
450,472,366,124,74
886,1336,1010,673,684
248,272,200,78,32
472,840,743,847,1051
426,15,1,0,0
560,32,6,1,0
603,1382,834,1633,1093
530,986,1332,1567,2156
634,26,4,0,0
414,39,2,1,0
958,1175,1325,763,826
1152,61,9,0,0
1193,1009,589,150,76
180,11,0,0,0
822,31,5,0,0
656,820,573,242,136
466,71,56,183,314
388,436,333,278,294
1750,444,525,268,299
475,38,8,1,1
710,74,5,0,0
3336,278,54,4,0
930,1894,1878,2960,3338
510,24,3,0,0
412,27,22,28,32
753,42,2,0,0
948,37,10,0,0
519,42,15,9,4
830,45,3,0,0
660,136,116,108,98
900,1162,828,452,277
515,1118,690,723,595
341,58,74,162,283
580,1032,744,996,972
800,71,65,16,15
534,39,25,84,73
516,31,2,0,0
884,91,68,126,194
632,226,97,594,731
1134,51,10,0,0
973,1039,1144,433,319
853,1160,852,606,525
390,130,150,388,671
589,21,1,3,0
226,12,7,0,0
161,229,213,182,172
546,273,282,274,330
404,44,7,1,0
201,8,2,0,0
514,463,286,86,23
558,25,10,0,0
616,54,11,0,0
832,1433,628,710,359
1022,237,297,334,604
584,24,2,0,0
859,1305,1146,1071,921
718,1038,720,464,346
840,1124,1422,635,578
372,12,0,0,0
479,128,101,98,67
540,130,131,199,268
330,6,1,0,0
491,130,96,57,54
582,65,5,2,0
768,1145,482,690,334
320,5,2,0,0
276,21,44,7,3
653,1017,709,646,704
860,883,404,876,448
1076,185,200,404,650
932,1277,1288,1074,1184
772,105,40,115,68
1318,1560,1124,948,840
442,17,6,0,0
820,1405,658,583,195
606,535,264,80,27
362,14,3,0,0
694,165,240,634,1013
349,476,330,228,133
450,929,1047,1516,2054
872,987,722,301,186
312,48,46,86,158
740,55,3,0,0
653,107,88,57,44
782,49,16,1,0
1026,1120,1063,349,241
1066,1660,1234,1146,904
1266,1440,1342,1044,846
880,778,942,444,467
632,52,7,1,0
1010,1087,1235,421,356
665,38,3,0,0
670,454,430,83,39
732,918,604,316,244
1185,1594,1352,1133,1015
1181,1194,849,445,267
776,37,5,0,0
392,16,4,0,0
809,1469,1216,1942,5448
634,34,6,0,0
628,1432,1352,2122,2305
421,28,0,7,0
602,844,655,592,536
1052,92,16,1,0
1058,1848,1582,1746,1708
1106,303,253,342,420
832,332,300,381,380
694,1316,1340,1668,1801
485,138,59,80,46
622,264,266,652,848
657,25,8,1,0
534,28,4,0,0
416,18,4,0,0
1012,49,6,0,0
368,13,1,0,0
583,149,332,548,1381
1943,3976,3929,6083,7158
287,32,1,0,1
953,162,75,26,10
467,542,595,263,350
966,999,614,213,116
600,56,10,0,0
572,169,79,181,162
674,46,12,0,0
465,593,406,186,176
758,1453,795,1524,1013
698,29,7,1,0
464,20,5,0,0
776,1357,918,786,602
295,83,45,44,50
423,88,70,42,19
385,28,2,0,0
842,1170,1461,940,1246
496,18,2,0,0
578,814,616,492,392
2572,238,30,1,0
551,20,12,0,0
1402,94,20,2,0
789,26,6,0,0
1008,48,64,25,32
662,876,908,282,230
306,147,68,106,63
382,38,7,1,0
639,29,2,0,0
1052,1496,1212,1206,1182
790,209,308,369,867
411,40,7,1,0
130,97,98,100,92
568,118,78,42,30
298,50,15,94,107
339,10,0,0,0
1862,76,15,1,0
665,31,5,0,0
1810,259,317,274,449
678,35,1,0,0
959,1642,1168,1032,846
717,786,516,166,112
734,52,8,0,0
626,596,572,155,88
78,2,0,0,0
724,1025,385,423,219
712,1091,1022,1191,1266
695,826,604,342,190
492,28,4,0,0
186,31,10,43,21
760,464,532,172,132
627,39,53,39,74
1359,2076,1478,1748,1449
469,773,483,1177,970
688,21,9,0,0
428,34,11,0,1
602,26,2,0,0
580,62,12,1,1
664,806,240,141,52
880,1448,1021,787,642
154,8,1,1,3
563,714,600,372,299
648,50,16,0,0
807,64,12,1,0
673,40,8,0,0
812,216,150,109,130
401,22,13,9,8
408,48,32,16,20
534,548,384,199,240
817,1882,820,2106,1394
328,80,80,50,90
977,30,6,0,0
341,18,3,0,0
1098,1005,636,2921,3363
2061,210,32,2,2
826,1400,1290,1410,1260
994,150,12,0,3
1002,721,1095,798,1066
643,24,3,1,0
852,53,6,1,0
542,742,632,278,303
541,30,2,0,0
530,723,458,294,224
236,8,2,0,0
471,18,7,6,16
600,39,6,0,0
394,553,246,460,297
1092,911,402,642,311
536,822,1036,948,1154
539,743,686,504,495
1308,348,421,937,2242
1287,133,32,1,1
773,1315,904,598,483
995,75,10,0,0
508,24,6,1,0
606,34,5,0,0
152,37,50,32,65
566,602,406,273,154
881,48,6,0,0
649,1574,1692,2894,3752
494,22,4,0,0
427,542,392,258,186
288,55,36,54,31
661,1086,903,920,756
1260,37,6,0,0
402,479,286,80,26
223,10,12,22,36
1037,84,18,0,1
1486,1468,724,172,49
1174,40,10,0,0
1455,146,30,1,0
1111,1500,1052,411,172
1593,120,20,0,0
621,61,96,169,390
681,54,11,0,0
648,32,6,0,0
496,22,1,0,0
570,99,60,68,92
518,144,122,158,144
356,29,8,0,0
502,30,2,0,0
284,8,2,0,0
314,27,1,0,0
356,32,26,31,38
488,21,14,1,0
388,844,483,1109,750
1207,1070,804,759,932
1728,2505,1022,1431,808
1080,107,20,0,0
1056,153,8,0,0
717,1040,965,1954,2688
648,52,10,1,0
558,84,53,90,150
430,389,445,171,161
1138,48,4,1,0
388,133,118,260,406
564,904,610,488,381
430,22,5,0,0
657,16,9,0,0
486,66,2,0,0
462,504,358,176,104
553,20,5,0,0
266,264,152,54,34
1900,119,101,78,204
1302,3485,3190,6066,7338
1040,930,993,1550,2148
507,34,3,3,0
1050,39,6,0,0
580,643,336,1713,1667
986,72,20,96,160
2764,1932,1689,2166,2292
379,23,4,0,0
452,19,2,0,1
324,8,4,0,0
1114,1252,820,466,352
603,19,2,0,0
464,692,514,616,626
442,44,1,0,0
697,932,458,519,252
338,12,1,0,0
639,27,2,0,0
425,12,3,0,0
458,32,8,1,0
692,28,4,0,0
438,21,3,0,0
584,76,63,197,330
1213,488,425,296,398
620,723,1235,2369,5621
516,55,12,0,0
1223,64,8,0,0
604,46,6,1,0
492,23,1,0,0
785,1465,587,723,451
516,884,1271,1007,1263
397,32,6,0,0
939,73,21,0,0
531,93,62,34,25
498,79,83,224,588
556,32,7,0,2
1814,3414,1318,2170,1167
781,49,2,0,0
591,684,442,126,100
728,23,4,0,0
1422,935,1548,2487,5999
891,78,18,1,0
755,470,214,229,113
716,1248,952,1004,873
466,760,296,216,51
403,94,86,100,156
836,22,2,0,0
822,1245,887,757,659
526,538,364,122,50
421,8,0,0,0
510,962,464,666,334
691,1309,525,905,508
394,21,8,15,32
204,168,106,55,52
679,708,452,187,89
1305,93,15,1,0
843,1254,909,370,233
362,649,281,136,36
1062,1652,1151,797,558
673,72,7,0,0
1024,52,6,0,0
675,50,6,0,0
588,1050,890,902,834
1060,78,11,1,0
673,1045,1008,974,902
550,632,549,271,187
682,62,10,0,0
976,1914,1884,2482,2800
1304,755,562,652,703
1144,1282,983,807,824
1430,846,1063,622,711
956,92,22,0,0
653,28,4,0,0
723,48,16,0,0
380,544,442,358,301
526,26,4,0,0
825,664,364,88,33
701,733,470,224,152
527,26,2,0,0
571,765,527,236,141
561,31,9,2,1
650,82,63,112,186
296,57,58,62,44
288,234,163,78,73
1424,1887,1264,516,420
1008,84,14,1,0
748,1268,872,510,386
838,39,8,0,0
724,60,12,0,0
840,77,10,0,0
1066,112,26,0,0
962,600,140,26,0
366,46,3,0,0
627,35,5,0,0
564,18,11,0,0
173,245,242,65,100
817,28,8,0,0
524,659,689,282,303
541,88,62,58,66
1052,46,5,0,0
511,17,3,1,0
1392,115,21,2,2
1393,136,20,2,1
1082,58,13,2,0
809,1302,824,295,152
1187,2258,1775,1478,1308
811,50,10,0,0
718,16,3,0,0
842,66,18,2,0
702,1818,1072,2580,1888
424,704,524,320,254
633,525,450,110,30
283,30,23,18,30
418,20,2,0,0
300,18,3,0,0
257,53,29,17,50
534,138,64,115,66
623,1088,426,781,432
1400,2462,1043,1974,1098
387,12,4,6,4
629,1020,724,634,545
158,6,1,0,0
1792,2588,1784,1096,774
713,65,4,4,0
784,40,8,1,0
1175,1063,609,120,52
1344,1921,1271,686,480
705,970,712,302,175
692,39,6,2,1
273,26,4,0,0
345,24,5,1,0
400,21,3,1,0
638,1320,1066,1200,1175
254,26,1,0,0
492,29,9,0,0
684,75,126,140,203
303,7,3,0,0
717,1380,1246,1970,2145
968,64,19,0,0
1056,92,26,1,0
991,990,1040,1626,2252
1490,2586,2543,1990,1622
546,50,10,0,0
436,15,3,0,0
722,848,594,178,98
444,106,104,134,150
424,35,4,2,0
1385,1688,1408,904,666
635,1004,450,492,285
1720,1825,1301,620,326
1298,1216,756,337,204
1306,2411,1090,2343,1461
1942,114,24,1,0
2138,2786,1926,1068,614
874,44,12,0,0
1214,118,26,2,0
1000,2980,2678,4885,5729
729,629,630,602,671
478,127,66,138,152
399,21,2,0,0
511,27,4,1,0
503,22,6,0,0
289,536,549,704,819
714,86,8,0,0
790,36,6,1,0
307,416,422,318,359
114,7,1,0,0
337,21,6,1,0
1607,514,577,762,1019
763,77,12,1,0
1784,2616,2004,2274,1864
1292,183,78,263,227
526,414,466,451,427
611,230,160,140,100
608,51,12,0,0
250,10,2,0,0
446,636,500,292,166
462,44,5,1,0
305,322,262,104,60
738,44,17,0,0
325,724,336,488,306
462,29,16,0,0
522,902,654,626,636
556,42,10,0,0
1163,218,140,162,124
815,64,12,1,2
1657,2810,2120,2226,1568
1378,2762,3527,3273,5069
1976,3231,2315,2074,1898
491,27,5,1,0
634,68,14,0,0
544,20,7,0,0
578,22,5,0,0
1073,58,12,1,0
524,1182,1044,1049,1066
899,1975,1804,2366,2470
520,22,4,3,0
428,281,256,178,178
1662,54,11,0,0
391,164,216,234,352
926,116,20,2,0
243,25,5,0,0
462,996,799,750,786
463,17,6,0,0
667,1552,1231,984,942
7756,273,79,3,0
1054,44,22,0,0
451,632,462,168,88
1206,1572,1064,476,216
535,28,1,0,0
857,630,724,1772,2962
560,58,14,1,0
392,734,528,214,160
903,1000,962,1280,1422
458,1162,1086,1544,1621
691,1021,756,452,305
229,264,231,500,668
712,991,670,284,124
1002,1038,943,146,71
553,1154,831,550,468
765,1445,1136,598,490
527,24,3,0,0
920,55,13,0,0
820,1501,1194,902,698
623,52,5,1,1
1060,58,10,1,0
851,66,12,2,0
869,2038,1916,2214,3129
819,342,300,393,884
732,733,344,550,387
1093,1857,1080,561,385
646,53,8,1,0
442,71,14,0,0
477,30,8,0,0
254,16,6,0,0
346,32,19,20,22
581,1088,792,628,476
90,4,0,0,0
2232,214,28,2,0
796,40,10,0,1
746,798,306,386,175
672,801,748,843,884
1108,2228,1811,1276,936
1159,95,33,0,0
604,839,588,203,148
1060,1266,1244,271,276
660,823,810,2150,3222
642,84,8,0,0
412,1206,479,744,350
844,101,25,1,0
1106,86,33,0,0
523,36,9,0,0
600,38,4,0,0
810,1036,558,162,74
920,48,11,0,0
1096,1057,1030,2144,3011
1836,3622,3244,4340,4422
850,49,8,0,0
528,60,4,1,0
991,78,16,1,0
1161,1059,313,143,32
422,18,2,0,0
1371,2098,1370,546,321
496,481,338,175,124
536,672,704,1779,2702
758,2088,1546,1894,1657
663,1094,976,675,504
703,1520,1176,929,792
677,2129,1752,2393,2605
1318,52,6,0,0
886,38,6,0,0
566,25,2,0,0
1150,1389,922,248,174
615,615,746,692,1457
624,1511,672,1249,802
592,54,10,0,0
755,1226,986,936,944
1230,840,992,2920,5108
701,538,538,1059,1618
726,837,822,1317,1776
456,224,186,183,194
752,1420,1154,627,477
448,378,290,214,186
288,180,162,332,432
1252,1722,1084,522,288
503,1446,1249,925,752
803,1434,1186,731,498
740,1744,1676,2175,2402
832,60,49,64,56
808,663,670,456,347
872,78,10,3,0
615,74,76,205,274
834,260,344,182,277
1228,113,34,0,0
782,78,12,1,0
1098,1870,1500,1319,1138
524,66,12,1,0
377,314,356,492,794
923,1380,1136,608,433
866,39,8,0,0
374,1577,741,1684,1036
432,280,248,518,670
1017,36,15,0,0
1412,76,16,0,1
1120,882,688,514,450
1596,96,14,0,0
1070,2458,3003,2673,4471
825,54,10,0,1
961,783,582,452,1139
585,606,561,556,501
761,105,13,2,0
804,1436,1078,652,499
608,360,190,324,202
1242,50,7,1,0
1060,53,11,1,0
799,1011,1092,2860,4696
1122,1865,1323,676,356
644,389,332,240,196
981,546,522,590,724
756,87,14,1,0
534,1321,1006,1151,1040
986,595,452,135,54
1638,74,15,17,45
309,16,0,0,0
1461,782,694,788,906
1254,2122,1396,1233,947
406,33,16,0,0
892,714,844,834,883
889,55,5,1,0
944,46,6,0,0
944,38,7,0,0
756,783,478,317,212
1044,116,11,1,1
1002,42,7,0,0
614,590,590,1352,2000
478,418,372,332,290
683,860,546,230,151
553,79,29,2,0
888,112,18,2,0
658,2226,1911,3254,3679
659,859,420,1548,1320
1592,154,33,4,0
3037,4666,3160,1874,1380
788,62,22,0,0
1846,171,53,64,68
541,530,410,289,192
588,2203,1074,3069,1959
1003,88,31,0,1
909,1654,1290,767,422
715,67,3,0,1
972,1085,606,127,48
652,1812,757,1573,901
736,662,329,704,578
1080,1962,843,673,294
868,91,16,0,0
795,2724,2212,3518,3088
717,1620,1144,1484,1666
710,775,611,177,142
655,1813,1652,2234,2484
2139,122,30,16,31
2708,147,26,0,0
938,1683,1326,1206,1164
3058,4644,3964,2250,1540
854,360,394,334,336
761,43,6,1,0
704,26,11,0,0
846,1517,985,678,530
1335,76,8,2,0
643,672,474,426,358
607,1035,644,259,134
925,72,7,0,0
694,766,922,2308,3593
512,675,502,548,519
902,1521,924,946,589
986,40,8,0,0
567,1385,1630,1929,2852
282,20,4,0,0
166,10,6,1,0
820,1121,1519,4176,7780
1118,3620,3899,8020,11624
494,33,3,2,0
673,1206,1027,712,586
1951,165,30,1,0
2910,162,15,1,0
648,791,754,376,544
537,30,8,0,0
896,895,890,1855,3032
968,35,2,0,0
944,79,20,1,0
732,1138,1296,774,811
324,398,454,942,1681
1040,2260,2023,1369,1325
625,73,8,0,0
662,1236,880,554,328
142,163,192,266,370
162,16,4,1,0
842,1793,1321,1406,1031
489,37,6,0,0
306,23,1,1,0
292,116,65,46,20
1180,1996,1195,816,544
5240,12140,5310,6489,2881
573,1287,967,619,468
755,39,6,0,0
898,918,598,426,283
896,1805,1604,1228,1126
788,56,8,0,0
813,591,862,1062,2269
684,30,7,0,0
1957,3319,3805,2057,2386
742,724,368,104,26
1091,56,11,0,0
295,153,313,270,536
1182,2054,1730,1116,836
200,18,3,0,0
1034,3449,1893,5289,4063
276,983,566,1570,1063
273,8,2,0,0
1284,76,6,0,0
4555,9800,5029,8609,5175
440,520,814,1339,2880
795,81,17,0,1
910,1109,1485,815,716
619,26,1,0,0
530,52,8,5,0
1000,1909,1574,1158,881
1292,2799,2354,1828,1600
1104,1598,1081,578,502
757,480,515,506,538
1068,112,12,1,0
444,1315,1320,2402,2776
632,1344,986,600,393
600,1308,1136,846,633
652,38,9,1,0
1669,4101,3536,3886,4086
8222,513,46,2,0
528,838,828,569,635
774,144,142,136,135
1052,1337,840,296,186
1280,74,10,0,0
1013,1593,2046,1177,1423
652,36,6,0,0
500,394,192,1185,1295
701,877,580,210,102
614,758,728,1330,1604
660,40,6,1,0
1406,366,388,360,353
922,344,340,628,826
789,38,8,1,0
673,1202,1033,966,852
559,1123,700,428,308
888,2148,2016,3042,3694
562,69,2,2,0
410,708,522,439,357
482,304,286,411,546
490,34,5,0,0
512,32,3,0,0
362,20,14,0,0
492,27,1,0,0
1930,170,30,2,0
728,38,6,1,0
580,1704,1486,1740,1702
141,16,2,0,0
613,80,14,1,0
498,728,414,178,56
399,710,606,478,372
514,26,5,1,1
