976,51,1,0,0
1675,79,10,38,5
1986,934,135,13,0
866,36,0,0,0
850,30,3,0,0
716,234,157,57,12
491,404,478,704,120
1135,81,2,0,0
1525,920,478,142,29
890,782,539,268,42
828,570,583,426,108
1369,1349,1148,919,158
954,69,55,62,27
850,664,306,48,14
1288,827,464,92,17
675,354,80,3,1
656,471,216,123,18
736,22,1,0,0
1235,54,0,0,0
922,28,3,0,0
642,60,18,8,2
422,352,313,174,64
1542,83,0,0,0
1424,44,0,0,0
682,45,1,0,0
1504,1295,715,496,74
1076,769,294,106,18
860,62,4,0,0
588,39,2,0,0
632,239,235,38,5
699,28,1,0,0
1072,66,1,0,0
1187,70,4,0,0
1057,313,186,52,6
1106,626,682,1514,402
990,546,128,7,2
1788,171,4,0,0
1008,511,280,153,42
892,764,402,260,56
856,60,2,0,0
2440,168,6,0,0
490,366,166,40,5
864,30,4,0,0
2564,157,2,0,0
935,43,3,0,0
1011,989,729,231,54
634,335,69,82,12
1546,69,0,0,0
1210,1174,1022,946,162
891,67,2,0,0
643,18,3,0,0
1192,780,276,787,88
290,141,279,299,211
650,232,298,227,114
1229,760,229,25,10
405,69,12,0,0
864,256,20,4,0
768,70,5,0,0
994,763,370,131,218
852,67,2,0,0
736,521,273,132,38
731,38,5,0,0
1104,800,340,120,15
1162,654,162,8,1
478,591,836,676,225
680,474,899,1150,559
951,258,131,14,2
685,330,332,504,367
307,177,167,176,58
178,7,0,0,0
1140,701,803,1981,798
594,33,14,4,0
881,491,95,38,2
546,20,0,0,0
1207,54,5,0,0
405,412,404,432,77
780,24,2,0,0
910,666,287,27,3
1068,415,349,3205,758
1248,51,2,0,0
880,522,154,6,1
1304,679,757,1145,327
988,39,0,0,0
710,638,263,19,1
719,24,3,0,0
469,443,389,139,32
1586,484,144,411,66
850,24,1,0,0
574,52,17,12,3
670,166,119,40,10
1296,65,0,0,0
2113,1479,766,375,58
1223,46,1,0,1
634,513,348,132,28
490,18,2,0,0
496,408,133,5,0
848,523,308,108,23
652,482,348,150,20
770,542,414,245,30
871,145,104,46,17
440,33,1,0,0
1355,44,0,0,0
1251,50,2,0,0
838,415,86,10,4
789,705,760,714,672
938,518,239,18,1
434,16,0,0,0
1347,117,11,1,0
743,29,0,0,0
498,36,2,0,0
1388,402,228,120,44
542,130,31,37,0
470,31,24,14,4
853,481,219,56,14
833,297,536,984,532
524,254,80,4,0
877,516,302,124,18
938,22,0,0,0
912,632,143,194,23
787,207,33,35,12
939,864,581,201,61
1013,446,130,14,4
774,67,4,0,0
1065,598,110,2,0
1600,1260,582,200,34
754,573,203,14,1
609,48,1,0,0
476,20,1,0,0
731,692,265,38,5
724,478,155,448,38
1264,100,4,0,0
766,58,5,0,0
855,492,257,130,43
892,68,2,0,0
850,434,865,2488,1183
2372,1413,276,240,16
1836,2002,1893,1346,324
981,640,270,57,34
1493,44,2,0,0
504,121,90,135,134
713,410,326,158,59
1133,1433,1691,1417,331
184,10,0,0,0
959,554,360,268,32
1167,828,328,37,6
1008,752,410,148,15
1309,82,4,0,0
756,50,5,0,0
1300,1236,685,228,32
797,584,308,70,10
596,22,1,0,0
1034,700,492,183,47
848,598,273,100,14
594,178,146,24,8
724,34,19,25,13
638,25,2,0,0
1580,846,295,32,5
647,146,200,814,362
170,66,8,1,0
2638,1421,285,347,32
372,372,141,256,35
1046,1040,628,722,451
948,681,150,258,23
670,26,1,0,0
721,56,4,0,0
1044,67,0,0,0
672,348,96,15,5
784,595,376,124,16
590,25,3,0,0
808,370,210,1562,258
940,138,4,1,0
862,458,582,1288,403
650,59,3,0,0
830,440,452,538,146
587,271,166,32,6
793,594,242,68,8
981,38,1,0,0
1410,238,68,42,6
570,531,420,248,76
616,45,0,0,0
654,286,114,31,14
840,607,142,119,44
1566,65,0,0,0
1084,636,196,18,0
1611,976,617,242,46
1144,47,0,0,0
1368,934,512,62,8
1111,51,0,0,0
736,790,657,328,29
780,675,370,230,24
356,10,2,0,0
3096,177,3,0,0
1534,1456,895,344,52
1054,944,674,360,87
1529,910,466,220,47
761,23,0,0,0
1144,486,274,60,12
2284,1151,377,205,36
921,69,1,0,0
652,304,88,10,1
967,834,374,52,8
558,406,174,57,7
866,78,5,0,0
1194,108,9,0,0
720,69,10,0,0
507,549,289,122,43
546,28,1,0,0
840,28,1,0,0
1642,114,6,0,0
1795,2187,2681,1402,280
1490,852,238,30,2
842,408,416,448,220
444,204,180,140,32
588,271,345,51,14
710,670,696,871,192
1293,31,0,0,0
1262,993,428,60,6
748,554,325,54,7
467,26,0,0,0
703,174,21,16,1
590,42,6,0,0
3124,1904,2768,4509,1591
1070,664,393,243,22
2069,1136,206,122,8
1778,1004,158,153,13
1365,183,172,126,36
494,30,4,0,0
1593,64,3,0,0
738,50,7,0,0
1387,1330,754,158,21
2901,1780,384,414,79
731,675,857,267,63
723,21,1,0,0
636,208,202,111,15
622,52,4,0,0
672,38,0,0,0
2033,856,361,196,100
726,35,0,0,0
439,30,0,0,0
511,219,64,2,1
764,56,0,0,0
554,290,192,128,35
597,518,226,58,10
750,50,2,0,0
1591,109,7,0,0
757,28,1,0,0
2644,2458,1590,826,164
2397,182,7,1,0
1647,113,1,0,0
806,28,0,0,0
1234,1074,242,647,129
718,64,3,0,0
642,580,430,361,49
832,624,262,74,18
1146,1315,868,593,110
718,360,1015,2934,1521
1416,982,388,152,26
2071,1669,1200,330,62
2245,1548,430,875,84
799,17,2,0,0
1312,131,4,0,0
1352,963,488,1692,156
1158,48,2,0,0
824,353,606,1942,702
1061,55,0,0,0
1057,607,144,62,5
686,28,0,0,0
1302,815,264,117,14
1345,394,170,18,2
1182,95,5,0,0
1262,1154,982,1079,160
568,260,68,7,0
840,40,5,0,0
1128,260,195,150,49
749,43,14,53,2
508,66,54,107,32
1464,1150,1012,1512,626
593,243,22,1,0
499,30,1,0,0
1488,1238,1247,1078,296
1625,1030,534,236,30
1318,1273,1226,439,77
922,72,0,0,0
204,136,274,533,244
748,368,378,292,80
869,66,4,0,0
1082,808,382,58,18
322,36,48,165,284
493,24,12,10,3
667,53,2,0,0
1444,1147,994,285,45
2188,1697,1223,737,168
828,668,448,101,8
687,482,232,160,38
584,722,602,386,107
906,41,0,0,0
956,34,0,0,0
622,45,1,0,0
1962,1709,523,1526,176
578,47,4,0,0
1276,466,544,724,237
1309,56,2,0,0
1674,1395,576,59,4
1052,978,927,399,87
2326,1206,384,962,82
742,28,0,0,0
918,975,910,269,121
660,38,0,0,0
920,641,286,166,77
684,726,1003,1666,376
1142,1209,1289,1592,302
2296,1051,575,4198,702
1794,2341,2294,1074,376
1281,100,9,0,0
1512,697,67,21,3
592,22,3,0,0
893,691,434,173,36
787,37,2,0,0
690,480,206,94,9
1058,120,2,0,0
1126,758,490,117,40
593,83,5,0,0
1990,1290,287,333,42
990,64,6,0,0
704,442,78,54,4
1080,320,166,110,19
1336,808,265,415,55
413,124,256,255,123
1106,886,438,48,15
763,355,476,688,218
821,929,854,183,26
700,536,193,13,5
769,40,2,0,0
1856,1174,424,986,89
1380,827,606,64,12
1396,780,767,1290,376
2211,90,2,0,0
788,423,545,1880,899
671,340,538,1532,532
1567,42,2,0,0
867,510,152,4,0
1025,61,5,0,0
1392,562,396,347,88
2195,1779,950,358,66
744,32,1,0,0
1219,50,3,0,0
583,549,773,163,54
216,27,1,0,0
544,120,236,824,403
1810,1005,249,236,34
1022,945,638,94,9
366,484,183,15,0
1198,50,2,0,0
514,62,2,0,0
606,243,416,523,214
340,28,1,0,0
729,22,1,0,0
607,191,66,156,23
404,14,1,0,0
1158,1039,421,21,0
681,216,161,77,20
922,37,0,0,0
756,305,35,12,1
1962,1286,601,166,21
482,326,594,2100,832
817,38,1,1,0
1100,659,358,96,18
934,204,161,34,8
1087,1142,1223,1338,211
488,339,476,849,391
858,37,2,0,0
830,534,242,45,4
876,669,1591,3691,2099
1019,887,1140,1746,582
1107,425,112,88,19
598,364,104,8,2
1078,948,421,630,83
2469,2164,1154,227,92
836,683,616,568,94
1257,56,3,0,0
906,751,406,249,90
906,54,0,0,0
826,170,148,65,10
748,46,2,0,0
708,43,1,0,0
707,236,136,24,3
728,466,797,2580,904
1658,1164,728,346,59
1396,52,2,0,0
720,319,62,4,0
555,308,402,1089,490
869,451,55,279,118
868,697,320,63,38
1266,439,401,202,132
926,703,484,310,47
918,50,5,0,0
580,432,186,22,3
823,674,335,258,72
818,300,503,1526,634
878,445,61,23,10
624,233,146,21,9
1084,964,280,582,53
356,11,2,0,0
690,44,3,0,0
1072,794,712,784,114
954,35,1,0,0
694,564,352,272,70
582,410,142,18,10
654,535,138,5,0
603,407,576,452,143
954,465,718,2534,1096
276,13,1,0,0
1538,578,321,80,10
1057,56,0,0,0
934,796,443,64,9
490,8,0,0,0
1080,848,672,598,304
688,842,680,157,20
459,162,87,29,10
625,61,4,0,0
789,455,101,167,24
758,884,1258,1017,210
950,66,1,0,0
1021,628,230,15,4
791,475,377,112,30
759,586,256,50,6
1031,1234,1136,493,260
718,40,6,0,0
911,60,2,0,0
1201,992,838,800,208
700,19,2,0,0
837,36,1,0,0
533,542,525,95,17
890,660,500,301,44
796,498,432,299,53
827,316,57,104,3
1151,677,536,153,77
1096,576,148,3,0
801,52,1,0,0
455,55,2,1,0
634,566,329,25,7
1034,1018,1167,517,99
665,19,3,0,0
1215,556,541,1122,362
1150,92,2,0,0
988,866,758,265,114
1062,848,788,766,124
1063,102,8,0,0
607,656,390,99,15
1013,756,114,160,39
728,63,7,0,0
934,38,3,0,0
809,562,262,112,15
855,32,2,0,0
648,203,135,14,4
854,39,4,1,0
1192,54,2,0,0
804,509,634,544,188
874,696,242,3,0
812,64,3,0,0
429,338,227,174,28
796,49,3,0,0
1071,50,4,0,0
800,54,7,0,0
642,49,3,0,0
1949,1287,450,94,9
1369,528,83,60,6
866,58,5,1,0
1115,806,658,786,128
558,549,515,317,118
318,217,169,17,2
956,36,4,0,0
1062,68,6,0,0
1668,811,200,167,7
810,449,94,304,359
862,31,0,1,0
1133,1018,516,350,94
908,1084,938,504,101
825,740,420,55,8
608,467,286,53,9
910,619,190,16,2
661,88,2,0,0
884,938,674,68,29
864,55,3,0,0
883,800,616,252,103
609,288,198,62,30
1227,48,10,23,7
325,175,118,92,22
788,555,294,238,44
737,383,371,39,3
664,35,1,0,0
1140,52,2,0,0
670,396,614,2466,948
874,567,694,193,63
925,1004,1405,2626,524
383,306,844,2327,1350
777,52,3,0,0
711,276,255,59,20
506,119,27,25,6
859,35,2,0,0
1043,774,254,50,6
834,25,3,0,0
1420,654,119,96,5
832,58,3,0,0
730,273,149,638,103
376,148,170,233,86
986,592,146,4,1
1278,47,1,0,0
1137,76,6,1,0
968,957,617,482,134
1133,686,286,36,19
901,571,324,266,56
1964,111,5,0,0
1070,50,2,0,0
1110,904,339,18,4
704,320,100,6,1
440,16,0,0,0
2207,875,206,71,14
764,60,6,0,0
984,605,352,200,50
1254,1282,980,325,62
677,665,381,401,51
1430,91,0,0,0
2248,73,0,0,0
658,20,0,1,0
894,36,2,0,0
936,912,785,1004,165
1012,680,408,228,26
1434,66,2,0,0
895,22,0,0,0
507,385,170,17,11
1177,24,1,0,0
1126,60,4,0,0
3142,140,2,0,0
878,574,234,98,74
661,47,2,0,0
432,13,0,0,0
168,94,41,0,0
698,24,1,0,0
901,692,324,186,124
1568,99,2,0,0
726,18,2,0,0
845,37,0,0,0
913,72,52,55,20
410,218,40,4,0
1998,149,4,0,0
812,961,718,503,771
884,572,152,19,4
876,576,426,308,68
404,276,112,80,8
880,187,39,19,1
940,767,504,498,104
873,26,1,0,0
1148,37,2,0,1
1320,70,1,0,0
439,423,212,56,16
1190,88,2,0,0
951,588,258,154,18
580,636,462,288,133
928,72,0,0,0
1012,928,562,144,34
1364,1103,1002,365,68
1040,48,2,0,0
1092,527,156,307,41
844,312,654,1377,629
534,62,8,0,0
288,162,170,474,161
1013,560,354,682,564
1995,37,0,0,0
872,554,124,21,4
720,56,8,2,1
910,67,3,0,0
550,179,248,476,128
2428,1382,298,104,52
838,62,57,54,22
1015,917,623,166,20
926,529,205,44,100
833,595,916,2974,1060
1255,646,222,52,14
566,347,638,2348,978
829,629,534,160,25
837,804,706,747,100
707,801,860,3611,11233
792,495,138,86,3
618,22,0,0,0
1173,1128,1322,1884,352
591,55,4,0,0
558,614,490,112,14
981,62,1,0,0
875,1032,870,812,212
1068,739,374,1084,171
828,362,398,458,119
1898,63,4,0,0
727,48,5,0,0
1221,45,3,0,0
923,68,1,0,0
962,616,226,76,12
690,532,392,27,1
644,122,100,58,14
1210,608,74,28,2
826,252,293,90,25
1957,890,530,328,83
4910,2090,398,358,15
1299,835,426,216,32
329,252,384,404,132
714,506,85,21,10
620,294,385,187,42
610,364,40,13,0
740,505,256,72,8
566,260,70,5,1
872,38,2,2,0
995,80,3,0,0
1002,772,349,50,12
1192,34,2,0,0
592,56,4,0,0
727,853,527,361,1618
1464,626,722,794,331
913,521,202,86,57
955,32,0,0,0
718,298,510,1506,625
652,364,96,16,1
629,58,3,0,0
720,186,58,9,2
779,574,294,841,782
940,490,92,31,1
1026,455,205,877,167
800,508,178,24,3
602,30,2,0,0
898,336,229,184,31
602,603,726,456,187
1130,876,434,89,10
941,62,1,0,0
760,453,485,155,26
566,178,348,1463,748
630,37,7,0,0
1360,56,1,0,0
683,302,162,33,9
823,620,298,76,10
942,810,452,258,67
1069,928,383,78,8
868,357,910,2186,1488
951,499,118,14,4
1172,106,7,0,0
838,571,340,106,16
764,39,1,0,0
1686,1502,1356,777,205
865,54,7,0,0
974,563,143,143,8
1160,689,677,470,901
1048,86,71,167,66
1724,1169,1159,918,1163
536,626,440,152,20
1066,790,698,750,242
950,80,2,0,0
947,352,124,218,24
1119,1051,634,340,67
500,188,359,533,186
1014,696,204,8,0
802,58,7,0,0
861,896,883,1187,154
3797,3180,2665,597,218
1185,686,631,329,104
1076,30,1,0,0
579,398,328,732,2600
1330,54,3,0,0
342,218,132,102,92
536,36,7,0,0
1382,1229,401,716,72
594,316,110,11,3
670,26,3,0,0
1290,77,10,0,0
2280,1576,728,752,1614
1249,828,272,90,10
633,375,411,87,22
678,536,410,335,101
520,477,364,126,54
1184,771,276,736,60
450,36,0,0,0
893,504,113,4,0
830,522,490,648,278
583,503,508,382,62
1076,330,52,24,4
849,27,1,0,0
454,500,209,40,25
907,66,7,0,0
1741,72,2,0,0
1406,68,1,0,0
1335,71,5,0,0
352,272,457,1374,564
859,601,413,3334,619
358,56,136,148,70
796,765,780,1001,148
1019,1188,1024,822,144
597,315,82,83,9
854,601,724,335,660
866,55,6,0,0
1070,496,90,110,57
2648,954,1075,1220,341
2289,1455,551,1557,187
698,1041,1264,636,173
682,742,616,99,24
996,590,364,228,24
495,94,49,45,9
575,510,468,422,80
1188,674,156,49,4
624,22,2,0,0
644,258,210,118,58
620,18,2,1,0
1291,493,338,182,48
744,657,359,62,19
912,93,7,2,0
2970,2398,918,167,28
985,946,808,692,74
1236,1018,847,507,86
1266,765,1016,798,214
1358,53,0,0,0
284,114,72,35,10
756,637,214,552,181
872,740,428,186,171
723,588,278,42,13
490,24,1,1,0
1223,213,12,0,0
1066,886,346,66,18
862,662,378,115,14
939,1210,1622,1035,213
1333,85,1,0,0
1144,563,1019,1420,1003
1076,128,4,0,0
1320,669,102,53,2
837,614,440,170,22
784,73,3,0,0
957,812,313,42,5
946,766,580,134,30
806,59,2,0,0
1143,866,418,305,110
1450,651,61,7,0
996,762,386,131,41
1302,1524,1226,610,170
963,25,5,0,0
1774,151,4,0,0
776,91,8,0,0
553,49,3,0,0
1012,78,2,0,0
670,444,402,344,103
1273,1773,3018,4083,1704
488,374,198,30,4
774,486,832,2792,1071
1384,1402,1352,1443,388
712,740,489,39,3
550,82,152,221,92
1130,594,336,142,19
1124,52,2,0,0
461,196,242,312,105
195,8,0,0,0
502,268,200,180,74
760,24,0,0,0
643,38,3,0,0
914,587,434,250,40
2293,95,1,1,0
836,73,2,0,0
828,118,2,0,0
1905,154,6,2,0
1940,1420,2110,5616,2022
712,45,3,0,0
654,180,129,40,5
800,714,377,125,19
696,1057,1600,1445,1051
580,12,1,0,0
1048,62,65,50,23
857,885,692,390,178
836,466,260,86,12
704,35,3,0,0
798,210,157,49,4
1070,51,6,0,0
1487,843,226,338,23
1970,50,1,0,0
736,62,1,0,0
850,680,207,23,8
982,498,198,14,1
384,240,330,515,162
696,733,416,34,3
926,608,490,310,68
593,16,0,1,0
2194,1724,1814,2718,537
1640,1580,976,788,140
1107,819,298,46,3
858,37,10,10,4
686,56,8,0,0
923,360,378,222,83
815,473,278,156,26
888,62,3,0,0
349,91,27,0,0
894,95,3,0,0
678,18,0,0,0
784,538,147,12,6
949,82,4,0,0
604,20,1,0,0
544,527,336,86,21
1066,716,286,34,4
560,290,116,10,1
790,50,0,0,0
314,194,138,64,8
287,122,319,1794,1019
742,751,386,128,25
491,178,157,306,108
837,74,7,0,0
684,193,146,42,18
1390,729,193,125,10
1328,101,4,2,0
551,430,173,9,2
650,392,173,730,70
798,687,393,106,62
1051,36,6,15,4
594,561,614,411,145
971,138,114,84,114
1039,917,222,376,44
746,229,344,544,201
772,424,345,234,47
368,29,23,3,1
624,34,0,0,0
650,584,320,22,6
841,466,116,105,6
488,44,1,0,0
548,18,2,4,3
626,12,0,0,0
360,19,0,0,0
592,118,59,36,7
608,258,324,262,54
604,410,564,1646,529
336,260,87,12,2
705,58,3,0,0
628,54,1,0,0
927,566,296,158,26
826,738,282,34,4
570,422,140,160,5
628,40,42,15,7
3133,1522,974,197,78
714,81,8,0,0
773,664,282,48,3
648,474,158,30,6
908,363,162,315,64
704,438,216,57,36
480,327,134,24,6
1600,1538,887,450,66
853,76,2,0,0
636,36,2,0,0
409,314,84,5,2
666,627,456,295,63
472,17,2,0,0
582,266,40,1,0
909,72,13,1,0
511,21,0,0,0
774,35,3,0,0
658,17,1,0,0
653,68,8,0,0
599,457,169,12,1
356,237,88,16,1
625,48,5,0,0
550,66,5,0,0
540,150,176,459,177
267,329,517,169,60
1464,700,151,16,2
809,604,291,128,18
1136,46,3,0,0
1098,1061,700,84,12
972,474,139,272,23
730,695,498,213,27
670,14,1,0,0
641,37,2,0,0
960,890,885,261,36
410,30,2,0,0
1263,80,3,1,0
220,51,74,30,22
1052,62,18,12,0
948,22,0,0,0
1107,667,526,291,106
869,589,186,46,8
523,33,0,0,0
874,493,589,370,116
656,430,676,3368,3776
764,30,2,0,0
707,659,576,666,120
1042,76,4,0,0
690,35,0,0,0
799,43,1,0,0
606,32,4,0,0
576,284,50,16,0
488,144,214,732,258
302,18,10,10,5
716,528,330,60,6
437,11,0,0,0
594,54,2,0,0
842,57,0,0,0
462,20,1,0,0
1029,320,266,158,33
879,49,4,0,0
803,632,624,936,172
33,40,12,1,0
780,665,346,104,22
785,356,87,98,35
1054,61,2,0,0
733,489,230,52,10
2208,759,221,578,52
655,55,1,1,0
523,374,156,69,10
564,403,277,51,3
724,582,550,416,73
680,28,0,0,0
377,224,429,256,86
1545,1191,820,490,90
848,38,3,0,0
914,40,5,0,0
1476,89,1,0,0
752,424,98,20,8
1076,42,0,0,0
439,34,2,0,0
1226,89,5,0,0
1051,962,1326,1908,408
908,32,1,0,0
1244,460,484,596,152
876,445,161,362,44
916,460,100,3,0
559,560,579,226,67
493,46,2,0,0
664,47,2,0,0
1122,723,384,166,24
863,26,1,0,0
588,605,353,182,30
774,371,39,8,0
588,314,124,13,1
740,89,11,0,0
422,17,0,0,0
387,192,142,2,1
720,50,7,0,0
541,179,80,157,29
592,28,21,27,4
770,408,170,20,6
841,708,442,578,356
829,56,2,0,0
722,596,643,960,486
907,48,1,0,0
612,148,48,90,120
767,482,496,1185,437
844,472,310,292,34
887,617,368,104,12
480,46,2,1,0
887,76,4,0,0
1300,72,0,0,0
1149,38,1,0,0
876,550,118,5,1
1020,68,2,0,0
888,643,181,12,2
654,608,686,821,136
801,537,233,30,6
674,499,209,121,83
1117,1090,2084,3129,1751
396,49,50,69,36
324,224,334,446,166
978,44,3,0,0
1145,1156,1040,1602,412
1231,242,74,122,10
652,642,1288,2508,1083
600,320,377,468,231
698,20,1,0,0
1288,335,177,913,318
665,456,521,464,108
745,995,1384,1025,223
610,48,1,0,0
211,11,2,0,0
671,480,1050,4050,3834
300,453,621,719,154
897,453,140,7,1
772,86,24,23,2
1745,71,2,0,0
448,34,2,0,0
937,48,0,0,0
866,56,3,0,0
378,46,5,1,0
490,393,103,40,3
378,30,4,0,0
889,744,679,856,205
918,524,130,6,1
340,315,94,27,2
784,72,5,0,0
1026,584,73,119,30
319,20,0,0,0
898,69,6,0,0
706,30,2,0,0
987,50,2,0,0
574,418,248,56,16
561,646,546,968,1899
510,30,2,0,0
738,209,65,110,18
1068,92,4,0,0
627,380,212,44,7
814,527,130,63,5
1026,851,507,186,42
591,364,448,1280,460
1024,1445,1724,979,282
894,842,622,424,158
476,232,14,1,0
799,880,773,1318,207
1441,490,658,1582,804
571,557,301,108,14
692,482,340,198,28
388,348,593,438,259
1105,1108,824,591,182
793,52,3,0,0
646,454,282,169,30
1018,33,0,0,0
677,71,5,0,0
2214,1848,606,1782,251
646,657,233,566,54
994,564,193,304,39
605,563,316,153,169
728,31,2,0,0
795,900,1086,1507,870
844,66,4,0,0
1022,44,3,0,0
837,792,800,516,208
1892,1738,1199,798,202
961,84,4,0,0
491,57,2,0,0
454,28,3,0,0
444,401,598,806,246
616,44,2,0,0
732,28,0,0,0
823,40,2,0,0
1172,650,390,157,24
439,342,142,30,11
914,360,316,71,9
1009,1274,1277,1080,176
376,248,194,39,7
1086,1228,1606,2290,496
552,428,190,88,38
1069,743,314,148,40
2086,1509,2070,1408,315
514,850,945,209,63
1156,1362,1255,1167,210
602,69,5,0,0
847,553,494,1066,690
922,181,62,90,8
822,77,3,0,0
638,44,5,0,0
473,24,2,0,0
712,26,2,0,0
930,92,2,0,0
2755,347,203,2890,2261
900,380,209,60,19
502,22,2,0,0
739,162,84,11,5
693,31,0,0,0
992,638,205,12,4
3041,1730,1259,622,388
1688,77,4,0,0
1186,1013,929,629,207
885,50,2,0,0
1021,986,388,82,10
962,96,7,0,0
556,376,348,116,19
932,792,218,51,8
433,18,1,0,0
1168,70,0,0,0
452,272,62,10,3
768,56,1,0,0
1061,798,214,12,1
716,31,2,0,0
777,456,324,248,122
1140,1035,403,34,7
865,650,948,2746,2467
638,378,584,1902,870
1146,642,286,48,4
722,460,236,22,7
622,22,1,0,0
930,42,1,0,0
886,754,247,87,16
1112,1237,808,590,210
970,878,342,58,22
521,56,2,1,0
606,644,246,56,6
698,511,308,150,28
866,54,0,0,0
1558,72,2,0,0
833,668,164,14,2
694,166,79,4,1
1239,713,212,10,6
1341,86,4,0,0
656,376,625,2198,849
1711,1384,407,71,25
1014,44,1,0,0
750,80,2,0,0
1206,119,4,1,0
722,558,572,1174,392
784,642,370,118,32
542,856,664,400,76
638,18,1,0,0
1194,144,7,0,0
744,62,2,0,0
568,34,11,0,0
363,442,408,288,55
1565,120,2,0,0
681,432,505,757,316
692,400,86,8,2
1865,1866,1794,1184,232
2218,178,7,0,0
1153,612,166,12,2
1390,1260,440,32,6
1298,85,1,0,0
1171,924,330,12,2
964,85,3,0,0
938,1068,720,660,138
956,878,1188,3007,1052
647,52,1,0,0
916,636,410,210,39
684,104,7,0,0
718,36,3,0,0
1083,1196,841,312,58
834,918,500,180,38
791,83,0,0,0
758,210,114,9,2
2139,1919,1440,922,160
1050,749,307,8,2
960,1020,700,457,70
994,1181,1157,1409,264
801,824,1083,1292,461
626,1105,843,148,24
1050,1117,512,48,3
574,32,3,0,0
762,40,0,0,0
578,528,324,316,49
423,46,2,0,0
1029,1122,890,661,92
791,536,292,106,23
798,458,332,158,28
694,775,665,626,105
816,862,706,682,158
722,276,281,117,28
670,660,335,12,0
864,77,3,0,0
2144,103,2,0,0
461,23,1,0,0
1360,265,245,131,45
1304,1164,555,164,67
963,518,736,1608,578
1098,1052,726,192,18
1928,59,2,0,0
1288,1676,1472,1762,353
820,48,2,0,0
406,12,2,0,0
612,296,170,46,10
973,673,1354,6628,3199
1342,1971,1918,1995,578
425,586,550,134,42
856,265,70,73,18
868,354,402,422,145
589,34,2,0,0
350,11,1,0,0
586,401,372,144,23
1096,730,646,232,42
1310,796,393,93,8
387,414,616,1802,634
523,464,474,658,180
1008,882,498,342,177
492,81,2,0,0
692,22,3,0,0
542,30,3,0,0
1088,902,350,58,12
918,459,276,198,38
815,649,317,112,11
472,18,0,0,0
876,61,39,16,18
998,94,2,0,0
794,32,0,0,0
651,31,0,0,0
1402,138,11,0,0
275,238,124,26,3
631,404,525,1668,1380
1024,973,424,1122,1540
661,444,246,38,6
930,1071,666,576,264
1102,104,5,0,0
1164,1042,672,197,20
602,395,605,830,418
748,822,474,180,24
851,113,77,42,12
737,55,5,0,0
792,620,173,11,1
632,34,2,0,0
1046,730,219,311,26
922,246,62,11,1
635,40,1,0,0
868,44,4,0,0
1232,554,924,1532,660
1777,118,6,4,2
1202,1462,888,512,96
756,481,92,4,0
1003,86,1,0,0
778,41,5,0,0
662,40,20,39,12
593,54,1,0,0
796,1537,2084,1852,623
598,44,4,0,0
1046,1426,988,137,23
735,156,11,7,1
952,472,173,779,231
728,34,1,0,0
1378,128,6,0,0
746,508,333,164,18
815,414,484,793,188
1001,729,332,30,6
862,27,0,0,0
1142,164,210,347,144
1117,1119,424,203,72
653,20,1,0,0
940,694,296,24,6
954,688,396,173,18
813,58,90,189,112
587,30,31,16,8
840,84,4,0,0
1409,1754,1296,656,128
1067,96,8,0,0
876,918,562,400,128
724,48,1,0,0
928,726,578,320,42
658,442,210,22,5
883,68,9,0,0
1750,162,6,0,0
1312,1204,1806,2954,1276
1044,1306,1045,810,126
747,626,200,49,6
662,634,319,54,12
604,527,338,118,35
784,693,320,62,12
800,632,254,2408,7986
936,902,450,182,156
836,31,1,0,0
672,24,2,0,0
866,979,1092,1666,286
1120,1038,618,274,30
766,950,620,155,24
1001,709,144,14,2
1007,63,3,0,0
472,781,1031,292,90
1449,1334,567,101,8
866,688,563,242,32
697,74,3,0,0
1282,188,16,0,0
1295,1016,466,204,29
1027,1044,730,514,50
606,24,2,0,0
836,576,224,56,78
802,362,148,9,1
746,19,0,0,0
734,534,634,864,422
1048,31,0,0,0
861,1070,567,307,42
881,710,352,91,18
1181,1041,188,165,15
1054,107,2,0,1
2118,202,10,0,1
636,26,0,0,0
1072,1490,1261,1092,332
1113,1222,968,1346,278
1146,707,252,34,7
1451,1030,1668,57439,238250
728,32,1,0,0
934,944,653,191,17
1914,954,1177,401,191
935,788,464,163,43
893,1132,1120,1097,823
689,514,114,4,2
654,415,178,34,5
909,50,1,0,0
576,57,5,0,0
752,72,2,0,0
852,679,226,32,2
665,507,396,554,135
575,318,139,16,1
668,54,1,0,0
710,40,2,0,0
1920,1164,279,18,0
1427,118,7,0,0
780,827,643,435,106
672,658,444,202,76
670,35,1,0,0
616,710,756,928,254
567,320,454,352,104
1657,1504,765,426,66
346,376,239,150,32
788,471,511,439,181
1465,75,0,0,0
810,48,2,0,0
868,644,388,156,88
412,501,387,50,5
498,350,136,48,10
504,50,6,0,0
632,752,455,300,48
603,488,262,60,24
907,96,10,0,0
1332,958,582,552,623
780,772,316,901,61
1443,1656,1081,540,213
857,450,1036,3246,2300
890,45,2,0,0
806,125,275,1536,790
1613,2097,1722,1921,366
812,42,1,0,0
302,370,474,669,128
457,46,1,0,0
967,1319,858,366,132
646,583,413,204,30
982,898,398,64,5
896,551,80,34,3
902,74,0,0,0
1117,1180,1084,1398,266
1180,114,4,0,0
478,222,356,1124,705
374,29,35,11,13
1576,968,164,37,4
2388,165,2,0,0
858,66,4,0,0
670,32,0,0,0
499,346,322,243,42
828,488,24,5,1
1755,122,4,0,0
488,546,298,148,48
446,476,236,72,11
1553,72,0,0,0
580,556,194,21,1
806,272,200,53,7
812,1096,1052,468,145
126,282,240,63,11
2005,1114,976,679,193
1623,118,2,0,0
260,325,633,542,224
567,46,58,46,23
719,71,2,0,0
804,72,3,0,0
1072,828,440,232,53
361,311,200,94,32
1098,774,254,24,8
856,890,558,294,74
886,673,102,21,1
655,78,118,219,124
499,53,6,7,0
944,1168,736,432,104
646,32,1,0,0
778,706,302,58,8
1201,1096,821,434,175
1492,1233,263,242,16
1625,70,9,0,0
552,52,83,424,181
829,69,4,0,0
737,1040,1149,956,339
907,794,527,231,34
720,406,380,266,106
690,32,0,0,0
294,174,188,454,146
798,470,690,808,215
814,1120,1254,1553,271
687,82,2,0,0
592,654,745,919,321
687,61,2,0,0
586,18,0,0,0
484,16,2,0,0
2038,170,5,0,0
3466,1072,238,159,7
2334,210,4,0,0
844,816,618,266,220
1016,1172,685,142,24
1701,1060,609,202,46
1135,906,432,94,21
671,568,578,262,88
267,18,0,0,0
612,20,0,0,0
706,48,0,0,0
1002,1087,438,122,42
1003,450,227,46,12
748,623,222,21,3
590,748,628,143,40
792,1097,884,92,32
545,440,167,397,64
671,790,744,348,87
730,399,338,212,116
727,34,0,0,0
2694,1341,276,180,27
1498,62,2,0,0
1522,1502,773,301,58
1320,59,3,0,0
1171,76,6,0,0
749,467,134,36,20
639,613,327,196,42
516,294,132,76,4
726,57,52,18,2
581,324,150,32,11
663,36,1,0,0
204,12,0,0,0
804,638,398,51,11
542,16,1,0,0
1991,148,11,0,0
960,1103,904,570,109
485,499,210,13,3
1753,1096,1111,1825,960
1253,94,172,870,2327
1420,41,2,0,0
1282,1158,785,186,36
754,709,590,230,46
1052,830,490,142,75
621,57,6,0,0
1018,74,5,0,0
626,464,942,4222,1986
841,1120,1246,2113,364
720,61,2,0,0
417,30,4,0,0
530,34,1,0,0
1280,724,121,54,10
770,28,0,0,0
628,400,115,29,3
1512,1539,1260,1022,191
1564,83,4,0,0
715,883,785,101,53
736,656,602,287,96
944,814,301,32,4
791,55,2,0,0
776,60,1,0,0
362,532,1565,3797,2063
814,826,394,28,4
724,832,2475,7722,4073
1152,131,1,0,1
991,754,277,112,22
656,506,87,81,7
882,1053,856,713,102
712,921,827,976,176
786,516,476,643,727
730,905,597,297,60
1104,100,3,0,0
650,624,856,2410,973
417,300,262,99,24
1438,539,340,76,20
1104,108,10,0,0
977,1022,469,67,8
505,43,3,0,0
1190,1205,504,42,6
786,67,3,0,0
528,299,131,680,157
702,30,2,0,0
706,74,4,0,0
684,290,654,1814,910
1122,842,444,332,132
338,223,23,14,0
700,58,3,0,0
1036,56,2,0,0
1116,49,2,0,0
1449,1279,907,478,96
691,812,460,95,19
1103,86,1,0,0
742,79,5,0,0
734,47,0,0,0
1153,595,466,4706,1137
290,18,1,0,0
749,47,1,0,0
806,71,4,0,0
1002,656,434,578,305
724,516,582,1172,346
631,68,1,0,0
442,440,182,6,0
522,20,5,0,0
499,220,132,16,4
1741,241,20,0,0
2453,236,7,1,0
1012,94,4,0,0
786,526,138,6,0
1449,111,7,0,0
619,24,2,0,0
1398,1781,1380,437,86
852,677,416,317,222
690,593,241,30,23
663,36,2,0,0
1131,90,7,0,0
1147,817,480,602,932
264,58,40,154,67
1082,63,0,0,0
510,269,117,50,24
1158,836,165,210,19
546,629,626,239,51
596,216,371,773,322
1220,791,111,19,0
850,540,881,1902,966
1675,138,3,0,0
1014,1311,1240,1406,234
986,88,4,0,0
810,1032,1860,3812,2160
974,529,91,46,9
780,894,451,834,71
502,30,2,0,0
863,66,0,0,0
966,766,336,1796,5853
950,938,531,295,42
889,68,4,0,0
610,360,433,296,68
475,154,190,370,232
774,284,333,376,122
1403,162,8,0,0
1426,1146,300,14,1
2352,87,3,0,0
1004,1100,1000,676,100
1503,148,8,0,0
813,1308,1143,561,161
1178,1220,801,384,69
800,520,409,598,200
710,760,286,122,34
851,862,617,309,44
736,421,46,8,1
977,89,4,0,0
834,779,504,298,62
734,251,109,10,0
633,220,124,36,20
882,370,214,82,46
608,266,104,138,26
890,130,1,0,0
800,316,359,888,340
1184,98,4,0,0
1311,1113,432,108,49
1985,1097,1661,5488,2110
1132,954,404,1118,115
876,892,358,100,16
1146,56,1,0,0
986,986,478,614,608
575,562,712,1862,596
732,16,0,0,0
1343,86,0,0,0
359,36,2,1,0
1199,1473,1424,382,516
817,41,0,0,0
1040,660,113,63,3
854,682,254,36,2
731,70,58,118,46
930,486,151,15,2
564,689,436,72,11
963,1106,706,356,52
535,39,3,0,0
2038,155,4,0,0
1461,138,7,0,0
1412,144,16,0,0
1326,38,1,0,0
1164,114,4,0,0
790,700,276,52,12
880,937,398,94,18
514,439,240,205,62
337,270,136,337,63
976,736,169,336,24
476,50,9,0,0
1056,1205,1040,516,246
946,82,2,0,0
644,97,4,0,0
472,25,1,0,0
628,56,3,0,0
430,26,2,0,0
589,519,319,189,35
706,66,4,0,0
792,609,119,136,17
880,577,127,73,5
1075,54,2,0,0
462,319,175,34,6
970,35,0,0,0
745,744,688,532,116
1018,42,2,0,0
628,642,255,24,4
945,763,883,1001,448
876,650,246,617,135
352,577,290,26,3
867,650,196,21,1
682,402,212,52,6
849,762,419,92,22
918,399,422,600,237
976,86,3,0,0
530,522,697,462,344
1117,952,548,151,15
1530,126,5,0,0
709,555,193,1116,320
510,20,0,0,0
590,70,1,0,0
650,598,190,17,2
1166,101,1,0,0
684,383,588,4356,12774
563,278,125,20,3
1558,1199,274,9,2
596,201,138,34,9
1089,934,428,99,26
1860,1920,1238,260,80
375,318,198,76,35
840,944,834,570,138
661,27,2,0,0
1436,1793,1069,1152,710
598,879,594,130,14
940,81,0,0,0
966,1390,904,361,43
994,86,4,0,0
583,461,773,448,154
984,1594,1999,1813,1703
318,324,104,9,0
670,430,314,203,64
719,513,212,12,0
364,36,2,0,0
1518,1052,884,815,184
1102,84,3,0,0
1104,66,1,0,0
894,890,370,1896,2144
566,1129,1836,2083,609
972,788,356,69,14
854,80,9,0,0
975,582,724,1744,666
720,25,1,0,0
626,764,1006,1563,372
1228,127,0,0,0
874,923,1155,687,267
995,79,1,0,0
345,273,199,407,36
658,500,494,316,91
1380,1270,1395,1528,331
594,219,254,153,59
2916,188,1,0,0
768,74,2,0,0
1391,1258,752,339,64
647,286,648,2312,1142
729,1273,1350,389,174
974,1254,950,752,212
1295,140,7,0,0
789,600,148,26,11
692,32,1,0,0
668,66,2,0,0
699,1188,1124,815,163
609,271,178,48,4
626,332,231,118,37
1058,650,196,8,3
360,28,0,0,0
607,450,167,20,2
800,716,346,250,75
738,21,2,0,0
980,417,125,129,27
1448,881,207,215,15
3922,2900,694,1376,158
1168,810,464,110,18
1824,134,3,1,0
706,630,206,14,11
1123,1056,880,250,40
906,40,0,0,0
922,35,2,0,0
1043,1365,975,379,77
954,50,6,0,0
416,25,1,0,0
874,112,4,0,0
502,137,40,3,0
436,26,2,0,0
913,364,324,104,30
1269,1562,2452,3544,1354
1635,1318,504,21,4
1421,124,4,0,0
629,702,495,242,53
904,1502,1199,512,188
907,648,184,10,2
831,92,3,0,0
950,39,2,1,0
534,62,60,128,60
655,971,762,366,74
940,22,4,0,0
758,432,360,553,121
860,826,389,72,6
886,39,0,0,0
778,74,4,0,0
1264,442,138,235,26
930,62,4,0,0
1432,146,6,0,0
1425,127,4,1,0
994,146,17,208,566
2135,2552,1673,866,270
1831,69,4,0,0
822,778,276,84,10
1047,897,299,38,4
900,44,1,0,0
840,25,1,0,0
767,443,73,52,6
658,122,3,0,0
848,934,556,514,161
1210,602,456,127,98
1259,249,307,390,189
1310,1118,1464,4462,2009
1830,152,8,0,0
1089,72,2,0,0
329,8,0,0,0
1006,1102,542,234,102
571,434,120,30,2
1160,854,213,30,2
523,491,342,83,12
749,578,97,47,3
736,25,1,0,0
578,62,48,18,13
562,43,0,0,0
1170,116,4,0,0
684,542,245,90,26
658,764,608,640,121
930,1232,1360,1893,450
2022,1340,1506,1034,473
2010,181,5,0,0
1950,172,8,0,0
470,68,5,0,0
1052,46,6,0,0
1077,43,1,0,0
1200,952,548,215,20
1004,823,311,88,20
782,64,39,6,1
749,616,278,43,3
676,47,1,0,0
870,25,0,0,0
522,948,1299,582,195
1218,51,0,0,0
1202,77,1,0,0
646,30,1,0,0
792,399,28,9,0
3331,4146,2363,1710,968
2148,1534,580,58,8
1159,993,658,164,33
1936,167,8,0,0
626,472,896,2476,807
2628,2360,1009,56,6
476,27,2,0,0
681,622,340,94,10
447,624,585,331,70
502,342,313,170,64
1215,1344,1125,518,325
690,535,334,170,63
411,278,255,160,69
706,18,0,0,0
871,41,1,0,0
1071,139,13,0,0
1085,606,172,4,5
552,37,3,0,0
1660,1921,619,1270,147
1591,48,2,0,0
691,24,0,0,0
821,86,4,0,0
1854,78,2,0,0
721,21,0,0,0
688,687,483,84,7
711,874,698,592,110
864,440,616,332,104
1231,102,1,0,0
433,488,222,50,5
475,22,2,0,0
730,536,290,88,8
34,1,6,4,1
1542,923,478,1681,3112
1186,1690,1176,462,81
528,16,0,0,0
476,593,478,329,58
1162,1092,819,234,44
1037,954,642,372,74
1110,114,6,0,0
684,301,188,142,32
756,521,81,175,17
884,101,2,0,0
589,81,5,0,0
760,38,0,0,0
761,48,18,26,8
485,31,0,0,0
768,588,275,113,42
848,647,135,13,1
1394,1577,858,328,57
1991,184,4,0,0
754,940,1212,1627,564
2041,195,9,0,0
599,53,2,0,0
644,61,2,0,0
735,738,1374,5552,2516
839,498,396,150,46
714,732,384,118,18
496,39,1,0,0
1006,315,114,559,71
1292,952,351,367,754
1643,59,2,0,0
779,265,22,2,0
554,565,507,166,27
1642,58,0,0,0
1910,2110,4055,16562,6667
928,82,2,0,0
507,236,118,42,31
391,40,2,0,0
818,660,853,2748,1284
968,1057,585,362,110
1045,1070,594,338,73
634,790,434,150,58
924,46,1,0,0
546,356,410,862,352
818,59,2,0,0
520,580,385,172,45
1041,1130,497,153,52
1131,998,590,321,62
1008,471,76,276,122
788,390,382,314,91
1904,180,9,0,0
1046,987,447,38,3
622,504,131,61,9
657,332,818,4026,2012
887,1684,1542,911,197
1094,1410,820,418,95
522,279,358,322,108
491,21,1,0,0
629,83,4,0,0
749,1220,1304,1186,227
892,566,72,7,0
542,588,268,152,17
442,48,1,0,0
1015,548,489,218,52
728,26,1,0,0
879,26,2,0,0
804,50,1,0,0
670,97,2,0,0
858,528,186,16,0
1027,52,2,0,0
428,701,705,251,158
1048,1201,1562,1168,202
935,570,138,57,5
712,694,396,109,26
1000,1391,2014,4268,832
738,42,1,0,0
757,792,735,742,174
774,827,376,122,17
773,44,4,0,0
592,596,287,26,6
1032,1061,520,291,36
820,23,0,0,0
1252,1272,776,478,70
676,518,164,56,6
1166,756,790,1870,1560
829,649,1126,3730,1862
2142,65,2,0,0
1197,98,6,0,0
1065,511,249,439,65
741,632,389,2178,415
1286,1791,1772,842,263
510,31,2,0,0
480,418,248,184,78
478,46,5,0,0
619,456,218,68,28
736,810,512,29,5
1042,104,4,0,0
856,939,747,114,39
889,1350,1182,984,273
572,664,998,3226,1148
1097,1354,1292,1249,168
487,717,2201,7174,4072
469,53,1,1,0
1222,1136,649,386,49
828,32,2,0,0
1159,1212,844,546,67
1008,926,362,271,646
1214,1523,996,238,54
852,1003,654,286,42
671,34,1,0,0
692,38,0,0,0
1214,894,284,408,43
542,752,635,455,90
1008,1160,840,439,138
1560,1427,476,478,63
443,523,60,71,14
491,580,355,16,1
1083,84,1,0,0
804,436,49,8,1
1040,68,4,0,0
906,26,0,0,0
1253,1498,1332,1572,229
1125,1124,631,210,36
1238,59,2,0,0
894,84,38,4,3
1143,823,128,21,0
622,681,221,21,1
1000,646,114,65,4
856,794,424,157,22
676,58,1,0,0
951,466,196,14,2
1327,1640,957,74,68
852,852,613,134,34
1120,67,7,0,0
642,828,604,197,31
938,944,290,952,86
758,562,352,84,10
644,483,210,12,2
775,41,3,0,0
1163,1234,1070,1136,177
654,513,226,16,0
1264,118,2,0,0
814,869,1996,4725,3089
330,794,558,140,27
1100,648,52,3,0
956,1063,529,180,50
1014,49,4,0,0
846,1076,1552,1339,477
640,558,504,220,58
1082,50,2,0,0
1494,70,2,0,0
1080,96,4,0,0
1581,142,2,0,0
940,1204,1192,2500,1108
769,43,1,0,0
764,49,6,0,1
934,798,663,97,14
912,59,4,0,0
946,810,444,154,95
902,116,3,0,0
1647,1326,620,247,92
1516,1985,1818,1568,378
849,32,0,0,0
1044,89,4,0,0
712,574,260,178,92
926,531,77,173,51
996,788,1204,1734,841
865,821,728,670,216
606,397,108,18,2
1033,82,6,0,0
1183,1211,718,396,77
1078,86,32,100,17
920,80,4,0,0
1378,116,2,0,0
1532,1310,458,38,6
894,70,2,0,0
909,918,1321,4720,2174
692,162,12,0,0
893,628,257,44,14
838,154,7,0,0
814,810,289,5,0
936,886,645,583,104
591,22,6,7,3
1420,1848,1738,1164,336
904,58,1,0,0
1310,71,2,0,0
1533,66,6,0,0
1678,2801,4108,4474,1283
2444,2292,905,3251,460
1132,1320,576,120,18
1180,96,4,0,0
924,467,174,210,27
1556,1589,1307,484,162
1083,1139,684,236,34
900,41,12,49,18
569,57,3,0,0
574,66,1,0,0
1054,104,4,0,0
1034,846,808,1084,566
791,962,565,176,24
912,76,3,0,0
968,872,444,239,234
791,474,228,414,380
918,92,4,0,0
1406,988,176,142,7
1120,966,316,991,129
2382,1226,1123,228,60
286,256,805,2326,1219
821,1025,657,130,51
566,973,1266,577,120
742,308,222,146,164
953,1011,606,159,18
1318,109,8,0,0
1094,856,394,97,8
1038,522,1063,6350,1516
794,72,2,0,0
750,672,505,364,169
1006,825,256,17,4
494,290,434,616,274
1264,1050,497,118,12
1059,56,2,0,0
960,834,390,100,14
839,616,322,141,184
906,108,3,0,0
1509,68,2,0,0
1052,446,463,329,104
1106,100,1,0,0
1113,49,1,0,0
1091,921,562,272,61
1181,122,6,0,0
856,68,4,0,0
958,762,486,191,34
394,43,0,0,0
578,119,215,356,245
1144,943,264,18,2
1363,697,116,58,6
490,29,1,0,0
782,84,2,0,0
1422,102,4,0,0
1201,1048,421,79,22
606,26,24,56,20
703,34,0,0,0
991,746,371,88,6
563,438,310,165,50
1326,108,2,0,0
1253,1458,675,93,16
558,321,148,30,3
787,744,302,609,65
615,677,686,620,144
545,476,242,105,8
786,19,1,0,0
907,82,4,0,0
800,794,648,698,248
863,74,5,0,0
1003,88,3,0,0
854,932,1168,2577,850
939,920,1018,953,253
884,413,53,4,0
660,580,432,4614,1122
717,792,749,488,146
511,43,4,0,0
696,768,502,146,28
602,406,430,973,374
1310,1881,1203,902,146
932,580,434,3749,909
388,722,1152,2220,979
1113,48,3,0,0
766,294,246,131,22
1055,68,0,0,0
805,580,324,310,370
858,76,4,0,0
481,28,0,0,0
832,791,374,40,12
837,843,431,74,31
958,940,462,135,24
594,56,6,0,0
776,59,1,0,0
781,42,3,0,0
822,882,821,1072,231
700,58,4,0,0
996,42,1,0,0
963,556,316,86,18
545,26,0,0,0
874,852,334,72,22
618,394,260,124,28
905,722,357,80,40
1286,854,564,189,58
1097,1002,801,564,124
1886,1674,1414,937,210
1734,151,3,0,0
618,23,2,0,0
710,27,1,0,0
1042,636,404,288,88
1236,1341,261,162,14
1943,1554,860,408,50
793,1062,740,742,132
932,90,4,0,0
2616,212,6,0,0
597,66,1,0,0
831,66,2,1,0
785,394,324,399,235
2573,2454,1226,751,210
1458,579,1030,3554,1804
1736,1985,1086,195,30
1035,1002,736,456,782
1532,1326,502,32,4
632,50,0,0,0
568,67,5,0,0
734,30,2,0,0
946,1077,850,762,182
508,429,405,66,12
610,384,47,9,2
812,924,502,351,94
954,992,645,445,78
574,57,36,21,10
855,915,771,639,106
1084,75,0,0,0
1182,1155,340,475,37
372,389,261,201,26
1935,199,8,0,0
650,689,213,68,6
1238,108,6,12,6
932,696,320,32,9
1529,1638,1428,1752,1456
694,76,7,0,0
806,648,432,93,38
1392,1222,467,122,60
1312,127,6,0,0
504,82,6,0,0
831,990,915,548,106
1082,24,2,0,0
801,94,55,17,8
773,96,10,0,0
758,258,173,22,4
1100,46,2,0,0
1344,747,371,1362,222
556,606,384,177,26
811,456,309,86,14
598,68,4,0,0
781,112,4,0,0
330,15,1,0,0
886,954,768,584,86
789,79,6,0,0
819,831,438,124,31
925,66,3,0,0
688,409,600,361,161
696,58,2,0,0
446,34,0,0,0
3703,130,4,0,0
740,218,366,1278,530
1557,1646,1980,2720,486
1160,801,398,35,10
728,708,550,300,46
832,79,2,0,0
958,98,2,0,0
692,338,180,50,10
990,832,794,688,116
544,19,0,0,0
838,594,184,152,58
743,43,2,0,0
1493,66,6,0,0
604,293,245,374,64
828,646,506,482,116
858,74,1,0,0
406,14,0,0,0
1133,1290,692,236,30
1395,1726,1555,479,78
1098,910,434,240,38
1551,391,21,18,8
670,566,394,192,41
1384,59,2,0,0
1841,1418,380,189,56
749,498,878,2826,1179
412,801,777,440,158
563,1088,1286,2520,682
336,15,1,0,0
1044,96,0,0,1
929,450,461,885,267
849,676,328,58,11
1541,1397,490,134,84
2682,97,10,0,0
1180,609,348,102,31
864,900,370,38,5
684,26,1,0,0
1016,951,474,76,6
868,80,2,0,0
747,493,598,695,300
592,608,536,475,144
552,28,2,0,0
1091,1310,1397,1664,293
696,1251,995,326,48
1046,757,119,80,0
865,94,8,0,0
1035,866,474,239,30
1432,141,6,1,1
866,717,944,510,207
1254,53,5,0,0
2796,2906,1594,341,77
1391,1596,1088,268,44
992,129,176,220,69
560,472,975,2118,881
723,68,1,0,0
1219,874,254,8,3
1528,1097,236,93,5
725,977,780,858,621
879,540,615,502,154
263,146,52,32,6
1033,1079,658,384,67
1724,54,0,0,0
573,14,7,5,1
777,365,454,456,164
585,446,286,127,15
1898,186,4,0,0
624,753,735,167,41
1980,1005,90,5,0
794,1479,1424,842,141
1124,931,587,4220,954
911,50,2,0,0
912,34,2,0,0
502,597,472,440,67
1025,745,452,4805,908
438,16,1,0,0
755,975,1162,1098,296
1100,1074,886,396,51
1808,1377,1136,498,92
688,88,2,1,0
1722,150,2,0,0
1426,68,0,0,0
1150,2074,1959,893,249
620,833,823,427,153
1126,1138,536,50,8
179,45,0,1,0
714,740,764,354,154
694,646,572,812,328
860,831,738,843,130
638,63,4,0,0
769,568,552,176,40
1126,1122,554,94,25
926,1055,1044,972,178
757,20,1,0,0
910,907,304,18,7
2248,192,5,0,0
1032,592,120,11,1
1420,154,7,1,0
711,826,680,582,107
952,856,1421,5408,1954
1847,190,9,0,0
418,24,2,0,0
1100,92,5,0,0
752,404,38,31,8
837,406,266,148,47
590,61,7,0,0
976,38,1,0,0
930,766,1064,1170,516
1022,771,810,397,162
566,382,120,12,2
675,46,2,0,0
552,562,213,20,6
1312,1342,902,512,115
1259,110,6,0,0
1004,45,2,0,0
575,316,269,640,694
1556,122,8,0,0
1672,1934,1400,1064,336
2091,2114,872,133,11
1082,890,677,441,60
1086,965,398,114,16
1246,1352,694,197,106
952,989,688,430,88
474,476,1331,2233,1218
394,35,1,0,0
872,596,183,20,1
1055,68,0,0,0
1152,1294,574,210,36
1414,1052,172,189,9
1654,143,8,0,0
1542,928,270,290,25
1888,1223,270,23,1
1539,1154,510,188,27
872,970,1556,4732,1848
712,840,616,192,31
862,838,448,256,416
1375,56,1,0,0
352,80,25,4,1
1298,1745,4010,9016,4971
1067,426,316,56,11
940,808,326,77,8
1442,59,1,0,0
808,352,355,218,61
626,534,1102,6163,16320
1402,1251,541,98,11
936,86,4,0,0
1253,704,70,13,0
1690,169,4,0,0
782,159,346,155,123
1758,2134,2528,3114,926
1092,36,0,0,0
747,775,1408,3607,1360
804,632,262,120,38
1649,1494,376,30,6
684,701,267,19,1
840,34,1,0,0
877,119,139,82,37
586,1017,1351,871,135
420,317,82,108,201
946,51,2,0,0
852,692,285,84,8
1345,690,296,30,10
932,435,228,30,3
568,162,347,929,937
1481,143,6,0,0
911,801,178,204,22
970,597,294,1730,288
854,602,242,106,9
838,76,4,0,0
696,758,544,324,40
999,46,2,0,0
617,68,38,52,14
720,670,458,324,38
1391,33,0,0,0
899,881,525,134,21
946,783,316,84,18
442,48,2,0,0
1380,416,328,145,52
1196,1333,570,1058,132
1259,1765,1360,171,36
882,36,2,0,0
1288,987,608,154,34
878,705,186,18,1
1543,136,3,0,0
1456,1087,490,110,17
1762,74,4,0,0
1003,672,151,12,2
1078,66,5,0,0
1318,122,2,0,0
882,922,986,982,210
1032,1428,1226,876,170
668,617,520,412,91
658,582,236,433,54
1297,72,5,0,0
761,56,2,0,0
806,30,0,0,0
1182,54,0,0,0
723,566,342,160,17
1115,811,256,22,3
962,38,1,0,0
1590,2000,1762,1702,408
837,74,7,0,0
952,824,508,318,76
1086,52,4,0,0
1450,2218,2206,2740,562
1026,24,1,0,0
1076,1180,846,536,90
763,78,6,0,0
504,35,0,0,0
801,76,2,1,0
611,730,858,526,118
549,30,2,0,0
331,24,3,0,0
1114,106,6,0,0
938,66,4,0,0
662,872,586,312,63
1681,98,4,0,0
1016,21,0,0,0
669,762,520,327,72
786,768,500,286,72
976,40,3,0,0
691,58,3,0,0
1120,1065,557,166,12
1170,124,112,94,24
980,801,573,446,122
602,820,806,1150,230
945,463,184,139,14
660,285,33,13,0
90,2,1,0,0
321,22,6,7,1
926,844,195,8,0
856,632,240,34,5
426,203,74,25,3
1366,1128,479,106,21
1902,992,186,181,24
1200,1513,1038,308,84
986,51,2,0,0
916,822,235,104,22
581,1090,1445,10149,38576
1201,353,31,4,4
1218,730,282,36,10
1142,1204,962,928,214
1103,108,6,0,0
575,572,190,48,22
750,476,152,10,0
701,508,490,396,85
968,794,432,134,42
1605,136,4,0,0
969,52,1,0,0
692,361,474,974,358
418,210,115,847,172
2446,2634,1399,710,190
1728,161,2,0,0
1191,822,276,40,8
812,84,5,0,0
784,711,1270,4438,1463
1030,1014,789,786,100
865,860,1588,7102,3082
1097,1110,784,206,48
536,114,237,385,158
1105,1348,1548,2303,1397
954,47,3,0,0
1088,1185,989,827,168
1410,115,4,0,0
1378,1798,1082,623,117
968,1230,1570,2022,525
1046,1918,1700,565,89
218,280,176,12,1
382,174,155,13,4
1197,53,2,0,0
1469,2005,1504,643,248
1244,98,4,1,0
765,30,1,0,0
855,106,2,0,0
700,38,0,0,0
992,714,371,3641,621
952,786,344,56,9
828,742,332,96,15
960,42,5,0,0
1300,588,319,1517,357
364,315,108,36,2
288,474,219,219,30
774,582,148,10,0
586,568,282,106,10
1130,937,494,261,36
829,43,0,0,0
1540,50,2,0,0
349,289,305,1065,686
318,39,5,0,0
911,443,508,896,510
722,747,324,86,51
1608,1320,1156,614,199
1352,972,276,35,14
869,659,168,28,5
1016,1017,747,768,118
1668,204,161,94,28
960,1214,776,362,64
1028,459,265,32,6
791,33,18,56,32
228,194,224,180,58
756,578,524,1061,1189
738,67,0,0,0
1042,101,4,0,0
1146,911,770,450,114
1298,1540,1156,453,91
626,736,708,1051,156
838,610,634,300,81
1341,104,6,0,0
847,182,7,0,0
903,522,298,172,106
585,47,5,1,1
708,505,752,1750,804
522,508,270,59,10
780,25,1,0,0
816,412,347,178,34
814,948,720,492,68
1068,48,3,0,0
734,338,514,830,288
623,278,629,2370,1258
401,586,303,114,20
390,59,105,29,11
558,464,136,9,1
1497,101,3,0,0
443,434,132,170,14
1622,733,460,90,28
969,899,546,614,554
1726,200,5,0,0
1251,930,242,27,4
948,1069,1080,1130,186
1286,1178,277,763,216
884,82,4,0,0
892,86,2,0,0
976,754,228,51,7
934,1374,1766,2982,1225
420,246,208,170,71
334,406,670,2756,958
4100,1617,568,1200,96
1702,1047,1248,1232,354
586,707,462,36,7
1434,1650,1140,662,137
636,76,1,0,0
1352,115,2,0,0
1122,94,68,66,26
1084,98,7,0,0
911,28,0,1,0
3049,200,5,0,0
769,656,384,175,33
257,23,1,1,1
1422,877,111,33,3
928,840,352,46,8
644,26,1,0,0
1201,892,562,234,64
657,59,2,1,0
759,213,116,15,2
252,284,296,191,31
1394,66,2,0,0
360,25,3,0,0
557,265,30,2,0
2761,2697,1272,276,67
902,36,7,1,0
990,864,440,173,52
2072,508,99,150,21
1109,1402,1206,1389,210
1248,1104,518,91,17
811,871,1479,5756,8478
1480,112,0,0,0
638,94,6,0,0
667,270,714,2110,1130
891,719,726,930,1522
805,622,734,1156,402
327,387,374,306,52
837,994,576,270,31
964,114,2,0,0
159,212,228,55,34
1231,125,7,0,0
560,783,522,176,32
2506,2077,463,179,14
503,598,1464,13572,3618
3098,126,6,0,0
752,40,1,0,0
673,24,0,0,0
1075,1062,684,381,120
970,92,6,0,0
914,568,45,48,6
1088,1641,2088,1744,422
1204,1391,1310,1420,259
1230,58,1,0,0
562,368,159,43,9
402,426,287,240,78
1245,932,238,245,17
1093,106,6,0,0
789,52,6,1,1
1002,1130,1087,822,134
628,623,1231,1024,446
978,82,6,0,0
787,19,0,0,0
1045,57,2,0,0
592,54,2,0,0
1073,602,485,64,10
3008,143,4,0,0
850,36,2,0,0
1036,54,0,0,0
1060,968,622,290,66
1545,1632,1162,832,106
412,336,138,31,10
818,754,690,688,113
520,48,3,0,0
1146,48,3,0,0
1557,1184,414,34,6
496,454,486,766,228
775,34,0,0,0
914,844,445,154,26
895,706,229,359,51
1805,114,5,0,0
1223,48,1,0,0
198,12,4,0,0
843,101,5,0,0
1639,1574,989,215,37
1788,2118,2450,3585,1062
903,106,4,0,0
876,434,60,9,0
2052,164,5,0,0
820,29,1,0,0
884,894,787,581,76
594,18,5,0,0
691,30,3,0,0
928,78,4,0,0
147,108,36,7,1
846,830,1416,5559,1774
765,32,2,0,0
265,18,1,0,0
1129,38,1,0,0
744,332,875,4264,2073
1150,1488,1930,3572,871
545,651,227,683,53
2182,1678,273,123,14
357,53,2,0,0
1844,119,5,0,0
698,537,244,33,6
675,272,60,14,2
258,40,1,0,0
666,530,106,9,0
765,35,1,0,0
1156,1144,626,1527,758
604,764,492,235,61
892,84,4,0,0
851,824,462,122,56
809,40,1,0,0
601,465,449,263,54
885,631,239,17,1
937,86,2,0,0
681,676,554,313,56
2045,1458,321,48,8
869,57,2,0,0
1540,1514,930,416,75
1115,1020,2090,8613,5695
1356,1455,1203,920,141
530,472,125,4,0
1170,106,1,0,0
869,142,48,100,23
674,29,1,0,0
512,457,1081,2435,1051
632,631,369,108,25
911,814,376,194,12
917,565,222,35,20
613,913,860,886,248
1079,46,1,0,0
1019,96,9,1,0
1215,56,1,0,0
722,484,488,558,146
1080,55,2,0,0
802,934,919,924,180
730,568,166,19,5
767,1246,1031,573,111
1157,1015,530,139,37
964,980,444,52,5
2231,1966,1060,369,42
808,73,3,0,0
923,53,4,0,0
512,526,204,65,14
608,372,378,550,172
522,438,178,64,22
1651,902,1189,1886,1570
817,1071,836,752,151
1027,700,113,135,37
554,903,1062,600,754
1020,715,99,10,0
870,92,4,0,0
887,1159,776,596,110
1074,66,2,0,0
785,657,1000,3414,1357
324,316,629,2456,870
727,69,2,0,0
571,794,677,321,57
1711,1906,1304,938,144
968,96,2,0,0
858,1032,1960,6842,2798
544,566,295,60,23
1179,52,0,0,0
1034,52,5,0,0
782,551,172,8,2
1162,118,4,0,0
474,349,160,61,38
283,370,174,130,18
1034,1647,1790,2633,446
1134,1687,2484,1963,588
867,777,289,35,6
262,4,0,0,0
984,641,234,23,8
1244,1217,499,1181,119
368,353,420,915,913
576,176,186,122,30
610,42,3,0,0
978,482,304,173,30
754,418,37,8,2
1378,1073,773,219,104
362,22,10,22,9
632,804,762,225,214
636,68,3,0,0
467,22,31,18,6
351,120,192,474,245
514,272,268,138,36
834,63,2,0,0
1012,46,1,0,0
556,28,2,1,0
903,80,4,0,0
547,630,380,166,30
815,84,1,0,0
531,62,0,0,0
1056,1340,1074,582,141
762,38,0,0,0
545,24,0,0,0
959,1308,1526,1922,360
666,80,2,0,0
483,18,0,0,0
720,812,548,153,16
354,194,36,10,2
806,794,478,308,158
499,854,1117,560,136
1597,1732,1233,362,63
222,206,45,0,0
800,83,2,0,0
794,25,0,0,0
993,904,602,508,103
667,1079,1088,1524,368
872,88,4,0,0
1034,842,290,14,1
528,423,660,1968,646
800,82,2,0,0
904,1699,2175,688,156
432,16,1,0,0
481,50,1,0,0
749,560,494,230,88
400,550,804,690,266
616,489,122,4,1
364,50,87,48,26
638,513,286,7,0
826,738,558,702,127
756,758,1316,4710,2107
351,480,722,1084,389
906,1173,837,548,597
546,521,226,79,15
877,867,592,434,148
392,39,1,0,0
805,590,247,142,81
560,53,1,0,0
2217,2270,1126,517,113
394,20,0,0,0
419,22,2,0,0
620,376,96,36,5
970,1783,2991,3479,1070
476,208,227,286,32
440,81,199,271,175
539,13,0,0,0
888,744,221,30,4
759,75,8,0,0
1050,1308,1099,1183,208
547,48,5,1,0
1026,84,3,0,0
1066,94,3,0,0
961,926,426,52,6
1058,79,2,0,0
914,996,384,422,631
1166,106,5,0,0
1896,2265,1700,489,128
1023,50,1,0,0
496,356,204,46,9
626,50,3,0,0
993,612,163,8,1
422,626,1754,3877,1608
1165,104,3,0,0
766,895,700,248,55
580,887,773,357,105
507,771,830,1122,295
634,75,4,0,0
402,7,0,0,0
1120,669,85,20,4
572,567,288,86,10
704,1258,639,39,5
1088,1120,598,252,53
732,49,4,0,0
1362,143,8,0,0
727,912,1180,780,137
681,578,187,34,2
488,30,2,0,0
1628,1073,186,120,11
466,490,257,39,6
766,557,162,21,12
430,536,718,1196,389
573,54,2,0,0
519,484,146,25,2
1896,878,167,129,26
562,1084,739,70,12
704,22,1,0,0
745,638,318,113,14
710,101,6,0,0
452,43,2,0,0
658,80,96,83,34
680,442,534,368,200
598,641,259,16,3
978,88,4,0,0
715,37,1,0,0
650,976,754,691,169
531,56,1,0,0
486,20,1,0,0
444,22,1,0,0
788,735,260,14,2
914,770,596,402,70
577,608,428,218,50
430,29,0,0,1
1124,119,6,0,0
572,522,596,1018,384
1582,865,315,767,153
767,38,1,0,0
550,101,99,56,30
489,425,506,1009,384
392,236,292,556,157
736,40,0,0,0
1065,1312,1350,1422,343
804,283,174,163,32
728,294,184,26,6
378,26,2,0,0
701,744,1112,2656,936
446,15,2,0,0
747,398,38,3,0
974,971,557,130,40
694,686,450,200,31
546,414,284,76,36
408,426,222,42,6
610,605,670,1020,318
937,811,540,564,226
1120,70,0,0,0
737,89,12,0,0
782,84,3,0,0
432,421,295,57,75
858,744,349,170,34
734,71,1,0,0
722,76,3,0,0
582,830,576,214,39
1306,1050,296,17,1
878,890,313,59,6
870,746,266,64,30
482,547,334,78,14
235,48,34,11,4
317,83,98,21,5
605,154,126,254,84
619,63,4,0,0
857,34,2,0,0
1162,792,216,42,19
1136,50,3,0,0
590,826,580,372,96
1204,1104,716,604,164
416,20,0,0,3
542,57,3,0,0
1143,88,1,0,0
580,726,416,882,2820
456,604,1517,3178,1486
707,1000,710,614,128
720,634,1337,5584,2251
1336,92,2,0,0
1148,104,3,0,0
1403,148,6,0,0
938,40,1,0,0
1575,1554,596,2140,210
646,643,488,4407,829
643,29,2,0,0
1223,1120,1420,2106,630
1058,105,6,1,0
805,24,1,0,0
1885,681,104,55,1
662,374,38,7,0
702,66,3,0,0
830,52,1,0,0
673,726,465,220,35
849,774,218,77,28
859,28,1,0,0
408,20,2,0,0
1142,93,6,0,0
503,54,2,0,0
874,43,1,0,0
569,68,3,0,0
511,636,200,26,5
811,31,1,0,0
392,373,172,50,22
276,376,492,228,52
837,1107,981,1194,385
573,58,2,0,0
739,780,386,112,26
1074,1166,1074,1499,342
548,420,698,2032,594
141,24,0,0,0
1085,189,34,30,2
691,632,363,231,30
2096,1319,128,16,1
1221,1176,442,108,14
850,692,166,10,1
545,46,2,0,0
600,482,596,1028,386
1108,1104,702,1456,202
626,48,46,44,14
850,880,602,338,60
696,50,2,0,0
940,436,424,804,240
1032,981,645,374,65
1370,1341,983,708,110
464,37,6,0,0
1099,736,184,31,0
1031,1104,915,400,82
710,44,50,80,30
1468,1721,3126,11604,4504
1589,140,9,0,0
800,729,230,240,84
919,47,2,0,0
948,104,3,0,0
574,507,566,326,210
1000,1154,796,534,102
926,44,3,0,0
1019,423,240,1285,362
948,758,443,172,40
939,56,3,0,0
1132,912,348,186,92
1293,1339,790,323,42
989,426,272,2552,535
590,31,1,0,0
869,78,5,0,0
638,15,2,0,0
614,32,2,0,0
1205,1110,1018,1038,160
1506,1231,812,520,126
1244,1256,666,268,34
719,588,280,950,193
1332,1486,939,579,205
880,1076,1286,2359,976
1066,95,5,0,0
1024,730,121,140,83
507,44,3,0,0
625,48,3,0,0
1344,140,2,0,0
786,447,778,3044,1394
1101,575,414,118,22
1393,1254,862,816,138
626,66,1,1,0
692,56,4,0,0
560,370,672,1366,968
483,314,228,78,16
866,1721,3114,6961,2508
824,80,6,0,0
836,1035,498,234,62
1209,1195,1308,1422,288
894,970,482,156,14
1177,848,207,10,2
1428,1531,1124,1186,184
1104,1022,438,50,8
1242,743,205,277,23
704,60,2,0,0
870,74,3,1,0
841,80,4,0,0
842,38,2,0,0
750,590,704,500,180
1340,61,5,0,0
546,45,0,0,0
716,1012,719,490,112
869,51,2,0,0
690,36,3,0,0
512,194,431,718,248
662,794,904,1286,196
757,58,2,0,0
875,41,2,0,0
1126,676,514,205,42
1427,72,0,0,0
814,56,6,0,0
1103,1172,710,252,42
1174,1817,2888,1225,292
874,562,437,316,68
613,56,1,0,0
694,38,2,0,0
1012,52,4,0,0
1184,1481,1928,2981,658
932,1138,807,282,59
927,604,1164,3038,1206
1560,1242,1124,1396,308
825,88,6,0,0
748,730,410,124,13
1136,924,446,86,12
685,32,2,0,0
530,30,1,0,0
613,267,76,77,9
757,467,684,1937,752
2131,204,7,0,0
1678,1909,1366,1072,197
1330,1397,1090,604,125
721,728,275,14,2
900,659,672,260,96
921,868,590,261,34
977,44,3,0,0
679,699,788,231,83
598,19,0,0,0
854,90,4,0,0
1056,1396,1390,1474,240
954,25,1,0,0
369,24,2,0,0
390,24,0,0,0
640,42,6,4,0
878,1114,927,374,150
564,523,214,46,10
448,17,1,0,0
351,147,82,335,75
397,23,3,0,0
1751,168,10,0,0
816,1084,3005,10289,12528
1044,788,528,62,16
629,626,430,182,30
1090,506,272,45,5
1060,966,468,387,235
1194,987,295,391,21
826,702,556,194,68
139,110,51,4,1
1271,126,2,0,0
926,571,226,8,2
1158,100,6,0,0
740,75,2,0,0
600,65,3,0,1
688,686,740,854,156
540,329,390,938,426
856,32,1,0,0
2256,106,4,0,0
1594,154,4,0,0
924,812,449,184,16
1093,864,374,45,7
1186,964,1434,1099,276
964,34,4,0,0
648,464,503,125,31
837,38,3,1,1
839,30,1,0,0
1145,68,4,0,0
327,266,65,2,1
842,94,54,21,6
468,352,182,14,5
717,32,1,0,0
668,64,2,0,0
570,50,1,0,0
1242,1685,1961,1452,438
1820,1328,1106,1965,589
1228,1286,1192,1128,197
753,666,933,9966,40873
1178,42,2,0,0
1457,1740,1572,2172,309
967,94,4,0,0
808,544,683,1424,451
1007,630,294,51,12
618,43,3,0,0
601,66,64,245,89
224,24,2,0,0
935,102,3,0,0
1071,92,7,0,0
494,680,465,368,68
1662,72,4,0,0
490,555,343,86,15
1046,866,264,19,6
604,1040,2222,1497,887
753,30,4,0,0
416,124,99,435,92
2834,1947,516,2066,2287
1010,758,1350,4856,1753
1179,139,4,0,0
964,105,7,0,0
1022,1019,693,74,6
1036,147,9,0,0
696,425,46,11,0
401,391,894,2262,1280
2503,3173,1737,332,116
1110,130,10,0,0
1232,1215,782,325,48
456,504,302,158,20
1214,1142,711,198,22
572,592,270,57,4
814,446,632,2512,956
572,523,167,14,1
688,512,182,9,1
790,50,2,0,0
1347,1001,249,28,4
1285,66,2,0,0
1260,1432,716,108,21
1506,1340,439,1149,114
1076,590,897,1769,769
988,121,13,0,0
885,815,526,224,24
1054,694,241,10,1
971,822,726,1544,5110
948,877,432,70,8
1149,54,0,0,0
1225,1500,1744,2149,390
1236,44,6,0,0
1004,82,4,0,0
355,18,2,0,0
1455,56,2,0,0
579,296,143,545,293
1039,894,544,186,19
995,1187,556,270,66
786,644,162,10,5
1260,1814,1834,906,188
1329,453,328,490,243
1117,127,4,0,0
1733,1376,684,146,24
688,673,1594,1089,631
602,708,472,53,5
1157,115,4,0,0
609,81,8,0,0
710,29,1,0,0
1177,1210,683,239,35
1046,1184,860,344,60
852,466,645,1664,718
1312,944,215,199,20
700,542,1190,5281,1838
1612,143,2,1,0
577,538,155,10,9
1062,751,221,423,41
1644,141,4,0,0
1058,52,2,0,0
2000,210,6,0,0
914,730,413,2494,463
975,1335,1373,778,154
901,539,506,533,134
1164,988,743,612,114
864,24,1,0,0
816,384,285,178,28
704,943,986,164,32
807,38,4,0,0
1119,1259,1113,1208,319
1008,126,3,1,0
865,72,2,0,0
169,136,277,838,306
1036,103,4,0,0
1148,1335,762,98,27
812,656,447,444,124
1110,1376,1281,1656,430
1344,1804,1206,857,220
1821,164,8,1,0
756,50,1,0,0
1812,1916,1581,934,294
1754,1854,1188,578,72
1162,414,53,37,6
1211,124,4,0,0
2148,71,1,0,0
1129,56,2,0,0
960,682,182,31,4
994,1118,895,302,49
874,548,166,16,8
1346,1672,1118,738,177
1000,78,59,35,11
880,507,212,44,4
1504,1044,226,12,3
375,381,258,147,22
1308,942,400,218,25
882,38,2,0,0
1310,1020,1178,2358,688
1254,1165,518,168,40
958,44,1,0,0
1174,958,276,70,13
950,106,4,0,0
1181,1006,567,364,46
512,53,0,0,0
1234,112,2,0,0
1090,107,3,0,0
824,926,2184,11174,5117
1157,694,158,8,0
577,405,154,290,33
414,456,428,196,48
1566,45,2,0,0
1211,50,5,0,0
3418,1279,361,161,33
1008,790,240,29,6
550,638,308,83,18
568,549,288,49,8
812,40,3,0,0
972,848,570,337,40
810,1140,944,754,151
919,78,7,0,0
860,628,218,54,20
1109,844,225,217,42
1227,90,4,0,0
706,976,615,56,40
730,541,995,1930,950
778,706,255,18,8
408,44,0,0,0
828,62,5,0,0
768,296,214,88,22
750,500,69,67,5
315,25,28,23,6
1388,98,3,0,0
923,82,18,276,449
1044,46,1,0,0
2213,80,0,0,0
1047,701,384,242,82
844,993,878,894,348
904,129,3,0,0
1234,1636,1298,1186,156
1421,108,2,0,0
940,96,4,2,1
2816,1427,207,196,10
827,812,486,310,140
671,305,590,1963,958
604,602,317,69,16
1293,61,3,0,0
1102,70,7,0,0
932,139,28,44,41
1026,1118,624,277,46
745,496,702,655,228
1162,1115,661,312,34
420,41,0,0,0
1585,2156,3559,5433,2573
748,52,1,0,0
798,1065,763,234,43
914,50,1,0,0
1278,52,3,0,0
742,21,0,0,0
1120,427,246,200,168
1054,1086,510,320,190
1753,103,3,0,0
643,644,736,325,66
5198,390,11,1,0
995,1170,1353,1910,537
820,125,152,290,146
1144,114,8,0,0
570,638,412,252,30
1795,74,3,0,0
1542,86,2,0,0
583,20,0,0,0
626,85,5,0,0
612,48,0,0,0
528,22,0,0,0
749,70,11,0,0
880,24,1,0,0
880,42,5,0,0
838,855,350,67,12
1312,835,584,73,12
1090,1660,1528,420,135
1626,1547,2533,9629,4035
924,910,621,198,36
2076,2157,608,369,32
462,465,225,36,10
730,972,1144,2456,470
599,25,1,0,0
1790,1130,137,265,115
2538,1914,488,908,118
680,24,2,0,0
374,544,649,232,54
676,51,1,2,0
764,38,3,0,0
781,74,3,0,0
942,58,4,0,0
1154,66,33,28,5
497,12,0,0,0
2169,240,10,2,1
1642,1396,893,1064,525
2324,198,10,0,0
754,398,478,989,366
468,383,164,10,5
550,686,361,24,3
368,151,84,21,3
462,7,0,0,0
1834,1410,683,144,15
684,595,240,18,4
541,549,292,122,22
707,682,200,8,3
838,75,3,0,0
661,64,5,0,0
1007,918,1316,1258,563
808,563,170,16,1
1442,1324,658,87,26
2620,110,3,0,0
1252,698,1380,5462,2430
1354,1579,2293,1965,505
1721,88,2,0,0
1147,100,6,1,0
952,1039,751,299,497
532,633,409,292,50
454,272,672,1003,397
1231,107,4,0,0
460,42,4,0,0
640,38,2,0,0
1180,79,0,0,0
596,92,2,0,0
740,69,1,0,0
626,446,77,26,3
473,24,0,0,0
750,56,2,0,0
1042,57,2,0,0
702,27,2,0,0
715,196,312,786,278
1663,1430,1582,2384,468
704,698,488,177,45
1591,130,5,1,0
911,1134,1000,706,164
1020,656,208,378,38
934,840,402,60,8
722,916,962,910,158
986,88,5,0,0
556,542,221,105,50
454,378,179,14,6
561,88,54,96,40
394,34,2,0,0
772,28,3,0,0
997,1075,455,60,8
721,775,490,100,16
551,20,2,0,0
564,22,8,21,12
790,698,298,30,6
745,74,1,0,0
1207,1264,668,280,152
745,60,1,0,0
1101,1088,650,344,79
1443,1573,1444,1464,268
1850,1801,725,1254,345
1440,1534,2806,10088,4088
524,15,1,0,0
330,190,70,105,13
898,897,438,173,78
891,77,2,0,0
324,406,966,4530,2733
576,24,0,0,0
659,72,2,0,0
835,840,587,512,82
588,328,356,286,77
613,440,444,376,72
517,429,136,22,10
886,88,1,0,0
766,732,1088,4337,1480
672,261,362,373,140
722,60,4,0,0
1073,1150,938,719,158
756,447,108,46,6
1472,130,6,0,0
1017,928,491,190,48
480,16,1,0,0
971,880,331,684,71
744,28,0,0,0
879,871,449,195,58
396,132,40,6,2
478,472,248,90,24
486,545,320,68,10
652,112,3,0,0
909,564,342,72,4
620,52,5,0,0
670,818,680,663,124
768,44,2,0,0
652,62,2,0,0
609,288,197,70,11
400,283,473,227,78
1068,504,54,3,1
1102,596,148,14,1
2225,2329,2326,2424,439
726,761,642,823,396
912,32,0,0,0
454,459,231,107,12
778,34,1,0,0
1165,830,310,136,57
481,345,162,642,126
1396,1304,508,69,9
957,112,8,0,0
586,579,430,43,18
670,298,53,14,0
773,750,374,40,4
1025,410,180,59,7
767,658,650,478,64
340,214,168,554,1667
638,243,314,615,194
726,207,326,910,406
1072,101,3,0,0
1318,116,8,0,0
969,880,700,336,48
336,209,243,55,16
1388,1162,1444,1804,495
415,550,483,125,16
751,74,4,0,0
754,24,1,0,0
807,94,4,0,0
1262,1262,846,444,66
327,39,2,0,0
1538,114,5,0,0
879,70,6,0,0
1042,616,199,22,1
965,1152,1143,448,85
828,20,0,0,0
1288,92,4,0,0
633,320,494,668,236
894,919,902,974,156
869,30,0,0,0
1497,1521,982,312,118
1207,1130,546,58,6
422,58,7,0,0
692,706,300,38,2
674,734,576,256,35
962,33,6,0,0
906,587,190,10,1
1047,70,6,0,0
829,74,4,0,0
870,70,4,0,0
998,836,374,41,16
703,380,236,97,12
792,1061,1783,1573,395
1600,1215,452,40,10
529,18,0,0,0
952,1062,792,591,604
1014,1246,945,832,138
998,92,1,1,0
1329,58,2,0,0
634,379,173,54,22
1008,143,6,0,0
689,726,338,146,24
1718,1841,1997,391,147
1259,746,202,12,4
877,960,434,66,18
966,642,93,43,4
714,784,432,182,27
569,401,150,99,14
378,38,0,0,0
886,989,302,18,4
770,844,1208,3506,1148
960,59,1,0,0
1093,138,6,0,0
814,72,1,0,0
698,46,1,0,0
644,1069,1016,172,36
909,1344,1350,1627,386
1654,1293,338,335,81
1162,1124,1368,2740,1227
814,81,1,0,0
500,260,250,27,7
1701,1814,1380,1112,318
1118,98,10,0,0
595,62,2,0,0
472,104,3,0,0
1117,843,103,17,1
222,252,176,242,79
1440,1000,220,28,2
606,57,2,0,0
898,589,260,31,8
550,60,1,0,0
512,68,0,0,0
1071,52,7,0,0
982,676,212,26,6
932,844,552,288,42
935,874,440,72,10
1090,1896,2032,603,144
1034,899,323,57,6
369,222,47,1,0
752,618,260,60,12
1196,98,4,2,0
636,24,1,0,0
294,243,29,28,1
64,3,2,0,0
1088,80,6,0,0
598,416,87,40,2
1117,701,476,242,36
546,24,0,0,0
809,769,333,104,14
572,581,316,88,18
1234,71,2,0,0
1535,76,4,0,0
1158,164,11,0,0
1547,143,2,0,0
1160,52,4,0,0
1075,728,1268,4688,1968
572,47,4,1,1
686,64,5,0,0
496,408,326,189,34
1098,62,1,0,0
1180,984,628,372,105
813,42,6,1,0
659,612,378,301,54
716,857,652,537,58
478,322,403,154,44
632,500,884,2118,828
1194,789,250,10,2
756,44,2,0,0
1270,112,3,0,0
420,14,18,47,27
906,875,626,190,30
662,22,1,0,0
1401,1478,819,632,1082
2126,710,606,424,180
1430,1733,1814,1952,680
845,24,1,0,0
1425,1449,1070,764,152
664,68,6,0,0
534,63,6,0,0
917,72,2,1,0
1131,795,300,16,4
1293,1102,1206,1396,282
1026,34,2,0,0
951,42,1,0,0
804,176,178,155,56
1262,564,360,180,29
2795,1828,854,376,82
1306,124,6,0,0
560,52,4,0,0
1086,100,2,0,0
1030,735,230,57,13
1575,1004,506,254,75
762,74,4,0,0
912,56,3,0,0
722,1047,784,509,84
2274,218,8,0,0
562,304,290,165,45
865,50,3,0,0
367,300,90,7,0
1294,70,3,0,0
760,570,319,100,8
816,986,1042,1730,330
2005,2374,2004,1122,262
559,52,1,0,0
2508,134,5,0,0
569,642,756,982,416
3433,3580,2522,1930,270
1290,94,4,0,0
1038,109,4,0,0
958,34,4,0,0
858,834,526,388,57
812,52,5,0,0
988,930,813,1004,194
703,433,172,18,12
984,112,2,0,0
368,14,1,0,0
224,10,1,0,0
907,484,164,22,4
1706,256,10,0,0
1616,152,12,0,0
1045,650,362,100,12
1577,64,0,0,0
3204,3798,2580,1628,476
856,28,2,0,0
1907,940,260,385,171
1342,1699,2784,3394,1002
1032,992,1023,1166,207
1016,40,0,0,0
1155,458,402,154,36
1057,953,565,288,72
698,297,234,108,30
567,474,120,16,0
740,364,341,288,90
527,21,0,0,0
804,50,0,0,0
1005,1052,526,202,27
1180,49,2,0,0
364,14,0,0,1
888,902,529,278,100
2251,314,501,2582,1979
1208,860,393,224,38
742,70,3,0,0
2677,2140,1061,1969,307
1102,1204,537,104,21
4350,174,13,0,0
620,374,434,322,76
913,614,194,12,1
954,936,1476,1147,537
852,569,292,159,246
1528,155,8,0,0
450,288,1039,2589,1400
1210,544,557,514,151
922,485,358,418,100
692,1107,966,302,37
953,1068,626,316,76
1098,658,202,15,3
1398,1086,514,504,1025
432,33,1,0,0
1967,1026,165,105,45
1680,76,4,1,0
3156,2418,2019,3162,1037
1356,1164,644,156,16
1148,966,285,58,10
744,666,196,29,6
1124,1082,1126,1209,216
937,1142,966,1638,285
999,637,146,27,4
1508,842,111,29,1
916,586,217,25,6
842,98,5,0,0
687,424,420,658,196
776,610,475,259,36
908,752,1078,3514,1802
740,532,107,6,3
1249,52,1,0,0
800,40,2,0,0
289,12,1,0,0
2478,1520,375,24,4
1614,1482,630,120,26
1714,84,6,0,0
1786,177,13,1,0
621,67,3,0,0
3139,144,8,1,0
1010,91,4,0,0
834,50,3,0,0
821,549,956,3358,1304
819,743,542,343,51
710,407,202,446,87
794,34,3,0,0
652,44,3,0,0
872,54,5,0,0
1064,83,6,0,0
488,44,2,0,0
1994,1548,3254,2734,1612
1708,170,8,0,0
1967,174,8,0,0
670,443,136,12,3
3062,2692,1416,922,320
1005,702,264,206,79
833,750,303,44,10
899,26,2,0,0
525,48,1,0,0
728,423,438,496,138
1042,54,2,0,0
593,528,201,16,1
1108,104,7,1,0
642,30,4,0,0
714,704,623,554,454
906,24,0,0,0
602,608,322,209,94
1272,82,12,0,0
1105,830,460,145,50
770,198,131,84,14
2065,1598,1106,748,108
1383,114,4,0,0
2036,2405,1582,451,118
1089,1374,1084,1134,318
1083,905,277,421,38
2916,2318,1054,816,574
632,28,1,0,0
696,740,334,128,18
610,425,206,402,498
630,466,422,683,189
491,46,2,1,0
2039,758,231,510,245
644,288,386,1346,534
876,601,337,134,27
528,430,617,336,146
896,560,302,41,9
1866,1530,1005,376,59
1474,76,4,0,0
2193,1670,435,36,4
1332,60,1,0,0
1008,741,372,133,24
572,399,66,43,1
859,886,670,272,54
1146,1107,518,158,22
1039,1832,2870,4653,9393
973,790,447,204,49
659,486,785,1193,721
1047,976,679,405,77
533,77,3,0,0
557,400,92,54,28
1255,956,570,306,60
1464,120,5,0,0
853,586,366,113,14
940,41,1,0,0
1237,454,992,3352,1738
2380,259,9,0,0
1378,127,4,0,0
3401,150,1,0,0
474,59,2,0,0
848,1016,816,556,85
1084,39,0,0,0
786,567,188,12,0
1103,1298,913,170,38
3182,2314,941,4395,817
494,65,3,0,0
873,37,1,0,0
890,69,1,0,0
1288,152,10,0,0
657,310,180,45,4
1338,1030,244,36,1
2111,1710,485,42,6
3311,114,6,0,0
4993,370,8,0,0
614,56,2,0,0
770,608,288,123,32
925,864,354,117,32
334,351,240,26,7
1254,1145,710,540,171
2318,2969,2419,848,192
1148,108,4,0,0
1053,652,141,8,2
672,543,192,36,4
880,658,583,467,245
584,44,1,0,0
1214,53,1,0,0
916,34,1,0,0
339,14,1,4,1
1448,70,0,0,0
708,934,983,555,187
768,634,289,64,8
3696,277,12,0,0
4564,412,14,0,1
1101,50,6,0,0
699,578,240,24,1
774,335,332,501,157
1402,1116,141,48,3
1040,566,318,66,11
1236,38,4,0,0
830,903,451,113,88
902,826,407,117,20
1739,881,66,8,0
1496,860,78,14,1
989,1247,1164,1507,238
1436,105,2,0,0
1330,1866,1427,232,96
1691,61,6,0,0
3010,539,715,2273,998
6504,5350,2237,6825,648
1089,704,181,17,1
752,810,540,174,35
533,58,2,0,0
1032,49,2,0,0
217,198,138,80,11
310,39,4,0,0
779,1238,1203,1112,230
1252,1220,720,272,115
780,648,270,292,804
677,38,44,104,41
844,30,2,0,0
807,35,3,0,0
1636,70,2,0,0
1068,964,1347,1739,721
1876,2482,4158,9795,3968
1428,1178,414,30,2
720,1240,2401,2739,630
943,971,976,646,201
971,1044,520,222,60
985,72,4,0,0
987,58,4,0,0
490,446,464,1239,384
800,52,2,0,0
198,184,481,891,345
818,50,2,0,0
1462,1154,1722,5324,2258
1722,734,300,730,163
904,181,5,0,0
