976,491,503,273,320
1675,35,30,15,14
1986,852,1844,747,917
866,494,735,320,405
850,798,972,508,635
716,110,159,82,84
491,314,524,248,332
1135,807,1183,554,648
1525,913,1482,729,959
890,629,1054,548,709
828,285,436,248,322
1369,962,1686,820,1127
954,24,27,7,15
850,578,857,438,527
1288,904,1473,696,889
675,450,715,321,421
656,506,840,474,629
736,126,139,65,64
1235,813,1193,582,679
922,510,776,331,435
642,24,42,15,22
422,231,362,176,232
1542,662,1139,489,526
1424,540,982,350,390
682,444,678,360,322
1504,1233,1947,1075,1293
1076,857,1313,693,891
860,593,912,475,555
588,180,278,133,163
632,161,178,108,163
699,350,511,215,282
1072,618,1075,528,702
1187,477,971,350,455
1057,167,216,115,133
1106,349,472,244,295
990,563,899,366,489
1788,1146,1884,906,1176
1008,296,456,224,285
892,622,998,536,655
856,627,891,457,563
2440,1303,1880,906,1068
490,371,535,307,366
864,432,739,276,339
2564,973,1857,782,870
935,715,814,431,531
1011,1172,1441,945,1232
634,213,483,231,231
1546,173,279,119,157
1210,1080,1625,864,1174
891,513,790,344,461
643,9,4,2,2
1192,780,1305,576,697
290,56,63,33,48
650,135,154,100,119
1229,784,1205,633,754
405,220,447,227,389
864,336,662,268,334
768,296,361,228,282
994,682,1126,567,680
852,568,977,414,498
736,494,860,434,584
731,764,930,512,608
1104,764,1245,682,874
1162,790,1137,488,584
478,439,562,314,425
680,299,368,249,318
951,145,194,88,111
685,162,278,149,181
307,107,172,109,136
178,32,56,20,34
1140,402,577,332,377
594,13,3,1,0
881,345,716,290,306
546,152,173,111,118
1207,1206,1309,797,980
405,264,468,220,300
780,96,116,54,62
910,711,1096,580,715
1068,141,254,98,127
1248,638,1014,404,505
880,614,928,416,512
1304,431,626,360,464
988,149,307,117,148
710,715,930,568,677
719,190,242,111,122
469,471,663,392,585
1586,250,491,199,237
850,325,584,221,256
574,9,25,10,7
670,64,90,51,57
1296,507,1068,423,561
2113,1504,2396,1315,1752
1223,321,521,179,232
634,420,722,386,523
490,269,408,162,211
496,524,656,330,419
848,558,971,469,630
652,466,781,373,523
770,535,877,439,603
871,78,69,47,47
440,286,472,213,262
1355,498,984,344,416
1251,740,1067,458,590
838,453,775,371,443
789,423,638,320,414
938,568,1042,461,652
434,10,15,5,9
1347,339,530,246,304
743,72,100,48,60
498,140,191,106,138
1388,256,363,210,256
542,57,95,37,44
470,10,8,7,6
853,502,708,361,450
833,128,223,89,128
524,293,519,226,307
877,548,909,483,634
938,360,607,223,224
912,463,941,419,494
787,109,228,99,89
939,907,1208,738,958
1013,578,914,397,499
774,716,854,478,527
1065,654,898,401,490
1600,972,1443,777,895
754,520,792,397,504
609,450,641,345,402
476,264,390,162,188
731,562,941,462,553
724,330,672,285,345
1264,768,1193,560,703
766,520,789,380,457
855,542,861,442,628
892,541,857,414,476
850,264,402,200,256
2372,1174,2628,1077,1418
1836,1080,1640,773,928
981,645,1069,511,684
1493,250,308,132,149
504,76,106,52,67
713,357,643,286,384
1133,1439,1845,1179,1466
184,102,156,78,104
959,620,1024,575,719
1167,825,1233,717,866
1008,652,1142,560,758
1309,663,1101,462,607
756,495,676,332,425
1300,964,1450,735,797
797,422,626,306,380
596,62,104,42,51
1034,570,908,411,538
848,580,996,494,666
594,80,124,60,67
724,14,9,4,3
638,328,516,209,259
1580,941,1506,788,1034
647,87,133,67,80
170,34,42,20,23
2638,1193,2156,1080,1136
372,176,333,156,169
1046,794,1153,619,736
948,463,950,408,446
670,146,184,92,98
721,491,839,400,470
1044,452,836,341,351
672,402,654,275,337
784,442,714,329,432
590,381,528,258,340
808,178,341,156,195
940,860,1054,602,673
862,246,398,202,249
650,532,640,336,487
830,188,271,144,178
587,202,268,158,204
793,617,979,520,621
981,489,672,296,371
1410,115,288,93,136
570,390,626,300,395
616,161,207,102,130
654,334,591,215,307
840,246,508,195,221
1566,103,190,76,86
1084,693,985,451,562
1611,487,766,409,508
1144,413,741,285,288
1368,887,1366,695,851
1111,121,234,89,97
736,923,1154,758,908
780,661,1067,598,767
356,45,59,26,30
3096,1115,2274,865,995
1534,1064,1839,825,1147
1054,724,1205,592,785
1529,829,1506,772,1122
761,138,295,113,125
1144,266,414,194,244
2284,436,969,361,413
921,630,1001,475,591
652,332,566,221,296
967,646,1102,527,628
558,389,607,363,430
866,861,1122,634,839
1194,1259,1651,900,1201
720,623,726,392,449
507,636,748,496,655
546,62,72,36,50
840,49,61,30,29
1642,889,1470,696,925
1795,2070,2657,1630,2271
1490,880,1352,583,752
842,195,295,163,192
444,87,128,64,71
588,192,217,131,174
710,464,743,375,508
1293,479,867,327,323
1262,787,1317,618,785
748,723,981,607,757
467,242,430,172,222
703,98,188,56,86
590,399,584,264,306
3124,1026,1573,818,1029
1070,577,991,523,645
2069,884,1701,703,830
1778,738,1387,637,767
1365,106,105,64,71
494,312,473,224,297
1593,790,1154,532,602
738,409,663,324,410
1387,944,1434,679,809
2901,1275,2408,1013,1171
731,619,804,437,600
723,180,232,101,102
636,101,142,80,84
622,319,511,225,278
672,71,95,48,59
2033,519,750,429,512
726,315,320,189,191
439,79,90,52,58
511,259,370,147,176
764,120,205,82,74
554,122,171,87,102
597,432,736,369,476
750,417,703,315,423
1591,307,373,206,211
757,455,749,292,389
2644,2047,3095,1683,2150
2397,1604,2326,1215,1356
1647,707,1401,523,617
806,223,473,180,204
1234,608,1017,485,513
718,118,161,77,79
642,506,784,375,532
832,560,898,448,574
1146,879,1392,747,962
718,214,291,147,232
1416,1002,1465,800,958
2071,2197,2980,1818,2501
2245,1167,2135,975,1095
799,96,164,57,76
1312,860,1144,564,621
1352,555,1206,480,575
1158,777,1138,492,582
824,165,262,138,182
1061,221,405,176,206
1057,413,864,353,444
686,285,508,189,211
1302,824,1141,525,603
1345,255,437,210,270
1182,246,275,151,191
1262,1088,1530,878,1037
568,292,436,200,240
840,554,736,359,380
1128,112,186,84,95
749,10,19,7,14
508,20,46,20,22
1464,1052,1629,898,1179
593,203,535,163,234
499,120,99,45,73
1488,1010,1798,910,1223
1625,1036,1709,851,1143
1318,1357,1831,1062,1496
922,618,1207,467,542
204,48,55,39,54
748,158,229,108,156
869,622,979,497,628
1082,737,1118,585,693
322,16,8,7,4
493,9,6,2,4
667,368,523,232,268
1444,1373,1923,1202,1609
2188,1428,2142,1115,1314
828,563,968,480,638
687,465,678,387,461
584,560,830,453,562
906,152,248,113,139
956,372,734,272,307
622,532,664,368,449
1962,968,1923,829,933
578,189,241,162,214
1276,220,314,161,218
1309,687,956,432,487
1674,1734,2303,1439,1636
1052,1181,1607,1013,1460
2326,1154,2522,1043,1305
742,212,192,123,138
918,866,1079,640,752
660,93,172,82,83
920,565,962,455,576
684,514,739,372,443
1142,717,1111,576,733
2296,437,799,390,422
1794,1871,2263,1490,1865
1281,700,1067,498,615
1512,581,1160,433,489
592,124,145,72,78
893,632,1019,504,662
787,122,188,84,108
690,437,692,358,470
1058,1012,1275,681,896
1126,960,1232,742,906
593,631,820,465,580
1990,743,1437,569,669
990,1015,1017,621,734
704,298,700,281,367
1080,194,369,152,176
1336,532,1091,423,510
413,60,77,43,51
1106,1185,1492,968,1211
763,206,333,180,235
821,817,1006,632,732
700,669,792,396,472
769,434,641,294,379
1856,675,1419,567,667
1380,1175,1709,900,1341
1396,578,867,511,619
2211,1339,1881,889,1104
788,218,320,178,224
671,168,277,141,184
1567,260,322,172,205
867,566,858,426,494
1025,489,744,337,421
1392,223,378,203,259
2195,1462,2548,1309,1712
744,448,656,316,384
1219,728,1058,482,565
583,532,890,399,623
216,203,262,165,219
544,38,53,32,41
1810,695,1488,585,785
1022,1031,1306,801,1035
366,361,521,269,472
1198,139,193,83,96
514,335,492,264,334
606,150,168,105,140
340,208,315,151,200
729,67,71,33,33
607,82,163,64,81
404,6,5,3,5
1158,1164,1571,915,1199
681,133,216,117,146
922,272,301,156,159
756,262,562,181,225
1962,1295,2169,1116,1467
482,153,260,136,177
817,195,362,159,194
1100,796,1232,655,852
934,109,154,86,105
1087,819,1317,656,869
488,200,253,171,234
858,506,852,348,437
830,690,1010,596,743
876,463,609,358,436
1019,669,1179,570,841
1107,178,302,128,141
598,349,678,270,350
1078,510,1199,444,535
2469,1676,2526,1210,1485
836,626,1085,510,723
1257,900,1315,626,792
906,624,948,507,678
906,429,878,374,424
826,87,118,59,66
748,412,585,276,335
708,132,157,82,89
707,124,198,111,144
728,246,403,221,305
1658,1157,1846,958,1250
1396,764,1112,573,676
720,386,695,261,333
555,174,275,146,202
869,442,835,398,447
868,588,1048,445,571
1266,256,319,163,182
926,662,1064,561,735
918,250,332,202,222
580,397,617,338,429
823,551,993,447,562
818,110,187,101,111
878,365,725,313,389
624,208,286,177,235
1084,526,1292,499,640
356,82,104,53,51
690,166,216,113,138
1072,725,1066,592,752
954,180,225,101,96
694,549,923,465,625
582,382,676,296,411
654,725,1007,609,808
603,222,224,175,201
954,261,362,199,254
276,8,3,2,3
1538,945,1642,736,936
1057,1102,1225,727,767
934,882,1102,706,807
490,56,246,80,111
1080,730,1294,651,936
688,863,1117,668,869
459,75,119,55,78
625,311,380,231,277
789,397,737,346,403
758,940,1263,747,969
950,877,1008,637,817
1021,774,1191,613,801
791,299,464,245,303
759,576,882,443,567
1031,1073,1301,777,995
718,129,177,82,91
911,181,278,142,185
1201,808,1263,650,863
700,266,320,146,177
837,123,194,94,128
533,523,660,387,538
890,654,1006,556,736
796,289,421,219,285
827,601,868,413,514
1151,430,510,324,446
1096,681,1051,563,696
801,556,861,436,539
455,140,204,89,157
634,712,915,547,683
1034,1154,1444,930,1229
665,21,10,6,6
1215,364,507,291,363
1150,666,973,456,502
988,1009,1479,845,1237
1062,652,1142,567,781
1063,1052,1446,741,946
607,402,660,285,361
1013,503,835,362,391
728,473,687,328,382
934,583,834,420,477
809,621,916,527,629
855,661,966,434,537
648,110,174,82,90
854,39,25,21,21
1192,738,936,446,540
804,240,330,184,222
874,985,1362,798,1112
812,730,889,466,600
429,203,320,186,226
796,190,341,144,182
1071,649,1008,428,505
800,544,987,432,548
642,250,290,168,204
1949,1328,2177,1166,1497
1369,291,604,263,328
866,580,856,423,486
1115,738,1277,621,832
558,527,611,389,473
318,188,252,158,184
956,20,11,4,18
1062,702,1246,577,821
1668,636,1480,545,709
810,356,763,290,405
862,10,15,6,5
1133,760,1114,649,800
908,892,1141,726,841
825,592,917,464,541
608,365,552,325,434
910,722,1162,624,795
661,309,354,222,303
884,897,1166,690,846
864,454,916,380,455
883,830,1123,656,894
609,184,343,163,250
1227,11,8,1,2
325,120,164,86,107
788,467,842,371,514
737,295,412,249,310
664,380,746,298,432
1140,763,1179,479,565
670,262,392,195,250
874,337,484,243,315
925,571,885,429,523
383,163,205,145,172
777,187,254,113,164
711,225,261,164,209
506,62,123,61,61
859,24,17,10,9
1043,670,1083,568,751
834,31,27,11,15
1420,568,1277,537,681
832,594,896,497,570
730,145,300,142,176
376,86,154,83,97
986,720,1069,564,713
1278,643,1056,396,478
1137,778,1157,592,730
968,718,1226,640,806
1133,654,1041,538,660
901,332,437,252,276
1964,776,1567,622,673
1070,457,1051,380,479
1110,851,1250,654,716
704,183,300,116,174
440,302,397,190,213
2207,500,1166,409,532
764,584,858,452,547
984,644,986,521,685
1254,811,1225,581,688
677,435,731,354,463
1430,640,1216,480,546
2248,823,1359,511,555
658,24,26,13,18
894,513,807,344,444
936,668,1078,518,718
1012,728,1257,615,809
1434,839,1175,524,603
895,578,817,342,434
507,518,711,318,438
1177,379,819,239,341
1126,428,886,340,396
3142,1899,2602,1294,1498
878,652,1066,550,754
661,437,738,310,419
432,62,94,42,52
168,102,122,68,104
698,82,153,61,57
901,656,1102,550,672
1568,1563,1757,1006,1348
726,151,188,78,86
845,504,689,291,380
913,24,18,8,11
410,198,334,140,177
1998,1373,2064,1086,1354
812,864,969,656,724
884,613,939,402,509
876,240,331,176,222
404,261,469,231,340
880,104,189,79,98
940,667,1182,542,760
873,477,712,287,335
1148,11,5,2,2
1320,576,1332,499,585
439,330,560,262,363
1190,714,1082,480,574
951,741,1107,606,784
580,703,981,635,840
928,620,1096,458,576
1012,797,1217,657,808
1364,1401,1945,1144,1560
1040,738,997,460,555
1092,436,930,347,441
844,146,172,118,131
534,690,788,435,537
288,76,136,66,84
1013,590,896,484,688
1995,121,140,62,48
872,641,954,430,525
720,272,398,186,254
910,179,267,127,167
550,111,179,78,114
2428,1533,2238,1015,1198
838,29,31,14,12
1015,1045,1427,889,1216
926,602,1047,530,774
833,269,362,209,257
1255,737,1349,655,906
566,177,237,127,152
829,761,1148,654,953
837,692,1101,609,763
707,657,798,477,627
792,317,700,265,315
618,19,36,11,11
1173,862,1437,718,972
591,739,728,458,483
558,557,761,419,566
981,706,1072,581,681
875,740,1129,601,740
1068,436,1142,408,584
828,169,219,134,152
1898,548,1289,368,530
727,592,856,457,532
1221,926,1359,605,778
923,628,927,412,463
962,639,1147,537,754
690,329,388,244,277
644,59,111,50,63
1210,489,1020,450,589
826,181,205,148,185
1957,416,806,354,475
4910,2064,4308,1907,2404
1299,954,1414,824,1097
329,113,174,82,101
714,311,607,233,260
620,179,227,116,148
610,257,577,246,313
740,558,842,434,594
566,330,492,200,285
872,29,27,9,14
995,618,864,392,433
1002,658,912,473,562
1192,176,225,108,103
592,383,649,267,380
727,901,1111,728,865
1464,456,497,182,182
913,363,552,280,352
955,138,261,107,119
718,162,256,141,192
652,310,608,269,352
629,538,758,384,474
720,70,168,61,81
779,462,743,378,487
940,391,862,323,380
1026,179,394,185,188
800,581,975,501,610
602,99,98,51,54
898,157,649,191,271
602,336,420,279,345
1130,859,1253,686,808
941,220,311,160,187
760,251,345,221,295
566,104,138,78,100
630,609,773,419,557
1360,460,980,342,425
683,172,275,127,167
823,626,983,542,666
942,758,1204,653,834
1069,820,1223,696,828
868,225,278,171,197
951,627,886,413,477
1172,928,1449,753,871
838,503,954,402,510
764,501,752,339,414
1686,1740,2276,1473,1851
865,280,418,210,273
974,460,950,419,499
1160,523,712,449,584
1048,39,32,19,21
1724,1356,1766,1128,1554
536,422,687,327,440
1066,665,1196,592,803
950,644,974,483,604
947,155,382,153,185
1119,840,1338,678,885
500,135,212,112,174
1014,694,1081,524,668
802,482,716,353,469
861,724,1069,577,749
3797,3977,4270,2619,2807
1185,439,703,349,431
1076,245,304,137,125
579,353,490,275,397
1330,841,1207,550,652
342,146,257,125,160
536,536,681,383,477
1382,663,1552,654,776
594,329,622,214,326
670,70,82,38,30
1290,1240,1373,798,863
2280,1533,2430,1287,1671
1249,883,1314,710,877
633,186,229,142,165
678,286,439,234,272
520,401,470,320,333
1184,605,1342,583,655
450,465,572,300,380
893,508,840,316,404
830,269,401,212,257
583,474,796,420,575
1076,204,401,166,197
849,16,5,2,2
454,526,686,390,492
907,626,1073,505,683
1741,1069,1654,700,864
1406,887,1372,598,803
1335,1137,1289,685,800
352,108,188,92,119
859,220,395,187,229
358,18,17,8,10
796,569,1031,483,682
1019,844,1299,706,892
597,212,469,178,254
854,402,470,331,402
866,175,269,128,184
1070,435,984,410,564
2648,580,847,430,520
2289,1083,2138,904,972
698,922,1223,753,962
682,800,1057,678,856
996,574,908,469,648
495,35,44,18,29
575,435,726,352,518
1188,493,1027,424,529
624,165,145,73,97
644,195,243,139,153
620,21,15,10,11
1291,303,405,235,282
744,782,968,619,807
912,887,1168,735,900
2970,1790,3614,1426,1907
985,769,1207,627,808
1236,804,1497,750,1010
1266,1494,1947,1098,1405
1358,151,257,127,124
284,51,82,33,52
756,394,806,318,372
872,518,850,405,476
723,510,794,423,513
490,22,20,9,8
1223,1356,1946,1094,1514
1066,781,1245,576,722
862,589,860,448,542
939,1009,1343,854,1197
1333,570,1184,496,573
1144,285,331,193,246
1076,1146,1627,879,1236
1320,499,1042,449,550
837,573,972,469,624
784,832,1058,660,818
957,686,944,524,622
946,678,1145,544,718
806,488,773,368,464
1143,796,1331,730,942
1450,559,992,374,446
996,622,1036,524,642
1302,1600,2239,1212,1592
963,111,145,65,60
1774,1306,2056,1050,1307
776,618,704,424,537
553,219,334,162,204
1012,390,552,287,330
670,208,303,164,209
1273,1410,1895,1205,1425
488,244,409,186,260
774,217,314,167,202
1384,878,1225,647,725
712,795,1050,633,772
550,54,46,26,19
1130,662,1144,578,785
1124,211,323,164,204
461,98,124,64,76
195,3,0,0,0
502,187,272,141,181
760,80,105,44,56
643,158,201,112,145
914,594,1032,500,688
2293,609,1524,374,650
836,800,1012,652,762
828,758,1008,552,610
1905,1288,1783,897,1068
1940,705,1002,593,677
712,352,549,250,346
654,96,168,73,92
800,570,932,490,654
696,797,941,592,634
580,104,378,62,153
1048,27,5,4,10
857,635,981,470,605
836,537,973,439,584
704,291,339,167,174
798,127,167,102,111
1070,1015,1200,633,736
1487,612,1342,543,714
1970,329,665,241,255
736,243,336,187,210
850,851,1035,532,657
982,632,1072,505,611
384,171,288,154,202
696,704,933,562,687
926,632,1067,512,725
593,8,2,3,2
2194,1366,2165,1184,1492
1640,1163,1825,970,1191
1107,773,1185,648,818
858,10,11,5,3
686,739,861,553,659
923,176,288,144,192
815,515,851,417,558
888,546,809,366,468
349,93,96,41,48
894,975,1263,804,1044
678,16,19,7,5
784,516,760,403,492
949,383,765,282,316
604,98,104,52,56
544,666,811,492,673
1066,655,1082,508,648
560,188,302,156,199
790,380,737,337,380
314,106,161,88,111
287,42,81,36,50
742,610,977,510,682
491,102,172,80,98
837,785,1009,575,660
684,59,58,23,25
1390,531,991,413,437
1328,914,1472,699,856
551,576,807,421,538
650,119,228,105,137
798,848,1056,677,934
1051,16,9,6,10
594,327,417,295,333
971,75,100,59,60
1039,517,1153,463,569
746,180,198,129,160
772,262,402,212,245
368,18,13,8,8
624,667,780,428,567
650,649,865,489,654
841,410,938,365,551
488,131,275,105,122
548,7,4,4,4
626,7,4,2,0
360,182,188,100,121
592,61,90,44,57
608,107,173,82,114
604,228,340,184,240
336,273,468,230,325
705,444,648,298,355
628,353,553,242,329
927,568,1039,490,718
826,617,975,478,591
570,236,509,202,225
628,16,7,4,3
3133,1320,1679,1112,1334
714,739,939,584,777
773,522,881,401,490
648,460,746,410,534
908,137,247,110,134
704,419,721,327,471
480,230,317,184,234
1600,1130,1706,943,1161
853,598,800,395,483
636,137,183,100,107
409,350,557,303,362
666,466,668,366,448
472,92,135,49,57
582,352,570,215,295
909,630,983,435,533
511,352,579,243,312
774,553,781,363,454
658,258,575,183,213
653,529,668,335,420
599,533,782,404,536
356,213,372,174,261
625,444,683,345,425
550,580,726,399,494
540,65,94,50,67
267,260,316,169,226
1464,748,1278,484,680
809,572,967,511,702
1136,668,988,439,504
1098,1208,1616,921,1135
972,425,925,374,542
730,806,1042,656,901
670,19,12,4,6
641,568,675,365,448
960,1052,1286,764,991
410,172,272,139,164
1263,940,1446,749,896
220,37,49,42,36
1052,13,7,3,5
948,420,777,271,304
1107,418,593,328,384
869,636,946,496,659
523,129,214,100,116
874,446,570,344,436
656,236,390,212,252
764,483,684,308,372
707,510,818,426,547
1042,751,1384,611,839
690,379,514,233,314
799,140,198,91,102
606,79,124,65,83
576,242,543,211,289
488,66,136,64,86
302,10,10,4,4
716,506,788,404,513
437,26,49,23,18
594,214,301,172,224
842,395,832,335,438
462,129,127,56,67
1029,178,244,138,145
879,754,936,483,620
803,560,902,440,573
33,30,65,25,45
780,605,928,478,568
785,220,421,177,206
1054,394,721,313,364
733,512,902,437,622
2208,958,2252,807,1008
655,363,836,462,650
523,396,635,325,409
564,583,844,437,672
724,558,868,458,613
680,170,204,95,115
377,100,156,75,108
1545,1179,1860,1044,1322
848,537,783,328,426
914,611,822,409,478
1476,550,1004,393,481
752,468,709,311,379
1076,186,232,90,109
439,294,454,244,301
1226,525,636,388,465
1051,813,1351,652,879
908,458,688,280,334
1244,178,251,132,144
876,406,812,368,442
916,492,782,315,400
559,589,837,454,698
493,201,321,144,186
664,490,843,434,548
1122,823,1184,621,749
863,314,609,208,229
588,485,808,397,530
774,280,655,217,254
588,309,547,216,314
740,625,810,406,561
422,124,107,64,68
387,157,210,114,173
720,435,680,294,364
541,51,99,37,54
592,12,3,3,2
770,244,409,203,242
841,578,1033,507,640
829,501,850,389,514
722,424,699,316,453
907,593,761,382,400
612,73,154,51,70
767,359,503,296,346
844,545,896,413,573
887,664,991,546,692
480,151,229,120,138
887,516,835,366,477
1300,621,1112,506,565
1149,561,874,372,433
876,632,866,412,486
1020,531,865,347,437
888,711,1118,590,723
654,536,838,444,614
801,423,673,305,402
674,660,841,402,515
1117,497,632,362,419
396,14,7,7,5
324,176,207,129,177
978,334,416,178,210
1145,1025,1486,841,1054
1231,146,279,103,151
652,400,531,336,476
600,114,183,99,117
698,170,221,98,99
1288,172,282,165,146
665,363,622,267,359
745,964,1169,771,979
610,574,781,435,529
211,111,109,75,84
671,208,320,177,236
300,430,595,373,515
897,594,925,461,602
772,23,33,22,18
1745,937,1152,555,565
448,246,370,156,186
937,374,751,294,336
866,550,912,394,509
378,131,162,80,112
490,195,391,159,167
378,119,180,100,137
889,711,1075,551,731
918,618,941,477,587
340,266,287,216,197
784,778,1005,599,762
1026,387,858,368,481
319,44,54,37,32
898,286,314,200,220
706,73,70,35,42
987,582,797,370,460
574,266,432,227,318
561,512,773,446,532
510,314,510,230,290
738,107,217,93,102
1068,676,1025,550,700
627,451,823,378,507
814,332,597,273,311
1026,750,1271,676,876
591,192,334,159,203
1024,1212,1542,939,1270
894,697,1108,558,768
476,192,399,131,154
799,615,920,529,628
1441,323,458,270,296
571,449,713,387,461
692,461,710,359,486
388,151,170,103,130
1105,947,1416,740,899
793,528,878,427,578
646,496,799,433,579
1018,634,946,425,495
677,713,856,529,647
2214,1193,2296,1015,1208
646,308,677,282,308
994,383,930,350,440
605,414,642,304,350
728,776,882,497,608
795,606,953,522,726
844,534,844,414,504
1022,590,886,364,438
837,494,734,336,410
1892,1213,1869,927,1193
961,840,1282,633,822
491,291,460,203,236
454,25,24,10,11
444,168,246,137,172
616,373,915,319,440
732,492,695,297,339
823,594,761,360,409
1172,812,1456,796,1102
439,238,417,193,275
914,147,214,112,139
1009,911,1583,793,1085
376,165,238,128,150
1086,985,1524,829,1031
552,389,636,312,434
1069,622,1138,540,728
2086,1882,2513,1378,1969
514,634,936,463,616
1156,1161,1817,964,1250
602,201,280,141,157
847,374,594,305,367
922,65,112,54,72
822,686,978,439,506
638,184,264,126,171
473,339,532,238,280
712,488,736,315,383
930,707,1178,527,688
2755,135,205,81,102
900,171,241,138,148
502,291,448,211,250
739,89,144,64,71
693,74,107,48,56
992,649,1054,495,651
3041,835,1327,626,719
1688,645,814,383,404
1186,387,542,286,326
885,365,353,217,211
1021,938,1476,814,1013
962,394,627,318,366
556,219,341,190,237
932,819,1380,719,895
433,124,202,82,98
1168,626,1451,536,677
452,302,495,187,223
768,621,930,471,603
1061,862,1273,708,838
716,585,836,376,456
777,252,389,238,286
1140,1053,1889,867,1104
865,494,760,369,438
638,179,312,141,200
1146,424,623,357,417
722,443,718,357,448
622,286,513,204,268
930,544,1236,432,503
886,731,1272,646,847
1112,927,1517,768,950
970,797,1274,672,834
521,146,217,100,114
606,586,877,474,615
698,558,942,494,691
866,435,998,334,450
1558,1196,1897,817,1029
833,676,1043,458,553
694,90,132,72,95
1239,742,1181,580,730
1341,334,487,282,313
656,194,328,165,232
1711,1329,2002,1025,1258
1014,710,1102,474,597
750,565,976,423,566
1206,904,1365,640,770
722,392,589,350,448
784,396,623,336,421
542,449,714,345,444
638,85,133,44,50
1194,1031,1659,828,1038
744,333,542,272,334
568,206,355,131,176
363,340,502,269,338
1565,991,1963,833,1198
681,169,243,134,170
692,435,663,304,342
1865,1161,1956,917,1239
2218,1680,2478,1378,1620
1153,686,1082,425,548
1390,931,1587,718,933
1298,734,1727,646,788
1171,890,1399,670,912
964,779,1178,600,753
938,789,1212,581,750
956,482,747,428,501
647,111,222,86,96
916,672,1070,511,659
684,808,1052,588,759
718,206,269,153,162
1083,804,1139,564,610
834,717,1103,574,674
791,344,512,275,341
758,130,204,93,124
2139,1623,2445,1392,1809
1050,979,1301,583,861
960,638,1008,501,614
994,814,1560,677,1012
801,343,595,286,348
626,870,1155,699,807
1050,847,1362,660,830
574,33,30,14,25
762,515,720,310,379
578,497,907,429,573
423,97,156,65,62
1029,908,1597,794,1112
791,260,402,211,273
798,236,364,189,243
694,590,1033,504,698
816,787,1248,672,869
722,125,206,102,128
670,913,1157,565,704
864,488,693,356,404
2144,363,640,306,353
461,16,11,3,6
1360,95,110,56,60
1304,1046,1743,895,1144
963,313,548,278,372
1098,1033,1615,833,1023
1928,332,388,180,169
1288,1156,1813,969,1285
820,634,973,454,565
406,246,246,120,154
612,164,268,143,175
973,293,428,228,264
1342,1302,1975,1080,1283
425,326,349,253,265
856,100,186,83,101
868,180,275,149,163
589,340,624,279,383
350,82,89,39,39
586,455,722,341,525
1096,758,1467,739,1111
1310,460,712,368,474
387,199,304,164,213
523,344,449,245,308
1008,877,1349,778,982
492,575,1239,781,1270
692,226,291,137,125
542,113,198,69,94
1088,904,1490,718,941
918,265,395,210,274
815,639,1118,515,723
472,226,251,108,142
876,25,22,9,16
998,932,1484,714,860
794,314,634,204,229
651,376,558,236,304
1402,1096,1692,825,1075
275,161,250,130,163
631,218,331,177,221
1024,892,1364,747,969
661,294,491,232,318
930,806,1194,657,740
1102,786,1141,528,657
1164,923,1487,793,966
602,235,288,186,237
748,710,1155,613,805
851,46,44,21,27
737,934,989,577,694
792,694,973,428,554
632,417,609,268,367
1046,541,1217,464,625
922,85,196,69,89
635,152,215,109,126
868,600,795,376,454
1232,174,251,125,153
1777,134,120,62,64
1202,1042,1791,890,1133
756,559,970,428,544
1003,899,1368,688,826
778,357,462,204,194
662,13,9,4,7
593,428,784,360,396
796,1286,1579,1037,1212
598,273,438,220,308
1046,1497,1851,1144,1471
735,183,245,94,62
952,251,505,211,256
728,514,812,352,472
1378,1153,1697,819,957
746,305,422,217,255
815,286,424,243,295
1001,633,924,488,585
862,145,333,109,125
1142,60,64,29,32
1117,1014,1513,883,1057
653,10,5,4,2
940,688,1180,571,726
954,714,1316,618,897
813,23,25,10,12
587,13,5,3,2
840,283,402,190,256
1409,1213,1870,987,1077
1067,852,1287,635,768
876,733,1260,642,836
724,274,415,193,251
928,700,1310,632,926
658,400,666,283,366
883,553,874,394,473
1750,1123,1502,759,815
1312,512,746,362,437
1044,882,1528,725,966
747,677,992,534,636
662,545,849,434,550
604,313,480,261,317
784,585,930,427,532
800,650,1212,561,732
936,871,1407,722,920
836,273,378,162,175
672,395,748,246,305
866,698,1326,619,899
1120,1038,1512,856,1092
766,656,1085,457,632
1001,823,1273,509,653
1007,220,292,144,147
472,598,857,404,616
1449,1236,1988,1096,1385
866,535,850,399,534
697,515,725,348,402
1282,280,349,153,168
1295,886,1598,826,1146
1027,912,1286,703,898
606,286,417,166,203
836,617,995,457,631
802,155,232,128,130
746,87,191,54,62
734,204,336,170,234
1048,222,356,139,125
861,861,1443,725,948
881,645,1015,498,660
1181,677,1413,563,646
1054,708,1078,528,652
2118,1479,2104,1047,1202
636,393,597,268,335
1072,1043,1738,897,1112
1113,1069,1666,854,1108
1146,636,1116,558,714
1451,899,1533,798,1138
728,323,416,180,192
934,838,1162,610,739
1914,686,962,510,731
935,824,1355,714,914
893,690,967,480,564
689,527,868,374,510
654,335,489,291,352
909,630,1020,464,596
576,254,326,189,213
752,666,939,473,527
852,720,1169,571,752
665,328,568,283,366
575,225,408,194,254
668,198,315,138,173
710,218,314,173,188
1920,1073,1633,864,1032
1427,1010,1414,699,792
780,613,924,458,590
672,601,992,472,628
670,318,767,276,354
616,292,496,220,292
567,139,227,102,136
1657,1639,2447,1348,1734
346,311,472,252,329
788,221,334,166,208
1465,543,1415,482,655
810,740,1031,505,589
868,310,491,281,341
412,589,714,416,555
498,396,602,295,360
504,496,772,363,458
632,606,943,494,618
603,547,796,436,559
907,1080,1326,758,929
1332,1173,1955,944,1383
780,449,873,424,469
1443,1969,2384,1628,2090
857,199,378,175,255
890,696,1106,438,534
806,393,678,266,320
1613,1544,2569,1382,1762
812,582,878,415,504
302,254,396,220,315
457,274,426,202,279
967,916,1548,733,899
646,574,854,490,627
982,824,1236,666,789
896,440,1086,382,586
902,386,721,268,302
1117,974,1586,796,989
1180,818,1434,658,844
478,98,150,71,110
374,9,4,2,3
1576,707,1531,591,742
2388,428,819,296,341
858,741,964,512,627
670,426,666,297,379
499,146,256,130,172
828,414,868,311,344
1755,459,640,303,368
488,405,635,319,396
446,363,556,272,358
1553,199,350,137,153
580,548,855,427,501
806,122,194,97,121
812,904,1163,748,956
126,137,185,96,141
2005,656,1015,541,640
1623,835,1627,684,773
260,123,161,89,150
567,17,10,5,6
719,584,873,403,511
804,682,1091,559,723
1072,903,1546,786,1050
361,231,375,184,249
1098,858,1349,654,807
856,742,1222,594,777
886,435,828,311,366
655,28,32,15,16
499,18,18,5,10
944,910,1327,712,834
646,678,799,443,571
778,621,916,430,518
1201,634,1166,504,699
1492,791,1686,721,882
1625,1098,1775,756,999
552,18,19,8,11
829,422,591,313,332
737,533,804,436,491
907,848,1297,734,960
720,155,220,103,102
690,381,685,275,293
294,97,181,83,106
798,225,322,177,215
814,805,1429,705,958
687,625,954,486,639
592,554,955,455,634
687,192,297,129,156
586,178,220,100,102
484,130,189,88,103
2038,1056,1695,729,908
3466,1671,3292,1343,1468
2334,1175,2263,988,1292
844,385,716,354,464
1016,819,1376,640,785
1701,563,939,460,523
1135,971,1522,822,1052
671,258,374,202,246
267,57,114,47,57
612,168,224,102,120
706,375,687,281,337
1002,994,1488,815,995
1003,282,460,240,303
748,673,975,547,653
590,698,1039,583,811
792,1124,1522,798,1036
545,320,791,293,397
671,582,938,442,583
730,263,379,194,233
727,584,805,408,489
2694,1014,2264,907,1148
1498,1010,1321,648,749
1522,1266,2357,1058,1519
1320,458,513,246,217
1171,329,420,235,246
749,647,1009,497,668
639,497,898,453,587
516,292,567,214,312
726,202,375,138,170
581,282,409,243,306
663,473,642,305,382
204,68,85,39,63
804,588,884,430,552
542,17,9,5,6
1991,1634,2386,1147,1356
960,784,1239,642,814
485,609,782,392,521
1753,742,1314,649,861
1253,30,16,6,11
1420,88,84,31,33
1282,644,1206,555,695
754,573,1000,464,629
1052,558,842,451,532
621,279,421,215,284
1018,422,602,286,306
626,174,290,147,186
841,802,1385,674,918
720,626,1005,490,669
417,175,260,140,169
530,430,457,283,325
1280,642,1394,538,715
770,132,159,72,70
628,407,734,331,447
1512,1297,1894,1092,1322
1564,1526,1992,1033,1340
715,484,579,370,420
736,340,625,273,376
944,871,1445,680,895
791,287,553,231,337
776,645,940,489,616
362,195,274,147,234
814,736,1156,563,756
724,417,523,345,417
1152,527,620,409,503
991,841,1451,752,1045
656,504,715,403,387
882,852,1440,771,950
712,613,874,508,592
786,260,392,206,269
730,478,858,418,530
1104,779,1485,641,873
650,328,562,264,352
417,225,290,188,219
1438,294,404,214,254
1104,976,1603,720,905
977,782,1127,574,697
505,398,523,256,296
1190,938,1468,740,887
786,305,410,212,236
528,143,289,147,145
702,544,818,358,422
706,653,943,453,574
684,163,258,129,184
1122,977,1495,860,1048
338,152,311,133,156
700,548,906,465,585
1036,856,1226,557,668
1116,710,966,435,544
1449,768,1117,567,673
691,616,1024,504,592
1103,711,1420,596,601
742,698,1156,554,715
734,355,790,326,377
1153,238,450,185,232
290,247,341,154,186
749,773,866,461,563
806,380,564,291,358
1002,349,480,265,324
724,250,386,212,274
631,251,257,180,192
442,579,681,349,420
522,7,2,0,0
499,118,174,91,111
1741,2092,2536,1650,2014
2453,1966,2876,1382,1582
1012,926,1540,746,909
786,603,908,371,466
1449,1197,1807,924,1094
619,466,719,285,381
1398,1006,1608,764,933
852,385,592,338,414
690,640,1029,508,692
663,931,1097,586,662
1131,957,1552,765,961
1147,426,678,397,489
264,22,32,15,16
1082,477,933,347,424
510,125,199,95,125
1158,622,1199,546,618
546,427,786,373,520
596,115,137,85,94
1220,638,1316,530,617
850,195,286,145,175
1675,1400,2241,1136,1394
1014,1090,1634,915,1146
986,842,1447,719,920
810,440,640,313,368
974,425,918,342,491
780,610,1091,523,600
502,84,138,54,66
863,426,788,343,357
966,794,1220,647,781
950,778,1282,674,855
889,228,295,148,180
610,182,278,149,176
475,63,84,50,61
774,110,142,74,88
1403,1181,1773,876,982
1426,1153,1739,930,1143
2352,1207,2003,790,787
1004,747,1020,511,596
1503,1068,1711,757,910
813,1121,1520,954,1253
1178,1092,1647,886,1074
800,365,637,310,389
710,722,1086,598,781
851,770,1353,696,955
736,405,738,295,329
977,726,1181,585,703
834,814,1306,706,941
734,162,257,122,145
633,118,182,85,117
882,207,332,166,234
608,104,200,84,89
890,1078,1241,785,927
800,162,213,113,148
1184,811,1354,660,838
1311,1073,1553,870,1108
1985,604,1008,502,660
1132,646,1429,604,761
876,706,1319,676,900
1146,421,1144,394,546
986,992,1590,874,1041
575,325,507,265,358
732,234,345,129,139
1343,799,1395,633,661
359,166,263,121,170
1199,1590,2176,1271,1664
817,991,1187,667,788
1040,535,1082,449,537
854,680,1145,543,729
731,29,30,12,18
930,344,522,291,345
564,761,1081,634,949
963,822,1312,742,962
535,210,300,154,202
2038,987,1965,767,959
1461,1034,1821,761,966
1412,1127,1663,843,976
1326,554,1100,350,419
1164,968,1464,728,890
790,744,1098,554,741
880,712,1252,568,731
514,429,782,394,538
337,74,123,55,66
976,504,1035,456,555
476,430,666,346,432
1056,778,1133,596,732
946,723,1145,496,604
644,508,671,378,493
472,343,598,250,340
628,522,828,408,529
430,253,271,156,147
589,538,886,498,667
706,566,818,388,395
792,483,1010,393,495
880,445,970,379,436
1075,795,1112,501,574
462,162,241,122,166
970,165,449,124,169
745,401,613,348,382
1018,734,1136,496,591
628,814,1086,524,728
945,330,457,246,297
876,262,570,268,299
352,522,992,452,750
867,756,1229,625,801
682,244,434,214,295
849,655,1030,588,683
918,172,264,126,148
976,299,478,226,259
530,287,308,217,248
1117,778,1344,638,815
1530,1388,2175,1024,1242
709,241,461,207,226
510,112,103,60,52
590,579,917,460,536
650,612,983,483,634
1166,384,690,291,295
684,179,261,149,193
563,168,247,137,178
1558,1283,1968,976,1215
596,73,96,52,68
1089,848,1660,806,1102
1860,1478,2147,1167,1384
375,234,352,183,254
840,781,1126,582,678
661,271,324,167,172
1436,1376,2079,1140,1344
598,839,1157,717,943
940,461,859,326,386
966,967,1457,749,831
994,827,1326,637,752
583,299,353,197,264
984,1509,2187,1231,1608
318,314,510,261,309
670,260,329,191,221
719,504,858,368,504
364,286,489,227,310
1518,529,825,441,528
1102,846,1333,593,780
1104,190,328,143,163
894,946,1377,764,956
566,878,1026,638,866
972,971,1476,762,878
854,348,450,293,348
975,271,385,217,279
720,174,150,74,82
626,538,868,428,582
1228,501,1088,379,454
874,637,849,502,666
995,443,977,389,470
345,160,490,179,215
658,225,349,163,207
1380,635,957,488,578
594,105,137,96,95
2916,980,2499,883,1184
768,486,753,345,489
1391,1064,1860,968,1302
647,138,276,112,172
729,997,1138,668,800
974,883,1524,718,919
1295,1575,2001,1104,1567
789,680,1033,456,588
692,505,753,341,389
668,516,931,396,539
699,774,1273,688,870
609,128,233,109,144
626,140,242,131,139
1058,782,1216,636,801
360,68,99,58,67
607,386,758,314,403
800,482,780,346,432
738,183,226,98,114
980,133,224,123,116
1448,503,903,400,455
3922,1842,3549,1614,1771
1168,396,671,356,452
1824,1340,2312,1171,1556
706,724,1028,566,682
1123,726,1176,567,732
906,699,1013,444,509
922,517,748,284,390
1043,1459,1873,1141,1533
954,1151,1273,789,960
416,247,292,136,189
874,1121,1325,750,912
502,100,68,20,12
436,268,284,147,170
913,202,336,148,222
1269,816,1332,648,840
1635,1554,2237,1214,1512
1421,1262,1907,998,1182
629,392,628,305,376
904,1425,1799,1068,1341
907,702,1053,464,558
831,737,1179,576,722
950,813,1144,493,697
534,31,27,19,20
655,696,1105,550,746
940,171,212,94,114
758,260,380,211,226
860,677,1209,626,834
886,50,83,36,37
778,695,1074,491,627
1264,255,536,212,240
930,639,1092,506,665
1432,1298,1769,903,986
1425,988,1510,642,848
994,1149,1569,928,1317
2135,1987,2959,1572,1946
1831,1262,1855,839,1028
822,682,1177,510,643
1047,929,1528,801,1090
900,697,959,470,532
840,69,110,33,35
767,217,452,186,211
658,958,1208,685,809
848,742,1260,668,867
1210,382,617,294,372
1259,124,107,63,90
1310,569,984,499,618
1830,1407,1959,994,1176
1089,601,1296,503,653
329,121,150,62,78
1006,909,1478,757,991
571,405,852,384,560
1160,944,1384,590,709
523,290,460,244,308
749,384,741,313,356
736,473,799,343,331
578,20,12,7,10
562,348,608,290,289
1170,1041,1690,824,999
684,520,850,454,572
658,556,949,460,609
930,995,1424,851,1024
2022,604,964,479,609
2010,1492,2458,1211,1414
1950,1778,2933,1458,1796
470,540,733,379,490
1052,889,1286,586,698
1077,948,1340,642,757
1200,1108,1834,967,1294
1004,1017,1554,872,1105
782,26,26,12,17
749,631,1030,489,629
676,642,996,479,625
870,431,903,321,420
522,590,683,410,499
1218,662,1327,511,539
1202,563,1106,446,544
646,622,736,364,529
792,378,731,236,291
3331,2885,4688,2464,3066
2148,1711,2732,1379,1671
1159,935,1570,687,989
1936,1340,1909,895,1026
626,213,362,185,236
2628,1876,2806,1435,1716
476,29,28,14,14
681,506,809,381,503
447,669,1178,598,863
502,112,164,82,88
1215,783,1298,572,796
690,314,561,271,364
411,108,200,94,130
706,252,559,158,233
871,650,902,414,521
1071,521,709,395,509
1085,778,1212,605,814
552,718,771,420,534
1660,1009,1765,760,795
1591,389,611,238,314
691,5,1,0,1
821,526,846,410,527
1854,1152,1639,717,870
721,164,186,81,84
688,967,1215,717,968
711,751,1141,629,811
864,245,277,157,166
1231,718,1199,522,547
433,432,676,340,460
475,436,594,284,320
730,578,961,524,743
34,1,0,0,0
1542,1199,1980,1014,1350
1186,947,1451,691,824
528,170,192,79,74
476,336,519,266,333
1162,702,1003,518,634
1037,841,1427,669,900
1110,914,1488,747,962
684,179,310,154,186
756,508,1015,462,561
884,872,1341,680,805
589,249,317,213,237
760,556,908,389,449
761,21,16,6,10
485,566,631,342,388
768,654,1141,599,814
848,651,1040,439,531
1394,1141,1781,920,1136
1991,1793,2670,1385,1636
754,413,616,306,422
2041,1644,2428,1176,1418
599,602,943,475,572
644,321,456,217,228
735,351,574,300,384
839,215,353,165,198
714,652,1043,548,717
496,469,647,324,386
1006,122,220,97,95
1292,1067,1716,787,1054
1643,820,1557,555,612
779,262,540,210,254
554,707,938,571,824
1642,785,1535,546,621
1910,1026,1603,874,1132
928,761,1242,613,849
507,124,209,95,135
391,231,649,200,298
818,347,613,296,391
968,794,1500,728,1008
1045,842,1484,706,925
634,613,976,500,652
924,722,976,483,598
546,173,258,133,155
818,555,874,372,480
520,546,905,436,584
1041,944,1510,773,940
1131,656,1081,474,650
1008,267,580,248,291
788,180,284,133,168
1904,1452,2081,1035,1244
1046,1256,1690,1021,1286
622,343,777,288,372
657,134,201,100,134
887,1327,1846,1150,1439
1094,1147,1708,938,1155
522,113,182,92,112
491,383,556,228,280
629,704,1132,569,700
749,669,960,495,537
892,474,879,294,366
542,570,852,478,590
442,389,641,307,372
1015,225,332,168,213
728,450,662,273,362
879,251,303,144,144
804,949,1100,558,676
670,825,906,500,602
858,617,1057,490,682
1027,763,1060,480,564
428,554,753,394,547
1048,931,1750,805,1185
935,424,1018,374,495
712,380,591,331,431
1000,811,1320,676,939
738,657,890,420,498
757,670,1256,546,804
774,756,1170,621,771
773,764,916,504,602
592,550,790,420,483
1032,1035,1540,818,976
820,89,119,42,34
1252,878,1381,709,900
676,535,962,454,619
1166,478,704,383,458
829,317,524,271,341
2142,534,793,305,361
1197,992,1759,829,1112
1065,209,418,181,197
741,229,540,221,283
1286,1797,2381,1455,1988
510,356,339,190,187
480,222,363,199,260
478,230,298,166,202
619,198,298,152,178
736,895,1256,675,862
1042,816,1146,653,786
856,1204,1636,935,1288
889,916,1472,727,997
572,400,590,317,398
1097,1107,1719,954,1196
487,438,538,354,445
469,290,417,210,287
1222,985,1544,838,1114
828,589,946,388,473
1159,1038,1620,907,1213
1008,879,1432,715,927
1214,1042,1511,771,953
852,786,1126,598,716
671,536,863,398,504
692,646,856,406,471
1214,616,1440,571,731
542,553,973,468,634
1008,905,1517,701,1022
1560,773,1831,682,902
443,146,259,127,158
491,532,1062,461,717
1083,684,1299,517,539
804,417,968,395,513
1040,1068,1241,633,758
906,177,213,90,102
1253,1166,1816,967,1202
1125,994,1487,768,958
1238,760,1145,479,563
894,22,23,10,11
1143,554,1071,453,504
622,818,1036,469,651
1000,505,1179,469,596
856,753,1209,642,853
676,422,648,352,405
951,298,397,196,240
1327,1516,1872,1077,1380
852,387,612,300,394
1120,961,1430,724,911
642,855,1112,699,863
938,632,1227,483,635
758,596,1048,499,663
644,572,938,453,629
775,920,971,547,674
1163,1010,1689,852,1105
654,749,1278,456,617
1264,1174,1707,942,1102
814,491,606,392,490
330,534,813,468,745
1100,606,1180,464,548
956,1013,1470,742,833
1014,1361,1481,782,949
846,701,947,556,692
640,250,376,194,222
1082,757,1094,493,602
1494,1268,1643,834,953
1080,1159,1653,871,1028
1581,1331,2024,1048,1290
940,812,1192,665,878
769,818,1002,525,657
764,932,1114,585,746
934,433,499,279,360
912,282,429,202,260
946,752,1134,583,727
902,529,677,389,489
1647,1220,1992,934,1227
1516,1365,2250,1188,1561
849,528,873,330,426
1044,251,441,179,212
712,311,460,276,303
926,331,650,273,345
996,338,551,256,338
865,680,1212,583,826
606,410,696,265,341
1033,476,686,367,462
1183,983,1391,785,964
1078,31,53,22,19
920,676,1131,506,614
1378,312,631,241,297
1532,1304,1809,1071,1224
894,378,689,287,377
909,514,791,399,487
692,472,764,422,517
893,455,638,360,486
838,1284,1667,1060,1214
814,1203,1391,890,1123
936,825,1357,675,925
591,10,8,3,6
1420,1061,1675,773,954
904,220,343,169,208
1310,892,1380,577,676
1533,1006,1308,588,660
1678,2400,2915,1878,2446
2444,1434,2900,1250,1449
1132,1107,1644,863,955
1180,1181,1622,956,1044
924,153,283,134,128
1556,1387,1539,954,1207
1083,899,1506,810,1086
900,7,3,2,2
569,220,278,185,206
574,422,533,314,351
1054,962,1476,743,936
1034,341,577,289,348
791,832,1250,702,862
912,382,610,312,368
968,862,1373,736,1032
791,260,394,204,261
918,322,412,192,231
1406,715,1355,620,639
1120,755,1495,667,731
2382,2627,3455,1935,2522
286,159,217,109,161
821,1048,1276,821,922
566,889,1125,705,936
742,167,273,135,197
953,692,1025,530,612
1318,1075,1593,837,1035
1094,839,1346,661,895
1038,236,156,33,16
794,597,1022,422,548
750,624,1072,470,740
1006,827,1218,537,656
494,136,197,93,116
1264,1127,1878,964,1267
1059,897,1274,640,760
960,751,1215,636,834
839,424,597,323,456
906,1059,1339,781,894
1509,977,1407,625,720
1052,204,240,130,141
1106,872,1274,611,714
1113,832,1223,505,654
1091,812,1431,692,952
1181,754,1180,504,607
856,217,349,169,204
958,842,1408,651,926
394,246,519,189,239
578,24,23,16,11
1144,998,1426,664,800
1363,599,1333,508,694
490,56,70,38,45
782,360,502,250,308
1422,416,627,294,367
1201,1061,1764,891,1065
606,10,2,2,5
703,88,141,59,79
991,763,1295,624,797
563,204,300,148,198
1326,973,1456,726,867
1253,1010,1480,756,886
558,222,360,173,230
787,261,598,251,308
615,362,612,320,409
545,557,933,515,666
786,300,799,181,327
907,849,1230,634,715
800,730,1309,680,958
863,180,298,135,156
1003,798,1431,707,916
854,523,836,425,527
939,368,594,305,388
884,455,1022,344,436
660,457,704,314,441
717,382,605,307,360
511,192,293,126,183
696,753,1276,639,916
602,234,367,190,246
1310,1396,2244,1206,1478
932,217,408,178,195
388,424,517,339,421
1113,727,1006,447,584
766,138,201,96,113
1055,511,674,269,253
805,514,874,425,532
858,262,375,198,226
481,452,629,281,353
832,622,969,483,636
837,685,1098,495,646
958,933,1386,766,866
594,194,271,138,174
776,1024,1061,658,745
781,727,1078,460,608
822,697,1244,582,830
700,321,479,247,291
996,694,914,425,511
963,482,723,373,426
545,24,26,12,13
874,716,1154,538,608
618,188,274,154,192
905,572,856,413,546
1286,550,791,426,467
1097,872,1430,751,1048
1886,765,1188,595,704
1734,1142,1780,826,989
618,410,791,266,428
710,295,421,197,220
1042,307,468,241,298
1236,731,1328,508,607
1943,1568,2656,1361,1822
793,745,1212,611,751
932,904,1401,730,872
2616,2014,3192,1594,1982
597,628,913,467,592
831,694,1078,562,707
785,203,269,151,175
2573,2129,3338,1936,2348
1458,232,321,169,212
1736,1448,2385,1106,1465
1035,829,1311,727,900
1532,1110,1919,874,1129
632,315,804,273,370
568,715,834,496,652
734,18,16,7,7
946,611,968,564,662
508,307,479,226,272
610,201,406,171,203
812,753,1266,667,851
954,956,1389,780,1004
574,23,28,12,11
855,867,1483,739,988
1084,436,968,371,443
1182,562,1365,466,672
372,348,579,328,423
1935,923,1273,686,930
650,547,965,498,648
1238,316,452,226,270
932,1108,1374,852,1126
1529,1284,2030,1114,1468
694,638,1039,552,668
806,450,737,333,345
1392,1170,1857,904,1157
1312,1127,1658,834,928
504,763,954,489,560
831,717,1026,547,702
1082,246,466,159,176
801,27,34,12,17
773,1011,1213,644,834
758,115,150,86,95
1100,732,1121,498,597
1344,320,537,242,244
556,392,526,299,365
811,176,241,144,169
598,609,960,462,586
781,1073,1307,767,1052
330,391,428,211,291
886,950,1548,780,1062
789,290,460,222,293
819,677,1169,558,786
925,351,537,286,352
688,236,270,144,179
696,508,873,359,503
446,207,443,159,196
3703,2406,3583,1522,1798
740,85,107,52,71
1557,1371,2189,1177,1511
1160,397,582,298,370
728,596,1004,488,671
832,678,1042,545,681
958,541,840,410,487
692,173,248,151,187
990,836,1294,651,926
544,94,109,50,53
838,632,987,414,536
743,125,198,104,118
1493,1172,1744,820,982
604,87,253,95,125
828,577,988,492,681
858,516,842,380,497
406,173,199,95,122
1133,832,1286,664,768
1395,1790,2509,1490,2106
1098,966,1589,856,1174
1551,1380,2642,1312,1980
670,349,529,271,358
1384,941,1310,584,662
1841,822,1740,654,771
749,242,375,196,238
412,707,968,557,724
563,479,771,389,450
336,145,144,75,78
1044,918,1355,742,912
929,193,280,161,208
849,530,867,398,508
1541,1270,2089,1128,1455
2682,1628,2420,1068,1336
1180,360,560,270,354
864,811,1139,570,776
684,320,397,170,188
1016,566,836,433,526
868,763,1156,606,688
747,193,296,147,178
592,352,588,274,364
552,417,598,263,295
1091,972,1780,820,1129
696,1030,1266,838,1002
1046,619,1156,503,562
865,752,1264,566,696
1035,869,1384,713,943
1432,944,1351,682,795
866,460,616,332,449
1254,930,1296,617,758
2796,3016,3853,2424,3305
1391,1129,1808,853,1064
992,47,60,27,40
560,240,331,192,233
723,358,476,257,282
1219,948,1544,737,932
1528,624,1240,446,571
725,656,1096,566,709
879,221,339,174,208
263,70,103,49,65
1033,854,1448,759,976
1724,805,1558,512,618
573,6,2,2,2
777,147,248,120,152
585,228,357,188,248
1898,1500,2404,1156,1380
624,415,540,336,390
1980,1058,1951,885,942
794,712,1160,604,757
1124,397,765,356,400
911,635,944,394,581
912,652,971,439,541
502,367,521,285,362
1025,261,441,214,237
438,70,113,43,69
755,909,1330,719,1005
1100,784,1210,608,796
1808,697,966,499,609
688,661,905,462,550
1722,1232,1720,863,985
1426,658,1299,485,541
1150,1613,2056,1286,1600
620,758,1008,654,811
1126,922,1493,701,858
179,22,35,14,22
714,458,530,333,421
694,553,930,448,638
860,810,1360,708,914
638,147,226,106,137
769,338,512,247,320
1126,1078,1812,892,1094
926,800,1326,703,912
757,209,240,117,116
910,774,1298,656,810
2248,1574,2486,1266,1671
1032,480,973,394,477
1420,652,901,492,588
711,739,1206,612,800
952,539,786,439,528
1847,660,872,430,572
418,391,581,264,319
1100,839,1292,666,799
752,417,760,273,317
837,196,282,166,203
590,215,281,173,196
976,382,475,222,233
930,227,342,168,201
1022,332,484,263,294
566,399,740,339,466
675,207,260,134,162
552,504,813,408,505
1312,1175,1884,958,1265
1259,1112,1690,820,982
1004,243,249,128,112
575,181,292,150,207
1556,1229,1816,961,1067
1672,1275,2214,1019,1399
2091,1560,2411,1226,1419
1082,844,1614,730,1101
1086,1024,1456,829,1001
1246,944,1413,699,900
952,790,1441,656,878
474,296,445,245,361
394,277,514,200,297
872,636,1070,418,565
1055,469,990,367,458
1152,1041,1652,912,1166
1414,888,1617,776,832
1654,668,1005,532,647
1542,703,1681,624,917
1888,1354,1920,867,1036
1539,1260,2057,1106,1433
872,514,763,415,493
712,531,854,421,548
862,716,1236,604,787
1375,655,778,405,415
352,47,95,46,51
1298,1170,1711,1024,1443
1067,205,275,141,174
940,774,1346,570,741
1442,805,1395,543,626
808,185,272,144,158
626,272,384,228,272
1402,1203,1847,1006,1317
936,794,1200,617,796
1253,585,1181,369,485
1690,1494,2092,1077,1227
782,62,57,27,38
1758,952,1311,804,904
1092,66,65,28,29
747,438,688,358,473
804,328,578,300,363
1649,1356,2130,1096,1306
684,783,995,499,634
840,760,1152,534,640
877,54,31,29,22
586,997,1393,806,1111
420,339,493,209,279
946,508,1110,450,545
852,739,1254,644,876
1345,435,608,321,368
932,244,356,182,214
568,108,130,73,98
1481,1210,1836,890,1081
911,480,983,379,501
970,278,594,262,291
854,648,1142,523,723
838,544,833,360,465
696,670,1052,530,751
999,32,30,13,17
617,19,19,13,18
720,587,1102,508,671
1391,436,790,250,314
899,716,1132,534,646
946,709,1170,705,821
442,197,252,147,181
1380,180,250,123,136
1196,714,1460,558,624
1259,1476,1747,1010,1174
882,504,791,328,426
1288,526,831,399,492
878,690,1030,506,655
1543,1100,1791,861,1051
1456,1070,1964,892,1216
1762,1269,1730,773,934
1003,837,1242,540,640
1078,1187,1297,739,928
1318,486,736,363,456
882,752,1387,600,888
1032,885,1537,740,953
668,502,848,406,599
658,329,739,261,396
1297,864,1296,603,758
761,246,329,186,217
806,639,840,360,380
1182,822,1100,529,583
723,625,918,503,625
1115,872,1356,557,736
962,50,52,26,34
1590,1380,2167,1131,1435
837,239,335,167,205
952,771,1249,667,847
1086,777,1053,473,565
1450,1261,1886,1045,1249
1026,24,13,4,5
1076,932,1676,778,1050
763,366,468,253,298
504,274,682,253,325
801,566,766,340,384
611,415,648,285,357
549,196,254,124,138
331,137,170,98,105
1114,901,1363,623,754
938,661,1027,511,690
662,619,1035,531,656
1681,1331,1925,882,1066
1016,373,808,234,327
669,391,613,326,426
786,401,694,358,436
976,595,1149,379,526
691,389,710,269,264
1120,951,1563,806,1080
1170,41,46,19,23
980,720,1258,633,892
602,642,1033,556,727
945,277,1171,325,488
660,280,579,178,257
90,12,18,8,8
321,9,6,3,2
926,774,1246,624,733
856,596,914,466,560
426,134,248,121,144
1366,1068,1804,950,1303
1902,687,1509,567,740
1200,1020,1519,698,894
986,887,1226,571,658
916,687,1090,558,704
581,937,1473,805,1047
1201,1210,1938,952,1292
1218,398,530,316,335
1142,998,1825,826,1171
1103,1096,1579,845,911
575,545,896,452,583
750,563,936,422,535
701,256,444,200,276
968,775,1216,582,742
1605,1356,2031,1041,1263
969,821,1134,561,616
692,246,342,184,230
418,97,174,88,91
2446,2258,3499,1871,2271
1728,1398,2040,1066,1293
1191,763,1294,654,894
812,781,1297,634,742
784,304,483,249,274
1030,894,1462,765,1001
865,328,549,293,371
1097,660,1152,490,642
536,48,54,37,43
1105,1030,1710,848,1204
954,775,1118,472,639
1088,1047,1718,897,1136
1410,1079,1674,792,1044
1378,1397,2240,1239,1485
968,932,1492,772,1102
1046,1552,1819,1111,1277
218,215,247,181,190
382,104,114,62,93
1197,820,1364,590,700
1469,1228,1731,889,1033
1244,1033,1635,757,899
765,246,322,144,150
855,383,596,308,346
700,484,820,353,460
992,317,500,236,242
952,776,1235,660,812
828,740,1040,647,774
960,627,889,386,506
1300,192,393,162,190
364,284,521,245,302
288,264,404,220,268
774,636,973,421,538
586,586,900,502,664
1130,997,1523,838,1090
829,447,509,254,260
1540,977,1336,635,743
349,106,156,82,93
318,94,156,68,83
911,262,378,200,265
722,668,967,493,621
1608,882,1538,710,919
1352,1338,1988,1059,1277
869,673,1114,444,513
1016,853,1543,701,983
1668,86,96,44,50
960,692,950,518,576
1028,256,428,221,252
791,13,3,2,2
228,110,132,82,83
756,285,482,248,322
738,380,700,255,277
1042,844,1247,618,733
1146,484,791,376,480
1298,1129,1754,868,1024
626,614,990,516,724
838,353,578,279,373
1341,462,656,320,373
847,163,156,68,73
903,267,405,238,282
585,75,65,34,53
708,299,427,234,261
522,529,866,429,556
780,512,885,341,473
816,203,301,163,189
814,690,1063,540,676
1068,681,979,436,547
734,128,230,110,147
623,95,150,78,98
401,425,646,335,392
390,32,23,11,14
558,506,792,328,426
1497,696,1508,570,681
443,390,468,340,286
1622,325,504,256,296
969,836,1243,693,824
1726,2026,2355,1387,1613
1251,1059,1526,676,832
948,716,1219,580,734
1286,798,1537,694,792
884,762,1163,550,706
892,604,788,378,418
976,830,1348,740,990
934,765,1134,619,710
420,126,184,102,117
334,190,333,176,211
4100,1441,3046,1144,1391
1702,456,714,389,447
586,732,856,549,663
1434,1242,2050,1081,1430
636,311,415,199,243
1352,406,688,302,332
1122,32,34,13,16
1084,978,1484,733,832
911,26,41,15,12
3049,1495,2752,1169,1402
769,389,582,335,400
257,288,387,171,286
1422,672,1606,652,863
928,906,1444,714,882
644,459,679,297,393
1201,602,838,437,506
657,436,713,278,347
759,105,142,76,95
252,222,602,185,363
1394,914,1230,524,665
360,14,11,5,8
557,428,600,320,325
2761,2290,3547,1854,2227
902,68,49,24,31
990,898,1373,704,876
2072,971,2021,796,891
1109,1002,1471,817,1010
1248,1053,1782,796,1077
811,507,759,410,520
1480,712,1404,569,596
638,833,1101,592,731
667,125,204,99,134
891,307,431,230,317
805,346,561,283,389
327,347,534,308,389
837,785,1359,682,912
964,1117,1286,836,949
159,107,182,82,101
1231,910,1383,688,820
560,530,887,414,511
2506,1037,2259,884,1016
503,206,254,157,178
3098,1879,2477,1096,1286
752,164,260,115,125
673,236,320,132,158
1075,628,925,513,622
970,626,946,462,530
914,487,968,331,386
1088,849,1283,631,774
1204,1109,1806,915,1203
1230,985,1496,635,777
562,257,405,218,286
402,217,336,179,197
1245,710,1439,656,797
1093,857,1408,630,818
789,150,225,115,133
1002,953,1708,814,1137
628,339,434,282,342
978,706,1133,496,586
787,8,6,2,4
1045,87,163,78,80
592,105,153,100,114
1073,453,633,423,590
3008,2100,3232,1368,1696
850,581,991,405,471
1036,181,319,128,159
1060,985,1564,803,1126
1545,1462,2445,1298,1676
412,218,378,206,249
818,613,1009,508,654
520,304,506,231,237
1146,451,565,274,296
1557,1302,2111,1069,1363
496,257,458,208,275
775,94,172,72,83
914,731,1129,550,686
895,438,1084,414,589
1805,331,475,225,276
1223,914,1266,630,752
198,46,68,36,47
843,406,862,334,559
1639,1152,1911,880,1113
1788,1554,2359,1266,1680
903,594,903,408,487
876,410,952,349,464
2052,606,1161,423,506
820,253,340,156,155
884,767,1568,637,992
594,11,6,4,2
691,194,260,125,120
928,770,1380,664,848
147,104,216,82,117
846,439,708,376,476
765,496,792,328,417
265,220,289,131,165
1129,245,401,149,151
744,111,146,86,96
1150,942,1420,745,1005
545,350,678,309,335
2182,943,1768,785,824
357,176,270,124,148
1844,866,1673,675,851
698,616,966,473,637
675,98,204,87,101
258,177,177,75,66
666,610,971,388,474
765,650,933,434,504
1156,956,1549,792,969
604,516,933,464,586
892,800,1285,668,860
851,690,1183,600,814
809,670,962,470,552
601,220,371,188,242
885,707,1156,568,722
937,722,1079,502,624
681,532,926,428,608
2045,1452,2349,1004,1287
869,219,298,162,181
1540,1316,2172,1175,1534
1115,442,672,351,462
1356,1356,2060,1107,1468
530,628,866,426,493
1170,640,1049,438,469
869,42,66,28,23
674,290,426,175,215
512,284,309,206,271
632,674,1040,525,690
911,798,1053,600,595
917,359,549,287,379
613,622,1174,526,736
1079,820,1133,492,616
1019,781,1125,540,693
1215,294,361,151,161
722,286,411,218,240
1080,702,1014,452,560
802,866,1391,683,901
730,602,1021,497,642
767,699,1171,581,802
1157,588,825,457,544
964,887,1506,689,883
2231,2009,2996,1608,2000
808,818,1151,628,792
923,828,1049,537,615
512,517,850,452,561
608,226,385,185,236
522,279,494,252,326
1651,429,668,328,411
817,865,1330,716,913
1027,627,1109,526,592
554,544,660,417,545
1020,620,1160,548,561
870,833,1272,581,678
887,874,1356,729,882
1074,526,1040,411,508
785,297,463,246,328
324,172,283,142,186
727,607,922,493,573
571,935,1241,757,969
1711,1339,2206,1117,1400
968,999,1361,726,792
858,534,914,430,578
544,504,742,398,531
1179,388,656,238,234
1034,38,36,17,20
782,682,1174,570,750
1162,930,1418,614,752
474,236,353,207,255
283,138,246,105,119
1034,1162,1868,1016,1276
1134,1454,2041,1202,1774
867,772,1328,627,842
262,62,142,49,61
984,582,896,460,602
1244,552,1148,485,584
368,151,215,115,152
576,71,87,39,60
610,48,85,37,39
978,206,315,152,203
754,439,821,286,331
1378,1201,1513,994,1260
362,8,6,2,3
632,599,842,520,709
636,144,234,109,146
467,12,10,2,4
351,66,102,50,64
514,145,178,95,131
834,656,1191,527,712
1012,769,1065,504,608
556,34,33,16,21
903,278,392,207,246
547,489,782,375,442
815,309,415,230,248
531,584,886,448,508
1056,1588,2429,1425,1970
762,554,776,392,474
545,247,467,250,263
959,982,1688,814,1147
666,332,500,239,282
483,172,208,100,101
720,632,1123,499,668
354,126,259,107,150
806,649,1118,527,681
499,778,1059,599,772
1597,1929,2641,1662,2343
222,216,322,163,217
800,712,1203,594,750
794,430,745,291,322
993,837,1414,686,870
667,1044,1444,920,1209
872,1160,1488,868,1115
1034,936,1505,732,968
528,213,352,175,227
800,776,1095,547,582
904,1262,1646,925,1271
432,163,373,100,144
481,496,694,379,460
749,259,423,206,264
400,208,332,176,191
616,538,972,451,609
364,24,32,14,15
638,643,827,382,549
826,636,1021,504,688
756,371,562,334,409
351,365,437,283,343
906,964,1514,799,995
546,480,863,421,531
877,491,742,379,480
392,139,227,101,136
805,572,1106,553,745
560,140,263,98,135
2217,1852,3065,1544,2038
394,14,14,6,7
419,344,489,214,277
620,219,406,182,204
970,1533,1969,1244,1511
476,98,114,52,58
440,28,20,9,16
539,8,10,3,3
888,634,1130,600,832
759,760,1165,594,717
1050,1081,1714,900,1130
547,232,334,166,194
1026,839,1267,644,812
1066,1335,1712,987,1158
961,738,1112,552,636
1058,485,682,348,422
914,823,1270,642,748
1166,1020,1540,786,942
1896,1060,1563,819,976
1023,908,1294,596,714
496,228,356,217,275
626,919,1261,680,920
993,806,1275,635,785
422,371,394,179,246
1165,1068,1768,896,1149
766,675,1145,552,682
580,895,1282,726,929
507,520,812,427,532
634,273,471,243,294
402,16,19,7,8
1120,686,1364,558,694
572,305,414,193,191
704,968,1377,779,1029
1088,877,1346,739,932
732,494,955,368,534
1362,1063,1590,836,956
727,949,1328,794,1038
681,580,952,490,598
488,418,638,280,331
1628,831,1570,739,875
466,255,376,206,214
766,652,1096,527,672
430,282,432,225,303
573,245,350,171,202
519,462,966,382,578
1896,659,1292,547,712
562,829,930,605,695
704,34,33,14,17
745,700,1198,624,872
710,926,1131,592,765
452,152,213,101,137
658,30,26,13,12
680,176,262,132,175
598,481,776,390,486
978,533,874,387,469
715,171,314,122,173
650,731,1098,584,730
531,232,353,183,191
486,357,618,238,336
444,142,166,73,72
788,710,1196,582,749
914,781,1265,664,936
577,391,608,328,407
430,489,547,288,378
1124,979,1513,734,903
572,398,569,314,379
1582,328,573,256,288
767,514,865,330,430
550,43,48,26,29
489,249,351,211,240
392,172,274,136,174
736,644,874,418,506
1065,664,963,485,524
804,133,173,96,108
728,176,274,130,167
378,533,612,357,452
701,446,713,376,493
446,211,250,105,102
747,436,897,359,438
974,890,1351,722,854
694,679,1084,550,684
546,195,338,171,240
408,214,344,175,225
610,396,636,345,413
937,815,1386,692,960
1120,562,1283,496,643
737,643,974,443,522
782,686,1013,531,619
432,230,370,233,244
858,628,1156,584,837
734,207,319,155,128
722,222,284,145,169
582,546,934,441,545
1306,1072,1968,933,1198
878,836,1375,730,923
870,783,1348,659,848
482,466,751,361,448
235,19,16,7,10
317,32,37,14,31
605,55,69,40,51
619,338,504,259,308
857,654,780,391,390
1162,889,1390,606,723
1136,1004,1379,665,766
590,666,1060,534,655
1204,1253,1996,1060,1328
416,16,14,5,5
542,318,474,239,278
1143,491,958,341,397
580,516,852,418,565
456,308,373,233,309
707,778,1172,623,784
720,272,455,210,277
1336,641,1455,523,576
1148,952,1623,781,999
1403,735,1109,569,677
938,568,968,372,527
1575,1106,2257,970,1104
646,299,535,272,270
643,424,727,300,366
1223,419,642,327,402
1058,850,1344,637,867
805,443,721,278,298
1885,663,1282,529,613
662,316,608,211,270
702,618,977,521,646
830,514,953,412,480
673,583,985,491,655
849,861,1255,730,900
859,410,439,212,185
408,366,536,242,296
1142,899,1513,692,916
503,337,498,264,313
874,454,976,449,486
569,374,517,262,311
511,580,877,452,517
811,520,733,307,374
392,238,402,218,260
276,248,418,169,254
837,742,1203,622,767
573,536,851,436,548
739,600,962,476,604
1074,1042,1674,863,1189
548,213,332,182,222
141,133,242,170,270
1085,74,120,51,65
691,652,1088,575,730
2096,1102,2100,951,1006
1221,1001,1749,867,1099
850,836,1217,576,676
545,217,311,174,188
600,284,402,213,273
1108,735,1646,652,854
626,22,14,6,8
850,788,1164,601,714
696,254,419,190,269
940,233,368,192,252
1032,893,1617,731,970
1370,1182,1956,1020,1312
464,118,160,81,103
1099,815,1301,693,847
1031,756,1120,567,655
710,17,10,6,12
1468,888,1390,730,895
1589,1332,2246,1097,1402
800,361,778,250,335
919,540,549,285,326
948,873,1401,716,943
574,194,285,150,186
1000,909,1670,802,1064
926,660,987,438,532
1019,210,470,190,217
948,827,1299,663,947
939,746,1144,532,640
1132,832,1367,634,893
1293,1105,1974,875,1233
989,151,273,140,167
590,430,611,304,373
869,772,1139,581,701
638,94,105,47,45
614,375,648,267,346
1205,894,1395,758,1002
1506,630,1028,523,640
1244,1090,1764,937,1145
719,198,352,155,169
1332,1090,1867,956,1286
880,793,1522,661,979
1066,913,1367,602,766
1024,591,1221,501,615
507,169,306,138,180
625,166,208,113,137
1344,1166,1834,916,1162
786,240,402,208,260
1101,398,618,308,359
1393,1451,2181,1207,1525
626,645,998,510,629
692,712,1121,562,711
560,133,171,90,98
483,200,299,168,199
866,747,1046,535,653
824,634,868,418,525
836,880,1210,680,810
1209,490,780,464,515
894,928,1396,741,902
1177,943,1367,641,775
1428,1414,2224,1165,1472
1104,1109,1606,874,990
1242,658,1485,593,778
704,528,924,441,547
870,682,1160,501,618
841,797,1147,589,743
842,330,459,189,218
750,268,372,212,251
1340,1066,1436,677,798
546,641,692,378,453
716,742,1204,586,756
869,323,477,228,292
690,703,1022,457,560
512,65,86,43,44
662,693,1098,584,695
757,240,389,177,230
875,617,820,364,410
1126,425,730,354,491
1427,1025,1471,672,775
814,582,1032,422,547
1103,818,1423,591,795
1174,1500,2022,1114,1458
874,265,419,243,289
613,339,573,254,346
694,242,255,131,127
1012,911,1281,618,728
1184,1115,1895,933,1270
932,766,1324,660,864
927,279,425,231,308
1560,1036,1932,889,1214
825,799,1182,643,838
748,655,975,503,677
1136,828,1286,685,839
685,576,818,386,499
530,456,660,300,375
613,87,221,97,110
757,272,434,223,303
2131,1719,2505,1242,1335
1678,1599,2648,1346,1775
1330,694,1008,572,644
721,957,1320,560,842
900,249,368,172,200
921,764,1392,646,934
977,730,1075,437,552
679,478,710,391,558
598,19,12,8,10
854,319,530,230,284
1056,1007,1608,852,1121
954,148,223,96,79
369,339,568,254,311
390,37,43,19,27
640,11,10,5,5
878,581,921,423,508
564,457,758,364,465
448,39,59,25,27
351,62,126,56,73
397,416,502,270,388
1751,1261,1779,833,1044
816,505,661,403,512
1044,885,1534,786,1018
629,413,634,356,444
1090,316,456,245,290
1060,1060,1649,910,1170
1194,562,1068,429,510
826,353,575,275,378
139,86,134,74,99
1271,920,1573,722,928
926,737,1235,532,760
1158,928,1609,784,1067
740,734,1153,568,701
600,542,822,389,509
688,599,942,485,669
540,166,266,153,186
856,524,788,334,454
2256,267,182,105,103
1594,1171,1660,914,1035
924,732,1133,596,793
1093,910,1408,723,848
1186,1427,1871,1068,1485
964,640,1005,451,574
648,223,294,186,246
837,51,58,25,39
839,153,229,87,100
1145,941,1125,579,734
327,277,463,178,257
842,35,32,13,16
468,246,376,216,285
717,604,914,397,485
668,564,906,438,536
570,434,658,318,362
1242,668,1034,550,650
1820,908,1355,778,949
1228,1102,1952,970,1281
753,921,1292,568,779
1178,813,1010,448,531
1457,1610,2365,1405,1634
967,944,1457,692,861
808,408,618,334,425
1007,452,670,374,458
618,733,802,478,568
601,29,29,17,19
224,155,253,122,160
935,724,1202,579,787
1071,693,1115,473,610
494,464,912,400,540
1662,1289,2006,888,1104
490,459,710,326,435
1046,867,1347,699,854
604,614,851,437,608
753,584,906,409,489
416,42,75,51,57
2834,1278,2802,1073,1337
1010,394,576,328,402
1179,934,1429,635,672
964,375,502,243,291
1022,1101,1391,787,1045
1036,1380,1493,873,913
696,362,745,237,272
401,263,311,188,274
2503,2144,2966,1584,1791
1110,1193,1384,727,912
1232,1106,1700,860,1063
456,452,702,400,478
1214,1161,1756,984,1266
572,553,848,457,584
814,210,360,185,240
572,445,866,372,514
688,513,798,433,507
790,206,304,163,178
1347,1112,1580,703,837
1285,892,1219,547,618
1260,989,1350,695,807
1506,1003,1957,886,1018
1076,228,330,167,203
988,1131,1385,741,902
885,685,1159,561,770
1054,725,1189,538,711
971,701,1322,469,780
948,898,1514,737,1075
1149,740,994,432,513
1225,1217,2099,1080,1468
1236,281,313,141,143
1004,657,1105,494,642
355,312,490,226,249
1455,1092,1592,693,849
579,96,199,82,99
1039,796,1289,665,870
995,921,1554,783,1050
786,721,1009,479,586
1260,998,1473,759,906
1329,200,278,148,190
1117,1271,1703,907,1272
1733,1384,1997,1087,1304
688,328,409,248,306
602,599,737,491,639
1157,1006,1543,785,941
609,298,345,204,243
710,305,434,191,233
1177,1108,1842,975,1231
1046,816,1254,613,814
852,295,400,219,264
1312,690,1521,679,828
700,246,450,204,266
1612,258,431,185,212
577,571,878,451,544
1062,533,1158,476,609
1644,896,1822,752,838
1058,850,1279,617,740
2000,1691,2377,1237,1312
914,309,710,263,365
975,648,1085,515,646
901,257,397,196,252
1164,932,1520,772,1061
864,59,58,26,34
816,233,351,163,186
704,796,1078,575,827
807,592,834,328,492
1119,1093,1822,911,1248
1008,549,674,417,500
865,407,630,326,387
169,78,132,61,84
1036,813,1330,645,776
1148,1053,1734,814,1068
812,693,1138,548,754
1110,897,1456,738,918
1344,1183,1930,970,1236
1821,1348,2122,1039,1262
756,266,437,184,264
1812,1133,1552,898,1000
1754,1505,2514,1239,1517
1162,242,431,179,201
1211,1122,1740,908,1089
2148,1206,2252,833,941
1129,865,1267,554,660
960,778,1114,499,576
994,1270,1720,1047,1406
874,738,1130,464,636
1346,1400,2370,1204,1498
1000,23,17,10,13
880,562,983,469,621
1504,1335,1906,1056,1260
375,371,619,312,414
1308,753,1449,676,1017
882,689,1012,465,571
1310,635,912,510,614
1254,1094,1638,915,1141
958,724,1154,504,607
1174,996,1797,881,1212
950,782,1144,570,638
1181,1043,1630,851,1120
512,518,873,398,535
1234,943,1356,656,776
1090,1061,1489,813,998
824,308,480,221,278
1157,869,1336,558,658
577,208,390,181,209
414,161,246,118,146
1566,601,1108,401,450
1211,688,1111,457,591
3418,985,2715,761,1094
1008,726,1274,559,769
550,632,975,537,700
568,456,800,396,538
812,608,874,417,492
972,877,1350,730,895
810,886,1401,697,864
919,760,1124,568,710
860,718,1156,563,762
1109,520,1224,501,663
1227,884,1449,712,881
706,1017,1539,831,1155
730,245,383,197,220
778,1027,1300,603,800
408,488,712,372,467
828,403,652,314,401
768,176,282,162,169
750,467,905,418,481
315,8,3,4,4
1388,875,1549,717,813
923,279,408,214,262
1044,593,897,385,484
2213,744,1740,579,720
1047,438,684,362,443
844,511,808,409,514
904,1076,1411,719,899
1234,1097,1891,930,1192
1421,691,1261,559,564
940,364,534,269,313
2816,1233,2532,1126,1369
827,752,1171,656,810
671,151,198,112,143
604,500,819,396,520
1293,1048,1475,705,842
1102,225,317,152,165
932,40,65,17,33
1026,906,1528,772,1040
745,229,395,202,282
1162,940,1578,809,991
420,187,334,146,200
1585,1513,2173,1237,1656
748,441,800,325,378
798,1181,1585,967,1275
914,731,1014,482,573
1278,760,1036,474,568
742,31,55,21,22
1120,305,434,257,304
1054,924,1443,769,997
1753,752,1686,613,798
643,334,488,230,314
5198,2384,4519,1835,1991
995,517,714,410,486
820,42,49,28,34
1144,1072,1581,767,852
570,574,991,470,662
1795,1153,1666,761,966
1542,1227,1792,862,978
583,46,57,26,26
626,613,1009,496,634
612,323,722,268,367
528,131,205,83,81
749,735,1106,588,736
880,174,196,88,71
880,578,872,390,479
838,845,1310,748,900
1312,1158,1580,852,1168
1090,1125,1386,798,984
1626,765,1256,678,860
924,883,1270,686,851
2076,967,1922,763,863
462,273,431,224,259
730,568,806,415,481
599,442,686,287,347
1790,970,1944,814,1065
2538,1246,2501,1118,1286
680,545,855,388,463
374,366,476,307,368
676,143,187,88,104
764,136,268,115,133
781,276,430,223,281
942,668,1128,490,680
1154,21,16,9,13
497,171,299,120,122
2169,763,1053,509,531
1642,1306,2188,1164,1632
2324,1479,2063,1090,1346
754,193,340,160,232
468,369,614,281,348
550,451,719,356,448
368,143,205,87,108
462,39,47,21,23
1834,1241,1793,942,1062
684,713,1055,589,718
541,516,850,444,622
707,700,1025,542,654
838,827,942,617,703
661,378,436,285,337
1007,318,701,239,340
808,582,848,358,445
1442,1233,1982,951,1193
2620,1826,2391,1109,1366
1252,320,493,252,311
1354,1498,1918,1183,1663
1721,1251,1814,878,1016
1147,887,1306,658,810
952,1028,1222,742,950
532,430,870,377,562
454,132,138,83,70
1231,697,1167,488,589
460,172,247,110,126
640,451,811,300,383
1180,689,1239,496,542
596,521,690,397,533
740,1124,1193,738,840
626,208,400,172,207
473,142,135,73,92
750,237,384,196,231
1042,610,846,360,438
702,103,106,51,54
715,109,189,95,120
1663,1034,1523,837,1074
704,551,949,433,551
1591,1076,1908,858,1149
911,639,1085,554,685
1020,451,1187,408,616
934,686,1098,541,630
722,852,1328,747,933
986,362,494,266,318
556,584,808,431,555
454,215,310,156,200
561,35,29,16,22
394,383,571,276,369
772,400,506,254,256
997,912,1656,732,906
721,402,595,335,349
551,156,171,78,74
564,7,6,1,2
790,568,893,426,510
745,336,498,255,308
1207,1004,1519,779,898
745,524,792,375,487
1101,835,1372,729,926
1443,1319,2251,1179,1574
1850,979,2133,864,999
1440,827,1399,711,946
524,140,211,73,74
330,86,186,80,76
898,795,1305,691,918
891,663,1015,476,689
324,201,280,167,191
576,370,573,251,298
659,393,627,292,359
835,728,1131,653,790
588,137,208,103,133
613,230,336,189,232
517,390,657,304,434
886,801,1180,685,828
766,391,573,328,397
672,129,225,104,163
722,174,276,136,171
1073,833,1379,676,902
756,429,827,366,482
1472,695,1000,488,614
1017,618,965,518,620
480,9,2,2,2
971,391,824,337,399
744,333,466,201,226
879,700,1219,567,784
396,56,111,41,58
478,458,713,379,532
486,486,714,363,502
652,1018,1304,787,1036
909,583,989,453,598
620,334,455,253,318
670,654,1046,534,712
768,320,406,188,197
652,571,936,392,531
609,139,230,134,158
400,172,267,145,222
1068,397,870,319,362
1102,663,1070,426,548
2225,1917,3056,1582,2229
726,280,528,250,353
912,337,687,239,289
454,439,651,344,460
778,185,237,97,115
1165,889,1459,775,1017
481,159,286,130,146
1396,1262,1900,982,1222
957,919,1430,718,830
586,399,548,319,453
670,185,380,150,173
773,757,1246,617,805
1025,220,338,198,250
767,605,971,450,640
340,145,193,106,118
638,157,251,134,172
726,82,142,68,105
1072,825,1273,626,761
1318,957,1632,720,849
969,827,1590,729,1086
336,202,303,137,217
1388,564,901,453,630
415,579,804,438,688
751,255,378,205,226
754,418,611,240,308
807,386,497,219,243
1262,956,1655,753,1025
327,154,226,115,135
1538,2079,2334,1363,1680
879,782,1254,600,726
1042,752,1134,471,590
965,1179,1627,1017,1288
828,255,394,166,157
1288,406,628,278,328
633,181,314,161,197
894,756,1251,625,872
869,668,1016,444,482
1497,1106,1727,835,1069
1207,946,1504,720,956
422,176,116,24,13
692,777,1146,648,744
674,608,1033,471,663
962,570,777,349,381
906,750,1300,640,844
1047,323,438,250,284
829,494,744,392,487
870,654,1113,468,648
998,985,1269,601,849
703,214,367,195,211
792,921,1175,752,1006
1600,1226,1756,935,1122
529,155,208,87,110
952,780,1209,638,760
1014,838,1424,736,905
998,850,1397,677,847
1329,779,1078,488,591
634,381,491,290,450
1008,576,845,468,532
689,559,924,514,662
1718,947,1136,711,840
1259,970,1687,773,1028
877,714,1071,596,700
966,450,1051,402,523
714,520,878,471,573
569,226,474,188,257
378,318,470,260,316
886,862,1340,721,864
770,405,604,348,403
960,768,1052,552,676
1093,829,1075,636,762
814,214,306,157,186
698,570,928,416,585
644,779,1040,583,723
909,820,1492,726,991
1654,696,1379,546,676
1162,647,1034,546,719
814,979,1222,715,872
500,153,180,109,134
1701,1533,2322,1300,1640
1118,310,458,219,260
595,338,521,258,300
472,167,417,164,192
1117,670,1361,594,633
222,94,148,77,102
1440,1108,1666,768,886
606,286,451,228,268
898,613,1116,516,658
550,463,628,310,368
512,287,355,212,264
1071,796,1137,521,672
982,636,1078,504,660
932,646,931,512,625
935,787,1326,691,905
1090,1412,1885,1118,1336
1034,863,1383,728,968
369,290,444,177,212
752,413,697,342,466
1196,540,837,429,522
636,212,220,108,97
294,178,374,162,226
64,71,93,43,57
1088,865,1544,705,981
598,342,734,267,330
1117,692,1264,585,910
546,415,695,289,396
809,817,1231,672,857
572,437,694,338,464
1234,210,390,156,170
1535,1144,1596,820,976
1158,477,532,312,374
1547,504,688,393,463
1160,1214,1513,691,965
1075,332,496,283,326
572,82,80,41,51
686,604,1032,478,660
496,209,333,171,234
1098,309,548,233,258
1180,926,1478,786,1054
813,42,44,19,30
659,583,1039,483,737
716,722,1217,625,832
478,146,175,106,151
632,304,417,258,303
1194,854,1298,666,782
756,550,768,333,417
1270,929,1420,693,855
420,5,2,2,2
906,674,1044,528,680
662,131,176,72,89
1401,996,1476,765,979
2126,407,638,333,389
1430,1668,2704,1390,1930
845,309,626,226,198
1425,1474,2233,1246,1618
664,669,1139,550,637
534,618,1223,735,884
917,729,1181,554,707
1131,637,1088,458,636
1293,643,901,383,433
1026,358,446,192,197
951,234,300,132,150
804,82,126,58,69
1262,279,453,227,306
2795,1898,2922,1608,2070
1306,1049,1560,747,929
560,174,251,144,197
1086,1052,1637,780,989
1030,741,1320,637,764
1575,578,920,487,626
762,577,1186,527,758
912,263,376,200,245
722,767,1177,655,824
2274,1930,2908,1504,1736
562,144,240,105,158
865,121,175,72,94
367,320,561,268,356
1294,238,432,187,182
760,440,776,353,465
816,797,1300,630,864
2005,1579,2624,1198,1500
559,497,784,401,510
2508,2525,3483,1730,1978
569,349,522,269,337
3433,2957,5085,2560,3602
1290,570,1264,455,565
1038,631,901,435,504
958,286,382,170,186
858,817,1334,664,874
812,392,624,321,410
988,826,1262,652,824
703,224,317,165,189
984,832,1268,645,707
368,94,118,59,53
224,118,151,71,78
907,618,949,372,498
1706,1183,1750,768,917
1616,973,1232,685,694
1045,681,1274,605,865
1577,707,1432,439,554
3204,3196,4808,2418,2718
856,265,334,164,187
1907,359,828,328,371
1342,1513,1808,1190,1607
1032,850,1438,697,928
1016,45,68,17,30
1155,222,339,175,205
1057,948,1507,755,961
698,124,187,111,123
567,446,781,306,423
740,206,310,194,222
527,202,306,124,125
804,512,550,315,328
1005,852,1285,703,827
1180,856,1258,567,709
364,12,12,6,8
888,783,1248,664,883
2251,134,136,72,82
1208,669,1163,539,698
742,534,845,392,494
2677,1032,2686,687,1169
1102,1122,1960,1104,1516
4350,2808,3680,1545,1786
620,219,358,186,235
913,716,1106,552,702
954,483,745,375,542
852,385,621,343,430
1528,1373,2068,1064,1267
450,178,240,144,184
1210,262,424,212,284
922,247,442,201,266
692,960,987,660,775
953,913,1570,829,1104
1098,710,1123,467,576
1398,1047,1542,906,1123
432,142,274,109,131
1967,574,1146,489,583
1680,1285,1732,776,896
3156,1729,2715,1418,1819
1356,1145,1935,878,1135
1148,866,1406,769,1000
744,741,1142,565,670
1124,857,1395,734,961
937,891,1253,753,910
999,668,1031,441,515
1508,752,1590,670,748
916,691,1124,580,731
842,710,1055,532,602
687,308,461,268,352
776,598,948,480,681
908,391,629,325,440
740,592,860,397,464
1249,822,1201,558,715
800,771,960,523,582
289,10,2,1,2
2478,1966,2958,1577,1927
1614,1311,2236,1148,1503
1714,1496,2464,1108,1440
1786,1700,2700,1290,1653
621,256,398,188,225
3139,2168,3083,1332,1605
1010,790,1201,586,718
834,623,893,398,503
821,213,332,174,214
819,711,1148,601,781
710,124,241,107,115
794,540,781,368,470
652,107,192,88,120
872,644,1056,499,585
1064,370,556,272,328
488,318,500,236,269
1994,882,1165,640,883
1708,1140,1775,802,990
1967,1601,2727,1277,1832
670,508,796,315,438
3062,1944,2911,1637,1912
1005,814,1208,694,850
833,765,1255,641,908
899,586,775,337,398
525,223,384,152,198
728,345,541,260,362
1042,705,1027,458,543
593,510,918,426,548
1108,973,1130,667,789
642,11,5,2,5
714,531,815,367,495
906,369,739,258,304
602,542,877,403,556
1272,325,483,218,244
1105,726,1454,694,965
770,88,118,60,66
2065,1435,2418,1250,1683
1383,469,650,354,415
2036,1944,3001,1475,1938
1089,1081,1709,864,1117
1083,406,880,372,475
2916,2300,3892,1936,2525
632,53,55,26,32
696,610,1002,558,708
610,259,392,224,268
630,366,605,319,377
491,284,444,216,284
2039,623,1426,578,795
644,127,159,80,94
876,565,1156,490,780
528,166,199,119,145
896,516,943,421,601
1866,1193,1800,952,1233
1474,1042,1650,813,1034
2193,1941,2801,1220,1487
1332,736,980,435,504
1008,701,1334,616,862
572,367,732,310,373
859,598,857,442,553
1146,802,1234,643,783
1039,1625,2002,1328,1763
973,911,1476,746,1070
659,170,247,126,152
1047,850,1433,729,1000
533,762,1127,612,777
557,329,796,307,404
1255,617,979,499,611
1464,297,438,222,252
853,597,1008,517,746
940,428,889,304,378
1237,181,286,152,206
2380,2423,3100,1557,1729
1378,462,719,313,407
3401,2577,3285,1576,1774
474,302,486,243,308
848,658,1213,603,812
1084,523,969,373,422
786,637,950,492,598
1103,833,1256,624,772
3182,1123,2362,1005,1258
494,573,668,366,423
873,274,308,157,159
890,214,312,152,188
1288,1020,1665,810,1042
657,188,304,157,197
1338,1035,1468,679,804
2111,1807,3055,1445,1884
3311,1850,2311,1080,1164
4993,3289,5682,2567,2707
614,611,1000,498,635
770,610,1019,528,724
925,794,1312,695,904
334,371,689,252,370
1254,1136,1868,1028,1399
2318,1858,3101,1334,1701
1148,1132,1666,859,1101
1053,701,1280,466,539
672,327,491,279,345
880,332,510,294,377
584,252,374,166,191
1214,793,1256,561,717
916,30,29,11,19
339,4,1,1,0
1448,927,1383,655,806
708,752,1127,639,995
768,571,1107,504,782
3696,2522,4017,1735,2227
4564,3656,4860,2252,2573
1101,762,1191,538,649
699,556,913,424,546
774,213,324,170,216
1402,916,1700,746,827
1040,322,502,250,303
1236,29,29,10,14
830,1109,1557,859,1196
902,775,1127,566,668
1739,957,1657,737,754
1496,637,1255,522,609
989,940,1532,808,1029
1436,1064,1729,843,1056
1330,1684,2175,1329,1593
1691,1032,1359,579,611
3010,221,240,132,157
6504,4028,8598,3413,4381
1089,998,1634,863,1072
752,693,1186,550,740
533,220,320,150,182
1032,785,1206,521,684
217,102,168,86,114
310,202,335,162,202
779,596,1060,472,561
1252,951,1368,729,913
780,521,877,384,496
677,18,15,6,9
844,630,1008,433,530
807,150,185,88,86
1636,1133,2023,1024,1588
1068,398,550,297,374
1876,996,1476,788,934
1428,1228,1841,976,1197
720,1067,1359,798,1112
943,576,830,424,480
971,929,1492,776,1013
985,194,287,126,151
987,185,274,139,164
490,247,334,201,220
800,965,1212,670,824
198,154,161,108,131
818,126,175,80,107
1462,569,825,462,579
1722,285,558,235,277
904,742,902,539,671
