904,239,181,144,77
856,255,297,191,0
420,360,568,738,445
527,130,104,98,44
426,14,7,6,9
752,586,778,825,450
910,272,227,139,50
600,178,118,68,29
648,156,156,88,33
858,40,18,12,0
858,68,100,121,109
722,58,70,59,44
882,274,209,146,80
1124,272,238,166,84
746,110,136,182,156
1831,708,558,307,126
974,308,300,242,145
432,35,66,158,0
1232,292,200,114,54
956,700,954,1097,1004
704,134,92,50,28
652,567,675,879,577
830,22,2,4,0
961,320,292,163,84
692,134,144,96,48
152,2,0,0,0
403,118,113,60,22
1334,313,274,172,0
1168,1128,1551,1955,1396
774,14,2,3,1
570,62,73,94,100
802,30,12,5,2
806,498,733,956,649
782,832,1266,1523,1376
791,566,776,1066,846
649,540,798,780,623
489,373,498,471,259
983,690,972,930,740
760,26,10,6,1
962,52,54,64,71
474,356,720,494,0
664,192,196,144,96
723,16,4,1,0
724,426,610,696,509
792,698,1066,1261,969
983,1098,1511,2046,1779
934,88,108,122,112
539,45,93,60,0
986,117,124,116,0
685,62,100,94,80
1022,140,160,176,125
730,39,51,42,44
518,390,561,577,0
775,669,950,1219,1235
531,193,185,113,71
556,12,2,3,2
898,241,252,172,83
1511,643,523,531,204
803,24,11,20,5
949,784,1243,1484,1420
1091,422,396,218,91
894,239,159,93,34
654,16,3,0,0
2260,2355,3448,2553,0
742,17,10,10,14
946,100,128,122,63
824,748,1160,1227,759
1011,351,288,204,86
779,209,164,158,78
552,163,173,100,67
867,72,88,76,75
532,9,0,0,0
698,145,221,172,128
748,34,18,18,25
579,12,5,2,4
492,232,318,336,216
862,832,1242,1214,775
863,60,55,54,50
1186,348,284,196,71
646,28,18,8,7
895,737,1107,1304,939
948,116,94,122,82
965,877,1209,1984,1672
1065,282,286,160,68
639,24,8,1,3
1054,278,248,170,103
690,162,134,76,35
1100,923,1417,1250,0
873,176,175,90,64
878,669,1213,988,0
900,661,896,1034,639
459,11,1,0,0
608,31,11,8,3
940,593,810,1192,1136
1198,328,244,171,62
1096,680,978,1226,1145
1061,698,1036,966,763
1421,98,54,33,13
1514,1589,2414,2258,1399
443,6,1,0,0
731,22,5,3,0
850,250,199,124,38
722,16,0,0,0
1203,345,360,148,0
1380,1412,1878,2340,1699
641,12,5,5,10
625,431,507,880,653
537,20,8,8,1
870,735,1087,1324,1124
589,36,36,60,56
1108,542,818,550,0
330,11,0,0,0
846,574,877,896,692
770,228,183,102,42
908,754,938,942,688
174,4,0,0,0
1136,854,1186,1402,1047
1240,22,2,1,0
1297,46,4,2,0
1096,320,243,225,116
1474,739,1243,1154,0
1130,359,352,221,113
976,390,316,266,106
932,317,300,219,122
942,852,1312,1176,765
890,835,1214,1054,640
482,14,1,0,0
572,82,46,34,20
771,30,33,24,0
604,114,110,62,37
1132,958,1296,1611,1330
854,208,160,130,64
1258,267,187,107,57
1178,55,26,20,5
746,108,79,49,15
481,238,304,412,353
1060,392,408,238,105
520,15,6,6,6
716,222,190,158,89
865,16,2,0,0
525,398,602,812,864
1025,651,876,1112,1064
710,485,561,911,822
519,14,0,0,0
757,29,26,9,7
588,36,34,36,35
687,434,625,896,821
780,783,1168,960,690
1006,713,923,1278,989
930,800,1057,1564,1433
766,15,0,0,0
1098,111,153,204,216
816,646,962,1389,1423
822,30,16,12,6
870,187,145,78,24
1052,763,1213,1084,0
896,267,234,147,74
922,796,1114,1316,1255
952,186,135,87,47
1649,1376,1944,2644,2299
354,16,13,20,21
956,366,354,260,153
650,218,615,496,820
746,20,1,0,0
1398,1048,1498,1775,1774
1712,629,605,407,243
1225,903,1511,1400,0
772,155,178,126,79
1179,292,226,136,49
952,734,917,1175,750
878,564,832,998,833
916,15,0,0,0
417,11,2,0,4
1168,1028,1584,1695,0
918,829,1130,1486,1263
658,17,0,0,0
1009,694,1036,1401,1163
1262,412,384,248,89
711,546,728,953,843
824,82,108,78,75
764,460,662,614,397
535,306,468,481,311
785,686,987,968,774
1359,77,40,30,17
755,779,1109,1392,1164
952,133,153,222,187
1012,559,899,1004,719
881,299,229,135,39
728,184,164,107,51
649,683,976,1235,1123
656,72,68,46,11
924,322,271,229,147
876,22,4,2,0
856,295,242,120,45
860,34,16,8,10
584,22,10,6,0
504,18,11,9,17
1026,916,1336,1700,1667
816,25,6,10,6
428,35,40,45,19
1040,62,33,18,3
917,228,188,109,54
1023,260,291,129,0
1388,554,492,328,188
1064,642,888,972,709
745,301,225,193,93
247,14,13,19,11
483,164,184,100,44
776,868,1207,1284,911
738,174,183,120,47
310,12,4,4,4
819,602,899,1008,886
779,190,160,140,69
1104,226,168,91,44
992,788,1134,1031,648
772,20,6,3,1
1150,384,420,266,0
284,9,12,30,16
1001,632,890,940,0
868,291,223,255,0
948,263,196,126,51
600,8,1,2,0
1492,1631,2404,1962,0
882,376,322,257,124
693,144,117,64,35
650,60,45,109,125
1264,1254,1835,1614,0
440,8,2,0,0
1125,372,272,176,87
1011,358,362,269,145
911,300,287,150,74
430,10,6,6,1
662,12,3,0,0
808,214,182,118,63
694,35,28,24,0
482,471,583,862,1470
1133,920,1258,1318,0
1322,375,376,200,86
809,18,2,1,0
676,542,826,1032,1233
623,580,862,1028,908
874,672,1052,1136,0
663,418,548,648,570
1174,1117,1572,1444,935
849,762,996,1084,825
388,7,6,10,7
924,22,1,0,0
849,70,85,109,121
537,138,102,52,25
1117,937,1304,1652,1425
1050,938,1390,1298,928
821,182,150,79,31
992,176,186,246,202
366,62,54,36,16
460,263,446,376,0
564,344,494,463,289
774,770,1103,880,0
583,15,4,1,0
642,161,155,80,36
598,186,151,66,0
488,14,5,6,0
409,70,78,43,27
454,9,4,13,4
458,22,22,27,18
396,144,208,196,128
770,558,832,876,714
663,515,655,872,833
512,161,146,83,36
732,31,32,30,17
1444,61,37,22,14
990,802,1327,1192,0
304,101,77,59,17
2476,1644,2340,2794,1679
1063,843,1305,935,0
1162,361,313,172,81
588,226,224,179,105
3069,229,158,85,0
2931,2316,3358,3218,2124
774,650,924,1181,798
455,107,81,51,25
451,26,34,28,27
1110,272,220,100,48
796,72,58,26,0
1992,144,120,96,45
545,10,2,0,0
1048,130,171,196,151
941,311,292,152,60
685,10,5,0,1
473,9,1,2,0
731,530,765,892,875
1023,24,4,0,2
938,22,2,2,1
1772,1370,1938,2376,2226
2286,136,174,162,0
2646,2000,3105,2561,0
346,10,1,2,0
1072,28,2,8,13
1149,820,1123,1165,863
2218,2220,3460,2701,0
1030,922,1285,1438,920
1706,58,7,9,1
1882,1533,2250,2486,0
669,204,162,136,73
744,668,1064,1318,1148
748,494,720,705,475
623,25,7,5,2
637,21,18,20,5
1064,355,401,164,0
537,29,30,34,15
676,69,92,139,118
1624,339,251,156,0
1590,352,272,172,50
456,73,64,41,26
782,597,814,812,565
364,97,83,46,22
568,410,566,555,406
110,2,0,0,0
1000,327,304,166,73
670,18,12,14,7
514,54,31,28,13
785,616,905,816,527
1090,308,277,157,0
640,397,622,706,686
678,644,732,1245,1116
2028,1269,1678,2710,2214
870,147,104,58,15
471,465,639,1065,953
808,271,236,144,80
504,16,15,12,6
708,603,687,1095,930
1454,56,22,16,2
598,39,32,41,22
792,707,1027,913,529
802,80,91,88,0
699,558,804,728,487
810,252,293,258,123
1820,1298,1868,1960,0
893,260,212,118,34
555,11,2,0,0
2652,2583,3680,3930,0
2636,774,586,245,0
768,16,1,0,0
890,40,22,39,28
610,379,612,608,0
906,298,302,200,0
2105,49,22,10,7
579,378,600,523,542
636,22,6,3,0
602,20,8,3,5
829,28,9,17,0
728,168,166,122,74
1005,228,205,77,0
1699,84,52,36,12
894,42,25,10,0
959,672,1088,824,0
885,52,53,40,0
690,198,160,104,58
734,194,143,89,37
1938,1275,1916,2656,2216
1498,82,38,16,9
1010,907,1454,1545,0
786,84,95,104,94
1486,1334,1910,2205,1792
912,317,316,192,107
501,196,290,361,298
1150,897,1192,1063,600
1855,454,427,283,0
2462,780,718,379,0
980,51,36,41,0
836,236,230,116,46
986,735,1174,1502,1520
1130,320,265,132,0
801,489,684,449,0
1189,28,2,0,0
2181,2238,3058,4240,3667
826,54,47,23,23
1177,1071,1660,1739,0
1388,86,60,37,0
911,36,5,6,1
830,49,11,12,10
906,32,11,10,0
845,137,110,75,0
996,301,274,217,120
746,53,93,71,0
852,27,7,2,0
1065,327,286,144,0
710,178,155,136,57
721,148,119,81,37
1270,886,1196,1331,0
1153,350,308,216,84
1212,38,1,0,0
783,70,79,88,84
824,236,191,136,42
779,502,802,753,509
1602,513,554,363,0
910,263,257,103,0
984,531,817,1106,1619
1226,249,293,494,466
902,158,222,184,139
1343,1018,1200,1492,950
1492,1463,2061,3444,3149
1114,770,947,1499,1352
1088,719,1063,1131,0
1519,1298,1858,2086,1892
822,170,156,108,70
814,490,679,1131,923
1138,181,235,247,0
1246,955,1439,1595,0
766,599,764,895,606
756,116,128,73,44
898,729,896,1083,626
708,146,94,45,0
1127,167,141,112,30
1250,82,114,77,0
1112,189,254,263,0
1004,46,22,22,18
788,63,31,17,8
1128,250,212,118,25
589,10,6,5,1
1163,51,10,5,2
352,10,6,5,7
676,158,136,130,76
970,572,855,840,0
978,30,16,6,5
1128,350,354,256,147
1458,1236,1904,2159,0
947,672,997,1171,1140
436,242,351,454,570
1170,1039,1389,1242,867
252,86,49,54,24
683,312,416,513,477
670,493,716,786,663
960,121,147,101,0
1261,22,0,0,0
642,52,54,78,64
1054,653,929,1476,1273
732,59,54,12,0
836,350,595,677,0
1232,859,1065,1722,1447
822,704,886,1025,666
750,56,70,80,95
88,168,46,163,0
640,156,129,111,54
1433,33,5,0,0
837,443,592,662,462
1783,1642,2849,1960,0
905,711,1173,863,0
1092,423,379,219,100
774,210,206,96,44
698,477,647,974,1074
818,720,853,1241,1188
753,129,176,140,99
1334,394,277,176,71
704,6,3,2,2
1121,924,1392,1314,720
818,502,592,671,511
962,340,282,165,74
1168,72,75,118,105
1516,333,362,169,0
682,190,169,91,24
1108,857,1087,1424,935
959,214,154,134,49
1357,440,358,186,72
1014,714,968,990,665
696,12,4,4,2
131,24,24,25,11
1056,894,1100,1815,1614
961,190,139,85,49
1006,135,176,148,0
766,23,9,13,11
1468,40,8,4,0
1314,827,1199,1135,0
923,44,63,93,120
586,46,52,56,40
1107,963,1485,1151,0
1216,41,12,6,0
889,492,714,653,473
1428,331,306,170,0
608,18,1,0,0
981,278,260,138,88
955,24,2,2,4
1098,392,424,230,0
1162,129,135,230,184
632,318,374,635,565
1670,1281,1698,1302,0
1328,1186,1778,1382,0
1074,45,32,43,0
990,363,378,239,0
622,83,48,38,11
1220,82,92,90,73
862,80,87,68,42
1295,734,953,1111,669
824,207,154,116,54
1298,871,1385,1094,0
576,21,9,6,1
736,228,228,166,75
1082,186,253,260,298
1577,560,473,278,0
1114,195,220,204,0
1203,262,264,111,0
958,92,146,101,0
912,44,24,11,0
1650,527,533,303,0
897,162,165,88,83
694,166,108,63,19
804,168,128,100,42
666,704,893,1158,716
826,26,12,7,0
839,160,106,72,33
1045,870,1312,1754,1842
728,30,14,6,0
1447,381,450,298,205
966,26,5,0,0
1065,383,352,260,122
880,88,123,110,65
873,154,136,66,32
1004,897,1413,1356,0
1164,390,339,240,106
1436,966,1354,1609,1248
986,524,728,856,764
156,9,8,12,19
1137,1032,1414,1401,827
534,304,486,635,0
962,214,177,77,37
1026,220,135,62,20
1318,1152,1569,1842,1559
818,42,23,14,10
1152,279,232,191,129
1024,368,287,104,0
1598,1157,1824,1807,0
1524,513,481,231,0
1134,698,1204,941,0
705,229,210,153,64
1177,436,460,238,107
1075,697,790,934,623
1424,912,1394,1372,994
1519,1288,1856,1864,1293
646,36,12,2,3
607,14,1,0,0
1184,963,1185,1524,988
944,43,19,11,5
640,84,105,114,91
1430,449,399,289,0
1072,240,189,155,54
1024,837,1262,1694,1565
626,27,15,21,0
946,53,78,109,0
627,546,771,1107,0
1040,891,1320,1298,857
467,6,4,2,0
942,610,831,1040,835
1062,288,309,222,0
1143,282,222,141,0
1049,227,204,108,60
1217,1060,1528,1850,1615
586,35,40,33,39
1198,797,1156,1500,1253
1256,56,37,36,0
938,97,88,78,0
1052,803,1316,1209,0
1066,297,233,206,70
810,28,14,10,9
982,22,5,2,0
804,38,21,17,0
838,25,0,6,3
420,11,0,0,0
1370,296,210,184,66
1190,342,320,130,0
501,46,44,61,34
875,93,113,143,126
1124,588,930,1132,1051
668,25,10,27,7
1622,76,44,17,0
746,533,694,882,561
818,181,126,44,0
668,550,726,1267,1204
719,730,1146,789,0
972,342,350,175,0
776,130,57,53,29
812,193,158,96,29
658,35,11,12,10
1270,336,302,210,110
1920,1212,1922,1837,0
920,102,112,94,66
978,20,2,0,0
758,183,150,101,72
538,308,420,577,401
1102,368,326,185,0
1310,834,1178,1402,1241
3144,713,748,426,0
1331,466,363,264,98
568,68,70,136,111
1046,461,465,199,0
1100,1123,1707,1339,0
864,904,1348,1194,828
638,614,819,994,816
883,879,1306,1220,768
304,17,12,21,25
426,80,90,113,66
1575,1134,1608,1808,1619
868,21,6,4,7
970,184,146,76,30
1379,384,294,192,63
794,390,592,680,726
3894,3564,5038,6302,6066
1955,317,492,343,0
1083,32,18,6,3
1050,362,306,162,58
872,582,916,1274,1147
976,312,188,168,56
863,818,1133,1508,1367
932,67,60,64,35
754,571,713,860,684
1200,442,412,207,0
1181,224,174,73,25
893,30,20,14,5
586,14,0,0,0
2722,704,578,378,171
1160,308,256,164,52
1258,225,287,234,0
1768,672,634,473,210
1054,116,132,176,130
923,852,1300,1139,876
512,495,604,1119,966
565,16,3,0,0
968,421,322,272,133
1196,1328,2163,1986,0
779,586,841,1080,787
986,580,788,928,844
2002,1648,2468,1707,968
1003,281,188,109,48
1287,272,290,228,105
1818,1149,2190,2145,0
2148,2072,2730,3714,3380
1840,131,202,189,0
2139,500,455,190,0
1032,336,334,251,118
934,85,45,22,0
966,982,1225,2008,1758
1025,942,1433,1338,777
1482,734,953,1429,1079
757,407,589,641,0
633,27,31,19,11
1247,322,286,277,168
1065,46,20,16,5
1141,775,1100,1292,1137
1120,298,253,200,106
2600,528,850,610,0
1286,313,198,171,106
2782,2892,3997,5297,4051
789,751,1102,1118,761
601,64,76,131,85
1299,1485,2158,2251,1617
1246,440,412,276,111
701,68,70,86,69
1274,372,346,143,0
587,49,30,16,20
1310,42,12,2,3
580,498,716,727,480
1149,803,1138,1198,1131
797,36,13,9,3
1150,932,1547,1834,1773
1065,298,253,176,86
1302,30,1,0,0
1590,984,1661,1154,0
788,36,9,13,15
785,20,0,0,0
1865,1357,2015,2673,1676
1112,420,354,202,94
1091,132,170,220,175
683,514,694,720,474
1200,542,504,303,117
779,779,1120,1374,1232
1232,1364,1944,2058,1497
629,48,59,46,28
926,50,50,48,39
1174,298,308,154,0
1257,752,1080,1312,1064
586,401,650,572,326
1390,1150,1433,1665,1072
1431,458,441,251,113
1585,34,8,2,2
1028,1256,1976,2298,2210
906,24,4,1,3
1124,63,54,27,9
807,276,272,212,109
358,20,3,1,0
714,27,18,25,23
480,24,7,4,2
600,132,100,74,36
1016,271,182,169,73
890,150,122,105,79
1669,400,360,196,57
1041,860,1258,1398,1086
1252,118,158,202,130
2040,1015,907,556,0
1854,1867,2599,2157,0
502,10,2,0,0
973,1122,1361,1677,1096
1090,1078,1698,1220,0
1018,194,274,212,0
963,20,1,0,0
1342,1315,2075,1743,0
1028,1084,1558,1709,1456
614,14,1,0,0
968,29,1,0,0
847,49,20,11,0
867,660,945,949,622
1370,58,42,55,38
1916,1916,2986,3132,0
1732,162,112,56,0
1367,144,152,195,175
1172,155,190,315,269
1278,389,304,171,0
817,20,2,0,0
904,22,1,0,0
1273,603,589,428,241
850,1002,1503,1690,1635
703,94,125,107,58
948,50,24,18,16
862,285,270,219,142
866,109,150,144,97
1067,240,203,138,60
983,671,997,900,605
979,117,115,105,0
1095,92,134,123,0
1034,18,1,0,0
891,77,75,76,48
1098,72,40,29,10
807,106,136,230,176
741,87,55,32,17
820,278,222,182,103
859,348,286,189,104
872,1040,1266,1731,1062
849,385,297,275,151
1917,2263,3373,3756,0
566,15,1,0,0
752,248,220,150,66
623,142,134,81,0
378,12,3,0,2
715,474,739,1049,1103
1431,794,1044,1881,1754
935,682,935,1282,1063
1093,602,931,1236,988
1721,927,2198,1621,0
1397,450,473,222,0
1166,810,1212,1920,2064
915,46,21,8,4
1658,587,705,322,0
1025,32,12,6,5
1142,31,16,13,0
1022,82,80,44,18
1245,1358,1851,2454,1773
1065,872,1212,1524,1372
916,74,44,21,0
671,17,2,1,2
689,215,161,119,70
1021,281,233,119,0
554,390,610,683,702
1183,750,1028,1374,1087
896,16,3,0,0
944,64,66,80,72
467,161,252,293,173
1308,1064,1377,1830,1001
1340,1100,1640,2030,1801
1127,90,60,56,24
1206,510,515,328,104
665,171,252,320,298
1049,43,22,14,0
830,330,312,174,87
1006,371,410,136,0
1218,1188,1664,2212,2167
922,756,857,1312,1327
1250,786,1121,1056,606
739,39,38,56,43
742,527,680,840,1010
2142,1449,2091,2266,0
1458,1322,1892,1967,1605
1409,476,382,335,126
1840,57,30,22,0
1000,1031,1731,1736,0
1416,1511,2402,2936,3223
1002,999,1526,1257,0
967,521,533,505,386
580,530,889,1144,0
1038,112,132,138,95
1168,348,274,213,97
686,404,1038,637,0
835,47,15,13,4
1062,1030,1616,2092,2066
663,19,5,3,0
850,76,70,70,39
830,640,1015,1188,0
745,29,14,22,22
714,81,80,58,27
894,387,859,677,0
589,141,112,92,28
2245,57,10,8,5
1434,142,234,224,0
1570,486,373,245,97
1112,51,23,14,0
708,78,86,82,57
1004,305,175,126,58
788,115,138,168,126
841,225,162,84,31
729,224,174,124,55
1509,88,48,32,0
2054,1216,1285,1923,1517
594,12,4,4,0
931,284,318,158,76
940,343,508,470,309
1079,862,1306,1498,1208
947,48,22,5,0
2040,2006,3331,2496,0
1182,409,266,254,113
850,217,150,121,58
709,19,0,0,0
1022,969,1402,1361,963
952,192,230,310,261
1124,1038,1266,1839,1515
872,283,265,159,61
899,32,16,10,0
833,68,36,15,4
610,18,1,2,3
882,40,37,27,0
1202,310,251,129,0
1882,50,27,45,27
1280,21,0,0,0
1426,447,333,191,98
2596,1386,1262,762,344
1406,532,900,770,0
1166,416,390,194,102
980,104,93,131,127
904,342,220,201,91
796,700,982,996,604
722,40,26,16,5
992,1180,1668,1974,1691
1025,466,462,286,164
822,21,7,11,10
1176,414,312,226,75
699,51,61,57,59
570,509,736,781,666
884,1035,1458,1467,843
1046,1117,1617,1587,1088
811,732,1062,1285,1087
648,46,16,10,15
946,279,241,144,93
578,17,2,3,1
898,409,337,190,75
848,22,8,10,0
1278,1309,2030,2288,910
1013,124,147,241,190
985,19,2,5,6
1464,427,386,163,0
916,716,1186,1157,703
1236,992,1553,1564,1077
544,32,14,9,1
556,210,190,126,71
828,330,342,208,80
647,623,1130,1277,1561
991,439,418,208,58
765,12,0,0,0
450,12,1,0,0
697,33,16,16,5
689,36,19,10,3
989,946,1398,1757,1554
576,38,25,14,8
881,389,336,195,56
976,1010,1438,1789,1533
642,72,75,70,25
762,41,30,18,10
1155,377,306,176,93
984,950,1336,1391,1188
572,558,898,828,655
1314,1172,1887,1886,0
865,1213,1612,1505,948
506,67,77,88,52
1133,879,1164,1211,734
1149,100,151,145,160
460,20,14,4,0
852,22,2,1,0
768,24,6,10,3
655,27,16,8,1
749,48,36,20,10
558,524,708,553,0
821,84,126,162,172
829,101,148,149,0
618,10,0,0,0
931,26,17,20,15
845,699,1072,994,754
754,748,1078,1333,1141
483,26,29,34,46
946,24,1,0,0
1186,198,300,327,215
1177,1076,1586,2002,2023
628,47,32,16,7
752,72,68,106,95
558,198,168,123,60
696,599,942,1061,868
885,384,400,201,59
331,23,15,11,16
750,659,775,960,630
1054,28,10,8,6
684,31,23,31,13
915,330,264,161,53
882,380,373,211,104
980,350,225,170,57
826,721,1020,1434,1346
988,860,1344,1260,903
920,292,256,144,72
1021,360,328,192,134
887,905,1258,1654,1725
722,11,5,3,0
714,13,2,0,1
1667,514,382,174,49
1733,1538,2341,2372,1618
431,57,46,41,28
727,790,874,1193,808
956,134,212,260,186
960,418,418,290,157
660,606,867,800,502
766,890,1297,1508,1324
648,11,3,0,0
800,22,1,0,0
545,30,22,23,12
1132,1340,1894,1958,1801
742,24,8,8,3
897,43,49,54,59
1014,312,278,136,55
856,980,1522,1724,1469
1442,382,423,248,138
618,568,764,907,809
694,118,171,148,0
784,738,1112,1372,1048
995,59,62,50,23
953,828,1211,1624,1400
4168,1902,2316,2436,1655
442,22,26,26,33
704,298,254,212,139
868,753,1036,1382,1369
798,237,271,132,0
998,1065,1776,1516,1153
654,109,172,170,106
1098,126,156,169,141
1482,52,15,8,1
858,22,4,2,1
1787,673,705,454,230
1166,170,218,214,141
643,615,844,1074,795
1916,366,448,534,509
730,80,96,102,79
764,282,264,187,124
713,281,285,131,0
1062,386,346,242,104
610,29,18,14,7
1098,994,1390,1859,1676
756,300,310,140,56
874,428,462,320,171
760,704,1084,1766,2015
2440,1118,1055,598,246
936,354,346,160,71
2838,991,874,438,207
1676,773,654,426,188
603,542,778,1006,1085
924,502,418,228,72
503,31,13,31,25
709,84,42,26,0
724,19,1,0,0
744,30,27,27,23
706,787,980,1217,770
813,17,1,0,0
780,22,1,0,0
708,98,135,140,95
988,1117,1526,1572,1128
818,335,198,143,37
1431,1349,1784,2243,1637
1006,921,1452,1705,1575
1983,1892,2786,3396,3107
1350,1810,2459,2552,1697
1454,1660,2512,2974,2270
460,16,4,3,0
963,762,975,1268,1315
1441,1315,1933,2383,2126
996,840,1242,1550,1330
1037,350,346,254,101
1020,457,398,234,116
1016,1085,1694,2026,2205
718,35,13,5,5
934,128,169,250,301
628,268,302,218,116
803,72,86,106,96
794,108,144,158,99
1517,804,956,700,385
582,28,27,42,34
972,82,94,87,67
2604,924,887,522,238
1220,338,342,292,177
1589,119,76,29,15
1208,1269,1949,2383,0
863,376,403,204,133
851,341,267,144,50
801,81,34,39,14
962,906,1300,1749,1322
786,153,197,214,171
840,54,24,14,10
674,277,275,211,126
906,955,1422,1780,1834
902,1068,1602,1900,2038
380,314,450,524,589
805,785,1015,1305,811
418,16,8,8,1
535,212,170,112,71
2460,2056,3134,2982,1811
1202,336,462,530,457
748,756,1018,1196,999
579,124,104,114,108
1698,1657,2400,2418,1731
1067,530,516,330,194
822,41,23,9,8
1215,1268,1756,1543,1122
908,433,353,237,126
967,884,1123,1870,1535
819,705,722,1263,908
920,531,476,323,122
953,916,1347,1248,733
1107,528,504,292,138
1022,1187,1630,1707,1264
1028,369,296,194,87
1514,1744,2560,3213,3011
1476,1350,2038,1908,1244
1565,569,443,290,126
653,17,0,0,0
894,24,6,2,0
1168,366,278,168,89
835,55,39,20,13
943,440,432,246,105
1098,336,272,153,47
954,430,396,232,86
840,808,1222,1136,793
760,183,207,123,0
945,922,1358,1616,1284
940,1065,1504,1405,980
796,211,165,110,29
734,75,92,112,99
923,390,348,196,79
993,1161,1626,2031,1323
777,25,14,4,0
1120,1414,1892,2320,1751
1672,1572,2358,2170,1238
846,439,421,313,169
1272,1202,1740,1768,1401
850,949,1523,1980,1749
1046,1303,1804,2310,1977
1571,142,93,86,46
1016,227,328,322,228
1046,1186,1654,1438,824
678,139,164,224,0
976,1016,1396,1330,1138
847,264,188,106,65
665,85,66,93,90
1012,335,299,235,111
666,12,0,0,0
834,101,134,152,150
1540,62,14,6,2
1528,770,755,429,161
631,722,955,942,696
1490,1530,2266,2116,1658
912,76,102,71,66
915,1067,1327,2223,1917
804,37,30,34,14
1008,985,1348,1599,1441
604,45,58,68,76
596,44,28,47,39
540,25,36,32,25
535,219,220,136,92
907,904,1338,1534,1472
820,663,972,757,0
979,1162,1768,2175,1977
684,29,16,9,2
838,751,1278,1492,1830
1186,300,426,556,553
468,492,623,628,515
810,326,308,172,0
612,96,171,154,135
788,40,12,4,3
765,280,240,186,77
386,65,90,66,79
805,354,309,172,72
975,340,296,153,60
382,464,569,886,912
482,543,760,1376,1952
556,9,2,0,0
521,32,16,6,3
755,48,34,26,12
387,524,738,800,553
846,762,1014,1528,1370
514,192,166,83,44
409,52,38,28,8
284,139,98,52,26
296,124,120,80,26
678,21,2,1,0
854,21,4,1,3
490,78,106,107,63
389,328,497,420,449
371,324,453,426,307
104,18,13,10,7
602,284,252,134,53
397,507,782,866,708
569,239,268,138,93
414,496,672,915,862
526,92,81,66,0
522,194,180,109,72
437,34,28,18,9
502,584,842,808,581
481,233,170,127,64
858,477,480,282,166
888,145,188,246,255
667,46,30,8,6
580,235,237,126,0
514,460,743,688,493
822,768,1190,1278,1002
350,284,413,478,409
456,186,176,87,33
637,206,168,89,25
306,398,611,809,893
840,346,328,181,69
602,164,169,74,20
928,348,318,176,87
842,348,328,244,139
484,9,6,2,2
558,249,199,123,0
540,170,130,72,36
484,33,58,50,47
496,48,84,58,72
810,268,252,122,51
370,27,30,38,18
330,268,345,326,194
339,109,108,60,33
751,952,1517,1260,0
332,8,0,0,0
474,49,35,36,16
788,755,1070,1323,1097
592,673,1045,1262,1232
530,150,242,182,132
391,202,263,244,92
332,109,107,52,0
410,60,72,100,120
523,671,892,1192,1202
190,5,2,2,0
1340,670,648,390,171
374,406,594,503,323
915,316,270,163,72
347,256,380,492,451
626,286,290,141,56
1218,1044,1492,1764,1266
477,184,132,78,32
776,25,8,8,6
610,514,756,867,1135
692,704,951,1517,1417
388,18,30,7,15
1356,871,1017,1623,1409
464,390,580,570,481
492,410,608,584,429
542,96,146,126,85
839,1016,1461,1394,939
494,177,157,81,31
310,14,6,3,4
447,50,58,74,61
356,10,6,3,1
412,422,600,606,462
488,12,0,0,0
436,420,662,900,992
456,543,664,758,599
1234,446,428,434,186
740,1016,1261,1672,1487
611,246,218,141,82
732,19,0,0,0
526,74,83,133,111
520,40,54,45,64
799,452,406,254,112
597,272,186,161,74
1089,370,272,139,27
744,151,194,228,219
864,424,410,280,144
710,277,278,160,94
463,163,150,94,46
567,719,961,1000,561
454,225,194,113,0
509,566,774,750,502
414,9,3,0,0
735,352,252,171,59
394,334,550,541,435
957,24,1,0,0
340,160,204,97,0
705,692,948,1170,1072
528,219,189,138,84
838,828,1197,1108,697
627,43,63,58,37
614,288,227,140,56
723,101,111,176,184
528,214,161,100,30
310,316,450,537,491
404,12,2,2,0
819,338,308,192,61
390,181,177,114,59
499,182,138,90,39
348,414,522,805,806
595,18,8,8,5
754,826,1320,1186,768
770,258,206,120,47
655,70,94,100,134
553,43,22,7,10
633,728,1098,1331,1214
614,247,224,117,85
526,20,14,23,18
345,10,5,7,0
667,777,1148,1008,676
668,855,1401,1421,0
360,418,644,718,448
753,300,271,216,112
598,27,9,4,0
612,548,774,626,411
1638,2244,3220,3247,0
468,588,841,875,612
286,250,376,377,375
412,132,162,139,98
504,11,0,2,0
529,648,912,764,516
1240,441,368,215,134
480,98,145,140,108
402,24,20,10,5
576,508,810,1006,899
565,23,16,10,5
511,18,37,25,0
514,287,266,196,104
595,820,1167,1518,1494
1176,32,29,17,0
769,1034,1525,1875,1987
602,268,262,176,92
403,16,3,0,0
493,188,136,84,39
338,30,14,14,2
563,210,167,126,56
909,392,424,226,113
546,589,796,911,632
289,6,0,0,0
710,78,104,92,73
348,20,15,18,12
700,848,1268,1822,1729
403,38,34,48,60
646,114,154,192,194
615,387,326,284,163
702,80,101,101,73
539,636,877,1214,1396
550,642,796,840,533
485,62,74,70,55
237,140,169,94,37
980,958,1451,1313,818
993,74,76,134,108
846,1075,1852,1439,0
377,319,437,468,323
470,16,3,8,4
742,308,225,138,48
802,334,276,130,51
628,290,242,156,86
848,981,1490,1388,905
1074,1321,1871,1716,974
896,772,1146,1386,1287
416,53,59,47,40
330,8,2,0,1
666,772,1223,1207,874
289,343,530,680,744
697,286,310,240,123
225,10,10,25,36
497,88,126,116,84
475,33,32,32,20
452,30,23,28,17
562,20,1,0,0
509,268,252,169,73
738,366,376,214,82
435,136,82,52,18
777,374,335,197,73
492,605,912,1135,796
818,452,441,332,157
738,679,995,1190,915
500,14,5,2,1
640,230,206,140,74
1072,109,59,59,40
530,642,948,1238,1168
1654,1435,2047,2533,2140
668,26,13,7,7
290,106,102,55,15
430,232,210,120,34
352,153,138,91,52
856,88,110,170,112
748,79,106,113,0
562,19,3,0,0
366,28,32,32,32
731,882,1350,1281,797
380,383,650,620,392
627,35,11,10,2
720,32,20,22,7
618,122,152,176,199
850,214,292,350,317
587,205,156,88,22
794,885,1345,1519,1448
664,744,1123,1500,1217
620,740,1080,1302,1116
580,56,69,74,81
791,52,30,22,14
309,32,20,18,10
546,213,224,126,46
642,600,831,780,528
784,885,1259,1420,1225
868,409,469,252,0
672,40,44,52,33
355,478,613,972,806
467,102,171,171,0
626,653,1097,1314,0
298,149,128,85,95
858,1404,1899,1716,1152
1022,996,1382,1850,1530
1814,1172,1192,611,0
760,60,84,120,94
399,20,11,12,1
641,18,2,1,0
524,105,155,188,183
324,454,603,642,485
371,22,20,16,10
928,982,1319,1257,745
594,744,1137,1174,851
356,163,156,72,25
205,18,14,18,14
1103,1849,2459,3897,3697
1384,1727,2730,2692,0
623,773,974,1594,1347
979,100,131,154,127
344,447,670,678,528
679,342,362,252,134
496,130,178,160,130
608,708,1066,1004,780
744,338,284,190,85
798,802,1138,1487,1369
420,58,57,43,31
1490,594,580,463,268
234,47,61,111,98
211,6,1,0,0
390,12,2,0,0
736,647,905,1085,0
378,10,1,1,0
297,10,4,1,2
668,305,281,164,59
609,309,252,236,123
423,141,101,64,18
408,135,128,50,22
911,414,406,242,98
784,755,1168,1050,680
431,152,108,80,39
423,146,159,50,0
328,25,42,38,24
384,10,3,0,0
289,148,246,244,227
472,308,318,196,66
400,21,10,5,2
565,674,958,1308,1181
528,165,131,66,27
342,54,82,63,57
1093,467,407,208,0
525,38,34,45,50
766,325,234,167,53
706,696,901,1454,1239
857,50,38,27,22
476,200,244,118,41
823,972,1576,1639,1368
878,868,1312,1503,1273
388,102,110,63,29
708,640,840,1383,1299
690,260,291,138,59
723,55,79,82,55
426,392,549,688,635
504,604,923,966,875
662,38,36,56,41
865,898,1412,1328,875
554,240,184,142,72
476,340,569,726,1192
522,32,35,38,27
790,27,14,12,12
1325,666,627,327,107
4302,4271,6128,7730,6415
975,316,219,132,53
645,740,896,1318,1536
988,1396,2085,1602,0
440,8,2,3,0
821,248,180,114,45
405,31,24,13,5
838,791,1254,1194,878
346,508,566,688,464
2107,659,515,284,110
480,24,8,3,0
1234,1576,2443,2010,0
1149,516,516,321,105
740,818,1236,1137,662
1042,428,444,223,0
970,399,280,251,84
1013,1404,1953,1850,1393
488,10,0,1,0
529,22,10,2,1
740,694,971,979,686
504,82,86,86,57
504,266,208,126,74
468,380,574,588,384
461,26,16,9,7
694,635,827,1019,634
213,11,21,15,0
184,93,60,32,21
910,842,1181,1449,1241
986,1219,1730,2128,1590
589,348,328,202,85
432,305,490,560,606
1664,121,84,62,31
527,56,52,63,53
747,674,694,1213,868
1752,1692,2453,2456,1690
878,59,21,13,0
1206,152,199,178,0
630,758,1186,1428,1450
762,156,190,202,144
529,126,176,226,172
652,836,1360,1185,762
744,321,298,144,54
488,564,991,673,0
512,10,0,0,0
742,849,1288,1302,0
453,206,152,93,45
679,670,1006,1429,936
377,572,796,1112,1196
3409,881,723,337,0
549,493,712,861,836
1121,1066,1610,2092,1668
593,80,45,29,13
704,680,1181,1031,0
791,866,1276,1130,728
448,12,0,0,0
517,408,722,685,940
1042,1437,2120,1831,0
652,780,1140,1088,845
650,336,309,134,47
879,16,1,0,0
1033,446,500,264,133
416,16,5,1,0
420,164,124,76,29
602,228,222,181,78
1673,1703,2518,2982,2805
764,27,6,4,5
1502,1710,2289,1765,0
687,22,4,5,0
290,292,444,424,353
602,204,201,116,76
626,634,912,892,595
663,14,6,2,0
896,841,1313,1592,1471
571,26,42,43,0
712,817,1198,1238,967
756,611,943,1114,0
775,379,468,371,245
735,89,89,69,0
1027,1443,1915,2154,0
470,204,211,140,94
389,10,2,0,0
1962,2208,3348,3950,3587
952,356,285,214,112
922,848,1332,1502,0
765,800,1149,975,305
668,112,148,142,95
524,396,623,664,572
440,50,26,22,12
651,37,18,23,17
674,46,39,45,31
729,20,4,2,0
600,98,162,210,162
520,549,796,884,718
612,302,302,214,126
419,224,206,138,72
784,318,286,158,0
335,32,33,51,36
1018,312,259,186,69
610,85,145,126,0
910,856,1274,1471,1327
352,6,2,2,3
694,236,192,92,28
880,336,285,193,109
720,63,33,21,0
581,529,808,748,565
823,1029,1511,1570,0
894,1080,1572,1486,1001
1240,1546,2132,2013,1336
916,480,470,276,119
621,356,391,183,0
507,672,1010,1026,754
715,59,70,76,91
1087,364,320,154,60
476,15,14,21,14
496,130,176,217,192
1294,642,528,334,156
1028,1176,1658,1563,989
571,746,1070,998,692
1022,475,452,272,129
753,264,224,131,56
332,124,84,48,12
812,1068,1198,1434,862
1264,57,22,18,4
434,6,0,0,0
741,52,39,40,24
696,594,961,1088,963
637,72,106,117,72
982,1159,1650,2068,1748
769,41,48,31,24
709,740,1088,1332,1006
832,15,2,1,0
860,810,1168,1124,597
745,167,232,296,271
860,14,0,0,0
590,263,272,172,129
645,32,34,48,43
505,472,674,965,760
470,25,14,8,0
656,714,1050,1324,1624
887,812,1152,1090,813
372,260,436,444,307
958,358,327,221,139
1030,991,1640,1888,1376
1509,648,539,349,147
522,253,239,158,52
524,241,267,122,0
632,18,0,0,0
1410,572,424,268,137
1169,94,76,54,29
913,101,78,36,0
542,521,783,735,0
928,470,399,272,141
566,278,256,171,86
938,173,250,228,145
816,790,1166,1482,1487
707,822,1085,1610,1647
938,289,277,91,0
615,746,1037,1036,604
752,732,1107,1376,1191
888,288,526,503,0
718,24,12,2,3
282,16,14,22,13
722,405,382,197,118
743,466,517,290,0
788,1046,1467,2159,1982
1238,1794,2488,3057,2357
1120,567,548,320,125
798,906,1268,1150,875
650,227,213,83,0
1041,1245,1960,1703,0
614,262,239,173,79
710,714,1102,1370,1315
716,26,15,22,18
264,12,12,7,2
630,314,340,210,122
758,38,22,21,10
234,367,534,619,417
559,33,40,42,38
784,34,8,6,0
887,47,20,26,7
1124,1424,2152,2584,2378
692,675,829,1054,703
1071,334,234,158,58
572,39,25,21,8
736,277,306,122,0
684,52,34,22,18
705,634,964,1177,1011
839,1087,1374,1268,895
848,822,1204,1517,1499
1276,264,368,532,489
1868,1744,2482,3018,3051
673,846,1232,1516,1407
330,10,5,5,0
1018,103,106,79,0
1214,259,392,507,404
946,363,348,148,84
1022,1258,2236,1956,0
439,24,6,4,4
1212,460,455,192,0
880,916,1208,1629,1487
440,572,737,1184,934
674,829,1147,1286,852
403,24,18,14,11
754,62,47,21,0
706,700,1089,1238,756
810,54,48,20,9
658,236,212,112,28
562,643,949,896,584
409,380,508,505,402
559,10,1,0,0
571,331,340,195,0
640,311,276,190,99
243,58,91,58,32
288,86,66,60,25
648,318,354,182,81
706,926,1371,1684,1535
318,49,58,56,38
878,48,20,12,0
604,214,217,134,54
675,161,145,82,42
1015,1076,1627,2022,1946
672,261,274,169,0
781,68,52,30,7
538,189,194,109,42
488,18,6,5,0
238,8,1,0,0
418,35,38,27,21
367,12,7,1,0
897,305,238,160,65
241,292,416,646,1225
501,553,958,907,0
492,36,20,9,3
1035,1317,2122,1695,0
1420,837,1240,1255,0
542,257,308,214,165
431,27,8,10,1
421,140,121,84,28
426,35,30,39,27
452,592,806,1344,1171
946,517,511,319,0
710,215,145,122,45
486,595,860,1026,883
574,678,1092,941,0
769,459,444,316,0
378,106,83,40,0
630,605,900,1148,1133
550,234,249,138,44
707,236,205,71,0
952,35,28,40,27
1488,608,512,350,144
321,32,27,24,27
965,1033,1614,1880,1450
727,375,299,133,0
349,53,64,54,21
411,597,717,992,998
677,642,884,942,938
411,124,90,36,16
685,814,1187,1326,1159
546,65,43,75,46
282,86,59,28,11
446,420,607,693,0
718,306,288,160,117
468,174,154,86,26
532,535,761,573,0
786,376,318,118,0
492,432,683,600,447
942,43,36,22,12
516,28,24,28,26
433,58,76,74,60
579,261,276,178,104
945,102,126,144,112
390,11,2,2,2
961,1220,1714,1600,909
375,412,655,689,651
266,17,11,18,9
416,22,22,11,0
280,97,73,54,64
540,20,2,2,2
538,347,817,737,0
1854,1789,3066,3060,0
407,538,793,648,384
1338,1130,1658,2413,2315
293,11,2,4,1
966,1358,1924,2194,2053
1318,1619,2127,3115,2960
426,22,6,5,2
936,463,515,241,0
365,448,714,854,853
448,101,98,132,106
586,215,236,106,0
436,648,935,928,490
529,10,3,2,0
819,334,344,196,82
598,216,249,129,0
722,310,239,123,0
370,192,164,124,84
720,292,245,185,117
685,711,1164,852,0
489,254,169,105,21
692,250,276,261,105
464,426,594,641,481
586,204,178,58,0
564,570,843,681,0
350,26,12,7,7
290,5,2,8,3
376,18,10,8,1
348,26,7,13,0
742,956,1295,1567,0
1082,505,583,272,0
506,168,153,55,0
748,922,1242,1650,1483
372,6,2,0,2
520,77,90,110,0
239,7,5,1,5
851,290,234,128,75
339,25,48,65,43
688,201,149,59,0
410,421,681,527,0
406,7,0,0,0
687,784,1148,1124,796
662,792,1177,1394,1237
884,464,490,286,0
424,389,530,633,401
426,512,777,834,584
489,631,698,994,591
634,737,1051,1364,975
438,158,127,94,62
864,1107,1598,1204,0
383,88,95,131,93
604,772,1090,1050,736
737,380,331,147,0
746,354,297,159,78
556,45,38,19,4
812,840,1355,1061,0
398,75,126,144,134
306,392,550,625,429
966,1105,1632,1393,0
414,14,6,5,1
316,9,0,0,0
314,6,1,1,0
250,8,0,0,0
318,229,341,419,257
415,25,28,29,13
716,274,258,219,122
533,9,2,0,0
191,245,314,559,479
452,148,98,53,33
2575,58,12,5,0
852,945,1261,1960,1744
1098,417,356,218,127
1342,242,363,362,245
1302,396,406,347,212
744,150,162,87,38
994,1336,1888,2397,2125
1386,124,72,29,0
943,938,1385,1364,933
810,1075,1453,1759,1153
804,418,411,263,0
1122,1128,1803,1800,0
830,1306,1930,2339,2086
798,198,330,263,0
812,773,1173,1242,989
797,54,35,18,24
415,12,7,5,0
689,330,271,224,118
1097,57,28,18,19
1214,35,4,7,0
916,21,1,1,0
558,642,1205,1052,0
954,1273,1878,1830,0
721,116,153,147,0
547,193,214,103,0
568,736,1116,1018,697
1060,48,35,11,0
1340,210,248,246,215
1485,1538,2094,2642,2504
1038,1048,1544,1638,0
1146,86,34,26,0
1091,1204,1770,2128,1140
248,35,39,35,0
560,168,192,190,122
726,968,1366,1238,836
1042,26,0,0,0
1298,1723,2581,2833,0
409,299,811,530,0
564,586,845,1239,1072
488,31,14,11,3
650,265,214,119,51
1376,79,71,32,0
796,191,290,198,0
818,61,46,40,12
1020,105,88,51,0
1762,2207,3152,3820,3463
877,1232,1480,2346,2070
532,212,210,134,69
518,263,277,173,0
1772,390,456,521,357
689,84,64,49,32
478,32,41,51,34
362,60,69,66,51
734,912,1371,1535,0
668,59,46,20,0
1571,1901,2802,3592,3289
1212,1744,2685,2219,0
1131,421,318,296,118
662,68,66,110,99
772,1063,1312,1245,811
1380,482,386,218,123
888,334,321,240,136
566,34,20,14,2
483,14,1,0,0
678,233,222,134,58
946,1055,1728,1418,0
1150,135,92,49,0
1063,111,69,31,0
1103,30,1,0,0
1130,105,93,63,0
659,120,208,210,167
463,237,226,221,93
818,285,258,178,67
790,332,238,180,92
1140,33,12,17,2
2438,862,629,276,0
1188,618,579,303,0
1044,167,234,287,223
3158,1368,1233,568,0
1184,594,618,377,165
595,582,878,906,557
1212,1788,2419,2216,1266
522,84,120,139,0
846,163,192,334,347
1125,652,529,414,178
1386,534,405,315,181
749,292,277,114,54
788,725,960,1496,1213
890,895,1196,1517,1290
743,408,386,286,141
615,126,132,108,72
910,32,1,0,0
868,1004,1522,1210,0
1193,64,40,23,19
1218,346,315,142,0
534,546,860,947,829
1438,1195,877,812,401
3047,3046,3969,5390,4380
2554,901,794,309,0
1313,1684,2575,2412,1464
456,10,0,0,0
505,29,8,6,2
1128,1218,1764,1674,1227
822,395,383,186,65
957,832,1408,1781,2378
712,656,998,1187,1044
644,338,329,218,139
2068,1003,1020,523,0
614,65,50,34,9
805,319,254,140,60
994,192,152,152,100
904,1130,2028,1780,0
823,40,24,12,4
549,56,96,104,97
1316,265,321,470,476
304,7,2,2,0
448,42,40,53,26
829,82,96,112,0
908,1079,1697,2127,1446
751,74,56,43,10
1378,411,311,192,102
634,836,1035,1249,793
786,204,240,326,240
1187,116,86,53,26
746,46,70,56,0
580,764,960,1241,794
962,308,449,392,313
734,356,319,226,100
1169,1699,2488,2403,1625
882,342,303,180,0
1236,1351,1858,2438,1955
986,1269,1473,1832,1145
1252,115,176,109,0
1314,1249,2296,2123,0
472,178,140,92,42
349,94,136,96,33
3600,1100,999,487,0
1821,1703,2572,3326,3046
2071,1170,1070,808,378
1490,144,54,31,0
952,23,2,0,0
846,968,1410,1700,1362
1012,542,472,350,175
560,18,6,3,3
1548,23,1,0,1
654,294,242,118,61
550,282,192,141,47
383,110,56,35,6
734,391,392,256,138
435,466,686,868,770
745,980,1474,1643,0
1476,1682,2344,2706,1988
502,198,248,439,386
734,286,266,152,46
646,306,323,175,0
840,480,499,338,174
786,404,414,290,163
749,764,1248,1203,867
1372,729,662,384,0
828,833,1322,1656,1388
468,11,4,0,0
629,294,250,156,106
974,1167,1671,2248,2441
792,960,1470,1764,1659
458,34,15,7,2
759,52,36,18,3
394,12,7,8,9
477,22,10,6,3
2360,568,812,1082,907
1003,370,348,206,132
1078,550,561,396,241
1261,134,178,193,157
303,410,674,784,931
526,62,86,86,75
775,83,116,104,80
778,449,468,273,106
780,238,186,104,48
572,26,12,10,8
903,467,409,297,138
1360,700,660,444,248
764,332,288,164,0
652,266,200,123,68
1062,572,553,302,99
386,148,178,144,74
436,608,844,951,853
397,160,131,81,29
1153,335,254,188,114
1050,271,334,444,397
1390,61,32,18,8
802,446,391,310,171
1012,66,34,15,1
470,30,22,33,27
816,316,230,134,88
410,19,6,8,6
424,229,203,108,0
938,1363,1879,1764,1266
809,264,186,92,31
715,774,1250,1447,1462
605,34,20,10,5
250,14,12,14,6
543,21,8,12,6
1484,58,30,16,3
946,1243,1817,1527,0
439,16,0,0,0
295,5,1,0,0
1029,50,40,42,28
2013,2534,3409,3688,2378
578,163,226,180,128
996,218,278,340,291
1008,390,328,250,142
480,233,210,124,59
807,742,1068,1028,730
640,288,235,124,0
708,857,1358,1176,1215
602,294,224,141,75
597,731,969,1229,708
459,167,181,82,31
798,63,40,22,14
694,371,295,195,81
354,430,591,532,338
828,320,203,145,50
562,813,1170,1445,1288
726,284,238,112,0
1081,44,32,18,4
1606,1946,2736,2830,1730
832,568,435,192,0
648,640,935,1156,839
635,346,376,230,144
733,46,84,96,112
1107,410,334,162,83
555,285,257,225,129
632,273,256,126,63
558,739,1190,938,0
490,19,13,2,1
663,355,315,164,54
395,4,4,4,0
497,17,1,1,6
895,17,3,2,0
699,27,14,6,4
1288,1476,2250,2115,0
729,22,20,14,1
318,8,1,3,2
748,1034,1286,2062,1740
417,206,152,88,34
750,974,1533,1399,0
1185,604,620,366,213
616,152,180,153,137
938,64,34,22,10
437,258,294,164,75
654,692,1050,1223,1157
586,45,58,42,32
1816,2252,2792,3049,2250
516,39,33,54,36
640,280,200,114,67
1192,1038,1518,1438,921
871,1101,1329,2154,1817
1383,332,208,134,73
472,28,14,7,3
876,129,128,191,169
1642,1850,2661,3134,2371
413,377,550,540,425
748,756,1222,1363,1000
830,76,42,32,16
560,309,272,222,139
377,73,110,146,140
824,832,1290,1576,1189
1090,379,300,134,39
932,21,1,1,0
313,12,2,0,0
596,49,22,24,16
647,750,1078,1418,1128
802,361,368,187,76
948,408,374,199,65
124,33,25,9,0
725,278,270,182,53
892,1039,1571,2046,1866
1213,144,193,270,262
2671,3099,4812,5352,4937
1215,483,362,185,76
1830,375,533,566,0
753,858,1244,1502,1464
796,20,8,4,0
1186,436,426,242,127
782,63,49,38,12
160,9,2,0,0
945,1202,1583,1973,1306
808,448,438,330,174
348,368,549,491,348
629,880,1319,1150,755
414,540,726,778,528
838,138,174,158,115
1001,1197,1746,1550,1029
692,546,812,677,458
430,379,556,1249,1053
906,1141,1789,1303,0
2237,1140,1074,767,394
678,856,1280,1216,948
1328,514,589,215,0
768,770,1144,965,0
1007,982,1344,1394,923
756,1028,1500,1847,1592
1045,527,542,360,171
1180,100,52,26,10
1028,446,416,228,112
344,54,62,52,29
1477,88,106,106,86
755,962,1389,1648,1400
467,41,77,185,126
649,106,160,138,124
334,27,18,6,5
1311,682,678,500,246
859,800,1048,1116,775
2381,2430,3731,3724,0
1168,1070,1538,1393,883
776,19,0,0,0
618,602,920,1225,968
601,764,1043,1405,1036
563,791,994,1589,1454
1625,1936,3015,3028,2281
717,943,1398,1482,1137
1006,88,45,26,7
970,374,458,202,0
639,78,90,102,100
649,382,272,175,0
606,151,184,256,238
606,263,286,174,103
884,446,482,337,194
1055,564,639,361,0
714,70,92,71,46
542,54,76,83,55
746,52,67,76,69
737,253,222,128,59
459,613,856,1037,686
1338,666,636,462,242
973,104,83,50,0
524,221,245,148,64
702,75,74,36,14
471,68,88,84,75
726,381,354,204,105
684,36,10,4,0
824,398,408,280,168
540,647,1014,812,0
1038,447,444,378,195
442,578,924,940,623
794,90,144,183,141
1192,502,552,390,246
703,738,1052,1100,828
798,656,909,1113,885
1185,357,258,160,118
1207,370,263,237,93
1024,252,359,570,543
792,300,289,158,121
1091,1500,2198,2895,2822
796,912,1286,1334,939
525,26,26,22,18
786,944,1314,1688,1852
431,580,832,730,236
678,234,244,133,72
492,537,833,1045,1289
863,330,262,166,61
1160,397,327,178,83
718,754,996,1645,1335
674,872,1202,1176,682
949,948,1565,1611,0
1314,181,229,215,141
982,41,51,70,69
1091,558,558,282,124
514,54,41,17,8
678,63,43,51,37
791,352,356,222,162
854,1121,1640,1535,994
727,954,1457,1762,1887
794,344,358,163,83
973,548,564,379,195
504,14,1,0,0
646,236,219,142,65
688,820,1159,1820,1599
1239,1514,2184,1902,1169
796,164,208,276,249
628,126,147,210,128
1779,1742,2290,3055,2398
1707,112,122,105,0
574,774,1321,1272,1036
596,256,256,116,58
892,954,1555,1754,1328
448,606,930,1531,1676
750,63,94,110,67
508,565,796,986,944
832,856,1204,1538,1486
422,71,98,131,87
579,49,76,64,46
808,186,274,332,317
587,46,26,9,6
726,314,266,212,77
600,31,26,8,2
800,20,0,0,0
1656,540,496,234,81
1130,1385,2041,1938,1350
676,754,1017,1582,1356
2011,768,620,398,176
1638,2071,2860,2812,1794
524,194,187,172,85
440,12,2,5,2
638,807,1110,1038,646
1132,568,513,264,135
732,329,374,259,150
613,236,233,187,81
809,908,1304,1531,1195
857,436,444,252,140
364,52,70,71,50
364,12,0,0,0
2040,48,14,9,2
619,16,8,1,0
567,35,40,55,68
600,588,819,1183,1259
1205,1512,2250,2139,1432
1817,540,422,296,128
707,220,146,114,37
3106,2986,3812,4718,2999
1296,1524,2410,2369,2138
796,1038,1415,1369,866
350,3,3,0,0
388,20,9,6,5
630,630,938,1150,1120
392,12,0,0,0
536,50,40,24,7
454,614,828,1176,951
709,649,930,1054,862
419,467,666,890,1520
714,772,1042,1309,1140
599,536,778,946,759
1596,1700,2612,2468,1618
1603,454,624,568,364
1294,1136,1768,1744,1295
1027,1336,2071,2610,2480
808,746,936,1412,1273
361,30,34,44,39
386,6,0,1,0
1134,1230,1746,1792,1458
672,166,242,194,0
1676,910,1447,1126,0
920,35,12,6,0
360,365,486,492,316
359,19,2,9,1
990,441,400,233,118
462,264,278,157,85
1120,605,602,313,0
420,531,734,1026,1191
814,308,298,129,0
550,542,822,904,0
515,30,32,36,38
605,347,245,234,105
807,991,1443,1432,0
628,423,416,331,161
670,956,1432,1640,1287
704,21,17,2,0
633,352,278,140,44
386,114,106,64,27
420,569,819,770,463
574,330,329,181,81
554,744,970,1177,1068
976,466,384,178,67
436,40,73,42,0
251,106,166,133,99
2359,194,125,69,16
835,1186,1871,2284,2412
378,3,0,0,0
544,363,308,236,74
244,16,8,7,6
503,276,220,168,57
424,12,3,2,0
740,414,391,321,151
295,37,51,54,47
838,912,1399,1571,1072
863,1210,1760,2147,2119
548,39,39,17,0
843,1130,1728,1616,1079
197,87,66,52,26
424,116,164,215,178
489,88,119,117,97
676,33,47,38,0
381,6,1,1,0
242,20,8,6,8
626,249,196,158,59
386,19,8,8,3
595,45,50,63,73
582,756,1144,1034,754
612,757,916,1485,1309
1062,1126,1882,1381,0
452,224,218,122,48
570,228,186,113,61
612,268,283,150,60
880,472,446,244,117
664,18,1,0,0
822,1060,1684,2009,1207
198,54,42,21,8
582,616,921,1010,692
531,12,0,0,0
872,304,264,164,77
786,1138,1499,2056,1660
90,5,4,0,0
540,212,155,90,36
1005,400,428,218,94
610,840,1269,1464,1167
100,9,0,0,0
794,946,1372,1511,1001
546,673,933,836,522
707,215,190,94,35
504,580,826,1110,986
298,22,20,12,2
711,372,348,197,91
282,5,2,0,0
1080,251,245,293,194
578,324,296,171,65
687,392,404,310,193
409,12,2,0,0
705,310,251,176,62
489,56,82,90,41
460,578,878,1041,1025
472,642,898,1024,961
860,139,201,240,230
43,5,4,4,6
522,659,966,852,498
448,159,180,225,168
688,698,948,1018,810
249,10,6,8,3
872,958,1227,1664,1002
112,5,1,1,0
290,55,31,31,10
796,889,1321,1725,1386
474,125,128,228,228
958,1486,2054,1852,0
619,18,0,0,0
859,1225,1702,2124,1805
697,35,34,20,11
524,99,138,144,84
486,506,718,902,859
594,914,1168,1998,1769
850,24,3,7,0
441,96,115,86,57
452,191,190,78,0
570,608,826,1142,915
820,58,32,14,9
1594,2172,2717,3225,2158
784,1112,1531,1615,0
476,30,22,15,10
721,12,0,0,0
586,776,1082,1035,714
997,452,424,276,99
689,843,1142,1158,714
1614,951,974,558,285
681,28,12,5,4
946,38,14,4,1
502,254,306,105,0
670,960,1180,1146,560
743,362,270,156,78
526,263,270,166,100
536,236,259,123,73
590,796,1016,1000,729
484,254,224,126,74
270,24,26,17,10
475,30,35,40,28
545,697,1114,1189,846
534,562,908,964,561
507,49,28,20,9
723,420,380,196,103
543,22,10,4,0
657,244,209,147,50
696,1132,1580,1942,1353
1082,594,566,324,152
467,654,963,1274,1212
496,753,896,1451,1260
604,336,326,202,108
1114,300,240,126,49
1026,1312,2002,1820,1025
414,149,129,65,28
508,230,194,92,28
744,310,242,135,53
481,321,314,217,189
441,224,192,218,130
212,31,50,58,68
522,50,34,17,10
564,792,1042,1336,1405
657,899,1216,1136,705
524,168,164,75,23
568,710,1179,1182,1178
546,600,836,1026,1027
356,63,94,101,72
354,7,0,2,0
914,462,517,327,175
620,21,4,1,1
544,88,118,106,50
686,402,346,215,104
399,387,622,941,723
368,34,55,60,52
484,94,100,129,113
786,340,252,130,0
666,314,300,159,0
382,364,455,716,927
456,200,227,141,62
460,49,66,102,125
190,6,4,0,0
851,419,398,186,0
702,380,371,242,135
627,267,238,76,0
754,374,304,213,76
600,834,1251,1478,1482
1153,1022,1460,1692,1476
424,44,26,18,6
486,13,1,0,0
883,1275,1851,1782,1249
1235,580,576,438,249
866,518,542,371,192
976,1106,1551,1506,942
638,232,208,150,73
458,210,192,105,43
679,334,298,161,38
544,72,32,16,2
532,202,186,150,75
606,312,296,191,93
372,19,9,8,9
810,1298,1657,2042,1433
683,444,476,315,177
546,346,344,258,204
911,1329,2176,1529,0
509,246,246,130,65
529,677,837,1273,997
1045,535,415,315,120
344,46,49,89,67
1543,497,424,194,0
742,303,235,142,0
1114,32,5,2,0
630,700,1020,1110,812
312,44,80,66,74
381,374,566,566,411
847,1054,1548,1811,1551
504,236,246,204,144
540,278,290,181,118
447,393,565,852,725
728,921,1356,1676,1507
676,430,410,338,166
810,108,136,138,90
825,1164,1588,1620,1241
1008,62,42,17,0
674,635,763,1260,945
653,34,41,51,0
1639,628,516,254,89
452,220,173,94,43
698,1029,1534,1919,1815
598,317,293,162,62
498,606,844,908,604
778,842,1218,1601,1385
119,2,0,0,0
1090,76,102,100,66
416,24,52,47,26
686,19,2,1,2
653,826,1193,1223,964
582,726,979,1228,980
391,8,1,0,0
528,70,60,40,17
415,366,475,746,630
558,812,1206,1543,1562
442,81,130,103,0
552,348,324,207,125
530,194,188,132,69
334,48,55,63,43
463,480,700,771,451
300,9,2,1,0
185,28,26,44,45
692,332,356,193,68
545,27,14,10,8
458,55,78,94,103
492,203,227,114,51
668,720,1018,1358,1168
282,47,40,33,16
566,268,185,111,42
243,6,0,0,0
491,281,284,226,116
372,530,786,798,652
632,274,278,184,74
444,117,146,178,204
430,240,247,138,0
506,772,1093,1115,725
479,619,980,848,667
460,530,770,738,481
364,140,106,83,50
784,1031,1391,1257,848
1133,1542,2260,2682,2175
2118,696,516,202,0
662,306,186,172,114
1300,450,374,206,57
722,34,17,15,5
424,71,70,72,52
858,252,336,174,71
618,18,2,0,0
688,381,307,208,101
577,225,232,123,85
644,394,305,278,166
803,174,260,244,173
438,603,898,1390,1206
930,330,276,204,113
246,9,6,11,0
431,20,3,4,1
540,25,11,4,1
1051,1193,1724,1546,967
1988,2226,3597,2844,0
862,326,306,170,76
840,104,90,58,23
983,424,395,217,116
570,674,837,1442,1280
820,1106,1747,1376,0
760,69,112,86,0
947,444,366,226,82
490,699,1030,1202,861
204,6,1,0,0
538,79,125,138,0
302,122,121,92,51
663,272,254,144,51
435,178,171,97,58
1061,1076,1570,1442,1171
1040,1231,1698,1744,1130
394,118,120,80,81
1495,88,98,222,156
1960,766,620,308,88
1092,136,150,172,213
817,66,78,60,57
560,288,276,182,92
744,978,1374,1516,998
802,424,408,330,212
612,71,71,129,105
1092,226,348,326,218
775,112,168,160,119
348,110,64,43,16
384,130,130,76,0
733,24,4,1,0
782,328,368,195,88
580,24,40,17,0
480,150,104,68,27
714,721,1064,1310,1115
992,450,398,263,117
404,8,3,0,0
1274,1230,1623,2356,2444
3473,1500,1530,746,0
531,61,98,89,83
1198,717,674,489,0
766,368,334,162,70
538,19,12,5,0
420,48,25,29,19
433,325,672,1590,992
697,949,1542,1339,0
367,21,22,16,6
355,502,641,761,533
581,344,330,185,68
396,34,28,30,23
1076,24,0,0,0
1764,1965,2906,2231,0
1398,641,721,1006,777
542,16,4,5,2
428,68,103,122,86
434,300,250,140,78
450,468,786,556,276
886,1356,2048,2090,1559
248,240,347,370,322
472,253,256,196,109
426,29,14,6,0
560,560,728,990,831
603,238,224,169,79
530,274,294,185,70
634,220,190,82,46
414,406,540,692,440
958,501,448,329,0
1152,588,496,376,140
1193,500,525,263,138
180,2,2,1,0
822,159,199,228,0
656,344,380,242,113
466,14,8,5,3
388,384,592,712,630
1750,355,546,555,0
475,651,870,786,487
710,959,1141,1816,1433
3336,4490,6306,7736,5881
930,444,496,330,155
510,98,134,138,95
412,12,6,6,5
753,284,192,144,63
948,143,202,254,158
519,20,7,14,9
830,323,262,199,69
660,77,78,81,61
900,1074,1704,1628,1178
515,253,248,274,190
341,14,9,6,5
580,898,1196,1546,1373
800,271,282,147,0
534,20,4,1,0
516,241,196,145,69
884,32,13,10,10
632,26,14,19,8
1134,458,335,149,59
973,463,461,265,0
853,570,595,368,164
390,34,18,10,8
589,39,16,12,4
226,172,266,287,215
161,128,160,155,100
546,142,190,202,128
404,699,901,915,588
201,10,4,2,3
514,226,194,166,76
558,574,783,843,0
616,721,896,1116,726
832,490,455,345,157
1022,69,78,39,0
584,14,1,0,0
859,333,320,210,86
718,930,1400,1652,1307
840,866,1355,959,0
372,16,14,14,4
479,83,104,89,47
540,28,13,8,4
330,8,4,2,2
491,66,110,95,97
582,715,902,1484,1234
768,374,260,184,89
320,25,25,23,0
276,38,46,39,0
653,852,1260,1231,795
860,281,199,192,124
1076,43,19,18,5
932,684,985,1316,1007
772,22,1,0,0
1318,722,658,388,189
442,98,140,188,198
820,374,344,250,148
606,714,1004,1135,1007
362,96,130,118,54
694,32,20,16,4
349,198,186,118,64
450,203,190,127,97
872,996,1530,1962,1859
312,16,6,3,2
740,892,1418,1032,0
653,58,62,68,63
782,1153,1586,1715,0
1026,1090,1522,1703,0
1066,610,555,384,188
1266,470,442,286,181
880,354,402,146,0
632,890,1422,1674,1586
1010,476,503,258,0
665,232,167,125,25
670,831,1423,1095,0
732,1004,1497,1430,991
1185,532,500,340,161
1181,1064,1722,1720,1599
776,69,37,15,0
392,14,8,4,3
809,1012,1558,1870,1620
634,340,264,171,60
628,456,412,253,96
421,9,3,6,9
602,330,291,238,138
1052,898,1310,1234,979
1058,1306,1878,1666,1132
1106,137,202,258,252
832,84,68,46,23
694,370,420,253,132
485,92,121,161,83
622,58,40,32,16
657,13,2,0,0
534,218,296,374,369
416,174,146,82,39
1012,472,378,263,132
368,12,1,0,0
583,36,27,6,0
1943,766,770,414,185
287,185,272,327,191
953,109,123,150,136
467,664,1053,925,0
966,992,1552,1442,980
600,812,1167,1498,1052
572,28,7,1,4
674,788,1125,1031,729
465,546,758,1032,1003
758,1001,1286,1996,1687
698,111,164,244,172
464,11,1,1,3
776,1174,1712,2260,2040
295,46,50,48,35
423,53,59,64,46
385,163,172,101,42
842,1016,1811,1502,0
496,170,136,68,34
578,578,853,1025,933
2572,2323,2781,4458,3495
551,72,104,108,93
1402,1631,2398,2202,1468
789,12,1,0,0
1008,170,317,201,0
662,1041,1599,1419,0
306,51,94,100,131
382,424,578,776,704
639,68,34,24,10
1052,1227,1976,2056,2313
790,55,63,27,0
411,596,834,698,363
130,32,23,14,5
568,56,59,82,71
298,15,5,5,1
339,20,20,33,0
1862,597,408,238,85
665,279,253,154,86
1810,75,41,22,0
678,18,3,4,1
959,1456,2042,2004,1337
717,372,339,250,115
734,877,1276,1147,564
626,660,1152,833,0
78,3,3,0,0
724,813,963,1259,975
712,362,328,248,119
695,322,260,138,59
492,86,97,108,85
186,7,2,2,2
760,476,811,722,36
627,11,4,1,0
1359,634,568,404,226
469,122,132,110,131
688,202,159,56,0
428,460,712,664,447
602,96,79,124,135
580,639,818,900,587
664,815,1088,1560,1579
880,1314,2067,2538,2132
154,6,0,1,1
563,761,1185,1220,803
648,480,892,810,701
807,1119,1455,1470,880
673,856,1314,1214,772
812,148,194,252,227
401,10,1,1,0
408,14,2,2,2
534,620,911,950,621
817,1183,1505,2216,1864
328,46,58,50,20
977,332,316,152,43
341,120,118,60,19
1098,144,105,86,63
2061,2048,2762,2578,1917
826,338,300,157,72
994,1644,2066,3089,2790
1002,214,199,96,0
643,15,6,2,3
852,442,390,239,159
542,972,1508,1636,812
541,56,68,82,88
530,675,894,1130,840
236,2,0,0,0
471,10,2,1,1
600,140,189,192,149
394,423,622,928,700
1092,890,995,1266,1110
536,712,1004,1100,0
539,235,250,146,67
1308,75,34,23,0
1287,2050,3086,2911,2020
773,1270,1944,2368,1896
995,308,420,618,597
508,91,56,24,7
606,228,182,114,37
152,16,16,26,0
566,724,1204,1048,771
881,416,343,223,86
649,379,390,240,138
494,152,121,84,37
427,546,814,802,483
288,26,24,24,13
661,419,388,293,173
1260,44,26,8,5
402,188,182,116,31
223,4,0,0,0
1037,1548,2421,2220,1240
1486,2128,3126,3236,2567
1174,212,165,63,16
1455,1986,2737,2566,1696
1111,688,607,367,144
1593,501,694,828,772
621,13,5,3,0
681,992,1572,1799,1783
648,266,201,108,23
496,34,19,8,4
570,60,64,72,45
518,73,88,80,72
356,340,464,579,504
502,197,157,94,30
284,12,4,10,5
314,429,582,755,472
356,6,2,0,0
488,270,220,70,0
388,202,218,149,79
1207,788,1106,918,779
1728,1210,999,670,288
1080,1924,2958,2744,2008
1056,1953,2626,4096,3406
717,381,506,499,316
648,656,864,1033,798
558,21,7,7,4
430,227,299,144,0
1138,542,406,181,0
388,26,23,15,13
564,754,1086,1586,1452
430,260,196,129,0
657,100,108,128,112
486,614,496,930,927
462,551,837,942,823
553,236,170,87,31
266,246,378,351,235
1900,1775,2475,1937,0
1302,966,862,641,323
1040,188,160,104,34
507,44,61,77,69
1050,140,106,54,22
580,110,89,77,37
986,520,712,638,352
2764,1020,1517,1778,1476
379,106,172,154,111
452,205,158,94,50
324,6,0,0,0
1114,1421,2054,1919,1272
603,33,13,5,2
464,567,800,772,414
442,641,818,1088,713
697,323,282,192,114
338,10,2,3,0
639,40,12,6,4
425,26,23,11,9
458,556,838,1018,896
692,18,2,0,0
438,31,20,11,6
584,19,5,4,1
1213,130,86,54,21
620,162,146,91,0
516,1022,1498,1359,934
1223,818,732,462,219
604,591,854,1000,846
492,184,103,92,38
785,1105,1466,2426,2116
516,677,1326,858,0
397,476,813,686,642
939,914,1371,1303,0
531,92,108,95,84
498,17,20,9,0
556,266,186,130,42
1814,1239,1117,839,370
781,36,20,47,29
591,894,1348,1420,957
728,22,4,4,3
1422,213,159,91,0
891,1557,2468,2989,2710
755,306,415,486,357
716,418,380,324,214
466,300,236,199,99
403,50,44,72,77
836,63,30,6,0
822,1296,1921,2217,1959
526,226,189,90,43
421,9,2,0,0
510,534,758,1045,979
691,426,331,366,205
394,8,1,0,0
204,133,210,230,181
679,300,246,216,94
1305,650,990,950,459
843,521,486,298,128
362,238,226,176,108
1062,648,624,372,190
673,1205,1810,1912,1296
1024,649,532,348,118
675,676,946,922,582
588,332,321,254,111
1060,1488,2070,2019,1295
673,662,928,890,688
550,548,939,1097,1013
682,894,1312,1617,1545
976,544,528,382,215
1304,358,458,628,613
1144,836,1164,1574,1286
1430,1301,1746,1382,0
956,1720,2616,2362,1486
653,204,154,92,40
723,662,894,1162,1008
380,430,621,645,432
526,204,126,68,31
825,331,392,180,94
701,796,1144,1207,944
527,14,2,0,0
571,652,1010,1204,1210
561,659,944,991,838
650,21,8,4,8
296,26,26,32,12
288,92,71,42,27
1424,1916,2996,3176,2504
1008,1440,2184,1732,950
748,1270,2102,2332,2244
838,302,406,544,508
724,1392,2229,1812,0
840,1393,1909,1942,1343
1066,1732,2644,2256,1343
962,1111,1463,2290,2311
366,414,656,975,734
627,363,249,182,79
564,74,101,96,85
173,263,474,376,0
817,50,50,59,66
524,233,264,117,0
541,46,44,58,47
1052,59,34,47,38
511,218,172,82,28
1392,1760,2316,2682,2074
1393,2256,3241,3157,2065
1082,909,771,389,0
809,1402,2006,2096,1343
1187,1646,2525,3230,2893
811,248,388,397,212
718,41,48,43,0
842,1011,1449,1216,0
702,455,396,301,119
424,623,978,914,599
633,357,357,164,0
283,16,22,19,12
418,164,154,90,33
300,28,39,37,27
257,21,28,35,0
534,26,9,9,5
623,293,273,230,131
1400,625,568,556,281
387,12,2,0,0
629,772,1138,1465,1344
158,4,0,2,0
1792,2670,3992,3606,2721
713,70,71,101,91
784,234,310,288,195
1175,794,772,404,216
1344,2016,2958,3804,3046
705,1020,1671,1500,926
692,67,90,98,95
273,177,159,156,53
345,359,491,805,700
400,76,88,66,25
638,1025,1488,1742,1503
254,366,574,672,613
492,199,191,76,0
684,42,26,12,0
303,17,4,3,1
717,364,344,222,103
968,1104,1517,1488,914
1056,306,438,570,559
991,270,248,161,75
1490,877,854,468,189
546,790,1209,1477,1716
436,396,515,572,0
722,388,362,200,95
444,58,72,60,63
424,607,817,1013,717
1385,527,434,296,150
635,879,1144,2017,1801
1720,790,678,391,143
1298,1404,1964,2270,2156
1306,587,482,458,233
1942,1819,2903,2988,0
2138,1076,940,624,301
874,418,374,188,84
1214,2125,3071,2936,1816
1000,1736,2356,2076,1580
729,368,569,585,458
478,28,23,16,9
399,166,138,58,24
511,268,234,143,62
503,169,130,56,26
289,100,78,74,38
714,1002,1239,1642,1017
790,318,239,146,60
307,392,657,652,452
114,17,37,29,0
337,235,392,346,244
1607,108,82,54,24
763,1098,1568,1493,889
1784,772,724,514,278
1292,73,52,78,73
526,172,223,217,140
611,116,186,179,160
608,1044,1472,1285,725
250,60,52,26,14
446,464,662,688,433
462,513,738,788,444
305,328,488,550,462
738,876,1435,1089,0
325,433,615,863,875
462,525,744,879,0
522,672,1034,1236,1131
556,598,966,666,0
1163,35,22,14,5
815,1112,1621,1876,1725
1657,934,1078,550,388
1378,2478,3805,4148,0
1976,2930,3958,4766,3975
491,205,202,135,42
634,1052,1618,1965,1386
544,96,76,36,20
578,318,208,150,62
1073,583,450,242,102
524,951,1426,1228,790
899,652,620,357,126
520,280,230,90,33
428,76,68,51,20
1662,169,135,83,0
391,46,32,24,14
926,1794,2658,3284,3063
243,400,502,681,682
462,782,1124,1260,817
463,128,195,214,162
667,1260,1748,1768,1069
7756,3791,3518,1361,0
1054,464,488,219,0
451,300,263,154,65
1206,1898,2766,3452,2953
535,344,281,170,79
857,126,93,58,18
560,966,1502,1361,1037
392,576,980,1201,1062
903,477,728,783,707
458,374,405,281,188
691,490,458,294,126
229,60,60,48,10
712,896,1210,1293,918
1002,1534,2371,1907,0
553,1059,1725,2030,2070
765,1438,2060,2573,1960
527,55,22,36,12
920,452,754,565,0
820,733,741,388,176
623,852,973,1626,1352
1060,666,551,320,125
851,681,968,1258,1229
869,1422,2234,2052,1517
819,159,250,220,124
732,328,496,708,739
1093,2242,3158,3918,3547
646,1261,2019,1572,0
442,175,194,184,117
477,102,171,210,166
254,80,119,141,101
346,10,2,3,2
581,440,476,288,94
90,4,1,1,2
2232,3484,4665,6175,5198
796,488,460,316,131
746,643,765,980,621
672,408,617,591,344
1108,1609,2352,2282,1645
1159,1844,2917,2202,0
604,1000,1579,1413,1067
1060,1649,2767,2194,0
660,198,160,97,88
642,1301,1645,2898,2415
412,733,911,1449,1338
844,1412,1886,2778,2484
1106,2128,3170,3477,0
523,318,270,168,73
600,356,324,219,76
810,436,353,278,127
920,719,488,350,156
1096,264,246,132,43
1836,1174,1138,661,316
850,566,420,274,110
528,894,1051,1826,1380
991,820,1142,1413,981
1161,1070,1477,1863,1336
422,16,4,1,2
1371,840,795,578,280
496,466,650,592,367
536,173,154,108,43
758,1708,2294,2114,1411
663,432,404,278,167
703,626,642,360,162
677,1306,2149,2384,2426
1318,160,104,58,24
886,92,69,38,12
566,88,50,27,9
1150,1596,2550,2325,1372
615,179,147,125,0
624,478,448,297,165
592,1163,1436,2476,1992
755,1442,2128,2498,2358
1230,137,122,86,42
701,165,162,69,24
726,179,178,123,47
456,132,137,227,179
752,581,514,367,149
448,130,116,70,45
288,82,93,108,128
1252,1845,2582,3323,2807
503,790,926,682,433
803,1308,2100,1916,1480
740,442,443,274,93
832,26,10,14,15
808,444,580,686,510
872,482,679,743,0
615,18,8,5,1
834,100,84,47,0
1228,1984,3033,2961,0
782,1272,1546,2010,1528
1098,860,814,428,227
524,1002,1403,1553,1167
377,65,68,42,23
923,654,604,324,130
866,486,376,250,132
374,908,1194,1520,920
432,91,99,51,11
1017,502,402,228,80
1412,278,413,596,612
1120,599,868,1084,777
1596,330,516,635,543
1070,1865,2911,3055,0
825,530,472,258,85
961,1448,2328,2590,1695
585,331,478,461,248
761,1482,1814,2970,2352
804,1648,2692,2402,1952
608,141,188,257,139
1242,730,579,310,0
1060,566,444,265,120
799,177,166,110,34
1122,1628,2402,2178,1390
644,262,380,338,219
981,148,125,89,23
756,1272,1600,2554,2339
534,1091,1459,1784,1593
986,426,709,922,844
1638,44,2,1,7
309,19,9,6,0
1461,382,492,615,583
1254,914,836,615,297
406,767,1108,1130,0
892,168,170,78,57
889,638,495,294,149
944,193,162,66,32
944,39,15,5,0
756,612,858,791,555
1044,1626,2205,2648,2296
1002,80,59,28,10
614,102,127,60,41
478,220,335,406,354
683,486,450,295,127
553,198,224,182,0
888,1721,2220,2966,2397
658,640,626,373,173
659,184,161,112,44
1592,2716,3579,3878,2983
3037,4395,6374,8110,7064
788,1145,1827,1220,0
1846,1632,2374,2870,2216
541,419,582,468,253
588,539,437,419,219
1003,400,558,622,611
909,1412,2076,2731,2407
715,543,752,1182,1091
972,1732,2487,2466,1450
652,566,541,359,147
736,418,492,708,899
1080,600,500,477,223
868,1676,2276,3058,2811
795,737,680,406,222
717,656,567,354,218
710,1227,1930,1543,0
655,608,588,428,235
2139,884,747,404,169
2708,1238,1077,697,355
938,724,689,391,163
3058,3102,5034,5374,4144
854,72,65,48,23
761,460,406,217,0
704,199,278,237,0
846,1522,2414,2996,3418
1335,726,612,356,138
643,376,526,521,303
607,990,1393,1736,1181
925,438,341,274,86
694,140,129,70,32
512,324,386,647,627
902,1397,1992,2190,1825
986,216,168,71,0
567,534,507,270,106
282,178,226,404,372
166,211,304,230,192
820,176,200,102,30
1118,1868,2588,2910,2587
494,348,285,152,73
673,502,420,240,94
1951,2839,4547,4081,0
2910,1295,1165,713,250
648,1226,2014,1464,0
537,332,257,116,54
896,234,251,140,47
968,28,8,4,0
944,1484,2138,2650,2115
732,658,717,296,0
324,88,70,32,23
1040,800,824,413,156
625,929,1367,1672,1624
662,394,366,240,154
142,68,113,121,95
162,289,438,486,463
842,681,634,361,165
489,194,276,256,194
306,120,158,134,100
292,58,58,92,110
1180,1839,2530,2724,2382
5240,2804,2361,1861,951
573,1037,1612,1839,1813
755,382,275,188,73
898,742,1050,1284,1199
896,660,689,378,180
788,420,533,728,752
813,137,140,64,0
684,232,344,446,512
1957,3563,5657,5488,0
742,622,542,282,142
1091,708,580,262,85
295,32,57,14,0
1182,1442,2086,2436,2003
200,336,461,494,438
1034,862,756,651,333
276,269,215,209,101
273,6,2,0,0
1284,193,107,81,30
4555,2094,1604,1137,443
440,138,163,87,0
795,1456,2042,2864,2719
910,640,620,286,0
619,92,59,43,24
530,287,420,388,331
1000,646,643,392,145
1292,868,812,542,281
1104,1694,2367,3124,2633
757,142,104,58,44
1068,1737,2426,2483,1578
444,349,378,251,127
632,1162,1783,2154,2142
600,1116,1579,1753,1495
652,404,357,216,95
1669,2828,4064,5108,4153
8222,3954,2706,2091,1051
528,434,414,232,50
774,62,66,78,50
1052,726,686,486,279
1280,654,409,288,101
1013,623,624,322,0
652,132,102,66,31
500,77,38,49,14
701,1012,1442,1424,1228
614,204,207,115,51
660,354,282,136,44
1406,164,216,220,175
922,68,37,30,14
789,557,436,240,66
673,592,602,334,147
559,1126,1589,1957,1846
888,594,542,413,231
562,1132,1389,2175,1842
410,364,327,239,155
482,78,53,30,12
490,83,97,145,94
512,366,500,567,478
362,69,51,28,9
492,129,103,72,19
1930,3070,4230,5405,4808
728,176,138,70,32
580,1242,1807,1508,753
141,172,244,222,158
613,1334,1944,1742,1265
498,738,1104,1404,1198
399,364,343,232,116
514,44,30,46,50
