904,143,95,942,273
856,793,373,689,549
420,66,79,551,132
527,178,91,354,132
426,10,0,0,0
752,344,162,422,173
910,468,296,738,341
600,222,118,417,152
648,216,118,406,191
858,2,0,0,0
858,8,0,0,0
722,6,1,0,0
882,364,230,698,286
1124,414,240,906,356
746,10,0,0,0
1831,1136,617,2044,742
974,553,332,1234,534
432,8,2,0,0
1232,470,222,770,300
956,388,170,488,188
704,240,112,315,138
652,112,97,806,183
830,10,0,0,0
961,527,299,944,462
692,256,122,450,222
152,0,0,0,0
403,212,131,358,165
1334,764,388,651,495
1168,620,262,863,349
774,9,0,0,0
570,8,0,0,0
802,12,0,0,0
806,128,100,792,216
782,478,234,742,329
791,323,146,446,155
649,321,159,576,256
489,231,118,403,174
983,409,221,648,250
760,12,0,0,0
962,11,0,0,0
474,334,174,253,179
664,310,202,746,304
723,10,0,0,0
724,270,116,388,148
792,424,208,506,215
983,567,286,1040,416
934,10,0,0,0
539,10,0,0,0
986,10,0,0,0
685,8,0,0,0
1022,20,0,0,0
730,7,0,0,0
518,362,123,179,102
775,432,218,736,329
531,90,88,603,174
556,16,0,0,0
898,408,222,834,370
1511,396,303,2668,715
803,2,0,0,0
949,452,232,796,282
1091,714,396,1212,564
894,372,174,640,292
654,14,0,0,0
2260,2017,804,1354,826
742,8,0,0,0
946,10,0,0,0
824,588,275,675,376
1011,594,276,788,350
779,102,90,824,236
552,268,192,528,318
867,12,0,0,0
532,1,0,0,0
698,13,0,0,0
748,10,0,0,0
579,4,0,0,0
492,131,62,170,56
862,558,296,982,374
863,6,1,0,0
1186,554,277,966,345
646,12,1,0,0
895,642,327,739,406
948,3,0,0,0
965,179,170,1312,275
1065,541,292,967,484
639,10,0,3,0
1054,456,235,820,382
690,251,134,542,226
1100,748,302,605,406
873,302,170,538,250
878,824,379,584,423
900,395,200,532,220
459,4,0,0,0
608,18,0,1,0
940,212,108,464,162
1198,553,255,775,314
1096,377,214,621,302
1061,398,206,630,276
1421,30,1,0,0
1514,1067,580,1748,694
443,9,0,0,0
731,10,0,0,0
850,451,224,706,376
722,7,0,0,0
1203,942,433,859,657
1380,864,346,1053,423
641,5,0,0,0
625,67,67,593,150
537,10,0,0,0
870,396,182,477,204
589,3,0,0,0
1108,547,202,312,241
330,0,0,0,0
846,332,186,612,254
770,365,189,580,254
908,394,160,617,185
174,0,0,0,0
1136,348,174,595,212
1240,24,0,0,0
1297,13,0,0,0
1096,130,179,1219,260
1474,1184,515,873,557
1130,606,322,1052,548
976,188,183,1446,338
932,486,282,998,420
942,598,310,1098,465
890,528,266,850,380
482,8,0,0,0
572,128,55,206,78
771,12,0,0,0
604,153,108,412,150
1132,542,212,628,220
854,130,137,914,236
1258,192,146,1179,304
1178,17,0,1,0
746,246,124,422,200
481,126,61,168,64
1060,638,310,1123,538
520,0,0,0,0
716,352,188,794,338
865,12,0,0,0
525,252,152,426,151
1025,312,146,538,183
710,67,52,386,88
519,1,0,0,0
757,11,0,0,0
588,6,2,8,1
687,242,136,426,172
780,423,231,868,323
1006,407,148,485,179
930,398,194,727,286
766,8,0,0,0
1098,2,0,0,0
816,136,109,884,230
822,9,0,0,1
870,286,158,518,195
1052,717,278,583,414
896,336,185,768,303
922,491,270,962,385
952,306,180,608,228
1649,820,402,1344,584
354,2,0,0,0
956,542,340,1207,541
650,97,83,678,128
746,6,0,0,0
1398,632,318,992,358
1712,1112,618,2178,954
1225,794,362,565,382
772,256,170,652,244
1179,514,276,852,357
952,138,104,711,143
878,358,144,476,172
916,4,0,0,0
417,2,0,0,0
1168,901,444,767,543
918,398,187,636,236
658,9,0,0,0
1009,398,194,693,264
1262,678,374,1240,610
711,294,152,442,149
824,14,0,0,0
764,298,133,380,150
535,236,96,324,154
785,379,192,552,199
1359,18,1,0,0
755,402,156,590,218
952,11,0,0,0
1012,438,178,424,168
881,169,128,1091,235
728,374,212,462,212
649,410,228,705,315
656,124,62,167,72
924,216,134,1428,344
876,9,0,0,0
856,441,197,654,280
860,12,0,0,0
584,11,0,0,0
504,1,0,0,0
1026,632,314,1029,464
816,12,0,0,0
428,2,0,0,0
1040,21,0,0,0
917,418,205,748,312
1023,563,244,585,398
1388,842,450,1488,665
1064,424,168,529,206
745,177,153,1259,321
247,3,0,0,0
483,286,150,584,254
776,516,270,950,368
738,268,161,591,213
310,3,0,0,0
819,375,194,568,198
779,241,125,670,224
1104,392,209,678,264
992,485,220,626,223
772,8,1,0,0
1150,1015,462,842,676
284,11,0,0,0
1001,555,193,330,205
868,668,287,826,554
948,152,148,1104,330
600,4,0,0,0
1492,1414,592,917,616
882,486,264,1075,428
693,276,138,438,170
650,1,0,0,0
1264,1007,389,937,624
440,10,0,0,0
1125,616,308,963,378
1011,590,346,1064,529
911,570,320,1116,539
430,6,0,0,0
662,10,0,0,0
808,322,174,653,264
694,15,0,0,0
482,95,80,586,120
1133,684,301,413,323
1322,736,398,1328,638
809,12,0,0,0
676,336,206,629,248
623,316,131,426,155
874,530,226,466,266
663,259,119,402,150
1174,692,367,1162,473
849,428,191,713,287
388,3,0,0,0
924,8,0,0,0
849,16,0,0,0
537,236,114,412,188
1117,594,275,773,300
1050,564,246,883,369
821,302,136,398,180
992,14,0,0,0
366,84,57,147,84
460,223,99,134,109
564,192,99,338,124
774,689,256,521,385
583,6,0,0,0
642,294,154,563,246
598,403,173,272,198
488,6,0,0,0
409,118,58,198,93
454,0,0,0,0
458,8,0,0,0
396,72,30,103,34
770,374,168,428,200
663,279,150,550,186
512,259,139,484,205
732,17,0,0,0
1444,21,0,1,0
990,848,356,640,450
304,57,43,362,117
2476,1062,482,2041,778
1063,742,318,460,299
1162,545,292,1105,464
588,380,230,747,368
3069,94,1,0,0
2931,1444,611,1885,744
774,148,111,751,229
455,46,54,442,89
451,4,0,1,0
1110,574,273,852,336
796,26,0,0,0
1992,32,2,2,0
545,6,0,0,0
1048,16,0,0,0
941,544,238,776,351
685,1,0,0,0
473,10,0,0,0
731,400,189,578,235
1023,8,0,0,0
938,11,0,0,0
1772,896,492,1594,650
2286,39,0,0,0
2646,1754,715,1362,811
346,4,0,0,0
1072,6,0,0,0
1149,395,221,807,302
2218,2014,815,1414,1013
1030,542,296,1042,396
1706,6,0,0,0
1882,1305,556,882,613
669,354,178,550,248
744,400,194,513,205
748,239,114,407,140
623,2,0,0,0
637,10,0,0,0
1064,962,517,800,666
537,6,0,0,0
676,4,0,0,0
1624,932,398,698,465
1590,728,320,1100,420
456,45,37,243,53
782,342,150,470,161
364,183,95,262,138
568,202,100,326,140
110,2,0,0,0
1000,552,325,1225,584
670,6,0,0,0
514,75,42,155,57
785,332,165,514,202
1090,815,367,698,555
640,250,128,360,157
678,110,97,627,159
2028,265,238,1850,464
870,282,124,338,172
471,83,73,633,158
808,422,230,809,391
504,6,0,0,0
708,132,117,738,184
1454,17,0,1,0
598,6,0,0,0
792,416,178,494,196
802,13,0,0,0
699,402,152,487,166
810,120,116,1209,264
1820,1088,443,746,490
893,446,205,614,248
555,5,0,0,0
2652,2223,849,1452,958
2636,2155,912,1519,1044
768,9,0,0,0
890,2,0,0,0
610,345,170,289,181
906,750,412,677,560
2105,5,0,0,0
579,165,82,284,100
636,10,0,0,0
602,10,0,0,0
829,8,0,0,0
728,270,186,708,262
1005,697,340,435,335
1699,27,1,0,0
894,17,0,0,0
959,530,207,317,176
885,21,0,0,0
690,307,180,653,222
734,125,103,792,208
1938,746,306,921,346
1498,26,2,1,0
1010,728,292,497,284
786,11,1,0,0
1486,899,388,1214,570
912,506,298,1117,512
501,123,62,246,108
1150,582,280,846,400
1855,1255,531,979,766
2462,2091,995,1752,1295
980,19,0,1,0
836,407,194,735,308
986,387,186,620,230
1130,878,334,639,462
801,406,164,248,158
1189,10,0,0,0
2181,1123,476,1664,580
826,14,0,0,0
1177,970,451,756,482
1388,25,1,1,0
911,10,0,0,0
830,4,0,0,0
906,14,0,0,0
845,473,142,497,255
996,507,284,1064,474
746,21,0,0,0
852,19,0,0,0
1065,813,357,749,531
710,130,129,925,257
721,102,93,679,205
1270,612,264,385,262
1153,640,325,1010,462
1212,27,1,0,0
783,11,0,0,0
824,165,117,944,204
779,368,171,498,214
1602,1207,510,985,775
910,498,269,546,372
984,264,160,692,226
1226,8,0,0,0
902,13,0,0,0
1343,212,160,1448,306
1492,237,210,1496,345
1114,165,141,1058,236
1088,627,326,510,310
1519,822,436,1378,571
822,284,166,484,221
814,98,82,669,142
1138,31,0,0,0
1246,886,357,750,514
766,171,95,974,222
756,86,80,674,168
898,143,108,860,163
708,292,130,233,174
1127,120,95,623,181
1250,27,0,0,0
1112,30,0,0,0
1004,4,0,2,0
788,6,0,0,0
1128,482,236,674,265
589,6,0,0,0
1163,7,0,0,0
352,6,0,0,0
676,108,85,789,187
970,463,180,248,264
978,16,0,0,0
1128,574,302,1066,531
1458,1134,506,949,741
947,406,221,672,232
436,46,73,481,95
1170,496,246,760,311
252,50,42,239,59
683,192,78,265,100
670,295,142,471,214
960,31,0,0,0
1261,4,0,0,0
642,4,0,0,0
1054,117,108,728,131
732,25,0,0,0
836,353,131,285,171
1232,129,113,741,156
822,186,109,943,204
750,12,0,0,0
88,134,14,84,13
640,98,94,677,158
1433,22,0,0,0
837,308,126,392,142
1783,1704,783,1205,1037
905,821,402,676,474
1092,706,416,1312,624
774,382,202,624,342
698,102,104,1086,377
818,162,123,936,195
753,6,0,0,0
1334,251,263,1712,446
704,0,0,0,0
1121,681,315,901,449
818,94,108,624,145
962,565,312,1042,497
1168,4,0,0,0
1516,950,470,841,672
682,314,146,534,214
1108,214,166,1268,293
959,168,128,958,250
1357,739,374,1136,509
1014,379,182,493,174
696,10,0,0,0
131,2,0,0,0
1056,177,136,1136,262
961,345,156,478,214
1006,23,0,0,0
766,2,0,0,0
1468,18,0,0,0
1314,745,269,431,251
923,2,0,0,0
586,6,0,0,0
1107,830,349,545,388
1216,20,0,0,0
889,228,104,342,148
1428,659,378,696,541
608,10,0,0,0
981,452,260,807,338
955,8,0,0,0
1098,923,427,773,575
1162,5,0,2,0
632,47,46,316,56
1670,1075,412,757,478
1328,900,375,744,380
1074,33,0,0,0
990,705,454,755,483
622,45,52,350,75
1220,16,0,0,0
862,14,0,0,0
1295,160,120,813,185
824,118,109,1022,267
1298,651,255,392,267
576,16,0,0,0
736,290,178,672,314
1082,22,2,0,0
1577,1380,571,990,856
1114,18,0,0,0
1203,683,382,631,497
958,26,0,0,0
912,33,0,0,0
1650,1285,599,1060,832
897,247,301,605,395
694,289,151,500,220
804,105,104,818,206
666,135,129,827,189
826,20,0,0,0
839,258,124,434,184
1045,522,290,998,318
728,15,0,0,0
1447,727,462,1729,734
966,19,0,0,0
1065,566,277,1012,497
880,14,2,0,0
873,318,145,473,196
1004,817,371,666,469
1164,711,374,1304,588
1436,568,224,696,276
986,309,123,371,141
156,2,0,0,0
1137,558,250,672,266
534,323,118,275,140
962,391,172,512,218
1026,388,193,564,254
1318,599,272,820,318
818,3,0,0,0
1152,139,122,1082,298
1024,902,340,635,335
1598,1099,455,764,519
1524,1309,671,1073,854
1134,537,188,271,215
705,382,184,692,318
1177,721,396,1374,594
1075,148,120,729,135
1424,578,248,815,374
1519,728,320,1020,386
646,14,0,0,0
607,8,0,0,0
1184,176,127,1195,308
944,2,0,0,0
640,1,0,0,0
1430,1165,482,949,759
1072,149,143,903,202
1024,440,212,766,252
626,14,0,0,0
946,10,1,0,0
627,459,204,262,175
1040,495,260,911,427
467,0,0,0,0
942,298,151,651,252
1062,614,305,868,557
1143,703,280,640,420
1049,382,199,700,355
1217,630,281,842,322
586,6,0,0,0
1198,454,226,827,282
1256,24,0,0,0
938,25,0,0,0
1052,803,366,464,361
1066,195,161,1324,348
810,3,1,0,0
982,16,0,0,0
804,16,1,0,0
838,2,0,0,0
420,12,0,0,0
1370,206,153,1244,291
1190,878,408,719,512
501,3,0,0,0
875,10,0,0,0
1124,384,196,606,273
668,3,0,0,0
1622,39,1,0,0
746,102,86,589,99
818,456,181,320,212
668,77,94,852,189
719,657,266,388,279
972,916,482,792,604
776,62,47,302,66
812,285,138,446,192
658,1,0,0,0
1270,570,295,1113,519
1920,1146,514,790,565
920,10,0,0,0
978,14,0,0,0
758,264,180,652,249
538,63,51,411,109
1102,854,423,705,564
1310,584,268,816,360
3144,2204,1079,1868,1307
1331,277,279,2342,604
568,9,1,0,0
1046,1076,551,959,794
1100,944,383,525,385
864,613,252,802,318
638,439,192,696,276
883,599,318,927,464
304,2,0,0,0
426,2,0,0,0
1575,642,369,1216,466
868,3,0,0,0
970,288,144,499,224
1379,820,396,1190,498
794,192,99,324,102
3894,1974,944,3494,1418
1955,46,0,1,0
1083,12,0,0,0
1050,696,358,1074,490
872,364,193,470,222
976,192,137,1098,293
863,528,249,796,315
932,15,0,0,0
754,138,113,902,219
1200,975,436,884,642
1181,444,216,641,265
893,10,0,0,0
586,2,0,0,0
2722,1458,761,2380,1021
1160,562,278,1008,353
1258,21,1,0,0
1768,319,339,2906,837
1054,14,0,1,0
923,508,286,892,370
512,86,68,513,133
565,8,0,0,0
968,207,198,1702,339
1196,1108,445,674,468
779,344,160,536,192
986,384,194,628,271
2002,1504,624,1164,488
1003,186,155,1236,293
1287,194,174,1406,343
1818,1343,803,1353,1472
2148,1208,684,2468,955
1840,35,0,0,0
2139,1361,629,1010,710
1032,770,338,972,554
934,24,0,1,0
966,201,154,1394,277
1025,539,288,860,327
1482,236,167,1545,368
757,283,128,226,153
633,10,0,1,0
1247,218,183,1646,469
1065,8,0,0,0
1141,474,210,588,220
1120,210,157,1183,286
2600,81,1,1,0
1286,236,200,1471,386
2782,1806,854,2686,1070
789,503,221,854,376
601,3,0,0,0
1299,876,463,1530,664
1246,702,357,1449,607
701,13,0,0,0
1274,1064,522,750,541
587,5,1,0,0
1310,26,1,0,0
580,300,165,530,194
1149,513,251,721,290
797,5,0,0,0
1150,561,321,910,387
1065,530,268,792,366
1302,18,0,0,0
1590,901,490,711,494
788,3,0,0,0
785,8,0,0,0
1865,247,236,1718,339
1112,702,352,1212,462
1091,16,1,0,0
683,270,142,405,130
1200,832,438,1680,702
779,478,243,668,262
1232,878,412,1270,557
629,13,0,0,0
926,14,0,0,0
1174,763,335,693,494
1257,406,171,479,200
586,314,129,344,171
1390,237,168,1273,245
1431,846,478,1627,667
1585,22,0,0,0
1028,681,342,1186,514
906,8,0,0,0
1124,18,2,2,0
807,409,270,960,415
358,0,0,0,0
714,2,0,0,0
480,4,0,0,0
600,73,59,579,105
1016,130,143,1038,313
890,127,122,918,230
1669,779,424,1373,666
1041,445,214,650,238
1252,4,0,0,0
2040,2119,1057,2096,1503
1854,1484,541,973,525
502,3,1,0,0
973,262,219,1532,322
1090,1110,492,726,551
1018,30,0,1,0
963,21,1,0,0
1342,1143,478,746,445
1028,684,365,962,484
614,21,0,0,0
968,8,0,0,0
847,22,0,0,0
867,426,205,726,314
1370,25,0,0,0
1916,1715,735,1251,805
1732,420,204,284,177
1367,20,1,0,0
1172,3,0,0,0
1278,1002,408,803,499
817,16,0,0,0
904,7,0,0,0
1273,982,533,1871,861
850,576,290,747,320
703,10,0,0,0
948,27,0,0,0
862,354,203,1188,418
866,9,0,0,0
1067,421,202,698,302
983,442,198,564,212
979,21,1,0,0
1095,14,0,0,0
1034,11,0,0,0
891,1,0,0,0
1098,6,0,0,0
807,9,0,0,0
741,22,0,0,0
820,500,268,944,433
859,455,296,1446,518
872,228,201,1751,396
849,218,253,1685,505
1917,1749,707,1162,671
566,3,0,0,0
752,246,156,869,272
623,302,142,265,166
378,3,0,0,0
715,275,126,397,133
1431,135,145,1090,303
935,412,174,615,234
1093,383,197,618,243
1721,1031,506,813,591
1397,1253,586,1045,786
1166,410,240,1118,414
915,18,0,0,0
1658,1464,717,1250,986
1025,22,0,0,0
1142,13,1,0,0
1022,18,0,0,0
1245,818,340,1066,350
1065,466,208,688,265
916,14,0,0,0
671,6,0,0,0
689,189,108,834,168
1021,613,229,507,323
554,252,130,384,153
1183,414,210,670,310
896,23,0,0,0
944,14,0,1,0
467,37,34,204,43
1308,200,194,1246,293
1340,614,311,984,408
1127,13,0,0,0
1206,844,412,1450,656
665,10,1,0,0
1049,14,0,0,0
830,486,274,980,470
1006,1106,499,722,582
1218,598,304,1104,381
922,131,114,988,237
1250,494,210,600,218
739,11,0,0,0
742,85,110,605,162
2142,1307,493,865,601
1458,723,396,1376,517
1409,228,219,1878,494
1840,32,1,0,0
1000,965,406,564,394
1416,986,550,1882,767
1002,843,315,440,275
967,231,296,2492,833
580,392,212,744,609
1038,12,0,0,0
1168,219,189,1651,431
686,534,214,334,217
835,4,1,0,0
1062,585,296,804,292
663,8,0,0,0
850,8,0,0,0
830,544,254,481,300
745,2,0,0,0
714,92,66,544,118
894,451,206,308,226
589,259,132,368,202
2245,37,0,0,0
1434,35,1,0,0
1570,776,396,1534,620
1112,18,1,1,0
708,6,1,0,0
1004,191,150,1122,261
788,11,0,2,0
841,138,118,951,200
729,182,116,959,222
1509,41,0,0,0
2054,408,298,2657,677
594,4,0,0,0
931,316,225,1103,408
940,214,87,321,149
1079,601,305,984,416
947,18,0,0,0
2040,1950,811,1569,980
1182,192,161,1405,297
850,126,114,798,195
709,11,0,0,0
1022,514,250,730,266
952,12,1,4,1
1124,613,370,1431,566
872,478,260,1034,405
899,12,0,0,0
833,16,0,0,0
610,8,0,0,0
882,11,0,0,0
1202,744,357,529,420
1882,12,0,0,0
1280,7,0,0,0
1426,759,328,1186,468
2596,1902,1020,3754,1624
1406,404,152,233,153
1166,701,409,1476,603
980,6,0,0,0
904,196,171,1231,302
796,396,150,540,176
722,12,1,0,0
992,620,290,850,325
1025,680,380,1438,624
822,4,0,0,0
1176,692,344,1110,428
699,8,0,0,0
570,350,162,432,172
884,582,270,750,294
1046,732,330,1224,511
811,445,192,576,212
648,2,1,0,0
946,484,262,794,316
578,6,0,0,0
898,640,280,1134,464
848,18,0,1,0
1278,992,389,930,526
1013,7,0,0,0
985,13,0,0,0
1464,1114,495,788,557
916,518,270,803,374
1236,636,355,1038,472
544,5,0,0,0
556,260,160,548,220
828,690,335,1062,554
647,474,326,1324,758
991,639,313,965,396
765,9,0,0,0
450,4,0,0,0
697,12,0,0,0
689,10,0,0,0
989,610,250,770,309
576,6,0,0,0
881,588,327,1118,496
976,593,280,838,357
642,23,2,0,0
762,17,1,2,0
1155,700,358,1116,416
984,510,263,1021,376
572,348,174,596,268
1314,1161,504,946,652
865,658,300,927,323
506,6,0,0,0
1133,502,241,685,252
1149,16,0,0,0
460,9,0,0,0
852,12,1,0,0
768,8,0,0,0
655,15,1,0,0
749,26,0,0,0
558,447,155,335,210
821,14,0,0,0
829,18,0,0,0
618,1,0,0,0
931,12,0,1,0
845,396,170,603,268
754,400,175,562,222
483,5,0,0,0
946,7,0,0,0
1186,19,0,1,0
1177,581,296,749,306
628,8,0,0,0
752,11,0,0,0
558,326,193,624,236
696,495,282,672,326
885,814,411,1226,678
331,1,0,0,0
750,152,104,721,173
1054,18,1,0,0
684,6,0,0,0
915,548,266,903,388
882,651,360,1172,570
980,204,188,1356,318
826,400,211,694,286
988,610,295,1049,460
920,610,264,772,317
1021,552,320,1062,498
887,347,198,700,233
722,24,0,0,0
714,3,0,0,0
1667,916,418,1340,519
1733,1020,485,1316,584
431,5,0,0,0
727,155,115,997,260
956,14,1,0,0
960,730,392,1394,672
660,389,174,570,242
766,513,224,680,222
648,8,0,0,0
800,8,0,0,0
545,12,0,0,0
1132,718,336,1034,386
742,10,0,0,0
897,14,0,0,0
1014,540,281,972,371
856,564,266,792,276
1442,846,534,1592,764
618,290,147,431,151
694,12,0,1,0
784,424,204,542,204
995,9,0,0,0
953,444,232,864,332
4168,2422,1222,3818,1740
442,11,0,0,0
704,364,196,813,348
868,371,173,568,214
798,669,335,640,520
998,700,382,1094,494
654,8,0,0,0
1098,14,0,0,0
1482,18,1,0,0
858,14,0,0,0
1787,1202,653,1946,970
1166,10,0,0,0
643,378,206,596,260
1916,17,0,0,0
730,10,0,0,0
764,450,268,870,440
713,661,284,553,434
1062,696,340,1150,548
610,14,0,0,0
1098,539,278,916,398
756,479,260,1008,504
874,616,354,1272,488
760,384,256,1560,766
2440,1828,990,3628,1638
936,596,298,1016,419
2838,1822,888,2567,1189
1676,1318,725,2174,1047
603,330,161,488,158
924,847,487,1390,616
503,3,0,0,0
709,17,0,0,0
724,20,0,0,0
744,10,0,0,0
706,170,148,844,181
813,6,0,0,0
780,10,0,0,0
708,22,1,1,0
988,639,356,1248,506
818,184,150,993,199
1431,776,323,940,322
1006,610,317,914,410
1983,1230,724,2442,1022
1350,876,438,1592,542
1454,1208,572,1534,778
460,8,0,0,0
963,335,138,490,146
1441,856,422,1322,590
996,504,241,750,324
1037,696,307,996,402
1020,679,370,1478,625
1016,684,382,1157,484
718,4,0,1,0
934,18,0,0,0
628,460,242,720,356
803,12,0,0,0
794,10,0,0,0
1517,1078,520,1996,905
582,2,1,1,0
972,11,1,0,0
2604,1542,925,3194,1424
1220,256,212,1700,448
1589,10,1,0,1
1208,886,364,765,407
863,558,356,1460,604
851,496,247,693,288
801,10,0,0,0
962,552,248,760,289
786,58,22,88,27
840,11,0,0,0
674,174,102,1171,293
906,535,268,999,440
902,492,278,934,301
380,114,85,463,116
805,151,131,883,206
418,8,0,0,0
535,160,123,688,232
2460,1360,659,2177,892
1202,24,0,0,0
748,434,174,622,210
579,105,59,278,153
1698,865,465,1457,589
1067,906,490,1838,877
822,6,0,0,0
1215,738,374,1138,474
908,542,296,1082,451
967,206,158,1304,250
819,131,101,721,144
920,730,338,1454,567
953,580,234,670,256
1107,804,466,1527,765
1022,667,362,1283,482
1028,602,296,948,396
1514,884,458,1389,534
1476,943,531,1541,640
1565,983,473,1430,610
653,9,0,0,0
894,12,0,0,0
1168,642,330,958,390
835,16,1,0,0
943,643,370,1266,600
1098,682,322,1062,438
954,746,386,1333,612
840,575,276,860,385
760,574,268,457,363
945,590,296,1008,405
940,660,318,1087,443
796,83,115,840,191
734,7,0,0,0
923,608,342,1169,550
993,810,340,883,374
777,24,0,0,0
1120,942,426,1302,600
1672,988,404,1032,434
846,694,387,1455,628
1272,716,388,1292,514
850,695,360,1048,559
1046,576,292,1074,358
1571,11,0,1,0
1016,18,0,0,0
1046,827,368,1188,524
678,20,0,0,1
976,464,290,911,345
847,522,239,692,293
665,2,0,0,0
1012,192,170,1370,345
666,8,0,0,0
834,10,0,0,0
1540,24,1,0,0
1528,1190,624,2249,998
631,406,193,613,224
1490,797,360,1078,434
912,12,0,0,0
915,157,134,1069,230
804,6,0,0,0
1008,598,294,901,350
604,6,0,0,0
596,4,0,1,0
540,9,0,0,0
535,377,216,769,351
907,578,290,1048,398
820,546,275,475,321
979,609,282,870,328
684,9,1,0,0
838,498,370,1417,786
1186,10,0,0,0
468,260,123,449,130
810,656,282,734,495
612,14,0,0,0
788,3,0,0,0
765,460,227,766,308
386,1,0,0,0
805,546,285,936,377
975,657,307,1068,405
382,143,82,510,142
482,177,105,827,248
556,11,1,0,0
521,14,0,0,0
755,12,0,2,0
387,273,152,533,230
846,276,142,838,209
514,306,168,518,251
409,14,0,0,0
284,174,84,308,118
296,260,114,317,165
678,12,0,0,0
854,19,1,0,0
490,18,0,0,0
389,138,70,214,81
371,202,76,270,109
104,14,11,60,12
602,428,236,751,329
397,394,198,594,269
569,340,194,659,270
414,276,138,478,176
526,7,0,0,0
522,284,164,582,252
437,7,1,0,0
502,365,210,658,264
481,140,85,961,206
858,769,458,1640,712
888,14,1,0,0
667,8,0,0,0
580,550,255,541,376
514,300,163,614,260
822,466,269,746,358
350,156,87,284,135
456,280,146,450,182
637,374,178,598,246
306,120,106,1015,290
840,594,326,968,378
602,320,166,504,206
928,580,336,1006,445
842,618,280,962,411
484,4,0,0,0
558,717,248,449,293
540,294,148,458,187
484,5,0,0,0
496,6,0,0,0
810,632,322,840,450
370,4,0,0,0
330,112,54,186,68
339,180,110,340,170
751,965,407,706,447
332,4,0,0,0
474,8,0,0,0
788,476,217,582,224
592,424,253,798,366
530,10,0,0,0
391,112,90,737,193
332,200,126,121,147
410,8,1,0,0
523,342,151,596,200
190,4,0,0,0
1340,1044,618,2181,1001
374,265,132,356,146
915,632,337,954,484
347,160,84,260,98
626,405,207,678,334
1218,702,310,840,376
477,324,180,564,234
776,7,0,0,0
610,160,92,560,133
692,155,124,966,200
388,5,0,0,0
1356,133,122,905,148
464,206,92,339,140
492,242,116,397,155
542,14,0,0,0
839,590,286,942,364
494,106,84,639,182
310,2,0,0,0
447,8,0,0,0
356,8,0,0,0
412,292,156,470,218
488,16,0,0,0
436,240,137,456,196
456,157,80,582,133
1234,243,206,2054,575
740,499,242,920,342
611,500,242,820,380
732,8,1,0,0
526,8,0,0,0
520,4,0,0,0
799,686,362,1484,638
597,175,126,857,207
1089,638,291,996,381
744,23,1,1,0
864,730,343,1150,552
710,493,269,804,368
463,282,173,503,207
567,488,226,652,276
454,598,245,427,285
509,356,160,550,236
414,4,0,0,0
735,576,298,873,388
394,200,90,256,102
957,14,1,0,0
340,532,264,439,361
705,385,189,624,252
528,282,148,588,223
838,454,215,720,254
627,10,0,0,0
614,456,232,688,276
723,10,0,0,0
528,374,181,497,220
310,188,94,284,130
404,5,0,0,0
819,498,276,904,440
390,262,172,509,248
499,344,136,496,236
348,70,60,508,122
595,6,0,0,0
754,613,294,906,445
770,372,222,857,303
655,12,0,2,0
553,6,0,0,0
633,486,230,750,348
614,368,223,750,324
526,8,1,0,0
345,2,0,0,0
667,461,224,680,246
668,912,393,687,519
360,95,54,396,90
753,466,244,879,404
598,8,1,0,0
612,375,174,588,226
1638,2013,880,1546,999
468,347,193,632,284
286,135,74,206,81
412,6,0,0,0
504,10,0,0,0
529,323,139,474,169
1240,753,366,1020,454
480,8,0,0,0
402,13,0,0,0
576,304,138,374,169
565,11,1,2,0
511,8,1,0,0
514,458,234,786,346
595,514,230,860,368
1176,25,0,0,0
769,586,327,1098,420
602,393,231,832,372
403,4,0,0,0
493,302,138,436,169
338,1,0,0,0
563,326,186,660,307
909,643,394,1438,654
546,125,117,878,239
289,3,0,0,0
710,16,0,0,0
348,4,0,0,0
700,511,271,996,420
403,4,0,1,0
646,8,0,0,0
615,541,350,1271,611
702,14,0,0,0
539,234,138,566,190
550,359,174,628,230
485,5,0,0,0
237,178,98,338,184
980,495,254,736,276
993,12,0,0,0
846,1141,491,895,593
377,202,106,364,148
470,4,0,0,0
742,509,258,770,320
802,627,308,922,441
628,540,284,794,347
848,618,319,996,415
1074,778,346,1122,386
896,462,246,812,316
416,58,36,162,93
330,4,0,0,0
666,430,178,628,245
289,160,82,254,106
697,653,339,996,560
225,1,0,0,0
497,8,0,0,0
475,8,1,0,0
452,3,0,0,0
562,5,0,0,0
509,460,265,585,376
738,624,326,1121,510
435,78,49,542,92
777,502,312,903,424
492,356,187,526,242
818,727,416,1174,605
738,143,156,1071,266
500,3,0,0,0
640,394,186,688,320
1072,6,0,0,0
530,355,188,650,268
1654,891,474,1574,612
668,5,0,0,0
290,204,126,334,182
430,457,222,638,355
352,227,124,416,192
856,8,0,0,0
748,15,0,0,0
562,8,0,0,0
366,8,0,0,0
731,654,303,991,433
380,248,139,415,144
627,5,0,0,0
720,10,0,0,0
618,15,1,0,0
850,12,0,0,0
587,317,170,562,208
794,597,284,933,414
664,454,218,557,205
620,450,232,722,308
580,10,0,1,0
791,10,0,0,0
309,4,0,0,0
546,364,185,599,278
642,280,122,381,138
784,512,240,733,254
868,1071,611,877,644
672,8,1,0,0
355,78,83,513,127
467,11,0,0,0
626,633,279,446,334
298,104,84,683,178
858,884,436,1470,612
1022,500,220,694,256
1814,2644,1288,2070,1621
760,12,0,0,0
399,5,0,0,0
641,10,0,0,0
524,8,0,0,0
324,182,95,406,129
371,1,0,0,0
928,626,272,874,339
594,346,192,781,303
356,244,116,376,144
205,2,0,0,0
1103,492,353,2657,668
1384,1690,655,1015,611
623,172,134,1131,274
979,18,0,1,0
344,236,126,470,169
679,474,252,858,404
496,14,0,0,0
608,494,312,966,364
744,482,261,972,442
798,518,258,788,316
420,6,0,0,0
1490,772,510,1947,749
234,1,0,0,0
211,2,0,0,0
390,6,0,0,0
736,560,246,394,236
378,7,0,0,0
297,9,0,0,0
668,514,220,842,323
609,178,146,1153,356
423,226,123,348,134
408,218,106,388,136
911,674,413,1337,616
784,432,196,628,199
431,76,58,604,166
423,440,166,297,203
328,5,0,0,0
384,4,0,0,0
289,69,38,126,34
472,396,239,886,421
400,14,0,0,0
565,362,153,497,183
528,312,152,510,226
342,5,0,0,0
1093,1217,491,790,554
525,6,0,0,0
766,488,264,1136,334
706,138,101,711,152
857,24,2,10,3
476,395,210,526,326
823,603,366,1086,470
878,628,287,893,382
388,228,143,368,215
708,124,110,806,202
690,450,254,900,362
723,6,0,0,0
426,269,134,402,176
504,244,140,495,146
662,8,0,0,0
865,514,288,850,302
554,246,165,720,252
476,70,68,483,203
522,7,0,0,0
790,15,0,0,0
1325,1026,578,1752,891
4302,2520,1166,3264,1231
975,529,256,860,295
645,368,178,694,228
988,1218,518,745,520
440,5,0,0,0
821,450,198,612,234
405,4,0,0,0
838,432,226,652,234
346,114,98,723,158
2107,1217,614,2218,886
480,10,1,0,0
1234,1337,510,870,575
1149,1108,532,1479,815
740,440,202,570,221
1042,1048,504,842,651
970,172,200,1616,360
1013,756,396,1473,569
488,6,0,0,0
529,8,1,0,0
740,336,162,559,157
504,2,1,0,0
504,132,159,928,328
468,218,112,382,151
461,11,0,0,0
694,119,104,757,162
213,4,0,0,0
184,68,41,291,60
910,522,245,585,250
986,656,316,920,358
589,523,280,928,483
432,172,94,302,114
1664,30,2,2,0
527,0,0,0,0
747,141,97,743,148
1752,757,374,1226,440
878,17,0,0,0
1206,27,0,0,0
630,436,255,853,322
762,9,0,0,1
529,9,0,0,0
652,480,218,666,280
744,531,266,819,347
488,574,213,422,308
512,9,0,0,0
742,922,347,676,425
453,167,124,832,196
679,370,194,735,300
377,262,136,608,220
3409,2342,977,2080,1248
549,265,126,476,192
1121,606,318,1122,422
593,14,0,1,0
704,566,268,376,297
791,552,280,904,396
448,5,0,0,0
517,178,114,570,174
1042,1258,559,1044,712
652,445,280,926,387
650,538,278,856,362
879,10,1,0,0
1033,722,400,1304,630
416,5,0,0,0
420,241,116,454,171
602,135,111,941,225
1673,960,446,1288,514
764,12,0,0,0
1502,1715,680,1023,655
687,8,0,0,0
290,221,94,290,120
602,411,204,616,262
626,406,222,629,284
663,11,0,0,0
896,508,260,850,328
571,14,0,0,0
712,416,230,856,326
756,624,240,374,267
775,574,306,910,434
735,16,0,0,0
1027,1367,538,1188,749
470,314,195,602,274
389,4,0,0,0
1962,1267,611,1772,684
952,586,346,1228,581
922,781,360,639,412
765,602,264,523,336
668,9,1,0,0
524,285,119,372,152
440,6,0,0,0
651,1,0,1,0
674,10,0,0,0
729,7,0,0,0
600,7,1,0,0
520,370,176,456,242
612,518,308,800,440
419,280,166,618,234
784,811,339,588,470
335,1,0,0,0
1018,219,160,1421,352
610,23,0,0,1
910,534,248,708,285
352,4,0,0,0
694,318,160,516,220
880,534,277,929,350
720,20,1,0,0
581,352,178,542,216
823,846,384,603,394
894,746,387,1060,514
1240,878,384,1198,442
916,672,392,1306,613
621,830,428,619,514
507,314,177,598,182
715,10,0,0,0
1087,662,349,1168,460
476,8,0,0,0
496,8,0,0,0
1294,930,490,1770,676
1028,645,276,824,332
571,380,168,522,192
1022,698,357,1515,683
753,510,258,768,318
332,221,114,392,161
812,221,230,1593,395
1264,3,0,0,0
434,4,0,0,0
741,17,0,0,0
696,376,216,612,269
637,8,0,1,0
982,723,332,998,384
769,7,0,0,0
709,446,196,638,278
832,8,0,0,0
860,578,260,910,352
745,20,0,0,0
860,14,0,0,0
590,386,231,716,316
645,9,0,0,0
505,218,97,606,178
470,6,0,0,0
656,362,248,928,298
887,472,235,711,240
372,168,68,173,77
958,493,278,990,399
1030,725,334,916,433
1509,1264,577,1546,676
522,390,217,738,294
524,718,353,536,467
632,10,0,0,0
1410,974,458,1606,602
1169,25,0,0,0
913,26,0,1,0
542,534,216,369,192
928,784,424,1320,672
566,508,243,799,371
938,12,1,2,0
816,392,217,642,238
707,454,238,874,367
938,897,301,686,465
615,408,184,536,176
752,450,233,765,345
888,308,114,248,151
718,8,1,1,0
282,4,0,0,0
722,658,413,1120,582
743,930,439,890,707
788,226,191,1482,312
1238,914,438,1406,524
1120,1001,485,1656,780
798,586,266,738,256
650,574,277,411,270
1041,1105,522,949,647
614,518,238,726,388
710,428,218,677,264
716,8,1,0,0
264,6,0,0,0
630,601,369,1004,514
758,7,0,2,0
234,83,65,507,140
559,9,0,0,0
784,13,1,1,0
887,9,0,1,0
1124,832,441,1406,637
692,149,116,1013,190
1071,570,277,894,322
572,3,0,0,0
736,840,405,623,448
684,9,1,0,0
705,373,172,504,210
839,487,224,852,300
848,514,284,1002,413
1276,4,0,0,0
1868,936,446,1356,497
673,441,209,612,250
330,5,0,0,0
1018,27,1,0,0
1214,36,0,1,0
946,685,344,1014,435
1022,1090,403,696,428
439,6,1,0,0
1212,1244,590,994,724
880,481,253,795,252
440,106,96,654,146
674,193,158,1254,293
403,6,0,0,0
754,19,0,0,0
706,508,202,504,217
810,15,0,1,0
658,448,244,814,352
562,433,194,602,234
409,247,136,466,186
559,6,0,0,0
571,822,348,681,602
640,434,247,941,398
243,6,0,1,0
288,64,50,411,108
648,646,339,934,536
706,510,249,770,304
318,2,0,0,0
878,19,1,0,0
604,125,136,1057,290
675,114,107,672,166
1015,602,366,1144,419
672,668,355,591,473
781,14,1,0,0
538,325,192,624,286
488,11,0,0,0
238,3,0,0,0
418,6,0,0,0
367,6,0,0,0
897,502,264,728,288
241,76,56,459,226
501,504,258,390,252
492,10,0,0,0
1035,1106,471,819,485
1420,699,297,458,317
542,410,272,980,421
431,6,0,0,0
421,216,115,392,161
426,2,0,0,0
452,126,109,874,227
946,1150,516,1033,693
710,162,116,917,177
486,366,193,784,318
574,542,230,464,276
769,992,433,886,722
378,323,135,343,176
630,357,166,616,236
550,436,236,809,442
707,669,288,485,316
952,4,0,0,0
1488,1220,584,1886,774
321,0,0,0,0
965,620,309,854,412
727,853,343,694,376
349,15,0,0,0
411,105,76,598,119
677,338,180,566,194
411,220,108,350,150
685,518,232,650,234
546,3,0,0,0
282,152,74,238,98
446,308,152,274,190
718,428,230,844,336
468,319,138,509,232
532,438,203,282,200
786,1008,483,679,460
492,264,144,408,170
942,8,0,0,0
516,6,0,0,0
433,11,0,0,0
579,465,258,804,421
945,19,0,0,0
390,8,0,0,0
961,626,277,961,307
375,304,117,424,180
266,2,0,0,0
416,19,0,0,0
280,54,99,715,202
540,13,0,0,0
538,439,179,290,165
1854,1651,651,902,606
407,384,166,578,280
1338,267,196,1584,386
293,1,0,0,0
966,738,333,942,340
1318,299,300,2248,555
426,6,0,0,0
936,990,464,1008,804
365,244,116,414,163
448,8,0,0,0
586,612,319,507,377
436,364,167,462,210
529,6,0,0,0
819,466,268,894,366
598,610,284,461,394
722,835,265,496,305
370,99,111,711,190
720,145,150,1041,292
685,663,282,368,261
489,382,204,687,249
692,127,149,1279,369
464,284,134,444,162
586,491,237,341,266
564,488,199,342,225
350,4,0,0,0
290,4,0,0,0
376,5,0,0,0
348,7,0,0,0
742,730,280,651,365
1082,1318,626,1147,1013
506,454,195,307,254
748,576,283,966,384
372,4,0,0,0
520,10,0,0,0
239,4,0,0,0
851,489,216,652,265
339,0,0,0,0
688,589,229,380,267
410,328,146,293,170
406,2,0,0,0
687,520,233,782,320
662,577,298,938,386
884,1043,515,881,623
424,70,55,386,85
426,325,146,562,225
489,119,93,864,196
634,138,114,1156,245
438,84,80,584,119
864,987,440,785,519
383,9,0,0,0
604,416,178,644,254
737,938,471,687,455
746,518,280,1062,461
556,12,0,0,0
812,943,456,690,531
398,6,0,0,0
306,54,74,659,135
966,867,364,522,318
414,5,0,0,0
316,1,0,0,0
314,0,0,0,0
250,3,0,0,0
318,54,52,353,98
415,1,0,0,0
716,151,140,1017,229
533,10,0,0,0
191,56,53,355,79
452,56,54,393,90
2575,41,0,0,0
852,216,202,1379,292
1098,701,382,1111,439
1342,27,0,0,0
1302,530,256,706,398
744,16,2,0,0
994,760,340,1220,535
1386,36,0,0,0
943,648,287,908,381
810,227,206,1643,417
804,1007,509,889,671
1122,957,433,735,512
830,842,422,1107,564
798,18,0,0,0
812,488,270,833,318
797,14,1,2,0
415,5,0,0,0
689,173,136,1033,244
1097,14,4,2,0
1214,5,0,0,0
916,13,0,0,0
558,653,340,742,809
954,1276,507,949,609
721,13,0,0,0
547,495,251,452,381
568,482,250,744,332
1060,22,0,0,0
1340,20,0,0,0
1485,834,434,1216,428
1038,1001,466,858,535
1146,29,0,0,0
1091,850,424,1084,576
248,5,0,0,0
560,12,0,0,0
726,550,254,894,367
1042,29,0,0,0
1298,1680,762,1264,899
409,378,161,244,201
564,141,126,991,227
488,4,0,0,0
650,176,135,1011,217
1376,38,0,0,0
796,28,0,0,0
818,6,0,0,0
1020,48,0,0,0
1762,1362,712,2472,1032
877,220,154,1189,260
532,409,216,580,310
518,567,301,632,433
1772,36,1,0,0
689,14,0,1,0
478,4,0,0,0
362,6,1,0,0
734,748,333,594,403
668,13,0,0,0
1571,1162,584,1858,824
1212,1132,450,931,437
1131,253,189,1818,491
662,3,0,0,0
772,569,298,830,323
1380,824,438,1350,528
888,608,308,1174,442
566,11,0,0,0
483,11,0,0,0
678,428,204,678,282
946,865,399,739,437
1150,37,2,0,0
1063,32,0,1,0
1103,14,0,0,0
1130,30,0,0,0
659,10,1,2,1
463,129,130,1011,298
818,767,325,752,411
790,404,217,940,348
1140,19,0,0,0
2438,2435,1078,1825,1209
1188,1516,693,1504,1158
1044,18,1,0,0
3158,3132,1454,2939,1924
1184,954,491,1706,790
595,434,217,706,286
1212,1132,490,1366,533
522,11,0,1,0
846,10,0,0,0
1125,1118,592,2145,1031
1386,319,295,2386,608
749,493,230,674,310
788,189,126,883,153
890,497,236,720,258
743,728,396,1274,536
615,108,56,230,124
910,16,0,0,0
868,948,381,786,540
1193,21,0,0,0
1218,954,465,610,496
534,393,200,557,296
1438,236,103,613,85
3047,1718,834,2623,978
2554,2359,991,1691,1099
1313,1162,564,1774,724
456,8,0,0,0
505,5,0,0,0
1128,806,422,1412,520
822,748,387,1334,623
957,438,266,1156,356
712,416,170,604,270
644,478,170,922,270
2068,2172,970,1875,1394
614,9,0,0,0
805,579,328,876,374
994,56,49,578,148
904,1128,581,680,485
823,16,0,1,0
549,10,1,0,0
1316,11,0,2,0
304,1,0,0,0
448,4,0,0,0
829,78,63,102,84
908,208,184,1477,317
751,4,1,0,0
1378,742,374,1176,412
634,153,131,902,194
786,6,0,0,0
1187,26,0,0,0
746,16,0,0,0
580,150,115,1108,278
962,20,0,1,0
734,465,258,898,365
1169,986,456,1284,485
882,935,435,740,476
1236,814,440,1417,572
986,207,219,1682,409
1252,30,0,0,0
1314,1371,615,886,637
472,238,162,488,196
349,70,68,373,84
3600,3335,1528,2695,2098
1821,952,407,1136,472
2071,2240,1110,3832,1794
1490,46,1,0,0
952,9,1,0,0
846,566,276,773,362
1012,916,508,1624,836
560,10,0,0,0
1548,22,1,0,0
654,422,210,683,252
550,382,200,702,302
383,201,81,264,118
734,668,358,976,538
435,258,140,367,137
745,725,299,586,316
1476,1042,442,1168,450
502,41,46,254,64
734,592,265,716,354
646,652,305,605,530
840,723,399,1529,700
786,624,334,1178,562
749,466,278,800,327
1372,1461,594,1380,995
828,456,205,677,248
468,2,0,0,0
629,508,261,839,412
974,682,372,1240,545
792,556,279,984,395
458,11,2,0,0
759,17,2,0,0
394,2,0,0,0
477,8,0,0,0
2360,38,0,1,0
1003,536,333,1550,527
1078,904,550,1818,750
1261,16,0,0,0
303,240,148,589,382
526,13,0,0,0
775,18,0,0,0
778,759,408,1258,599
780,427,240,752,269
572,8,0,0,0
903,736,370,1256,563
1360,1092,596,2052,893
764,778,371,654,464
652,402,188,811,344
1062,1072,564,1783,892
386,102,88,601,170
436,383,179,422,265
397,229,134,424,228
1153,346,203,1324,357
1050,16,0,0,0
1390,15,0,1,0
802,758,367,1224,618
1012,11,0,0,0
470,5,0,0,0
816,562,290,922,426
410,6,0,0,0
424,544,284,435,339
938,828,445,1358,570
809,366,186,766,244
715,436,214,676,218
605,10,1,0,0
250,4,0,0,0
543,11,0,0,0
1484,30,0,0,0
946,1125,450,1094,677
439,12,0,0,0
295,5,0,0,0
1029,13,0,0,0
2013,1470,628,2398,907
578,9,0,0,0
996,22,0,0,0
1008,472,290,1306,414
480,357,213,704,316
807,456,219,748,285
640,794,306,532,369
708,430,252,802,349
602,484,220,662,302
597,152,116,890,196
459,300,160,534,252
798,15,0,0,0
694,208,200,1416,372
354,214,104,405,158
828,164,154,1165,247
562,427,195,610,212
726,836,377,670,556
1081,17,0,0,0
1606,1186,550,2030,828
832,1313,571,1162,926
648,399,168,457,202
635,498,322,1058,442
733,6,1,0,0
1107,779,368,1060,452
555,410,252,902,346
632,479,264,870,358
558,635,259,427,235
490,6,0,0,0
663,480,248,796,370
395,2,0,0,0
497,5,0,0,0
895,12,0,0,0
699,15,0,2,0
1288,1313,485,850,523
729,10,0,0,0
318,4,0,0,0
748,191,146,1070,226
417,328,164,450,177
750,898,358,503,380
1185,1006,554,2132,982
616,10,1,1,0
938,14,0,0,0
437,428,220,615,310
654,418,182,742,253
586,15,0,1,0
1816,375,321,2070,459
516,6,0,0,0
640,547,286,844,356
1192,764,397,1210,547
871,204,182,1247,255
1383,184,171,1146,258
472,9,0,0,0
876,14,0,0,0
1642,1160,582,1726,730
413,218,114,385,137
748,504,272,772,306
830,16,0,0,0
560,218,168,1203,343
377,11,0,0,0
824,544,252,652,275
1090,819,332,942,342
932,7,0,0,0
313,3,0,0,0
596,7,1,0,0
647,368,170,534,218
802,520,306,1078,485
948,755,374,1066,498
124,94,43,53,42
725,196,169,1366,331
892,651,365,998,387
1213,20,1,0,0
2671,1920,1059,3318,1452
1215,792,365,1226,452
1830,42,0,0,0
753,502,251,642,298
796,11,0,0,0
1186,683,403,1380,640
782,12,0,0,0
160,0,0,0,0
945,260,232,1884,440
808,668,346,1175,586
348,260,142,422,162
629,500,242,696,279
414,107,93,612,158
838,7,0,0,0
1001,676,322,964,364
692,374,168,455,184
430,46,46,309,95
906,851,342,549,344
2237,1780,894,3156,1446
678,523,260,956,396
1328,1436,729,1150,999
768,773,305,385,259
1007,572,228,880,270
756,736,404,1264,523
1045,828,454,1877,839
1180,33,0,0,0
1028,649,378,1442,612
344,6,0,0,0
1477,23,0,1,0
755,664,320,965,418
467,2,0,0,0
649,9,0,0,0
334,4,0,0,0
1311,920,506,1844,844
859,452,217,806,280
2381,2098,802,1293,811
1168,639,314,826,297
776,1,0,0,0
618,385,210,618,263
601,487,189,622,252
563,176,174,1114,263
1625,1173,618,1966,1003
717,557,304,980,400
1006,25,0,0,0
970,813,380,771,542
639,10,0,0,0
649,755,318,574,379
606,4,0,0,0
606,465,236,742,344
884,654,404,1484,661
1055,1142,507,1074,727
714,10,0,0,0
542,7,0,0,0
746,10,0,0,0
737,391,196,677,314
459,190,127,1151,250
1338,1010,526,1942,866
973,35,0,0,0
524,143,157,1166,325
702,14,2,1,0
471,4,0,1,0
726,464,318,1110,440
684,12,0,0,0
824,606,301,1097,523
540,505,168,303,182
1038,728,406,1496,744
442,410,228,706,312
794,14,0,0,0
1192,997,556,2079,850
703,420,232,686,266
798,482,219,557,227
1185,627,352,1010,442
1207,241,211,1577,337
1024,5,0,1,0
792,502,288,1080,501
1091,814,388,1527,634
796,564,250,911,318
525,7,0,0,0
786,458,256,962,302
431,416,170,358,189
678,151,146,1320,348
492,276,158,486,230
863,506,198,744,286
1160,780,388,1260,470
718,179,134,1134,267
674,654,301,826,426
949,959,438,749,539
1314,18,1,0,0
982,4,0,0,0
1091,986,482,1482,654
514,8,0,1,0
678,20,1,1,0
791,586,336,1069,492
854,636,295,818,333
727,580,324,974,410
794,637,376,1074,610
973,981,500,1208,736
504,8,0,0,0
646,378,222,727,331
688,187,147,987,193
1239,1157,542,1724,742
796,14,0,0,0
628,4,0,0,0
1779,1052,503,1646,716
1707,33,0,2,0
574,584,300,832,368
596,523,234,740,298
892,668,314,763,352
448,108,118,1315,477
750,16,2,0,0
508,301,150,484,179
832,531,262,848,338
422,3,0,0,0
579,6,1,0,0
808,14,0,0,0
587,13,0,0,0
726,494,248,780,334
600,12,0,0,0
800,17,0,0,0
1656,1058,468,1232,588
1130,864,402,1383,580
676,171,117,783,154
2011,1234,652,2242,848
1638,1123,484,1539,596
524,134,105,959,223
440,2,0,0,0
638,466,194,576,226
1132,844,466,1862,739
732,579,322,1226,591
613,152,129,1063,244
809,552,272,774,328
857,597,359,1242,522
364,7,0,0,0
364,4,0,0,0
2040,28,0,1,0
619,8,0,0,0
567,8,0,0,0
600,258,110,446,154
1205,872,424,1598,596
1817,924,504,1836,734
707,127,121,924,204
3106,696,644,4926,1280
1296,905,528,1579,718
796,644,271,782,334
350,16,0,0,0
388,10,0,0,0
630,356,171,671,244
392,1,0,0,0
536,21,0,0,0
454,119,114,687,146
709,362,158,509,198
419,216,126,669,205
714,382,160,538,164
599,407,179,459,246
1596,1305,706,2092,934
1603,28,1,0,1
1294,756,415,1176,488
1027,752,387,1042,452
808,150,128,1128,257
361,6,0,0,0
386,6,0,0,0
1134,600,352,1170,440
672,29,0,0,0
1676,1340,674,1039,819
920,18,0,0,0
360,225,110,380,162
359,0,0,0,0
990,716,392,1254,580
462,451,238,966,418
1120,1409,658,1392,1007
420,261,136,384,132
814,567,219,353,196
550,552,195,290,187
515,7,0,0,0
605,182,184,1585,415
807,883,357,567,338
628,628,367,1238,544
670,650,314,998,457
704,8,0,0,0
633,550,257,834,383
386,85,72,505,108
420,408,184,590,248
574,554,280,918,435
554,437,165,495,166
976,780,408,1280,491
436,10,0,0,0
251,58,24,70,34
2359,130,75,728,172
835,487,292,1168,422
378,2,0,0,0
544,564,322,1047,471
244,1,0,0,0
503,454,204,666,296
424,6,0,0,0
740,243,204,1828,418
295,8,0,0,0
838,606,270,690,284
863,768,358,1149,488
548,23,0,0,0
843,828,420,1318,550
197,98,54,267,104
424,10,0,1,0
489,12,4,3,0
676,15,0,0,0
381,5,0,0,0
242,1,0,0,0
626,169,135,1152,243
386,5,0,0,0
595,6,0,0,0
582,523,262,770,380
612,142,122,762,163
1062,950,372,670,392
452,342,182,668,245
570,434,232,688,266
612,476,257,818,413
880,664,378,1358,570
664,6,0,0,0
822,796,398,928,544
198,89,36,112,66
582,153,139,1058,266
531,6,0,0,0
872,610,286,942,327
786,708,314,1066,452
90,5,0,0,0
540,344,177,570,238
1005,638,380,1412,612
610,582,298,922,410
100,2,0,0,0
794,247,218,1616,369
546,430,172,492,194
707,462,212,625,285
504,335,144,472,166
298,7,0,0,0
711,587,326,994,471
282,2,0,0,0
1080,6,0,1,0
578,483,262,918,414
687,536,318,1068,452
409,8,0,0,0
705,179,130,1233,326
489,6,0,0,0
460,390,182,662,257
472,442,204,644,306
860,14,0,0,0
43,1,0,2,0
522,522,252,639,302
448,6,0,0,0
688,458,214,512,214
249,3,0,0,0
872,162,156,1371,257
112,0,0,0,0
290,39,33,230,42
796,547,276,880,398
474,3,0,0,0
958,1250,482,869,515
619,8,0,0,0
859,764,412,1402,620
697,8,0,0,0
524,12,0,1,0
486,348,171,518,260
594,200,178,1242,334
850,10,0,0,0
441,10,0,0,0
452,585,251,313,267
570,372,168,507,196
820,14,0,0,0
1594,458,447,3224,705
784,864,354,621,386
476,8,0,1,0
721,12,0,0,0
586,469,290,844,338
997,727,397,1466,728
689,469,205,674,267
1614,1334,775,2814,1236
681,31,0,0,0
946,18,0,0,0
502,533,281,527,423
670,552,242,690,256
743,188,145,1226,288
526,404,228,820,346
536,418,240,863,412
590,388,171,644,221
484,330,206,872,298
270,4,0,0,0
475,9,0,1,0
545,536,214,508,231
534,391,182,442,215
507,10,0,0,0
723,740,377,1345,613
543,8,0,0,0
657,530,242,711,286
696,722,288,942,382
1082,921,490,1716,774
467,408,232,806,322
496,127,106,714,133
604,525,290,841,452
1114,550,267,857,370
1026,1024,514,1486,639
414,343,166,459,202
508,460,240,643,270
744,241,183,1254,312
481,452,282,975,463
441,323,176,886,332
212,4,0,0,0
522,10,1,0,0
564,385,181,626,222
657,516,228,689,291
524,340,164,440,176
568,286,191,600,234
546,395,199,618,262
356,3,0,0,0
354,1,0,0,0
914,788,433,1516,720
620,5,0,0,0
544,7,0,0,0
686,602,320,1152,519
399,248,104,473,210
368,4,1,0,0
484,8,0,0,0
786,766,337,575,354
666,793,342,610,510
382,149,84,452,137
456,104,94,734,195
460,6,0,0,0
190,5,0,0,0
851,1033,479,1063,733
702,580,262,914,455
627,657,305,424,316
754,184,180,1202,300
600,424,210,678,229
1153,566,292,826,288
424,6,1,0,0
486,5,0,0,0
883,844,388,1258,530
1235,905,482,1994,923
866,890,488,1366,774
976,575,314,1194,468
638,314,172,682,286
458,352,164,376,121
679,708,330,1120,470
544,14,0,0,0
532,213,132,781,271
606,573,336,936,469
372,2,0,0,0
810,229,171,1373,270
683,623,318,1092,512
546,525,306,1198,558
911,1049,464,607,444
509,450,196,642,322
529,144,152,1180,231
1045,758,368,1228,560
344,1,0,0,0
1543,1344,584,1027,679
742,664,317,487,372
1114,12,0,0,0
630,414,208,726,296
312,2,0,0,1
381,258,127,346,162
847,612,290,843,312
504,372,204,744,327
540,409,226,868,390
447,107,73,682,158
728,575,276,962,392
676,680,373,1293,572
810,15,0,0,0
825,640,318,1232,496
1008,28,0,0,0
674,138,104,748,161
653,7,0,0,0
1639,1490,684,1916,855
452,316,132,538,172
698,608,316,1106,427
598,529,290,810,428
498,362,178,552,249
778,532,274,746,318
119,2,0,0,0
1090,13,0,0,0
416,6,0,0,0
686,1,0,0,0
653,469,266,952,352
582,331,174,1011,300
391,4,0,0,0
528,13,0,0,0
415,150,96,520,162
558,520,304,902,370
442,10,0,0,0
552,516,285,1005,459
530,336,177,634,288
334,6,0,0,0
463,306,135,391,159
300,6,0,0,0
185,3,0,0,0
692,552,315,1008,469
545,12,0,0,0
458,6,0,0,0
492,422,216,664,299
668,454,198,585,251
282,17,26,186,49
566,481,237,698,256
243,2,0,0,0
491,472,229,896,438
372,300,176,608,210
632,500,251,844,364
444,10,0,1,0
430,577,268,429,348
506,486,240,811,368
479,425,244,708,302
460,326,178,584,246
364,76,64,491,131
784,626,312,926,440
1133,1062,540,1733,767
2118,2120,856,1244,951
662,332,134,921,200
1300,823,402,1435,538
722,14,0,0,0
424,52,23,171,73
858,568,303,668,442
618,9,0,0,0
688,648,308,998,508
577,402,200,647,318
644,307,306,2377,678
803,17,2,0,0
438,160,131,1077,272
930,584,280,1022,415
246,8,0,0,0
431,5,0,0,0
540,12,0,0,0
1051,790,406,1176,524
1988,1999,815,1148,691
862,616,322,1102,542
840,12,0,0,0
983,571,322,1140,462
570,118,101,708,125
820,866,341,544,342
760,23,0,0,0
947,900,428,1219,470
490,141,120,1075,287
204,8,0,0,0
538,10,1,0,0
302,76,79,557,148
663,588,279,642,327
435,292,151,540,244
1061,629,296,918,416
1040,680,326,1010,420
394,137,92,488,148
1495,5,0,0,0
1960,1602,794,2259,1056
1092,12,0,0,0
817,14,0,0,0
560,554,288,856,436
744,538,227,786,274
802,216,241,1632,566
612,2,0,0,0
1092,20,0,1,0
775,12,0,0,0
348,223,99,364,146
384,359,185,333,247
733,13,0,0,0
782,614,333,966,518
580,13,7,11,6
480,350,169,478,224
714,448,228,786,340
992,319,246,2303,621
404,5,0,0,0
1274,621,332,1282,440
3473,3640,1683,3373,2385
531,6,0,0,0
1198,1557,734,1498,1091
766,623,334,1020,507
538,6,0,0,0
420,7,0,0,0
433,72,71,548,148
697,656,289,530,266
367,16,0,0,0
355,86,100,862,150
581,423,214,1034,424
396,6,0,0,0
1076,18,0,0,0
1764,1678,682,1041,735
1398,93,66,476,81
542,4,0,0,0
428,3,0,0,0
434,379,170,749,326
450,382,212,506,218
886,847,450,1266,633
248,170,85,282,122
472,469,241,769,372
426,12,1,0,0
560,314,148,474,141
603,129,142,1074,257
530,572,281,720,464
634,358,167,542,253
414,82,76,456,122
958,1007,602,956,707
1152,981,499,1728,670
1193,657,417,1493,664
180,0,0,0,0
822,13,2,0,0
656,630,330,882,458
466,9,0,0,0
388,243,136,384,173
1750,51,0,0,0
475,386,170,503,192
710,185,154,1048,231
3336,2474,1224,3800,1492
930,780,491,1807,748
510,6,0,0,0
412,3,0,0,0
753,348,168,1016,294
948,13,0,0,0
519,2,0,0,0
830,180,137,1195,270
660,10,0,0,0
900,744,386,1102,456
515,283,162,1038,348
341,6,0,0,0
580,554,263,1000,364
800,645,261,512,340
534,5,0,0,0
516,140,116,950,197
884,17,0,0,0
632,8,0,0,0
1134,806,369,1218,443
973,948,472,928,683
853,769,458,1438,717
390,14,0,1,0
589,14,2,0,0
226,94,42,132,50
161,95,50,144,70
546,14,0,0,0
404,352,168,520,188
201,2,0,0,0
514,425,216,680,322
558,386,161,255,185
616,134,114,877,171
832,254,278,1710,553
1022,21,0,0,0
584,12,0,0,0
859,393,258,1086,466
718,612,286,987,424
840,1026,385,632,510
372,2,0,0,0
479,10,0,0,0
540,13,0,0,0
330,6,0,0,0
491,6,0,1,0
582,150,115,801,149
768,191,166,1681,400
320,5,0,0,0
276,3,0,0,0
653,544,282,869,367
860,157,174,1135,328
1076,15,0,0,0
932,533,243,660,331
772,3,0,0,0
1318,1058,597,1992,858
442,7,0,0,0
820,254,186,1769,457
606,394,232,802,281
362,56,62,465,142
694,14,0,0,0
349,288,164,670,268
450,384,229,700,366
872,656,333,972,418
312,6,0,0,0
740,833,325,534,303
653,8,0,0,0
782,914,347,575,419
1026,923,380,718,474
1066,828,463,1748,752
1266,858,482,1625,792
880,909,429,799,596
632,495,260,710,262
1010,1105,569,1019,777
665,162,150,946,195
670,868,390,580,392
732,694,354,1204,542
1185,929,492,1699,808
1181,563,368,1156,444
776,23,0,0,0
392,4,0,0,0
809,792,367,1164,509
634,556,267,810,304
628,634,354,1420,621
421,1,0,0,0
602,474,294,903,412
1052,455,230,748,261
1058,907,448,1424,664
1106,11,0,0,0
832,18,0,0,0
694,696,390,1202,608
485,2,1,0,0
622,17,0,0,0
657,7,0,0,0
534,16,0,0,0
416,327,182,444,176
1012,776,366,1167,446
368,4,0,0,0
583,22,0,0,0
1943,1612,786,2904,1328
287,49,30,239,55
953,12,0,3,0
467,634,306,460,314
966,686,316,949,390
600,186,125,851,193
572,3,0,0,0
674,436,222,662,220
465,334,164,484,186
758,204,202,1380,377
698,12,0,0,0
464,8,1,0,0
776,620,285,1062,419
295,6,0,0,0
423,4,0,0,0
385,302,170,707,242
842,898,457,801,522
496,292,155,460,207
578,373,188,650,281
2572,419,327,2262,507
551,8,0,0,0
1402,886,446,1163,488
789,10,1,0,0
1008,24,1,0,0
662,1010,428,709,531
306,2,0,0,0
382,225,96,328,111
639,0,0,0,0
1052,604,386,1252,464
790,23,0,0,0
411,360,178,464,190
130,62,28,127,54
568,6,0,1,0
298,2,1,0,0
339,11,0,0,0
1862,1357,657,1847,744
665,490,245,712,310
1810,25,0,0,0
678,2,0,0,0
959,918,464,1442,668
717,588,286,924,452
734,580,250,632,286
626,652,291,464,344
78,0,0,0,0
724,167,156,1077,237
712,564,284,886,452
695,386,238,950,346
492,8,1,0,0
186,1,0,0,0
760,386,367,692,451
627,21,0,0,0
1359,942,502,1786,804
469,110,103,800,240
688,547,253,435,281
428,256,112,376,154
602,3,0,0,0
580,334,156,554,174
664,165,160,1020,270
880,839,434,1295,601
154,2,0,0,0
563,574,256,738,358
648,284,126,478,163
807,715,308,948,352
673,546,247,649,242
812,18,1,0,0
401,4,0,0,0
408,11,0,0,0
534,350,164,568,226
817,299,252,1955,432
328,6,0,0,0
977,576,316,946,394
341,200,98,351,142
1098,4,0,0,0
2061,1200,636,1760,620
826,586,302,1196,492
994,210,216,1535,250
1002,55,0,0,0
643,12,0,0,0
852,652,364,1226,460
542,808,352,887,494
541,6,0,0,0
530,443,190,697,262
236,11,0,0,0
471,8,0,0,0
600,11,0,2,0
394,102,76,690,179
1092,314,309,2236,496
536,711,317,589,449
539,464,241,734,386
1308,29,1,0,0
1287,1160,536,1555,671
773,832,386,1328,601
995,28,0,1,0
508,13,1,1,0
606,398,206,572,239
152,2,0,0,0
566,489,264,764,300
881,736,366,1240,478
649,594,298,1055,482
494,274,170,512,207
427,320,166,552,212
288,2,0,0,0
661,582,319,1214,525
1260,30,0,0,0
402,300,178,543,262
223,6,0,1,0
1037,1034,468,1182,468
1486,1050,622,2246,853
1174,42,1,1,0
1455,1116,499,1659,572
1111,1078,572,1994,869
1593,33,1,1,1
621,10,0,0,0
681,502,249,715,280
648,517,224,762,312
496,10,1,0,0
570,6,0,0,0
518,7,0,0,0
356,212,92,237,70
502,127,91,644,150
284,4,0,0,0
314,89,62,535,130
356,2,0,0,0
488,597,263,378,297
388,154,114,914,269
1207,30,0,0,0
1728,665,562,4200,1129
1080,1156,448,1397,594
1056,376,321,2273,423
717,16,1,0,0
648,388,164,566,185
558,10,0,0,0
430,516,297,404,369
1138,1060,422,762,491
388,2,0,0,0
564,451,228,836,338
430,676,246,442,348
657,13,0,0,0
486,263,94,540,96
462,308,174,512,210
553,380,186,708,282
266,130,62,212,90
1900,1671,638,1026,709
1302,1309,701,2692,1226
1040,26,0,0,0
507,8,2,3,0
1050,41,2,1,0
580,6,0,0,0
986,28,0,0,0
2764,54,0,0,0
379,6,0,0,0
452,360,182,449,224
324,5,0,0,0
1114,939,466,1466,632
603,2,0,0,0
464,406,204,600,255
442,87,91,710,156
697,159,139,1287,386
338,4,1,0,0
639,8,1,0,0
425,8,0,0,0
458,285,144,426,142
692,15,0,0,0
438,3,0,0,0
584,8,0,0,0
1213,32,0,0,0
620,37,2,0,0
516,570,286,840,332
1223,930,499,2004,764
604,370,182,497,164
492,88,74,625,170
785,234,180,1580,346
516,707,366,554,406
397,262,128,500,185
939,861,356,516,335
531,8,0,0,0
498,8,0,0,0
556,424,218,716,302
1814,672,552,4498,1312
781,6,0,1,0
591,598,298,868,379
728,9,0,0,0
1422,49,0,0,0
891,938,466,1318,552
755,3,1,0,0
716,564,312,1260,484
466,160,161,1098,292
403,6,0,1,0
836,22,0,0,0
822,836,392,1236,547
526,366,225,729,334
421,5,0,0,0
510,134,89,721,180
691,221,197,1562,398
394,7,0,0,0
204,64,35,127,48
679,454,250,836,375
1305,39,0,1,0
843,807,422,1425,647
362,174,122,980,260
1062,954,530,1979,807
673,752,364,1052,403
1024,1092,512,1704,616
675,407,164,512,208
588,558,302,1050,560
1060,838,384,1248,470
673,412,176,612,263
550,396,221,626,266
682,407,207,748,272
976,938,509,1780,814
1304,18,1,0,0
1144,27,1,2,1
1430,2191,1023,1454,1043
956,1072,510,1610,578
653,294,144,401,160
723,23,1,1,0
380,276,140,478,194
526,304,150,512,182
825,626,357,1154,522
701,414,228,770,318
527,7,0,0,0
571,462,268,857,346
561,537,222,539,260
650,12,1,0,0
296,6,0,0,0
288,144,72,217,101
1424,1168,600,2139,774
1008,966,430,922,468
748,861,420,1258,596
838,20,0,0,0
724,1183,467,739,424
840,732,398,1169,422
1066,1128,482,1350,562
962,152,167,1222,270
366,109,67,546,149
627,190,156,1222,273
564,7,0,0,0
173,140,98,217,141
817,10,0,0,0
524,604,293,472,383
541,22,1,1,0
1052,3,0,0,0
511,381,180,498,237
1392,640,310,1430,442
1393,1302,588,1718,658
1082,1862,767,1511,939
809,830,390,1376,537
1187,1028,502,1598,636
811,21,1,3,0
718,15,0,1,0
842,908,340,544,356
702,217,222,1831,543
424,434,203,668,290
633,854,385,714,635
283,4,0,0,0
418,378,168,434,207
300,5,0,0,0
257,3,0,0,0
534,2,0,0,0
623,223,166,1330,337
1400,330,304,2935,624
387,12,0,0,0
629,420,228,747,282
158,3,0,0,0
1792,1676,808,2601,1116
713,3,0,2,1
784,12,0,0,0
1175,1173,654,2208,982
1344,1248,608,2090,783
705,765,372,1006,447
692,14,1,3,0
273,123,98,781,190
345,74,49,462,79
400,12,0,0,0
638,684,306,1130,514
254,214,102,366,131
492,378,180,330,241
684,97,38,64,57
303,6,0,0,0
717,528,312,1164,507
968,567,253,850,328
1056,28,2,0,0
991,42,3,0,1
1490,1566,820,2676,1175
546,366,204,772,272
436,377,150,205,144
722,508,302,1094,418
444,5,0,0,0
424,106,121,705,139
1385,823,426,1441,655
635,131,121,1120,286
1720,1285,676,2310,994
1298,784,384,1318,554
1306,323,322,2569,667
1942,1634,663,962,675
2138,1929,970,3512,1543
874,792,385,1271,512
1214,1126,495,1658,592
1000,1072,559,1828,728
729,19,0,0,0
478,2,1,0,0
399,262,134,476,161
511,436,202,639,278
503,288,147,415,190
289,155,78,332,136
714,161,118,935,209
790,530,253,796,322
307,340,166,342,215
114,17,9,8,7
337,130,64,190,64
1607,36,1,0,0
763,652,292,950,364
1784,1264,698,2450,1102
1292,6,0,0,0
526,16,1,0,0
611,10,0,0,0
608,590,278,904,318
250,8,0,0,0
446,288,143,526,230
462,250,128,406,154
305,205,100,304,134
738,730,275,459,305
325,87,106,661,183
462,428,181,344,221
522,446,237,727,281
556,524,226,294,204
1163,17,0,0,0
815,678,325,1004,367
1657,944,702,3130,1118
1378,2451,1079,1735,1382
1976,1881,874,2860,1154
491,411,196,664,285
634,749,330,908,356
544,22,1,0,0
578,422,194,670,234
1073,1157,502,1418,604
524,668,320,1000,472
899,1152,600,1890,944
520,447,214,670,255
428,14,1,0,0
1662,48,1,0,0
391,8,0,0,0
926,1026,450,1383,566
243,192,78,268,98
462,507,257,850,416
463,10,0,0,0
667,794,380,1250,560
7756,11577,4741,7549,4982
1054,1193,515,751,578
451,542,272,874,398
1206,1266,644,2078,900
535,556,276,850,331
857,23,1,1,0
560,540,284,812,319
392,404,190,568,262
903,26,0,1,0
458,546,348,1180,546
691,766,378,1262,597
229,19,1,0,0
712,480,221,812,304
1002,1484,658,1072,757
553,702,398,1238,508
765,970,479,1292,572
527,12,0,0,0
920,31,0,1,0
820,1052,587,1754,840
623,180,129,907,204
1060,956,487,1710,734
851,22,1,0,0
869,866,514,1590,670
819,13,0,0,0
732,8,1,0,0
1093,1296,630,2118,950
646,1168,460,699,512
442,176,105,377,168
477,15,0,0,0
254,4,0,0,0
346,2,0,0,0
581,648,349,1224,582
90,0,0,0,0
2232,1710,772,2733,916
796,813,394,1148,503
746,6,0,0,0
672,21,1,1,0
1108,1013,527,1734,637
1159,1645,647,952,634
604,658,344,960,451
1060,1316,672,1132,691
660,24,1,1,0
642,244,194,1455,254
412,181,153,1059,236
844,651,282,1060,372
1106,1788,726,1148,725
523,580,244,797,337
600,614,280,866,380
810,520,317,1664,560
920,1010,455,1808,620
1096,48,2,0,0
1836,1914,1064,3918,1824
850,819,405,1548,536
528,179,131,882,157
991,34,0,0,0
1161,235,192,1498,295
422,8,0,0,0
1371,1232,680,2464,1049
496,16,0,0,0
536,20,0,2,0
758,1082,586,1997,741
663,791,458,1450,644
703,859,505,1699,761
677,866,514,1597,614
1318,39,1,0,0
886,18,1,0,0
566,19,0,0,0
1150,1092,580,1530,736
615,30,1,0,0
624,287,245,2035,541
592,268,195,1522,320
755,856,455,1471,624
1230,30,0,0,0
701,24,0,0,0
726,20,0,0,0
456,12,0,0,0
752,959,544,1590,823
448,16,0,1,0
288,8,0,0,0
1252,1090,522,1749,652
503,458,192,658,226
803,766,417,1272,518
740,801,468,1472,762
832,8,0,0,0
808,28,1,0,0
872,37,1,0,0
615,12,0,0,0
834,40,0,0,0
1228,1709,640,1183,679
782,742,343,1023,405
1098,1119,648,2258,1030
524,507,288,915,324
377,17,2,5,4
923,908,430,1488,680
866,660,368,1337,476
374,211,197,1646,345
432,12,1,1,0
1017,904,458,1276,640
1412,28,1,0,0
1120,36,0,1,0
1596,26,0,0,0
1070,1686,733,1347,947
825,967,456,1418,576
961,945,450,998,542
585,20,1,0,0
761,339,246,1929,398
804,1088,570,1720,762
608,2,0,1,0
1242,1941,852,1373,958
1060,1021,543,1457,686
799,28,1,1,0
1122,1057,566,1834,731
644,20,1,1,0
981,26,1,1,0
756,519,242,996,316
534,766,378,1238,463
986,32,1,2,0
1638,20,0,0,0
309,11,0,0,0
1461,22,0,1,0
1254,1128,638,2502,983
406,645,236,331,249
892,28,1,1,0
889,926,494,1800,644
944,27,1,0,0
944,10,0,1,0
756,26,0,1,0
1044,866,390,1077,412
1002,26,1,1,0
614,16,0,1,0
478,8,2,0,0
683,654,350,1218,560
553,256,115,251,250
888,913,397,1420,476
658,946,533,1930,902
659,12,1,1,0
1592,1599,712,2002,798
3037,2854,1488,4254,1840
788,1082,465,587,402
1846,966,472,1432,560
541,13,0,0,0
588,283,282,2410,579
1003,43,11,41,12
909,846,454,1426,604
715,5,0,0,0
972,1104,498,1505,655
652,296,269,2218,487
736,4,0,0,0
1080,332,296,2300,608
868,935,437,1379,516
795,945,558,2389,894
717,718,476,1922,744
710,1134,434,786,567
655,812,492,1754,756
2139,1690,870,2796,1131
2708,2454,1286,3790,1600
938,1136,593,1784,904
3058,1989,1066,3280,1458
854,24,0,0,0
761,1159,548,833,574
704,20,0,0,0
846,868,504,1617,670
1335,1516,692,1822,842
643,16,0,0,0
607,418,219,1091,375
925,273,254,1704,354
694,24,0,0,0
512,13,0,0,0
902,717,417,1496,506
986,42,1,0,0
567,880,456,1129,758
282,6,0,0,0
166,144,71,186,86
820,28,0,1,0
1118,1174,563,1876,822
494,563,250,764,308
673,810,420,1356,654
1951,2338,835,1511,937
2910,1245,801,5452,1381
648,1175,562,749,558
537,492,228,813,283
896,32,0,0,0
968,8,0,0,0
944,936,456,1206,476
732,1366,592,1161,875
324,14,0,1,0
1040,1436,691,2176,1114
625,458,287,898,298
662,610,310,1177,584
142,7,1,0,0
162,188,94,446,264
842,1027,568,1816,734
489,14,0,0,0
306,7,0,0,0
292,2,0,0,0
1180,912,576,2298,766
5240,2216,1897,14381,3776
573,602,334,1082,406
755,672,314,1018,428
898,33,0,1,1
896,1036,634,1979,870
788,28,0,0,0
813,29,0,0,1
684,8,1,2,0
1957,3574,1662,2525,1730
742,768,442,1513,610
1091,1106,548,1830,730
295,15,0,0,0
1182,953,496,1504,656
200,170,90,276,90
1034,500,436,3284,949
276,155,134,1067,263
273,2,0,0,0
1284,9,0,0,0
4555,1173,1132,10101,2460
440,15,0,0,0
795,694,352,1108,405
910,1447,697,1259,967
619,50,36,301,57
530,14,0,6,0
1000,1078,580,2044,956
1292,1358,714,2668,1064
1104,992,450,1459,597
757,24,0,1,0
1068,962,470,1462,466
444,524,244,980,454
632,741,389,1233,528
600,800,402,1130,472
652,680,338,1096,421
1669,1846,955,3300,1370
8222,3598,2638,17612,3870
528,786,388,934,640
774,11,0,0,0
1052,1150,632,2100,892
1280,404,350,2517,562
1013,1430,659,1321,953
652,22,0,0,0
500,9,0,0,0
701,568,320,990,396
614,30,0,0,0
660,632,284,822,340
1406,22,1,0,0
922,19,1,0,0
789,778,352,1290,482
673,942,497,1477,755
559,660,302,1042,466
888,848,503,1748,859
562,178,144,1127,219
410,400,252,832,386
482,16,0,0,0
490,3,0,0,0
512,10,0,0,1
362,12,0,0,0
492,4,0,0,0
1930,1738,815,2388,856
728,32,0,0,1
580,925,434,1206,562
141,110,60,164,50
613,696,304,968,316
498,486,205,764,300
399,407,250,828,342
514,4,1,1,1
