976,85,1,0,0
1675,19,0,0,0
1986,988,285,1724,217
866,660,370,735,350
850,919,661,896,743
716,19,1,0,0
491,416,230,632,283
1135,944,482,912,404
1525,1208,740,1546,762
890,768,392,1030,478
828,26,1,0,0
1369,1288,804,1634,818
954,16,0,0,0
850,746,440,856,476
1288,1223,780,1578,906
675,554,340,673,368
656,658,444,865,508
736,38,0,0,0
1235,1041,571,1232,626
922,684,443,852,402
642,35,16,54,12
422,346,210,442,283
1542,785,224,1061,104
1424,740,199,993,111
682,573,145,608,80
1504,1548,820,2154,1075
1076,1143,620,1234,633
860,673,338,634,312
588,20,0,1,0
632,16,0,0,0
699,453,265,556,280
1072,690,358,745,306
1187,621,214,687,91
1057,24,0,0,0
1106,60,0,1,0
990,782,404,777,308
1788,1305,760,1326,630
1008,42,0,0,0
892,806,504,1014,490
856,820,440,756,434
2440,1530,709,1448,581
490,466,273,530,258
864,706,379,760,320
2564,1097,248,1304,147
935,992,717,889,751
1011,1594,1148,1745,1509
634,282,75,394,35
1546,15,0,0,0
1210,1426,892,1990,1252
891,654,340,590,258
643,6,0,0,0
1192,1000,450,1222,362
290,15,0,0,0
650,36,0,1,0
1229,1060,576,1338,664
405,352,252,570,366
864,339,217,1165,151
768,23,0,0,0
994,988,578,1066,624
852,740,437,740,336
736,572,363,858,468
731,1116,727,1026,876
1104,910,542,1050,572
1162,933,454,880,380
478,759,487,644,560
680,38,0,0,0
951,26,0,0,0
685,20,0,1,0
307,19,0,0,0
178,5,0,0,0
1140,52,1,0,0
594,14,0,0,0
881,429,136,713,88
546,36,0,0,0
1207,1607,1062,1523,1133
405,393,224,466,218
780,18,0,0,0
910,977,516,1318,780
1068,27,0,0,0
1248,848,490,846,413
880,774,385,722,298
1304,66,0,0,0
988,13,0,0,0
710,1025,559,815,637
719,33,1,0,0
469,657,534,728,668
1586,34,0,0,0
850,476,134,703,67
574,4,0,0,0
670,16,0,0,0
1296,599,135,763,74
2113,1848,1055,2548,1497
1223,55,2,0,0
634,614,404,833,512
490,348,151,450,124
496,682,463,596,406
848,654,436,933,566
652,574,390,822,476
770,653,418,925,512
871,25,0,0,0
440,394,223,394,162
1355,657,200,918,80
1251,1078,685,1084,623
838,575,351,780,338
789,628,342,591,305
938,784,528,1046,624
434,7,0,0,0
1347,58,1,0,0
743,9,1,0,0
498,20,0,0,0
1388,37,1,1,0
542,11,1,0,0
470,8,1,0,0
853,677,391,742,458
833,30,2,1,0
524,369,219,472,226
877,734,433,957,468
938,492,139,577,87
912,511,160,800,83
787,15,0,1,0
939,1203,862,1221,965
1013,770,408,676,322
774,882,553,634,434
1065,733,278,802,258
1600,1260,598,1428,614
754,634,355,662,351
609,605,287,544,224
476,390,208,401,183
731,806,428,877,482
724,503,167,777,107
1264,936,468,830,392
766,672,412,681,298
855,756,452,986,620
892,605,309,571,231
850,29,2,0,0
2372,1247,443,2295,267
1836,1540,812,1704,756
981,911,528,920,546
1493,57,0,1,0
504,14,0,0,0
713,486,298,638,355
1133,2083,1464,2370,1923
184,114,62,107,46
959,786,452,1042,514
1167,1130,656,1216,691
1008,796,485,889,468
1309,750,370,848,296
756,575,286,510,250
1300,1344,687,1484,620
797,576,324,666,296
596,8,1,0,0
1034,698,422,952,505
848,712,484,988,566
594,16,0,0,0
724,6,0,0,0
638,385,231,541,260
1580,1259,717,1662,884
647,15,0,0,0
170,9,0,0,0
2638,1464,427,2334,312
372,242,69,450,56
1046,1058,612,1333,675
948,564,204,951,116
670,30,0,0,0
721,614,314,658,302
1044,576,141,718,75
672,534,270,521,240
784,603,327,610,286
590,536,285,636,268
808,34,0,1,0
940,1143,664,874,627
862,30,0,1,0
650,672,458,493,366
830,29,0,0,0
587,22,0,2,0
793,750,438,838,462
981,730,415,772,395
1410,21,0,0,0
570,468,290,650,306
616,26,1,0,0
654,453,255,432,241
840,347,92,443,49
1566,20,0,0,0
1084,926,536,790,423
1611,73,1,1,0
1144,500,135,720,78
1368,1244,734,1340,728
1111,11,0,0,0
736,1227,859,1463,1132
780,846,536,1228,632
356,10,0,0,0
3096,1313,361,1767,211
1534,1378,804,1699,820
1054,950,592,1092,542
1529,982,567,1218,668
761,12,0,0,0
1144,39,1,0,0
2284,56,2,0,1
921,806,490,870,440
652,416,254,462,217
967,776,452,902,436
558,538,278,585,286
866,1087,771,887,685
1194,1718,1253,1375,1098
720,856,596,699,548
507,788,521,668,619
546,13,0,0,0
840,20,0,0,0
1642,1100,543,1082,464
1795,2650,2000,3166,2675
1490,1096,574,1034,479
842,40,1,0,1
444,9,0,0,0
588,39,1,0,0
710,651,372,869,493
1293,508,157,741,101
1262,1068,634,1122,556
748,1014,752,1042,986
467,326,125,321,87
703,12,0,0,0
590,570,263,494,238
3124,120,5,1,0
1070,702,380,1057,479
2069,1183,378,1862,231
1778,903,248,1326,165
1365,34,1,0,0
494,420,250,366,215
1593,1045,573,1188,530
738,506,240,498,206
1387,1262,728,1396,688
2901,1710,515,2367,272
731,882,765,897,731
723,28,1,0,0
636,12,0,0,1
622,415,249,422,219
672,14,0,0,0
2033,68,2,0,0
726,53,0,0,0
439,22,1,0,0
511,300,158,324,157
764,8,0,0,0
554,19,0,0,0
597,585,338,742,349
750,479,266,504,226
1591,60,1,0,0
757,689,404,718,344
2644,2824,1717,3005,1804
2397,1838,856,1770,774
1647,781,211,1013,122
806,354,79,470,54
1234,747,242,1180,123
718,18,2,0,0
642,770,492,932,534
832,750,446,1072,541
1146,1170,706,1378,810
718,22,0,0,0
1416,1268,712,1448,714
2071,2795,2208,3063,2812
2245,1447,457,2417,278
799,8,0,0,0
1312,1125,553,1099,414
1352,706,209,1253,169
1158,1102,600,1234,560
824,30,0,0,0
1061,22,0,0,0
1057,432,120,727,81
686,386,109,577,67
1302,1004,536,934,445
1345,38,1,0,0
1182,68,1,0,0
1262,1428,848,1928,982
568,360,194,353,176
840,658,378,762,344
1128,26,2,0,0
749,3,1,0,0
508,6,0,0,0
1464,1394,792,2152,1128
593,276,90,416,36
499,25,0,0,0
1488,1272,830,1586,968
1625,1451,860,1940,894
1318,1956,1484,1898,1890
922,720,177,946,94
204,6,0,0,0
748,18,0,0,0
869,674,334,702,320
1082,881,502,1084,568
322,7,0,0,0
493,5,0,0,0
667,472,264,440,206
1444,1662,1269,1999,1788
2188,1849,1092,2046,978
828,758,457,796,476
687,586,334,908,453
584,826,484,834,556
906,26,1,0,0
956,425,115,653,70
622,697,527,665,601
1962,1205,373,2160,242
578,22,0,0,0
1276,32,1,1,0
1309,939,536,1007,482
1674,2310,1533,2111,1540
1052,1589,1242,1767,1633
2326,1323,427,2075,281
742,37,1,0,0
918,1192,806,1232,865
660,8,0,0,0
920,674,324,978,376
684,759,521,1040,560
1142,1022,589,1160,616
2296,51,2,0,0
1794,2353,1639,2639,1989
1281,753,410,824,358
1512,713,175,844,60
592,27,1,0,0
893,814,494,1201,629
787,22,1,1,0
690,568,318,788,395
1058,1240,809,1149,914
1126,1285,883,1237,907
593,752,514,603,422
1990,948,295,1208,164
990,1528,966,1306,937
704,392,122,630,89
1080,39,1,0,0
1336,682,201,1101,156
413,17,0,0,0
1106,1544,983,1604,1162
763,35,0,0,0
821,1280,888,1390,1212
700,983,580,758,556
769,591,371,602,357
1856,799,279,1649,227
1380,1768,1401,1664,1620
1396,96,1,0,0
2211,1883,1017,2044,990
788,36,1,0,0
671,22,1,0,0
1567,32,1,0,0
867,727,409,770,392
1025,612,270,620,277
1392,34,2,1,0
2195,1854,1084,2292,1122
744,592,341,678,340
1219,1030,588,1056,565
583,810,726,775,906
216,268,158,192,168
544,10,1,0,0
1810,884,314,1371,216
1022,1270,851,1239,906
366,402,214,942,499
1198,36,0,0,0
514,393,210,438,162
606,29,0,0,0
340,278,142,245,120
729,15,0,0,0
607,8,0,0,0
404,3,0,0,0
1158,1474,988,1491,1229
681,18,0,0,0
922,62,0,0,0
756,294,80,378,51
1962,1602,922,1833,950
482,16,1,0,0
817,21,0,0,0
1100,908,524,1304,686
934,22,0,0,0
1087,1137,708,1595,835
488,23,1,0,0
858,760,462,906,491
830,810,481,1094,642
876,69,1,0,0
1019,1044,724,1324,840
1107,37,0,0,0
598,466,245,544,227
1078,600,184,995,113
2469,2269,1393,2460,1251
836,811,568,1006,604
1257,1246,722,1406,803
906,850,476,938,525
906,480,159,666,70
826,16,0,0,0
748,434,214,414,184
708,17,0,0,0
707,17,0,0,0
728,40,0,0,0
1658,1569,950,2230,1220
1396,1006,562,1198,642
720,522,248,556,178
555,24,0,0,0
869,467,150,945,119
868,782,464,866,446
1266,48,2,0,0
926,932,550,1112,666
918,32,0,1,0
580,526,282,774,416
823,764,410,1108,370
818,22,0,0,0
878,474,144,592,83
624,33,0,0,0
1084,621,231,1088,130
356,18,2,0,0
690,24,0,0,0
1072,931,550,1446,738
954,22,0,0,0
694,725,483,1034,540
582,494,278,544,218
654,858,690,943,806
603,32,0,0,0
954,32,0,1,0
276,8,0,0,0
1538,1250,802,1749,845
1057,1712,1220,1713,1213
934,1237,788,1437,1126
490,57,13,107,28
1080,912,622,1211,710
688,1144,808,1096,984
459,12,0,0,0
625,23,0,0,0
789,550,159,897,128
758,1291,1052,1390,1314
950,1086,755,1051,788
1021,1016,644,1336,768
791,50,0,0,0
759,720,406,834,372
1031,1369,885,1077,787
718,17,0,0,0
911,22,0,0,0
1201,1068,633,1197,623
700,61,0,0,0
837,17,1,0,0
533,738,531,737,632
890,845,536,1074,677
796,28,0,0,0
827,758,430,800,456
1151,82,1,0,1
1096,918,503,1062,558
801,776,378,684,300
455,21,2,0,0
634,821,564,870,610
1034,1544,1183,1661,1538
665,8,0,0,0
1215,51,0,0,0
1150,834,416,786,386
988,1291,1058,1389,1375
1062,856,536,1265,693
1063,1467,990,1278,944
607,613,354,568,256
1013,600,152,784,89
728,590,244,614,210
934,708,336,832,412
809,721,428,1034,518
855,975,586,1002,640
648,18,0,1,0
854,21,0,0,0
1192,1020,564,1070,526
804,29,0,0,0
874,1198,867,1456,1249
812,826,576,906,674
429,15,0,0,0
796,14,0,0,0
1071,880,446,904,466
800,703,401,621,310
642,40,1,1,0
1949,1659,976,1930,1077
1369,25,0,0,0
866,644,313,626,238
1115,955,619,1370,786
558,759,518,801,713
318,15,1,0,0
956,10,0,0,0
1062,920,478,1060,382
1668,845,229,1434,198
810,513,179,749,100
862,7,0,0,0
1133,970,504,1398,592
908,1230,829,1297,945
825,765,449,902,440
608,43,0,0,0
910,876,510,962,520
661,26,0,0,2
884,1261,886,1207,917
864,590,240,649,164
883,1107,764,1025,866
609,18,2,1,0
1227,11,0,0,0
325,10,1,0,0
788,634,376,870,390
737,50,0,0,0
664,524,290,443,234
1140,965,581,1134,610
670,30,1,0,0
874,68,0,0,0
925,860,500,1103,560
383,27,1,0,0
777,28,0,0,0
711,25,1,0,0
506,5,0,0,0
859,16,0,0,0
1043,745,409,934,398
834,10,0,0,0
1420,635,210,1132,165
832,727,348,737,342
730,25,0,0,0
376,12,0,0,0
986,990,566,1231,728
1278,910,432,972,341
1137,907,499,938,427
968,970,600,1280,677
1133,878,508,1174,594
901,35,0,1,0
1964,855,254,1029,99
1070,583,156,874,92
1110,1103,605,1307,638
704,16,1,0,0
440,374,176,420,170
2207,588,174,797,117
764,675,374,645,282
984,821,547,1066,622
1254,1068,612,1315,666
677,522,194,847,244
1430,661,147,853,69
2248,867,267,1252,136
658,10,1,0,0
894,710,388,833,400
936,968,572,1348,628
1012,908,518,1216,640
1434,1190,656,1374,676
895,748,458,778,383
507,750,535,577,441
1177,395,133,607,70
1126,495,143,647,54
3142,2483,1376,2706,1274
878,864,550,919,516
661,606,340,566,266
432,9,0,0,0
168,8,0,0,0
698,19,0,0,0
901,958,513,1308,626
1568,2093,1450,1972,1684
726,26,2,1,0
845,708,387,646,354
913,18,0,0,0
410,257,108,324,104
1998,1629,874,1625,724
812,1077,717,1083,752
884,814,416,706,347
876,42,1,1,1
404,308,164,499,208
880,13,1,0,0
940,896,594,1166,628
873,648,337,776,316
1148,10,0,0,0
1320,708,209,898,110
439,438,266,442,258
1190,939,450,894,376
951,1026,587,1276,713
580,939,594,1144,1029
928,736,332,823,324
1012,1063,598,1210,610
1364,1766,1335,2147,1746
1040,1028,595,1018,526
1092,504,172,910,145
844,50,1,0,0
534,875,624,692,529
288,11,1,0,0
1013,748,461,1048,554
1995,33,0,1,0
872,798,385,802,354
720,29,1,0,0
910,26,2,0,0
550,16,1,0,0
2428,1872,897,1819,790
838,12,1,0,0
1015,1274,857,1419,1218
926,764,425,831,414
833,44,1,0,0
1255,910,460,1293,568
566,23,0,0,0
829,1088,867,1151,1178
837,904,502,1216,666
707,900,658,1010,866
792,387,126,673,86
618,11,0,0,0
1173,1086,674,1618,870
591,1066,608,920,682
558,706,600,876,664
981,814,404,770,354
875,1008,568,1236,630
1068,614,205,1020,162
828,25,1,1,0
1898,597,168,953,113
727,690,387,645,326
1221,1366,770,1385,712
923,746,402,722,316
962,715,394,842,472
690,47,0,0,0
644,10,0,0,0
1210,572,160,877,100
826,27,1,0,0
1957,60,2,1,0
4910,2273,771,4081,518
1299,1160,725,1665,890
329,16,0,0,0
714,473,131,611,84
620,33,0,0,0
610,322,99,487,57
740,730,410,782,515
566,381,224,382,208
872,12,0,0,0
995,916,476,851,406
1002,864,500,919,433
1192,40,2,1,0
592,439,272,452,220
727,1197,853,1219,989
1464,66,2,0,0
913,38,0,0,0
955,19,0,0,0
718,30,0,0,0
652,415,160,707,203
629,712,358,674,284
720,13,0,0,0
779,556,268,748,306
940,514,168,872,96
1026,26,0,0,0
800,718,419,864,454
602,15,0,0,0
898,244,76,498,106
602,31,0,0,0
1130,1097,586,1443,711
941,25,1,0,0
760,33,0,0,0
566,14,1,0,0
630,893,656,804,690
1360,652,177,954,111
683,26,0,1,0
823,736,406,831,449
942,908,508,1268,714
1069,1044,586,1319,611
868,39,0,0,0
951,760,352,728,315
1172,1142,610,1212,594
838,705,410,952,412
764,700,460,770,411
1686,2198,1547,2692,2163
865,25,0,0,0
974,589,185,1008,121
1160,51,0,0,0
1048,24,0,0,0
1724,1653,1266,1856,1565
536,527,308,618,323
1066,799,492,1134,602
950,754,417,817,390
947,17,0,1,0
1119,1090,601,1190,633
500,25,1,0,0
1014,857,438,798,372
802,629,341,556,284
861,1002,556,1290,676
3797,5689,3681,5259,3859
1185,94,2,0,0
1076,48,1,0,0
579,42,1,0,0
1330,1132,595,1298,654
342,24,1,0,0
536,746,448,745,582
1382,889,262,1411,170
594,462,291,453,220
670,13,0,1,0
1290,1877,1149,1479,1243
2280,1902,1076,2340,1038
1249,1000,550,1221,548
633,35,0,0,0
678,28,0,1,0
520,62,0,0,0
1184,789,262,1440,168
450,588,349,609,452
893,714,368,669,257
830,25,2,0,0
583,708,411,801,560
1076,16,0,0,0
849,8,0,0,0
454,651,382,700,432
907,757,391,698,294
1741,1646,874,1800,886
1406,1200,737,1410,840
1335,1651,1073,1401,944
352,16,0,0,1
859,35,0,0,0
358,10,0,0,0
796,790,470,1134,523
1019,1112,662,1430,760
597,253,58,351,54
854,36,0,0,1
866,25,0,0,0
1070,537,162,813,108
2648,84,0,0,0
2289,1415,487,2294,302
698,1330,914,1541,1300
682,983,684,872,760
996,796,428,1018,535
495,12,0,0,0
575,586,372,634,411
1188,694,210,1037,126
624,31,0,0,0
644,34,1,0,0
620,10,0,0,0
1291,42,0,0,0
744,1082,765,1238,1056
912,1179,741,883,641
2970,2329,1262,3516,1544
985,1060,615,1334,826
1236,1177,864,1352,892
1266,2194,1836,2240,2053
1358,31,0,0,0
284,6,0,0,0
756,439,130,804,86
872,652,342,728,350
723,755,469,1018,552
490,7,0,0,0
1223,1967,1741,2234,2055
1066,926,521,1128,536
862,794,454,885,428
939,1586,1160,1760,1768
1333,673,179,832,102
1144,59,0,1,0
1076,1425,942,1230,934
1320,636,215,1023,127
837,682,376,1007,492
784,866,510,788,562
957,888,443,936,429
946,881,517,952,544
806,587,274,587,251
1143,988,556,1169,531
1450,697,178,896,99
996,704,346,823,391
1302,2364,1573,2057,1738
963,22,1,0,0
1774,1544,888,1719,780
776,981,599,786,557
553,20,1,0,0
1012,35,0,0,1
670,28,0,0,0
1273,1946,1556,2553,2130
488,325,138,398,166
774,36,0,0,0
1384,1192,652,1400,660
712,1064,782,1109,1014
550,17,0,0,0
1130,836,518,1142,689
1124,34,3,1,0
461,16,2,0,0
195,5,0,0,0
502,24,1,0,0
760,14,0,0,0
643,33,0,0,0
914,824,530,1042,664
2293,888,261,1088,134
836,1071,604,772,608
828,970,630,925,659
1905,1528,716,1456,678
1940,110,1,0,0
712,456,251,476,202
654,16,0,0,0
800,779,484,877,506
696,1055,730,956,742
580,171,63,244,41
1048,19,0,0,0
857,833,510,912,502
836,782,510,969,547
704,68,1,0,0
798,26,0,0,0
1070,1445,939,1504,1177
1487,785,273,1356,186
1970,49,0,1,0
736,28,0,0,0
850,1213,692,840,563
982,885,542,1218,627
384,20,0,0,0
696,903,564,963,681
926,874,540,1004,581
593,8,0,0,0
2194,1940,1228,2616,1421
1640,1546,792,1814,756
1107,1017,584,1146,526
858,4,0,0,0
686,837,443,626,430
923,44,1,1,0
815,708,460,887,494
888,671,284,639,216
349,16,0,0,0
894,1154,761,1049,684
678,8,0,0,0
784,690,428,908,452
949,442,103,542,41
604,19,2,0,0
544,754,616,840,818
1066,932,528,1264,624
560,25,1,0,0
790,483,141,529,55
314,16,1,0,0
287,10,0,0,0
742,752,456,946,476
491,14,1,0,0
837,976,600,800,604
684,19,0,0,0
1390,619,193,901,87
1328,1144,608,1163,510
551,786,502,686,545
650,11,0,0,0
798,991,769,979,846
1051,8,0,0,0
594,32,1,0,0
971,20,0,0,0
1039,719,248,1168,122
746,28,0,0,0
772,40,2,2,0
368,11,0,0,0
624,934,655,829,604
650,836,630,816,661
841,434,182,774,127
488,14,0,1,0
548,8,0,0,0
626,3,0,0,0
360,24,0,0,0
592,10,0,0,0
608,15,0,0,0
604,26,0,0,0
336,364,216,428,226
705,478,226,504,198
628,454,250,450,202
927,662,360,999,489
826,803,442,1022,480
570,289,95,513,48
628,5,0,0,0
3133,155,1,1,0
714,907,610,944,628
773,698,371,790,350
648,496,256,670,328
908,11,0,0,0
704,495,293,576,336
480,27,0,0,0
1600,1412,765,1754,884
853,712,368,658,312
636,16,1,0,0
409,450,234,519,286
666,654,331,719,372
472,24,0,0,0
582,484,234,428,212
909,758,400,862,368
511,474,236,575,278
774,642,315,800,366
658,363,92,445,63
653,710,479,551,440
599,704,460,817,537
356,222,109,332,125
625,554,296,566,244
550,847,538,614,478
540,10,1,0,0
267,349,307,300,264
1464,828,402,974,358
809,712,410,864,422
1136,861,434,956,460
1098,1616,1240,1631,1215
972,525,163,836,125
730,1175,795,1425,1194
670,18,0,1,0
641,774,499,677,563
960,1411,1129,1538,1371
410,16,1,0,0
1263,1188,628,1233,556
220,11,0,0,0
1052,6,0,0,0
948,482,168,665,81
1107,39,1,1,2
869,736,422,958,498
523,12,0,0,0
874,47,1,0,0
656,29,2,0,0
764,632,354,714,325
707,766,440,941,538
1042,998,592,985,566
690,552,329,538,292
799,16,0,1,0
606,12,0,0,0
576,344,110,493,68
488,15,0,0,0
302,10,0,0,0
716,586,356,676,298
437,3,0,0,0
594,26,0,0,0
842,387,119,554,61
462,37,2,1,0
1029,32,1,0,0
879,982,679,947,724
803,749,398,1042,522
33,41,24,90,33
780,825,416,994,428
785,16,0,0,0
1054,444,134,676,75
733,590,396,810,391
2208,1254,425,2300,289
655,408,157,1010,143
523,547,338,662,336
564,769,611,657,691
724,766,486,995,570
680,32,0,1,0
377,13,0,0,0
1545,1586,952,2034,1218
848,698,362,887,456
914,724,369,824,414
1476,385,107,413,50
752,610,299,591,234
1076,29,0,0,0
439,321,140,326,143
1226,51,0,0,0
1051,1128,752,1470,886
908,578,354,698,338
1244,20,0,0,0
876,486,165,896,119
916,684,319,628,224
559,795,714,892,815
493,19,2,0,0
664,564,290,538,276
1122,1291,850,1090,672
863,444,101,565,54
588,628,384,744,414
774,346,119,524,56
588,402,236,380,200
740,797,439,531,418
422,18,0,0,0
387,16,0,0,0
720,594,348,498,281
541,8,0,0,0
592,10,0,0,0
770,27,1,0,0
841,771,450,906,428
829,612,337,666,252
722,600,368,782,432
907,796,365,870,351
612,13,0,0,0
767,50,1,0,0
844,606,317,870,446
887,764,476,1058,540
480,14,2,0,0
887,700,373,622,358
1300,650,186,924,93
1149,742,259,988,271
876,778,439,870,398
1020,735,392,704,322
888,794,462,1023,468
654,724,470,922,587
801,566,322,555,258
674,888,598,664,526
1117,98,0,0,0
396,10,1,0,0
324,25,1,0,0
978,42,1,0,0
1145,1367,864,1894,1012
1231,12,0,0,0
652,65,0,0,0
600,18,1,0,0
698,32,0,1,0
1288,25,0,0,0
665,504,331,584,352
745,1330,958,1549,1297
610,563,370,563,379
211,6,0,1,0
671,26,0,0,0
300,469,316,857,611
897,804,487,866,536
772,18,0,0,0
1745,1294,556,1404,492
448,301,188,314,141
937,422,107,552,66
866,710,406,625,316
378,20,0,1,0
490,263,81,394,46
378,16,2,0,0
889,1050,575,1330,661
918,770,409,880,392
340,318,86,336,74
784,1011,664,884,657
1026,468,134,728,99
319,10,0,0,0
898,45,3,0,0
706,23,0,0,0
987,684,350,771,386
574,20,0,0,0
561,716,380,936,482
510,364,226,416,232
738,11,0,0,0
1068,872,423,816,359
627,606,364,738,420
814,433,102,580,57
1026,970,566,1322,805
591,34,0,2,0
1024,1578,1151,1553,1268
894,916,600,1137,614
476,179,69,307,27
799,710,356,809,466
1441,56,1,2,0
571,589,356,655,396
692,633,373,814,439
388,22,0,0,0
1105,1125,694,1411,701
793,594,302,509,262
646,562,342,824,438
1018,855,503,1060,482
677,868,510,735,500
2214,1498,488,2791,388
646,388,82,645,56
994,474,164,851,110
605,566,248,682,278
728,1079,781,1075,858
795,784,440,914,510
844,648,324,747,342
1022,794,432,871,402
837,673,382,702,374
1892,1700,1005,2010,1042
961,999,536,965,452
491,374,120,519,106
454,5,0,0,0
444,18,0,0,0
616,428,163,517,110
732,662,388,684,307
823,849,392,915,388
1172,1262,921,2204,1414
439,22,0,0,0
914,22,0,0,0
1009,1273,788,1710,1076
376,22,0,0,0
1086,1328,852,1804,1028
552,516,324,514,331
1069,727,448,1088,448
2086,1988,1568,2314,2074
514,923,708,939,743
1156,1573,1005,2002,1274
602,16,1,0,0
847,34,0,0,0
922,14,0,0,0
822,856,474,736,324
638,18,0,0,0
473,484,318,543,243
712,608,351,742,366
930,840,482,852,408
2755,40,0,0,0
900,28,1,0,0
502,418,240,506,234
739,19,1,0,0
693,18,0,0,0
992,848,470,967,486
3041,99,0,1,1
1688,110,2,2,0
1186,62,0,3,0
885,55,0,0,0
1021,1162,636,1365,692
962,36,1,1,0
556,22,0,0,0
932,1002,546,1224,532
433,24,1,0,0
1168,785,249,968,126
452,378,200,394,156
768,781,445,686,343
1061,1058,560,1408,736
716,656,401,695,367
777,37,0,0,0
1140,1459,866,2011,1184
865,354,89,784,79
638,18,1,0,0
1146,42,0,1,1
722,635,336,738,438
622,324,132,500,141
930,780,328,1219,306
886,893,582,1120,567
1112,1173,686,1501,699
970,1104,589,1240,616
521,16,1,0,0
606,766,428,836,458
698,688,444,965,559
866,534,186,626,83
1558,1760,1000,1944,934
833,909,456,860,394
694,14,0,0,0
1239,958,544,1233,629
1341,33,1,1,0
656,22,0,0,0
1711,1652,945,1792,918
1014,928,522,1082,490
750,734,446,732,355
1206,1074,554,893,411
722,51,0,0,0
784,41,2,0,0
542,585,286,845,336
638,22,2,0,0
1194,1225,580,1294,518
744,40,0,0,0
568,252,152,765,77
363,480,275,556,285
1565,1014,402,1368,402
681,29,1,0,1
692,513,250,502,230
1865,1591,896,1974,1012
2218,2218,1198,2304,1086
1153,970,486,775,417
1390,1318,742,1440,700
1298,951,298,1347,114
1171,1164,654,1262,630
964,940,486,972,424
938,1146,676,1402,641
956,66,1,0,1
647,12,0,0,0
916,880,534,1168,581
684,1040,677,825,633
718,18,2,0,0
1083,1057,634,1204,555
834,1000,582,1130,498
791,26,1,0,1
758,18,1,0,0
2139,2222,1405,2606,1711
1050,1352,938,1024,773
960,53,1,0,0
994,1084,715,1732,840
801,40,0,0,0
626,1207,752,1230,909
1050,1094,612,1196,585
574,18,0,0,0
762,704,382,679,326
578,668,394,876,452
423,154,32,208,18
1029,1298,800,1895,989
791,24,1,0,0
798,22,1,0,0
694,748,442,1192,636
816,1036,640,1553,772
722,22,1,0,0
670,1182,787,967,711
864,619,276,578,244
2144,45,0,0,0
461,8,0,0,0
1360,32,0,0,0
1304,1306,689,1590,768
963,51,1,1,0
1098,1467,898,1854,1021
1928,75,4,0,0
1288,1616,948,2497,1248
820,860,469,953,420
406,38,0,0,0
612,26,0,0,0
973,42,0,1,0
1342,1876,1033,2216,1160
425,48,0,1,0
856,18,0,0,0
868,36,2,0,0
589,448,266,504,226
350,16,1,0,0
586,646,524,667,565
1096,1010,739,1316,1010
1310,50,1,1,0
387,25,0,0,0
523,38,1,1,0
1008,1154,736,1608,869
492,768,593,1420,968
692,34,1,0,0
542,8,0,0,0
1088,1175,728,1566,818
918,28,0,0,0
815,875,560,1245,632
472,39,0,0,0
876,19,0,0,0
998,1140,608,1186,518
794,417,118,622,64
651,597,326,598,311
1402,1195,652,1244,566
275,232,124,314,174
631,41,1,0,0
1024,1102,622,1281,600
661,50,1,1,0
930,1124,644,1412,599
1102,1064,588,1052,448
1164,1263,807,1720,944
602,33,0,0,0
748,913,550,1000,598
851,12,1,0,0
737,1314,892,1198,963
792,936,530,846,475
632,594,374,646,388
1046,670,252,1243,148
922,19,0,0,0
635,14,2,0,0
868,781,445,917,497
1232,34,0,0,0
1777,46,2,0,1
1202,1366,742,1892,902
756,664,348,632,292
1003,1092,528,1232,517
778,52,0,0,0
662,9,0,0,0
593,494,182,778,120
796,1791,1265,1738,1233
598,32,0,0,0
1046,1842,1366,2210,1803
735,198,31,165,6
952,29,0,0,0
728,736,414,984,422
1378,1433,689,1296,576
746,380,214,526,269
815,37,1,1,0
1001,881,500,840,452
862,23,0,0,0
1142,32,0,0,0
1117,1232,663,1590,792
653,8,1,0,0
940,853,492,957,488
954,1008,627,1387,655
813,10,0,0,0
587,11,0,0,0
840,30,0,0,0
1409,1709,904,2052,905
1067,1122,562,1000,468
876,904,528,1152,454
724,24,1,0,0
928,890,579,1180,704
658,518,324,568,274
883,700,378,722,303
1750,1463,642,1386,520
1312,72,2,1,0
1044,1180,672,1390,668
747,893,452,958,468
662,762,462,974,543
604,30,1,0,0
784,817,498,961,449
800,824,478,958,432
936,1092,652,1160,656
836,38,1,0,0
672,588,312,638,246
866,919,606,1342,684
1120,1350,747,1538,878
766,891,568,998,515
1001,1072,552,1050,476
1007,29,2,0,0
472,768,602,706,655
1449,1665,985,1908,1014
866,776,474,958,502
697,684,358,648,280
1282,16,0,0,0
1295,1072,559,1675,754
1027,1240,746,1606,923
606,40,1,1,0
836,878,552,1008,604
802,22,0,0,0
746,13,0,0,0
734,20,1,0,0
1048,30,0,0,0
861,1075,726,1374,798
881,872,518,1039,666
1181,751,209,1143,136
1054,896,365,1075,310
2118,1799,956,1676,843
636,524,296,560,238
1072,1350,776,1779,810
1113,1373,908,1888,1024
1146,758,421,932,382
1451,982,530,1843,684
728,44,1,0,0
934,1178,748,1516,897
1914,85,0,1,0
935,1100,686,1392,803
893,934,539,962,464
689,625,344,642,284
654,38,0,1,0
909,897,513,996,492
576,26,0,0,0
752,816,450,850,363
852,930,606,1198,718
665,42,0,0,0
575,26,0,0,0
668,34,2,0,0
710,18,0,0,0
1920,1377,691,1530,722
1427,1281,594,1296,554
780,824,503,1154,540
672,826,555,1063,598
670,387,123,576,66
616,40,1,0,0
567,16,0,0,0
1657,2005,1130,2710,1511
346,418,248,542,301
788,39,0,0,1
1465,669,232,951,109
810,1030,561,1138,517
868,49,0,0,0
412,841,617,912,784
498,530,276,663,260
504,559,322,548,298
632,806,482,956,496
603,692,443,955,508
907,1351,862,1036,740
1332,1496,1013,1804,1224
780,591,148,1009,134
1443,2430,1651,2776,2256
857,42,1,0,0
890,980,584,1046,507
806,454,118,546,124
1613,2182,1200,3046,1548
812,770,396,950,468
302,389,272,501,307
457,31,1,0,0
967,1259,724,1431,742
646,852,532,1041,650
982,1136,648,1436,674
896,455,162,791,100
902,480,159,545,73
1117,1394,833,1768,984
1180,988,500,1028,364
478,15,0,0,0
374,4,0,0,0
1576,928,269,1501,229
2388,75,2,0,0
858,996,467,934,420
670,600,300,715,258
499,10,0,1,0
828,491,132,721,78
1755,48,2,0,1
488,586,312,680,376
446,500,248,524,236
1553,28,0,0,0
580,785,454,1014,505
806,22,1,0,0
812,1186,774,1226,947
126,176,98,281,187
2005,88,2,2,0
1623,884,199,1167,114
260,11,0,0,0
567,8,0,0,0
719,709,360,668,300
804,887,449,912,386
1072,1120,712,1564,842
361,16,0,0,0
1098,1144,728,1424,832
856,1037,694,1198,665
886,513,176,874,100
655,6,0,1,0
499,0,0,0,0
944,1240,654,1479,648
646,978,621,872,716
778,802,480,973,432
1201,822,482,1018,406
1492,938,274,1511,203
1625,1453,882,1778,850
552,8,0,0,0
829,33,1,0,0
737,713,408,996,481
907,1156,748,1423,879
720,36,0,0,0
690,447,138,660,61
294,11,0,0,0
798,32,2,0,0
814,1202,747,1702,976
687,715,416,738,332
592,736,557,950,605
687,32,0,0,0
586,34,0,0,0
484,16,1,0,0
2038,1292,624,1210,479
3466,1974,609,3225,375
2334,1212,433,1819,404
844,40,2,1,0
1016,1068,580,1376,652
1701,108,4,0,0
1135,1243,716,1454,860
671,44,1,0,0
267,8,0,0,0
612,28,0,1,0
706,501,132,621,78
1002,1310,706,1574,714
1003,35,1,0,0
748,986,508,1370,574
590,1047,711,1247,1098
792,1614,1259,1444,1373
545,434,164,648,104
671,872,548,896,512
730,40,0,0,0
727,778,424,995,420
2694,1272,406,2180,269
1498,1616,886,1796,821
1522,1564,1028,2174,1154
1320,84,4,1,0
1171,38,1,0,0
749,856,472,968,538
639,670,359,766,368
516,379,187,447,172
726,231,117,558,64
581,28,0,0,0
663,695,364,722,362
204,15,1,0,0
804,822,542,1010,622
542,6,0,0,0
1991,1990,938,2124,838
960,1018,613,1346,620
485,785,502,610,439
1753,79,3,0,0
1253,14,0,1,0
1420,36,1,0,0
1282,64,1,2,0
754,780,546,926,625
1052,101,1,0,0
621,42,2,0,0
1018,48,0,1,0
626,30,1,0,0
841,1114,670,1521,739
720,760,424,676,316
417,24,0,0,0
530,57,4,0,0
1280,725,218,1273,140
770,18,1,0,0
628,471,250,578,222
1512,1700,1077,2160,1200
1564,2251,1522,1990,1639
715,66,2,0,0
736,51,0,0,0
944,1186,754,1498,889
791,27,0,0,0
776,717,355,730,332
362,24,1,0,0
814,1045,658,1138,614
724,63,2,0,0
1152,70,2,2,0
991,1104,598,1455,812
656,630,156,842,106
882,1138,700,1580,902
712,880,504,1187,692
786,30,1,1,1
730,44,2,1,0
1104,972,500,928,362
650,53,1,3,0
417,41,0,0,0
1438,68,1,1,0
1104,1227,648,1318,590
977,1031,530,1078,512
505,492,225,466,198
1190,1275,692,1459,692
786,32,0,0,0
528,22,0,0,0
702,759,420,786,432
706,876,416,820,356
684,35,1,0,0
1122,1296,794,1778,934
338,172,70,293,41
700,636,292,691,227
1036,1194,658,1262,673
1116,917,547,1074,508
1449,96,3,0,0
691,816,447,1037,402
1103,739,188,1159,135
742,868,411,832,395
734,413,95,614,62
1153,31,0,0,0
290,298,131,272,94
749,1020,743,948,744
806,30,1,0,0
1002,44,1,0,1
724,34,0,0,0
631,37,1,1,0
442,767,495,541,421
522,9,0,0,0
499,20,1,0,0
1741,2548,1403,2109,1498
2453,2484,1230,2390,1034
1012,1162,618,1300,528
786,790,428,757,360
1449,1496,788,1514,664
619,716,450,733,389
1398,1424,753,1746,754
852,36,0,1,0
690,821,548,1093,691
663,1374,961,1180,1012
1131,1041,560,1055,529
1147,50,0,0,1
264,4,0,1,0
1082,510,118,669,75
510,12,0,0,0
1158,798,238,1258,156
546,485,278,713,372
596,30,0,0,0
1220,880,277,1437,177
850,41,1,0,0
1675,1668,898,1719,740
1014,1529,971,2028,1166
986,1026,572,1114,563
810,90,1,3,0
974,605,194,815,130
780,752,251,1521,274
502,19,0,0,0
863,550,146,740,76
966,1004,493,1073,500
950,966,517,1154,580
889,36,0,0,1
610,30,1,0,0
475,14,0,0,0
774,26,2,0,0
1403,1506,768,1375,678
1426,1430,772,1582,726
2352,1610,465,2329,280
1004,1058,623,1211,726
1503,1388,740,1370,611
813,1497,1079,1521,1223
1178,1558,878,2104,1069
800,41,1,0,0
710,949,517,1178,556
851,1021,646,1395,784
736,482,120,542,72
977,844,410,878,340
834,1089,658,1432,784
734,32,0,0,0
633,18,0,0,0
882,33,1,0,0
608,17,1,0,0
890,1496,966,1435,958
800,18,0,1,0
1184,934,478,908,408
1311,1395,752,1536,754
1985,84,1,1,0
1132,799,271,1506,232
876,776,419,1165,492
1146,406,110,688,93
986,1126,655,1438,678
575,40,1,0,0
732,39,2,0,0
1343,906,235,1044,100
359,14,0,0,0
1199,2236,1781,2591,2364
817,1477,1012,1409,1110
1040,664,164,957,122
854,902,499,992,512
731,12,0,0,0
930,36,0,0,0
564,1039,873,1034,1002
963,1037,647,1318,642
535,22,0,0,0
2038,1148,313,1437,131
1461,1170,552,1233,481
1412,1260,670,1232,568
1326,779,232,1128,128
1164,1091,520,1104,426
790,976,552,1258,698
880,992,605,1222,587
514,536,319,745,419
337,3,0,0,0
976,681,224,1261,168
476,576,299,602,275
1056,1047,585,1128,594
946,956,528,834,394
644,46,0,0,0
472,452,272,550,305
628,707,373,704,299
430,31,1,0,0
589,710,392,1055,574
706,710,368,694,283
792,567,203,1003,129
880,575,181,1003,101
1075,1264,716,1228,623
462,12,1,0,0
970,16,0,2,0
745,32,2,0,0
1018,1010,520,1082,450
628,906,637,769,698
945,42,1,2,0
876,34,0,0,0
352,645,453,851,758
867,940,566,1142,645
682,28,0,0,0
849,799,432,833,440
918,32,1,0,0
976,28,0,0,0
530,56,2,0,0
1117,1116,625,1448,791
1530,1769,910,1692,760
709,26,0,0,0
510,28,1,0,0
590,656,325,696,288
650,758,442,988,494
1166,34,0,1,0
684,20,0,0,0
563,23,0,0,0
1558,1746,909,1820,826
596,16,0,0,0
1089,1120,696,1358,851
1860,1992,1276,2642,1452
375,30,1,1,0
840,1024,622,1390,714
661,43,1,0,0
1436,1912,967,2230,932
598,1127,830,1126,950
940,562,170,749,50
966,1340,759,1417,738
994,1056,546,870,440
583,61,2,0,0
984,2077,1653,2084,1810
318,458,244,606,314
670,36,1,0,0
719,666,440,782,417
364,334,180,334,148
1518,50,1,0,1
1102,1026,553,950,404
1104,26,0,0,0
894,1254,716,1382,662
566,1163,901,1326,1138
972,1276,766,1587,798
854,43,0,0,0
975,46,0,0,0
720,44,0,0,0
626,704,468,1124,627
1228,621,161,782,98
874,57,3,0,0
995,529,155,693,92
345,205,68,426,60
658,46,2,0,0
1380,54,2,0,0
594,31,0,0,0
2916,1194,354,1728,211
768,42,2,1,0
1391,1440,886,1952,1052
647,26,1,0,0
729,1383,901,1276,955
974,1200,720,1404,706
1295,2213,1545,1751,1379
789,881,463,815,425
692,759,430,844,420
668,634,328,605,246
699,1058,572,1302,646
609,24,0,0,2
626,26,1,0,0
1058,950,565,1142,644
360,6,1,0,0
607,538,289,678,266
800,669,285,734,239
738,40,1,1,0
980,24,0,0,0
1448,612,213,883,101
3922,2382,689,3778,453
1168,39,2,1,0
1824,1649,926,1652,751
706,1024,559,1172,664
1123,1022,645,1371,806
906,938,508,906,436
922,706,390,738,386
1043,2074,1402,2293,1839
954,1556,1085,1530,1158
416,47,0,0,0
874,1263,773,933,772
502,154,42,71,23
436,38,1,0,0
913,26,0,0,0
1269,111,2,1,0
1635,2078,1205,1800,1135
1421,1546,724,1570,718
629,33,1,1,0
904,1768,1118,1938,1496
907,970,484,846,394
831,910,460,1028,442
950,1340,836,1241,870
534,10,0,0,0
655,1052,638,1153,669
940,37,0,0,0
758,42,0,0,0
860,774,508,1050,560
886,12,0,0,0
778,823,441,719,346
1264,29,0,0,0
930,800,456,872,406
1432,1662,846,1510,634
1425,1244,641,1064,518
994,1325,779,1540,869
2135,2740,1564,3132,1562
1831,1698,910,1844,824
822,905,452,1042,410
1047,1133,672,1338,636
900,872,456,1036,454
840,13,0,1,0
767,23,1,0,0
658,1223,826,1079,767
848,986,556,1312,616
1210,42,0,0,0
1259,32,0,0,0
1310,68,2,1,0
1830,1660,838,1488,648
1089,670,174,890,95
329,23,1,1,0
1006,993,550,1207,586
571,522,276,782,292
1160,1218,596,1134,448
523,30,1,0,1
749,469,156,716,89
736,616,165,941,79
578,6,0,0,0
562,414,97,524,50
1170,1318,645,1414,578
684,676,450,772,398
658,816,542,1036,594
930,1378,854,1816,1010
2022,84,3,0,0
2010,1682,741,1700,708
1950,2148,1142,2265,1062
470,832,488,509,437
1052,1316,744,1524,750
1077,1392,711,1652,772
1200,1441,944,1972,1088
1004,1278,781,1784,914
782,12,0,0,0
749,840,522,1086,586
676,826,432,832,358
870,562,176,817,108
522,690,398,1065,590
1218,855,241,1477,159
1202,706,189,816,87
646,991,611,730,611
792,508,132,563,79
3331,3528,1958,4466,2180
2148,2276,1318,3124,1500
1159,1281,829,1469,884
1936,1730,893,1597,626
626,27,2,0,0
2628,2430,1340,2536,1342
476,10,0,0,0
681,696,348,742,318
447,1003,897,1169,1146
502,16,1,0,0
1215,1217,740,1414,680
690,29,0,1,0
411,14,0,0,0
706,354,126,397,61
871,993,626,1029,577
1071,74,4,1,1
1085,996,644,1324,666
552,930,604,921,651
1660,1242,387,1756,181
1591,63,2,0,1
691,8,0,0,0
821,46,2,1,0
1854,1554,841,1654,772
721,40,1,0,0
688,1268,1073,1404,1313
711,965,628,1377,785
864,68,2,0,0
1231,759,222,1047,100
433,574,312,588,308
475,588,373,698,338
730,793,524,978,684
34,1,0,0,0
1542,1432,840,1818,1094
1186,1235,739,1552,672
528,26,0,0,0
476,26,0,0,0
1162,75,1,2,1
1037,1078,694,1455,734
1110,1167,579,1145,550
684,30,1,0,0
756,638,195,1134,166
884,1090,557,1106,480
589,32,0,0,0
760,816,412,1014,467
761,12,2,1,0
485,906,635,653,576
768,836,554,1143,632
848,844,424,934,349
1394,1455,680,2048,802
1991,2182,1083,2240,1014
754,35,1,1,0
2041,2083,1102,2018,912
599,828,424,821,359
644,26,0,0,0
735,50,2,0,0
839,32,1,1,0
714,810,424,1380,622
496,707,384,729,373
1006,20,0,0,0
1292,1454,886,1450,802
1643,1054,338,1514,147
779,274,89,475,60
554,969,759,1126,1037
1642,985,308,1410,160
1910,104,2,1,1
928,893,502,994,486
507,18,1,0,0
391,324,140,442,106
818,60,0,0,0
968,1165,742,1635,918
1045,1253,682,1521,676
634,844,464,920,502
924,988,592,1116,576
546,36,2,0,0
818,586,303,548,220
520,764,496,882,544
1041,1166,702,1510,702
1131,828,402,1002,358
1008,34,0,0,0
788,34,0,0,0
1904,2008,944,2006,827
1046,1637,1048,1483,1045
622,448,127,622,95
657,28,1,0,0
887,1811,1348,2130,1532
1094,1576,871,1758,934
522,20,1,0,0
491,557,344,649,310
629,880,482,899,444
749,938,532,1055,474
892,613,163,649,78
542,756,424,1034,578
442,545,278,493,230
1015,30,1,0,0
728,698,359,651,331
879,44,3,0,0
804,1505,1076,1340,1123
670,1137,746,842,631
858,824,513,997,592
1027,1070,596,1152,546
428,833,609,697,591
1048,1336,931,1653,1128
935,529,183,896,119
712,37,1,2,0
1000,1233,752,1565,915
738,900,480,900,450
757,966,618,1298,722
774,940,566,1154,602
773,1181,834,1087,875
592,708,378,725,372
1032,1317,708,1612,859
820,19,0,0,0
1252,1252,626,1339,603
676,670,394,786,316
1166,56,0,0,0
829,42,0,1,0
2142,123,5,1,0
1197,1220,715,1257,671
1065,33,0,0,0
741,26,0,0,0
1286,2346,1771,2669,2383
510,71,6,1,0
480,22,1,0,0
478,20,3,0,0
619,30,0,1,0
736,1315,955,1416,1205
1042,1088,567,1076,506
856,1663,1329,1555,1451
889,1278,778,1447,875
572,41,0,0,0
1097,1532,926,2038,1148
487,58,1,0,0
469,27,1,0,0
1222,1286,784,1809,981
828,744,313,1064,393
1159,1338,780,1718,954
1008,1138,628,1357,656
1214,1448,826,1620,854
852,1140,675,1342,822
671,698,398,910,407
692,890,472,926,462
1214,848,249,1435,166
542,692,396,860,413
1008,1288,805,1453,802
1560,976,340,1583,200
443,22,0,0,0
491,751,677,790,700
1083,784,240,1058,100
804,565,173,872,129
1040,1574,1085,1255,1075
906,32,1,0,0
1253,1604,918,2312,1250
1125,1258,720,1293,667
1238,954,434,1216,422
894,11,0,0,0
1143,639,217,969,119
622,1123,794,951,753
1000,622,204,963,136
856,889,504,1064,563
676,38,0,0,0
951,32,1,0,0
1327,1946,1316,1734,1370
852,50,0,0,0
1120,1250,770,1520,855
642,1104,746,1071,824
938,798,237,1287,178
758,818,480,910,484
644,740,504,756,509
775,1367,847,1381,863
1163,1364,860,1920,1078
654,1046,745,779,598
1264,1330,728,1415,660
814,75,1,1,0
330,597,336,862,579
1100,727,190,1145,141
956,1388,762,1534,820
1014,1812,1257,1616,1297
846,63,0,0,0
640,42,1,0,0
1082,1192,716,1313,658
1494,1826,1039,1954,1011
1080,1452,706,1385,694
1581,1658,832,1735,784
940,1268,766,1764,988
769,1029,636,1007,764
764,1239,815,1193,804
934,75,3,1,0
912,28,2,0,0
946,1015,614,1297,722
902,66,1,0,0
1647,1578,941,2003,1062
1516,1778,968,2069,1060
849,747,417,886,336
1044,31,1,0,0
712,35,1,1,0
926,36,0,0,0
996,59,1,3,0
865,910,590,1239,694
606,508,269,480,176
1033,46,0,1,0
1183,1296,802,1886,974
1078,23,0,0,0
920,768,382,765,344
1378,33,0,0,0
1532,1642,865,1805,924
894,40,0,0,0
909,60,6,1,0
692,48,1,2,0
893,44,0,0,0
838,1634,956,1463,899
814,1478,1073,1725,1405
936,1050,691,1457,754
591,9,0,0,0
1420,1480,902,1654,854
904,29,1,0,0
1310,1238,669,1280,647
1533,1582,852,1539,729
1678,3184,2282,4147,3542
2444,1975,626,3539,514
1132,1398,764,1700,800
1180,1474,740,1504,664
924,25,0,0,0
1556,1748,1079,1750,1271
1083,1236,746,1406,822
900,3,0,0,0
569,22,0,0,0
574,52,1,0,0
1054,1262,630,1272,578
1034,44,1,0,1
791,1104,658,1244,716
912,40,2,0,0
968,1161,715,1274,763
791,23,2,0,0
918,36,4,0,0
1406,882,270,1454,155
1120,984,311,1760,247
2382,3624,2633,3702,2991
286,24,1,0,0
821,1426,1018,1246,1001
566,1299,982,1069,1070
742,22,0,0,0
953,966,543,1054,522
1318,1282,678,1212,486
1094,1160,684,1277,774
1038,300,93,103,32
794,711,355,728,288
750,814,561,955,616
1006,1160,626,1023,538
494,36,3,0,0
1264,1499,884,2000,1160
1059,1182,649,1315,650
960,985,554,1173,581
839,36,1,0,0
906,1287,752,1045,725
1509,1381,697,1660,670
1052,27,1,1,0
1106,1118,549,1062,416
1113,1058,560,1170,586
1091,1132,758,1560,873
1181,971,488,905,374
856,28,1,0,0
958,1081,748,1420,852
394,305,100,398,53
578,13,1,0,0
1144,1248,674,1204,506
1363,765,238,1325,186
490,11,0,0,0
782,35,0,0,0
1422,38,1,0,0
1201,1364,774,2138,1118
606,6,0,0,0
703,20,1,0,0
991,1003,601,1332,643
563,32,1,0,0
1326,1212,573,1140,464
1253,1468,781,1883,924
558,24,0,0,0
787,25,0,0,0
615,29,1,0,0
545,690,440,887,470
786,474,240,576,209
907,1066,546,970,468
800,898,590,1236,794
863,24,0,0,0
1003,822,376,1048,372
854,65,0,2,0
939,40,0,0,0
884,595,169,849,79
660,476,357,832,650
717,38,1,0,0
511,29,1,0,0
696,906,562,1048,644
602,42,0,0,0
1310,1892,1044,2258,1120
932,27,0,1,0
388,65,3,0,0
1113,1141,675,1257,617
766,34,0,0,0
1055,592,166,778,78
805,674,389,786,339
858,39,1,0,0
481,575,332,592,352
832,824,492,929,469
837,923,638,1185,576
958,1390,816,1752,907
594,30,0,0,0
776,1533,894,1329,992
781,1046,611,1031,566
822,1080,662,1468,916
700,38,3,0,0
996,946,473,913,396
963,656,379,720,347
545,14,1,0,0
874,946,460,1162,457
618,26,0,0,0
905,769,478,1014,498
1286,74,2,0,0
1097,1024,637,1470,804
1886,97,2,1,0
1734,1382,718,1209,563
618,569,372,688,366
710,38,2,0,0
1042,54,0,0,0
1236,916,281,1177,138
1943,1902,1170,2748,1400
793,994,576,1256,538
932,1094,552,1152,520
2616,2337,1226,2264,1007
597,792,486,836,463
831,746,376,811,356
785,28,1,0,0
2573,2488,1414,3035,1506
1458,39,0,0,0
1736,1938,1142,2761,1431
1035,1044,585,1134,586
1532,1452,906,1747,850
632,469,164,509,85
568,905,525,802,513
734,16,0,0,0
946,54,0,0,0
508,50,1,0,0
610,27,0,0,0
812,964,560,1148,561
954,1274,777,1522,908
574,8,0,0,0
855,1182,794,1637,1022
1084,498,145,599,64
1182,792,282,1195,171
372,463,304,680,344
1935,99,6,0,0
650,676,373,810,364
1238,52,1,4,2
932,1359,880,1563,1274
1529,1774,1112,2391,1415
694,758,402,845,324
806,408,191,522,86
1392,1411,776,1540,742
1312,1411,692,1354,600
504,1086,756,815,594
831,1014,612,1206,780
1082,26,0,0,0
801,16,0,0,0
773,1338,806,920,758
758,23,1,0,0
1100,974,530,1207,557
1344,61,0,0,0
556,34,0,0,0
811,35,1,0,0
598,636,352,656,325
781,1466,937,1141,904
330,645,458,606,468
886,1186,818,1603,951
789,24,0,0,0
819,891,536,1014,546
925,34,1,0,0
688,34,1,0,0
696,650,376,520,282
446,234,86,329,52
3703,3012,1534,3624,1663
740,16,0,0,0
1557,1871,1202,2458,1491
1160,62,1,0,0
728,762,496,966,553
832,776,422,692,355
958,46,0,1,0
692,34,1,1,0
990,1176,766,1413,890
544,23,1,0,0
838,882,428,831,348
743,30,1,0,0
1493,1549,890,1776,828
604,14,0,0,0
828,692,398,1034,542
858,644,226,789,176
406,26,0,1,0
1133,1172,660,1382,652
1395,2228,1872,2533,2469
1098,1270,768,1723,984
1551,1614,855,2030,1106
670,72,3,0,0
1384,1308,683,1420,730
1841,894,341,1609,200
749,45,1,1,0
412,1001,736,889,762
563,690,358,803,328
336,29,1,0,0
1044,1160,566,1063,512
929,29,2,0,0
849,714,395,913,446
1541,1571,896,1962,965
2682,2130,1202,2220,1094
1180,69,1,0,0
864,1143,678,1020,704
684,50,4,0,0
1016,75,2,0,0
868,968,470,1004,423
747,42,1,0,0
592,50,0,0,0
552,543,278,620,248
1091,1232,764,1936,945
696,1433,943,1388,1077
1046,648,197,944,127
865,944,525,1061,458
1035,1104,662,1464,756
1432,1218,564,1122,470
866,57,1,4,0
1254,1386,765,1504,776
2796,3587,2563,3597,2830
1391,1662,993,2178,1219
992,16,0,0,0
560,44,1,0,1
723,38,1,2,0
1219,1258,750,1589,776
1528,907,316,1408,206
725,869,470,1005,488
879,29,1,0,0
263,14,0,0,0
1033,1152,586,1445,670
1724,1088,361,1602,212
573,12,0,0,0
777,20,1,0,0
585,26,0,0,0
1898,1692,804,1716,740
624,59,1,0,0
1980,1278,428,2234,231
794,1026,640,1238,619
1124,47,0,0,0
911,852,577,888,536
912,945,512,940,514
502,35,2,0,0
1025,40,1,0,0
438,12,0,1,0
755,1174,822,1329,1014
1100,1199,730,1421,926
1808,88,1,1,0
688,842,462,760,374
1722,1586,782,1515,692
1426,897,235,1435,150
1150,2458,1761,2462,1921
620,1081,849,1256,1111
1126,1373,763,1638,880
179,17,5,50,5
714,74,0,0,1
694,834,560,1086,579
860,1106,718,1575,826
638,20,0,1,0
769,43,2,1,0
1126,1440,913,1722,1098
926,1127,757,1582,942
757,53,2,0,0
910,908,496,1089,569
2248,1697,868,1815,674
1032,578,212,1052,180
1420,72,2,1,0
711,1010,603,1326,729
952,74,3,0,0
1847,93,1,0,0
418,542,322,636,307
1100,1015,511,1027,488
752,551,154,626,49
837,24,0,0,0
590,17,0,0,1
976,68,1,2,0
930,42,1,0,1
1022,60,0,1,1
566,460,311,530,356
675,30,0,0,0
552,690,398,809,358
1312,1588,1028,1750,1004
1259,1361,739,1326,603
1004,38,2,0,0
575,32,1,0,0
1556,1606,807,1469,596
1672,1823,1154,2296,1004
2091,2096,1080,2314,1017
1082,1090,694,1424,850
1086,1248,733,1488,750
1246,1228,689,1435,702
952,1021,604,1293,644
474,55,1,0,0
394,336,145,370,154
872,906,496,778,398
1055,523,168,758,80
1152,1353,644,1582,726
1414,1045,288,1601,195
1654,63,1,1,0
1542,920,318,1540,228
1888,1618,836,1701,695
1539,1491,930,2252,1162
872,69,3,2,1
712,750,414,882,468
862,1074,608,1308,651
1375,92,3,0,0
352,9,0,0,0
1298,195,4,1,3
1067,36,0,1,0
940,1096,644,1448,712
1442,878,255,1268,135
808,47,2,0,0
626,32,2,0,0
1402,1444,803,1791,890
936,979,482,976,414
1253,754,206,848,101
1690,1830,912,1678,755
782,18,1,0,0
1758,77,2,1,0
1092,32,2,0,0
747,52,1,1,0
804,22,1,0,0
1649,1733,916,1948,962
684,1090,652,837,599
840,1084,593,1222,574
877,26,0,0,0
586,1404,1062,1468,1413
420,447,209,437,178
946,572,144,813,123
852,944,517,1378,731
1345,45,0,1,0
932,16,1,0,0
568,25,1,0,0
1481,1482,698,1504,690
911,679,231,817,148
970,47,0,0,0
854,798,454,1031,457
838,726,376,725,328
696,912,574,1172,774
999,18,0,0,0
617,12,0,1,0
720,746,471,1063,516
1391,677,174,945,115
899,998,558,1022,512
946,842,470,1132,546
442,23,0,0,0
1380,58,1,0,0
1196,974,292,1333,154
1259,2293,1477,2272,1822
882,699,374,690,286
1288,70,1,0,0
878,883,508,950,488
1543,1290,674,1358,536
1456,1352,863,1858,956
1762,1848,1004,1938,1021
1003,1036,506,1078,469
1078,1530,1046,1435,1094
1318,60,1,0,0
882,990,657,1332,806
1032,1165,693,1504,718
668,688,482,937,553
658,455,125,595,82
1297,1120,640,1240,627
761,33,0,0,0
806,895,462,925,371
1182,1229,658,1308,594
723,791,418,942,552
1115,1151,632,1030,505
962,12,2,0,0
1590,2004,1208,2412,1204
837,38,1,1,0
952,1054,633,1376,747
1086,1057,576,956,526
1450,1710,921,2204,952
1026,20,0,0,0
1076,1284,788,1708,848
763,32,0,0,0
504,316,102,487,53
801,736,374,654,316
611,680,390,630,376
549,22,0,0,0
331,19,0,0,0
1114,1166,636,1100,548
938,740,435,835,428
662,833,484,1042,516
1681,1763,916,2030,944
1016,561,189,656,98
669,47,1,1,0
786,43,1,1,0
976,856,560,964,498
691,409,118,559,58
1120,1192,688,1518,752
1170,16,0,0,0
980,918,544,1258,682
602,942,558,1260,706
945,377,130,829,142
660,382,96,373,51
90,2,0,0,0
321,4,0,0,0
926,984,494,1036,491
856,778,392,744,456
426,18,0,0,0
1366,1329,842,1584,848
1902,943,322,1491,179
1200,1526,910,1616,902
986,1308,722,1262,658
916,754,324,1132,329
581,1360,985,1376,1242
1201,1494,904,1760,977
1218,54,0,0,0
1142,1420,954,1908,1068
1103,1412,670,1533,678
575,642,374,800,371
750,644,366,672,292
701,36,0,1,0
968,1100,676,1259,752
1605,1664,876,1914,788
969,1182,634,1428,699
692,38,0,1,0
418,14,1,8,0
2446,3052,1783,3643,1862
1728,1866,977,1890,842
1191,972,564,1259,607
812,923,480,1052,422
784,54,2,0,0
1030,1296,868,1800,988
865,54,1,0,0
1097,952,561,1190,518
536,9,0,0,0
1105,1340,864,1954,1090
954,1159,733,1190,696
1088,1506,953,1854,1110
1410,1372,770,1326,692
1378,1771,1020,2494,1174
968,1342,952,1594,1046
1046,2206,1368,2236,1500
218,339,235,319,243
382,16,0,0,0
1197,1101,658,1400,663
1469,1772,964,1832,857
1244,1228,640,1292,562
765,46,2,0,0
855,42,1,0,0
700,640,366,776,356
992,36,0,0,0
952,1031,587,1243,707
828,982,546,960,548
960,924,437,978,440
1300,33,0,0,0
364,343,151,656,159
288,324,133,558,153
774,883,446,784,383
586,737,440,1030,593
1130,1292,692,1710,822
829,67,3,0,0
1540,1306,655,1422,608
349,15,0,0,0
318,15,2,1,0
911,47,1,1,0
722,862,478,900,451
1608,111,2,0,0
1352,1743,1015,2132,1199
869,824,429,871,327
1016,1089,640,1578,770
1668,28,0,0,0
960,864,423,954,397
1028,37,1,0,0
791,13,0,0,0
228,21,1,0,0
756,36,1,0,0
738,406,125,611,70
1042,1074,578,1107,456
1146,76,1,0,0
1298,1570,829,1796,818
626,803,496,1314,652
838,36,2,2,0
1341,58,1,1,0
847,44,1,1,0
903,38,2,0,0
585,19,0,0,0
708,62,0,0,0
522,712,464,858,522
780,707,478,762,438
816,26,2,0,0
814,886,514,1032,520
1068,944,504,1070,477
734,23,0,0,0
623,26,0,0,0
401,576,325,691,402
390,16,1,0,0
558,603,317,608,250
1497,766,229,980,124
443,525,166,774,120
1622,30,0,0,0
969,1082,606,1122,656
1726,2800,1842,1989,1426
1251,1226,646,1360,557
948,1102,708,1412,740
1286,983,367,1689,267
884,1114,625,1049,454
892,826,425,799,372
976,1013,597,1306,630
934,1056,617,1237,616
420,29,1,0,0
334,27,3,0,0
4100,1452,438,2401,344
1702,43,3,0,2
586,856,609,895,649
1434,1634,932,2214,1096
636,34,1,0,0
1352,35,0,0,0
1122,18,0,3,0
1084,1312,632,1307,489
911,11,0,1,0
3049,1726,501,2293,235
769,39,2,0,0
257,361,280,505,330
1422,786,237,1296,145
928,1181,748,1682,936
644,634,444,638,410
1201,98,6,0,0
657,570,216,476,145
759,17,0,0,0
252,373,285,451,309
1394,1346,740,1409,766
360,14,0,0,0
557,472,254,568,308
2761,3054,1681,3612,1718
902,24,1,0,0
990,1212,742,1409,792
2072,1441,433,2204,286
1109,1403,856,1970,975
1248,1396,860,1907,966
811,68,1,2,0
1480,905,251,1157,98
638,1087,852,795,650
667,26,0,0,0
891,39,2,0,1
805,59,2,2,0
327,481,314,735,386
837,1038,618,1354,736
964,1320,772,1109,668
159,16,0,0,0
1231,1108,618,992,490
560,705,470,854,456
2506,1387,407,2181,260
503,6,0,0,0
3098,2670,1441,2804,1322
752,21,0,0,0
673,46,4,0,1
1075,62,0,3,0
970,724,350,694,302
914,650,176,776,71
1088,1252,733,1314,738
1204,1630,1068,2238,1285
1230,1410,675,1659,786
562,30,0,0,0
402,21,1,0,1
1245,886,324,1562,194
1093,1103,627,915,506
789,19,0,1,1
1002,1328,962,1698,1024
628,65,0,0,0
978,902,512,826,396
787,16,0,0,0
1045,21,0,0,0
592,29,0,0,0
1073,28,0,1,0
3008,2763,1820,3056,1628
850,844,484,964,452
1036,18,0,0,0
1060,1280,852,1621,1098
1545,1786,1174,2568,1437
412,28,0,0,0
818,913,527,1134,647
520,361,116,461,96
1146,56,2,1,0
1557,1609,959,2312,1150
496,34,0,0,0
775,9,0,0,0
914,951,532,1046,472
895,547,169,870,117
1805,52,1,0,0
1223,1218,615,1304,582
198,6,0,0,0
843,39,0,0,0
1639,1684,1079,2187,1249
1788,2176,1249,2961,1682
903,64,3,3,1
876,476,160,818,109
2052,67,0,0,0
820,46,2,0,0
884,1043,714,1430,836
594,6,0,0,0
691,42,0,1,0
928,1028,506,999,416
147,123,84,146,60
846,52,0,1,0
765,708,366,800,369
265,290,150,276,130
1129,33,0,0,0
744,28,1,0,0
1150,1382,828,1724,1060
545,350,136,728,96
2182,1224,349,1701,180
357,24,0,0,2
1844,1055,282,1369,138
698,780,504,1024,528
675,18,0,0,0
258,193,88,126,57
666,786,405,778,316
765,918,520,923,497
1156,1132,654,1643,696
604,706,500,958,576
892,948,508,978,490
851,860,553,1085,656
809,838,470,971,474
601,29,1,1,0
885,981,576,1066,505
937,969,501,956,386
681,742,460,990,545
2045,1730,770,1878,764
869,20,0,0,0
1540,1739,1072,2004,1098
1115,74,1,1,0
1356,1823,1132,2268,1424
530,1027,584,726,580
1170,758,197,820,77
869,12,0,1,0
674,41,1,0,0
512,30,0,1,0
632,896,623,1144,665
911,1084,416,1406,416
917,46,0,3,0
613,804,548,1056,494
1079,1078,600,1259,562
1019,1074,586,1082,551
1215,62,1,0,0
722,42,1,0,0
1080,866,369,1222,386
802,1162,753,1666,886
730,820,428,1045,508
767,983,568,1430,678
1157,70,0,0,0
964,1196,735,1300,732
2231,2614,1534,3555,1896
808,1004,592,884,462
923,1095,586,1130,554
512,646,365,748,372
608,31,1,0,0
522,24,0,0,0
1651,67,2,1,0
817,1046,602,1380,686
1027,755,235,1038,139
554,59,0,0,0
1020,776,222,1092,110
870,1050,534,1024,464
887,1071,626,1362,664
1074,580,175,698,94
785,44,1,1,0
324,18,1,0,0
727,668,302,742,340
571,1206,976,1382,1328
1711,1848,1168,2316,1185
968,1322,725,1286,556
858,60,0,0,0
544,692,404,707,429
1179,46,0,0,0
1034,14,0,1,0
782,885,579,1279,642
1162,1174,650,1224,515
474,28,1,0,0
283,15,0,0,0
1034,1540,936,2178,1187
1134,2052,1701,2434,2459
867,1040,619,1338,769
262,6,0,0,0
984,796,436,890,505
1244,781,228,1296,145
368,25,0,1,0
576,16,1,0,1
610,12,0,0,0
978,36,0,0,0
754,523,142,603,64
1378,1571,1045,1647,1404
362,4,0,0,0
632,58,1,0,0
636,26,1,0,0
467,4,0,0,0
351,12,0,0,0
514,22,1,0,0
834,838,464,827,350
1012,1083,466,1378,452
556,12,0,0,1
903,38,1,0,0
547,605,272,845,282
815,17,0,0,0
531,734,446,763,360
1056,2033,1525,2654,2291
762,752,451,815,389
545,324,110,352,48
959,1335,861,1780,1088
666,37,0,0,0
483,34,0,1,0
720,870,562,1066,617
354,6,0,0,0
806,912,468,896,420
499,1246,986,1225,1180
1597,2304,1730,2630,2195
222,278,178,342,178
800,906,440,984,432
794,574,186,785,110
993,1048,646,1425,680
667,1450,1090,1835,1592
872,1551,1062,1264,940
1034,1338,908,1581,992
528,35,2,0,0
800,1002,492,996,432
904,1896,1522,2062,1814
432,252,121,296,90
481,606,332,511,309
749,32,1,0,0
400,26,0,0,0
616,734,484,1027,510
364,11,0,0,0
638,843,554,674,543
826,836,509,1174,658
756,53,1,0,0
351,46,1,0,0
906,1302,842,1485,902
546,591,345,710,302
877,52,0,1,0
392,16,0,0,0
805,709,502,939,456
560,15,0,0,0
2217,2202,1268,2767,1310
394,4,0,0,0
419,470,206,554,228
620,41,0,0,0
970,2061,1566,2341,2015
476,26,0,1,1
440,17,0,0,0
539,9,1,1,0
888,763,383,1221,477
759,995,535,1067,437
1050,1508,888,2136,1098
547,30,0,4,0
1026,1143,615,1083,577
1066,1809,1279,1894,1396
961,1034,580,1288,650
1058,42,0,0,0
914,1095,569,1186,542
1166,1384,758,1468,624
1896,110,3,4,1
1023,1306,764,1478,704
496,21,1,0,0
626,1138,797,974,684
993,1108,710,1345,708
422,44,3,0,0
1165,1273,682,1320,680
766,959,602,1090,548
580,1190,835,1409,1105
507,750,457,968,544
634,25,1,0,0
402,10,0,0,0
1120,826,240,1416,169
572,48,1,0,0
704,1150,699,1360,986
1088,1177,712,1394,788
732,582,340,580,257
1362,1333,736,1421,612
727,1402,985,1570,1382
681,798,444,1066,544
488,509,270,540,266
1628,1041,318,1681,170
466,26,1,0,0
766,875,529,998,575
430,36,0,0,0
573,30,1,0,0
519,686,404,861,526
1896,765,225,1311,167
562,1109,708,1149,888
704,10,0,0,0
745,844,556,1307,716
710,1350,820,1097,782
452,27,0,0,0
658,12,1,0,0
680,22,0,0,0
598,651,337,786,388
978,636,257,884,228
715,18,1,0,0
650,1008,562,1197,610
531,22,0,0,1
486,468,253,588,230
444,28,0,0,0
788,918,484,1068,488
914,1028,650,1374,779
577,30,0,0,0
430,740,486,608,459
1124,1352,728,1298,612
572,46,0,0,0
1582,68,0,1,0
767,698,394,920,416
550,14,0,0,0
489,32,0,0,0
392,31,0,0,0
736,930,538,1042,586
1065,958,509,1093,530
804,24,1,0,0
728,40,1,0,0
378,783,525,715,586
701,56,1,0,0
446,30,2,1,0
747,574,178,900,128
974,1268,788,1484,918
694,1016,619,1434,726
546,24,1,1,0
408,24,1,0,0
610,48,1,1,0
937,1044,664,1537,819
1120,563,179,893,94
737,826,428,850,370
782,906,458,777,382
432,45,0,0,0
858,746,405,1130,549
734,22,0,0,0
722,20,1,1,0
582,734,464,851,438
1306,1367,822,1930,906
878,1017,580,1158,603
870,1024,558,1424,754
482,590,368,770,360
235,6,0,0,0
317,10,1,0,0
605,18,0,1,0
619,31,0,0,0
857,862,387,935,396
1162,1196,660,1182,522
1136,1454,752,1570,766
590,1016,604,1050,610
1204,1710,1000,2214,1252
416,6,0,0,0
542,32,0,1,0
1143,687,223,837,95
580,663,346,1093,479
456,45,1,0,0
707,1062,666,1270,633
720,38,0,0,0
1336,855,221,1076,121
1148,1114,561,1246,535
1403,60,0,2,0
938,802,488,911,424
1575,1337,451,2448,299
646,39,0,0,0
643,624,350,694,302
1223,49,0,1,1
1058,1119,640,1097,556
805,634,274,672,251
1885,719,224,1039,119
662,413,124,516,57
702,726,358,760,348
830,592,168,689,71
673,860,495,1018,560
849,1100,536,1224,568
859,68,3,0,0
408,574,342,624,299
1142,1125,628,1101,481
503,27,1,2,0
874,529,148,764,97
569,38,2,1,0
511,774,448,902,406
811,780,442,824,438
392,29,1,0,0
276,378,226,418,312
837,1021,550,1198,618
573,568,292,626,310
739,846,495,1076,626
1074,1509,948,1980,1172
548,20,1,0,0
141,212,154,382,228
1085,41,0,0,0
691,900,554,1194,604
2096,1351,378,1916,194
1221,1304,677,1598,680
850,996,512,948,476
545,20,0,1,0
600,54,1,0,0
1108,1020,506,1774,515
626,10,0,0,0
850,998,504,1294,630
696,22,2,1,0
940,45,1,0,0
1032,1198,749,1701,906
1370,1406,868,1930,1058
464,12,0,0,0
1099,1001,511,1126,526
1031,1066,600,1118,578
710,6,0,0,0
1468,100,0,0,0
1589,1588,868,1522,724
800,482,182,642,99
919,102,2,0,0
948,996,566,1024,530
574,40,0,0,0
1000,1204,724,1507,772
926,930,548,1079,556
1019,31,0,1,0
948,1074,768,1504,894
939,1014,534,1088,578
1132,1056,567,1219,584
1293,1400,840,2042,1074
989,25,1,0,0
590,538,290,579,296
869,980,454,870,324
638,16,1,1,0
614,410,186,628,241
1205,1099,577,1435,816
1506,51,0,1,0
1244,1324,800,2009,987
719,33,0,0,0
1332,1533,844,1738,951
880,1102,762,1674,870
1066,1170,636,1118,510
1024,796,249,1533,185
507,14,0,0,0
625,30,2,0,0
1344,1414,732,1346,625
786,30,1,0,0
1101,79,1,0,0
1393,1992,1222,2610,1564
626,817,425,824,368
692,931,486,896,400
560,28,1,0,0
483,28,2,0,1
866,942,486,1008,517
824,836,486,774,438
836,1316,752,1416,772
1209,54,1,0,0
894,1252,706,1612,836
1177,1324,680,1236,570
1428,1760,1084,2548,1392
1104,1662,946,2090,1086
1242,772,219,1309,219
704,577,274,780,290
870,920,506,836,418
841,1124,664,1072,570
842,46,2,0,0
750,40,0,1,1
1340,1488,760,1430,710
546,986,594,731,531
716,926,573,1246,560
869,31,3,0,0
690,918,564,1009,607
512,13,0,0,0
662,938,552,1342,724
757,19,0,0,0
875,940,514,1002,448
1126,72,1,1,0
1427,1302,598,1302,602
814,752,380,718,272
1103,1006,582,1289,570
1174,1996,1357,2016,1682
874,25,0,0,0
613,27,2,0,0
694,38,1,1,0
1012,1345,674,1390,692
1184,1500,944,1950,1070
932,1026,584,1552,820
927,52,2,1,0
1560,1300,936,2002,1081
825,950,464,1082,482
748,858,482,928,477
1136,1122,654,1188,634
685,818,466,938,512
530,668,400,714,388
613,8,0,0,0
757,28,0,0,0
2131,2132,1093,1948,940
1678,2064,1250,2536,1324
1330,74,1,0,0
721,1284,856,1061,779
900,36,0,0,0
921,988,662,1238,720
977,1092,616,1140,560
679,59,1,0,0
598,10,0,0,0
854,29,2,0,0
1056,1326,744,2103,1060
954,29,0,0,0
369,464,256,446,206
390,8,0,0,0
640,6,0,0,0
878,838,495,893,478
564,583,337,711,294
448,9,0,0,0
351,10,0,0,0
397,626,507,618,528
1751,1628,844,1346,718
816,76,4,0,0
1044,1064,759,1412,1090
629,38,1,0,0
1090,36,2,0,0
1060,1273,710,1491,794
1194,825,252,1237,181
826,24,0,0,0
139,7,0,0,0
1271,1199,610,1175,513
926,1032,726,1184,794
1158,1174,634,1182,588
740,906,494,925,426
600,782,420,792,402
688,824,570,1046,701
540,23,1,1,0
856,664,298,884,330
2256,94,0,0,0
1594,1451,648,1381,598
924,937,628,1292,740
1093,1244,668,1604,852
1186,1802,1426,1790,1643
964,918,509,1028,443
648,35,0,0,0
837,12,0,0,0
839,32,0,0,0
1145,1298,830,1033,906
327,378,203,382,184
842,16,0,0,0
468,20,0,0,0
717,900,542,1034,541
668,747,404,692,292
570,514,254,526,226
1242,98,4,0,0
1820,108,1,0,0
1228,1569,990,2042,1209
753,1215,951,1009,838
1178,1225,626,1164,558
1457,2149,1174,2834,1542
967,1308,711,1214,596
808,52,0,0,0
1007,70,0,0,0
618,970,673,842,736
601,10,0,0,0
224,6,0,1,0
935,788,342,964,372
1071,872,420,760,319
494,616,292,810,356
1662,1766,908,2107,935
490,672,410,687,382
1046,1195,730,1618,841
604,952,732,731,666
753,816,488,947,462
416,12,0,0,0
2834,1629,511,2849,357
1010,70,5,4,1
1179,1260,556,1416,528
964,55,5,1,0
1022,1586,1384,1903,1761
1036,1854,1140,1392,927
696,462,119,585,71
401,25,0,0,0
2503,3162,1724,3256,1566
1110,1692,1029,1324,1024
1232,1554,862,1964,956
456,588,346,821,470
1214,1466,946,2050,1164
572,768,470,766,440
814,42,0,0,0
572,511,250,1149,324
688,690,410,856,484
790,24,0,0,0
1347,1644,809,1514,681
1285,1262,643,1191,590
1260,1422,770,1604,756
1506,1230,445,2235,298
1076,52,2,1,0
988,1453,926,1272,874
885,920,558,1146,574
1054,1010,576,1230,683
971,1046,770,1290,850
948,1104,702,1236,768
1149,915,480,1046,468
1225,1682,1115,2220,1439
1236,62,1,1,0
1004,662,255,922,253
355,431,248,467,240
1455,1526,894,1590,860
579,7,0,0,0
1039,1018,662,1448,806
995,1140,606,1390,703
786,933,534,787,460
1260,1422,790,1692,982
1329,37,0,0,0
1117,1716,1166,1289,982
1733,1888,1100,2372,1295
688,55,4,1,0
602,61,1,2,1
1157,1234,624,1162,524
609,28,1,0,0
710,56,0,0,0
1177,1318,794,1595,773
1046,1069,610,1248,666
852,58,2,0,0
1312,869,325,1594,219
700,40,0,0,0
1612,38,0,0,0
577,640,363,810,446
1062,593,190,1067,139
1644,1090,326,1639,138
1058,1140,636,1282,647
2000,2304,1176,2269,946
914,50,0,0,0
975,912,545,1116,558
901,40,0,0,0
1164,1270,815,1700,937
864,22,0,0,0
816,50,1,0,0
704,1177,939,1181,1099
807,922,528,928,531
1119,1546,1022,2082,1315
1008,75,7,0,0
865,44,1,1,0
169,10,1,0,0
1036,1056,634,1178,512
1148,1454,873,1622,988
812,850,580,1231,685
1110,1243,768,1551,701
1344,1567,908,2065,922
1821,1570,794,1462,702
756,32,0,0,1
1812,182,2,1,0
1754,2138,1238,3098,1488
1162,24,0,0,0
1211,1265,610,1250,532
2148,1501,419,2166,256
1129,1236,725,1354,724
960,1018,474,972,408
994,1589,1133,1733,1505
874,942,588,880,516
1346,1961,1094,2194,1122
1000,11,1,0,0
880,764,428,976,445
1504,1593,826,1964,1050
375,470,318,587,391
1308,854,362,1656,530
882,924,611,1049,518
1310,76,4,1,0
1254,1353,742,1533,706
958,1002,520,1017,444
1174,1242,684,1502,704
950,1069,552,1003,417
1181,1404,926,1814,1043
512,681,371,652,330
1234,1264,624,1312,538
1090,1268,649,1256,587
824,60,1,0,0
1157,1062,500,1066,444
577,21,0,0,0
414,22,0,0,0
1566,670,219,1097,136
1211,886,550,918,522
3418,1485,441,2201,288
1008,988,570,1208,510
550,867,543,882,556
568,566,312,674,366
812,857,463,910,455
972,1166,646,1438,768
810,1154,733,1322,682
919,853,460,837,392
860,1006,602,1336,666
1109,591,180,985,141
1227,1051,508,1082,399
706,1381,976,1555,1448
730,60,1,0,0
778,1372,881,916,715
408,663,396,627,320
828,39,1,0,0
768,33,2,0,0
750,581,183,1047,110
315,4,0,0,0
1388,952,225,1220,135
923,37,0,1,0
1044,839,498,930,466
2213,982,327,1449,200
1047,53,0,1,0
844,38,2,0,0
904,1475,1004,1109,845
1234,1401,822,2158,1072
1421,768,196,985,88
940,62,1,1,0
2816,1332,428,2469,304
827,900,548,1106,546
671,36,3,0,0
604,600,405,854,456
1293,1354,698,1566,770
1102,28,1,0,0
932,9,0,0,0
1026,1264,739,1531,746
745,32,1,0,1
1162,1276,667,1936,846
420,17,0,0,0
1585,1503,1202,1792,1459
748,494,140,630,69
798,1549,1241,1739,1555
914,934,486,1050,588
1278,1094,546,1044,549
742,11,0,0,0
1120,44,1,0,0
1054,1084,600,1322,628
1753,917,244,1296,175
643,43,1,0,0
5198,2521,668,3509,335
995,64,2,1,0
820,26,0,1,0
1144,1398,713,1326,606
570,822,520,1087,657
1795,1482,838,1702,913
1542,1594,840,1779,814
583,22,1,0,0
626,672,335,716,316
612,419,135,574,67
528,20,0,0,0
749,917,483,882,478
880,43,1,1,0
880,720,370,694,350
838,1008,594,1212,634
1312,1239,891,1317,1184
1090,1686,1099,1465,1089
1626,60,2,1,0
924,1192,816,1652,1042
2076,1262,381,1861,207
462,42,1,0,0
730,880,445,986,501
599,624,399,602,340
1790,1275,431,1865,242
2538,1200,344,1856,215
680,708,408,918,417
374,35,1,0,0
676,22,1,0,0
764,13,1,0,0
781,32,1,0,0
942,870,494,1039,520
1154,12,0,0,0
497,198,126,238,50
2169,73,2,2,0
1642,1607,1015,2344,1381
2324,1962,1042,2068,932
754,42,0,0,0
468,529,320,616,298
550,548,365,638,369
368,27,0,0,0
462,10,0,0,0
1834,1808,1072,2250,1190
684,910,549,1178,706
541,680,366,700,364
707,868,522,986,576
838,1175,674,896,629
661,47,0,0,0
1007,42,0,2,0
808,736,358,576,292
1442,1710,1006,1764,956
2620,2884,1652,2994,1675
1252,44,0,1,0
1354,2165,1648,2372,2237
1721,1630,932,1921,978
1147,1132,534,1124,521
952,1468,1152,1492,1252
532,586,370,813,371
454,10,0,0,0
1231,948,490,934,375
460,24,1,0,0
640,598,317,656,308
1180,680,188,1037,100
596,52,0,0,0
740,1651,1033,1489,1219
626,22,1,0,0
473,30,0,0,0
750,20,1,1,0
1042,904,492,1016,460
702,28,0,0,0
715,16,1,0,0
1663,1456,916,1857,1076
704,710,402,792,410
1591,1320,759,1211,618
911,56,1,0,0
1020,578,226,1076,188
934,919,470,1078,458
722,1201,768,1594,1026
986,49,3,1,0
556,684,388,856,420
454,29,0,0,0
561,13,0,0,0
394,458,299,414,237
772,48,0,0,0
997,1237,732,1451,786
721,36,1,1,1
551,28,4,0,0
564,10,0,0,0
790,751,456,936,458
745,36,0,0,0
1207,1338,792,1654,770
745,592,366,572,272
1101,1164,690,1250,737
1443,1832,1198,2742,1658
1850,1196,362,1833,207
1440,84,2,1,0
524,20,1,1,0
330,19,0,0,0
898,980,594,1190,618
891,958,530,869,482
324,25,0,0,0
576,488,265,538,248
659,34,1,1,0
835,944,520,1298,610
588,20,0,0,0
613,18,2,0,0
517,429,178,766,317
886,944,500,988,442
766,42,2,1,0
672,28,1,0,0
722,20,0,0,0
1073,1156,663,1356,662
756,492,188,898,188
1472,59,2,1,0
1017,48,0,0,0
480,12,0,0,0
971,628,196,901,121
744,62,2,0,0
879,876,449,1014,518
396,12,0,0,0
478,576,349,622,350
486,654,422,701,420
652,1403,926,1214,803
909,720,448,906,482
620,34,0,1,0
670,951,609,1333,750
768,36,1,0,0
652,804,500,716,371
609,20,0,1,0
400,21,1,0,1
1068,524,159,684,75
1102,829,432,790,311
2225,2554,1633,3385,1992
726,28,0,1,0
912,432,140,578,81
454,496,292,688,376
778,51,0,0,0
1165,1060,673,1256,659
481,19,0,2,0
1396,1783,1018,2335,1248
957,1225,641,1234,566
586,380,208,626,355
670,27,0,0,0
773,1107,790,1245,830
1025,28,0,0,0
767,834,559,1070,698
340,23,0,0,0
638,30,1,0,0
726,26,0,0,0
1072,915,480,894,395
1318,1189,663,1246,468
969,1092,825,1508,1074
336,30,0,0,0
1388,86,1,0,0
415,809,701,864,833
751,35,1,0,0
754,632,369,678,334
807,36,0,0,1
1262,1242,782,1514,712
327,26,2,1,0
1538,2900,1949,2659,1976
879,989,566,985,448
1042,927,476,838,423
965,1652,1181,1556,1166
828,45,0,0,0
1288,52,1,1,0
633,38,0,0,0
894,1063,680,1417,849
869,957,458,1017,396
1497,1568,1004,2196,1224
1207,1284,763,1678,934
422,28,1,0,0
692,1182,627,1360,840
674,888,612,1055,626
962,851,440,1106,446
906,936,602,1336,741
1047,54,2,0,0
829,57,0,1,0
870,738,418,746,305
998,1184,706,895,658
703,28,1,0,1
792,1450,1073,1530,1460
1600,1612,921,1888,1062
529,32,1,1,0
952,1028,605,1102,533
1014,1140,666,1381,652
998,993,527,985,440
1329,1148,577,1149,554
634,471,660,883,718
1008,50,2,2,1
689,682,369,853,414
1718,152,1,2,0
1259,1244,760,1619,882
877,966,539,1085,582
966,488,123,673,71
714,749,384,966,429
569,28,0,0,0
378,356,174,428,155
886,1084,537,1188,574
770,56,0,0,0
960,1010,544,1004,540
1093,82,1,0,0
814,34,1,1,0
698,820,570,838,549
644,1014,645,1100,797
909,1138,699,1424,704
1654,923,302,1587,215
1162,82,2,1,0
814,1041,633,841,586
500,21,0,0,0
1701,1966,1212,2637,1410
1118,42,0,0,0
595,26,1,0,0
472,212,75,418,55
1117,810,245,1152,152
222,10,0,0,0
1440,1418,638,1321,577
606,35,0,0,0
898,786,457,888,491
550,586,338,535,284
512,32,0,0,0
1071,1142,645,1286,630
982,814,498,954,458
932,824,406,892,492
935,961,530,1042,515
1090,1944,1358,2106,1563
1034,1048,666,1214,637
369,410,194,388,169
752,37,0,0,0
1196,48,1,0,0
636,44,1,0,1
294,233,97,328,45
64,130,78,114,66
1088,1050,578,1060,474
598,447,167,627,109
1117,852,608,1112,718
546,538,366,566,274
809,946,528,1141,598
572,609,328,754,402
1234,31,0,0,0
1535,1456,737,1652,744
1158,57,2,0,1
1547,58,4,0,0
1160,1702,1221,1495,1216
1075,60,0,0,0
572,30,0,0,0
686,777,450,694,400
496,32,0,0,1
1098,34,0,1,0
1180,1325,815,1676,982
813,18,0,0,0
659,713,440,966,508
716,960,551,1413,698
478,35,0,0,0
632,52,0,0,0
1194,1186,666,1522,768
756,744,446,810,432
1270,1214,650,1030,404
420,5,0,0,0
906,920,529,1136,624
662,25,2,1,0
1401,1294,744,1380,708
2126,56,1,0,0
1430,2325,1637,3141,2150
845,289,80,427,44
1425,2180,1422,2605,1748
664,882,428,890,372
534,732,942,1269,1107
917,934,559,966,500
1131,928,475,982,484
1293,721,355,637,304
1026,47,1,0,0
951,54,3,0,0
804,13,0,0,0
1262,32,0,0,0
2795,2292,1296,2970,1460
1306,1264,669,1204,502
560,20,0,0,0
1086,1418,836,1299,707
1030,1014,566,1350,588
1575,74,1,0,0
762,595,272,940,366
912,36,0,0,0
722,1114,608,1254,706
2274,2449,1258,2342,1106
562,22,0,0,0
865,25,2,0,0
367,426,242,464,278
1294,24,0,0,0
760,584,322,764,408
816,1050,632,1286,688
2005,2084,1262,2470,1198
559,566,270,554,252
2508,3494,1708,4157,1752
569,24,0,1,0
3433,3502,1844,5607,2666
1290,609,193,778,95
1038,882,459,838,390
958,68,4,2,0
858,937,594,1472,724
812,40,0,1,0
988,1130,702,1552,823
703,30,2,0,0
984,1119,584,1150,488
368,15,0,0,0
224,9,0,1,0
907,746,380,680,368
1706,1380,728,1416,668
1616,1370,648,1355,580
1045,932,555,1202,655
1577,942,284,1355,163
3204,4162,2316,4658,2063
856,26,2,0,0
1907,32,0,0,1
1342,2119,1624,2472,2130
1032,1186,782,1498,832
1016,6,0,0,0
1155,50,1,0,0
1057,1280,761,1516,868
698,29,1,0,0
567,540,232,665,229
740,44,0,1,0
527,29,2,0,0
804,82,0,0,0
1005,1065,576,1412,654
1180,1277,712,1374,660
364,6,0,0,0
888,966,599,1180,604
2251,29,2,0,0
1208,840,394,1098,324
742,670,342,692,352
2677,1499,473,2078,279
1102,1256,744,1814,1089
4350,4112,2220,4332,2010
620,33,1,0,2
913,960,578,1396,684
954,96,1,0,1
852,52,2,0,0
1528,1642,818,1874,802
450,34,0,0,0
1210,58,2,1,0
922,39,1,1,0
692,1291,912,1285,1068
953,1228,820,1606,956
1098,970,546,913,448
1398,1326,761,1610,796
432,14,0,0,0
1967,42,0,0,0
1680,1698,938,1770,928
3156,154,0,2,2
1356,1594,992,1832,1039
1148,1057,606,1428,675
744,1028,532,1302,683
1124,1164,752,1511,868
937,1272,648,1708,758
999,811,436,848,390
1508,809,224,1230,136
916,965,556,1270,636
842,898,476,926,433
687,50,0,0,0
776,746,494,964,558
908,44,1,0,0
740,747,352,766,286
1249,1113,598,1230,566
800,1065,570,1110,571
289,3,0,0,0
2478,2334,1386,2998,1472
1614,1568,933,1844,947
1714,1979,1303,2118,1380
1786,2302,1289,2226,1065
621,26,1,0,0
3139,2881,1448,3304,1411
1010,1047,592,1012,486
834,852,458,818,392
821,52,1,0,0
819,927,556,1366,784
710,26,0,0,0
794,716,376,818,402
652,11,0,0,0
872,778,392,787,360
1064,40,1,1,0
488,412,226,426,170
1994,129,2,0,0
1708,1382,687,1456,672
1967,1975,1090,2048,967
670,643,363,622,314
3062,112,1,3,2
1005,942,528,1439,734
833,970,559,1070,668
899,906,517,940,494
525,48,10,20,6
728,52,2,0,0
1042,974,507,1080,460
593,628,397,660,332
1108,726,488,477,387
642,7,0,0,0
714,767,484,802,412
906,398,125,572,90
602,690,378,734,364
1272,34,0,1,0
1105,962,582,1266,572
770,19,0,0,0
2065,1832,1084,2414,1408
1383,34,1,0,0
2036,2721,1636,3310,2079
1089,1446,824,1627,772
1083,24,0,1,0
2916,2716,1374,4138,1692
632,12,0,0,0
696,761,409,928,445
610,29,2,0,0
630,52,3,0,0
491,22,2,0,0
2039,748,260,1276,145
644,30,2,0,0
876,723,515,944,576
528,42,0,0,0
896,676,458,878,547
1866,1642,1029,1824,936
1474,1368,786,1593,815
2193,2429,1277,2303,1026
1332,90,3,0,0
1008,896,540,1062,520
572,507,182,796,123
859,739,422,834,412
1146,1002,490,1126,492
1039,2258,1792,2426,2108
973,1226,730,1524,952
659,32,2,0,0
1047,1140,722,1540,865
533,976,711,912,651
557,428,203,582,165
1255,62,1,2,0
1464,40,0,0,0
853,763,488,1007,639
940,532,210,780,166
1237,47,0,1,0
2380,3182,1700,2796,1360
1378,44,1,1,0
3401,3264,1701,3470,1568
474,20,0,0,0
848,870,454,1232,603
1084,663,171,799,97
786,724,392,818,410
1103,1200,696,1358,669
3182,1135,344,1906,249
494,753,506,588,382
873,54,0,0,0
890,26,1,0,0
1288,1242,662,1298,603
657,32,0,0,0
1338,1314,647,1370,500
2111,2425,1412,3204,1620
3311,165,4,1,1
4993,3709,966,4734,489
614,726,390,697,328
770,712,453,815,538
925,957,538,1230,566
334,570,483,616,480
1254,1387,849,1856,1113
2318,2616,1506,3007,1484
1148,1414,722,1434,614
1053,956,434,1006,310
672,25,0,0,0
880,41,1,2,0
584,26,0,0,0
1214,974,510,1156,492
916,17,0,0,0
339,3,0,0,0
1448,1147,604,1384,700
708,761,532,910,662
768,748,480,784,436
3696,3066,1628,2681,1208
4564,4778,2346,4440,1882
1101,1122,628,1219,685
699,783,465,982,494
774,42,1,1,0
1402,1101,369,1755,182
1040,48,0,0,0
1236,18,0,0,0
830,1477,1101,1297,1115
902,1006,552,1002,507
1739,1152,341,1884,234
1496,892,252,1067,154
989,1252,783,2058,1010
1436,1228,636,1230,550
1330,2235,1718,2466,2145
1691,168,4,1,0
3010,54,1,0,0
6504,4880,1593,8714,1159
1089,1188,756,1712,886
752,930,578,1260,665
533,28,1,0,0
1032,1175,678,1174,676
217,4,0,0,0
310,24,0,0,0
779,854,446,1008,420
1252,1211,614,1258,572
780,721,414,806,358
677,10,0,0,0
844,948,486,1110,531
807,40,4,0,0
1636,1568,1126,2766,1460
1068,28,1,0,0
1876,94,1,1,0
1428,1640,958,2008,1068
720,1660,1390,1826,1757
943,774,446,822,418
971,1382,822,1606,820
985,36,0,0,0
987,34,0,1,0
490,32,1,0,0
800,1344,924,1157,912
198,15,0,0,0
818,20,0,0,0
1462,53,0,1,0
1722,45,0,0,0
904,72,1,0,0
