904,741,560,273
856,297,1216,369
420,525,365,251
527,138,90,30
426,18,15,6
752,152,238,68
910,376,642,261
600,142,133,34
648,227,326,138
858,48,14,5
858,41,44,12
722,28,40,14
882,262,248,57
1124,620,884,300
746,50,76,26
1831,557,494,140
974,860,1260,439
432,15,23,12
1232,102,33,6
956,249,248,86
704,46,21,3
652,719,519,285
830,7,12,4
961,564,834,391
692,264,473,148
152,1,0,0
403,170,320,132
1334,279,985,310
1168,610,868,346
774,18,18,4
570,32,37,15
802,18,10,3
806,606,589,264
782,514,944,356
791,156,182,74
649,378,530,187
489,250,420,180
983,464,564,252
760,24,26,8
962,36,38,16
474,112,511,144
664,410,751,260
723,9,6,4
724,127,184,62
792,401,618,188
983,778,1075,462
934,42,31,22
539,19,49,15
986,27,36,15
685,36,47,16
1022,48,58,17
730,24,26,10
518,143,367,143
775,540,810,290
531,600,492,230
556,6,3,1
898,508,654,296
1511,2109,1798,959
803,55,38,23
949,602,814,380
1091,857,1354,508
894,214,203,56
654,16,11,6
2260,686,1984,609
742,14,4,2
946,80,122,53
824,440,1102,360
1011,298,325,77
779,558,629,283
552,350,695,188
867,44,50,27
532,6,0,0
698,72,98,30
748,18,20,6
579,10,1,0
492,76,76,30
862,652,1032,386
863,28,19,8
1186,346,315,88
646,36,56,20
895,510,1130,318
948,94,69,36
965,1064,943,430
1065,374,756,320
639,36,38,14
1054,532,772,318
690,370,394,212
1100,290,891,302
873,375,544,220
878,294,1112,273
900,322,594,212
459,4,0,0
608,8,0,1
940,160,201,65
1198,112,52,5
1096,402,708,286
1061,520,542,245
1421,60,24,7
1514,1038,1604,668
443,5,0,0
731,12,2,0
850,506,864,318
722,22,1,0
1203,347,1080,366
1380,750,1066,459
641,10,2,0
625,502,362,177
537,25,30,10
870,240,326,115
589,20,19,7
1108,88,264,63
330,6,0,0
846,420,550,208
770,162,203,48
908,272,261,120
174,2,0,0
1136,236,246,102
1240,10,2,0
1297,20,7,2
1096,930,757,402
1474,407,1408,453
1130,740,1080,448
976,1211,821,495
932,666,948,392
942,712,958,390
890,544,972,346
482,5,0,0
572,28,9,2
771,9,8,3
604,310,425,139
1132,330,368,141
854,364,181,46
1258,196,21,2
1178,56,129,60
746,91,62,14
481,94,116,37
1060,728,1060,500
520,14,3,1
716,429,692,296
865,7,1,0
525,260,412,152
1025,202,240,84
710,247,147,89
519,10,0,0
757,16,12,2
588,12,18,4
687,325,404,139
780,539,842,365
1006,387,644,190
930,512,641,296
766,10,0,0
1098,83,42,30
816,604,579,290
822,64,83,36
870,74,14,3
1052,275,986,243
896,468,566,246
922,674,814,336
952,83,26,6
1649,1010,1663,566
354,10,4,2
956,695,1141,421
650,518,243,220
746,8,1,0
1398,658,788,348
1712,1377,2143,896
1225,287,1049,312
772,510,672,281
1179,101,30,3
952,412,207,138
878,196,210,78
916,15,0,0
417,6,6,3
1168,332,1137,371
918,474,584,234
658,4,0,0
1009,468,659,234
1262,854,1295,523
711,177,241,61
824,52,46,24
764,126,198,66
535,176,354,128
785,416,459,212
1359,58,34,6
755,462,644,240
952,54,75,26
1012,158,248,66
881,486,238,91
728,153,180,52
649,448,905,300
656,21,14,1
924,1028,704,414
876,20,24,6
856,246,313,69
860,33,44,26
584,32,31,15
504,29,4,3
1026,654,896,378
816,16,3,1
428,29,25,11
1040,30,6,1
917,228,203,46
1023,236,821,282
1388,1094,1531,602
1064,192,220,76
745,977,692,372
247,16,10,4
483,307,477,224
776,606,926,382
738,386,642,203
310,20,9,8
819,371,558,173
779,244,144,39
1104,110,50,8
992,420,600,224
772,22,22,9
1150,400,1396,470
284,7,20,4
1001,79,233,69
868,426,1055,379
948,780,858,317
600,11,8,5
1492,466,1461,464
882,569,950,380
693,56,20,2
650,44,25,18
1264,460,1557,529
440,5,0,0
1125,344,334,76
1011,674,1182,426
911,602,1129,414
430,20,13,4
662,8,0,0
808,403,534,198
694,14,41,13
482,469,354,182
1133,239,772,257
1322,836,1357,534
809,13,0,0
676,435,550,208
623,322,487,164
874,234,711,209
663,281,456,150
1174,870,1248,598
849,520,760,312
388,9,2,1
924,14,2,0
849,39,39,11
537,242,346,154
1117,498,765,294
1050,620,812,378
821,56,18,4
992,132,180,78
366,83,132,52
460,80,231,71
564,216,282,131
774,278,944,291
583,4,3,1
642,365,576,226
598,90,236,27
488,9,14,8
409,128,208,68
454,9,6,0
458,8,6,2
396,42,56,18
770,294,442,161
663,364,498,212
512,339,428,196
732,16,8,4
1444,96,133,43
990,316,1176,359
304,146,78,20
2476,1195,1240,720
1063,226,712,204
1162,760,1150,492
588,496,788,318
3069,90,135,33
2931,1418,1971,779
774,616,626,276
455,406,318,173
451,16,9,2
1110,112,44,4
796,25,36,10
1992,240,354,152
545,6,0,0
1048,78,116,38
941,466,706,324
685,29,14,1
473,4,1,1
731,342,496,214
1023,29,26,20
938,13,1,0
1772,1070,1368,636
2286,74,151,47
2646,672,2355,704
346,8,8,2
1072,49,37,20
1149,586,746,298
2218,717,2171,706
1030,681,1084,380
1706,76,43,21
1882,462,1818,380
669,412,625,219
744,360,542,178
748,153,206,50
623,22,21,5
637,17,27,10
1064,360,1131,364
537,17,14,8
676,84,69,33
1624,73,45,8
1590,139,48,10
456,128,76,26
782,339,502,172
364,149,280,98
568,276,336,141
110,1,0,0
1000,582,811,410
670,14,8,2
514,109,126,43
785,332,466,176
1090,327,1216,331
640,234,448,139
678,590,433,234
2028,1532,1124,562
870,58,21,2
471,493,429,209
808,510,729,272
504,18,18,8
708,603,496,221
1454,74,106,40
598,35,15,11
792,408,584,208
802,20,81,25
699,318,463,174
810,811,483,431
1820,192,607,148
893,189,196,40
555,7,6,7
2652,663,2194,724
2636,397,796,181
768,7,0,0
890,57,15,3
610,141,541,165
906,291,1184,288
2105,204,132,64
579,264,320,134
636,22,16,7
602,12,3,1
829,8,25,9
728,444,527,236
1005,40,28,2
1699,88,44,13
894,35,95,23
959,95,284,74
885,19,29,9
690,81,36,6
734,318,180,48
1938,393,538,189
1498,40,12,4
1010,237,673,252
786,33,36,10
1486,897,1534,538
912,621,909,385
501,151,237,86
1150,623,1043,354
1855,424,1513,466
2462,880,3012,820
980,21,27,9
836,489,710,273
986,534,794,246
1130,145,292,61
801,104,223,63
1189,21,1,0
2181,1278,1588,658
826,102,139,51
1177,421,1516,461
1388,66,196,71
911,10,1,0
830,75,47,36
906,6,28,6
845,37,17,5
996,684,986,434
746,26,49,14
852,2,1,0
1065,296,1136,479
710,614,452,272
721,575,491,235
1270,209,705,206
1153,666,1028,380
1212,12,2,2
783,65,67,20
824,414,209,64
779,366,580,188
1602,521,1457,622
910,249,868,336
984,552,513,250
1226,291,201,126
902,70,98,36
1343,1090,693,439
1492,1343,1025,494
1114,991,771,401
1088,228,693,235
1519,938,1500,554
822,354,589,189
814,548,415,174
1138,53,132,96
1246,349,1088,366
766,762,603,293
756,289,142,43
898,695,595,243
708,51,141,23
1127,142,29,11
1250,19,96,21
1112,65,177,57
1004,123,86,42
788,23,2,0
1128,201,185,42
589,23,3,1
1163,51,1,1
352,6,2,2
676,579,419,242
970,153,634,203
978,42,54,26
1128,679,1413,481
1458,389,1614,466
947,455,599,230
436,229,84,38
1170,595,784,312
252,59,12,3
683,92,94,32
670,320,496,226
960,26,69,19
1261,37,0,0
642,62,37,16
1054,409,345,123
732,5,10,1
836,172,503,104
1232,389,218,113
822,701,606,294
750,42,87,25
88,26,17,44
640,540,463,216
1433,9,2,1
837,266,340,146
1783,550,2183,653
905,275,878,283
1092,872,1298,494
774,376,664,238
698,435,354,216
818,888,641,329
753,69,77,30
1334,629,272,92
704,16,1,0
1121,676,1122,427
818,416,263,194
962,644,948,414
1168,105,88,32
1516,347,1175,404
682,185,192,42
1108,1047,751,447
959,325,182,50
1357,381,376,80
1014,251,310,120
696,4,0,0
131,15,10,9
1056,1014,580,416
961,57,36,6
1006,38,198,46
766,20,6,5
1468,17,34,7
1314,97,313,84
923,90,49,25
586,36,28,7
1107,303,988,298
1216,18,60,26
889,174,183,63
1428,294,980,317
608,1,8,5
981,490,686,268
955,20,14,8
1098,313,1164,390
1162,142,105,69
632,187,121,58
1670,398,1137,352
1328,315,975,323
1074,11,17,7
990,308,1131,407
622,30,18,2
1220,40,40,14
862,60,92,28
1295,407,324,113
824,673,413,254
1298,137,402,116
576,14,4,1
736,382,596,249
1082,108,132,66
1577,476,1526,500
1114,54,203,52
1203,269,1015,281
958,47,136,30
912,28,76,28
1650,484,1731,628
897,172,492,170
694,142,112,28
804,594,487,254
666,698,453,311
826,27,69,18
839,48,18,3
1045,671,798,387
728,16,36,15
1447,1052,1319,632
966,11,18,7
1065,657,1136,425
880,52,66,28
873,72,31,4
1004,285,1022,391
1164,790,1116,474
1436,321,352,134
986,171,219,86
156,9,12,3
1137,514,598,299
534,141,300,115
962,80,22,4
1026,77,27,4
1318,688,824,336
818,95,73,34
1152,783,700,342
1024,77,37,4
1598,406,1362,413
1524,594,2072,659
1134,117,289,81
705,476,762,276
1177,836,1167,496
1075,385,226,117
1424,594,888,347
1519,734,984,398
646,12,2,0
607,4,0,0
1184,1184,810,486
944,58,18,6
640,100,85,37
1430,485,1558,514
1072,134,22,5
1024,528,772,278
626,11,45,14
946,16,71,26
627,140,538,155
1040,629,1089,424
467,15,11,5
942,425,520,230
1062,370,1194,421
1143,299,888,256
1049,456,696,288
1217,582,860,320
586,24,36,13
1198,490,588,290
1256,26,34,15
938,19,66,26
1052,120,293,105
1066,1015,704,311
810,81,69,25
982,24,22,10
804,12,25,8
838,22,3,1
420,4,0,0
1370,214,59,13
1190,303,929,313
501,57,44,23
875,48,54,20
1124,400,610,238
668,23,18,12
1622,20,37,5
746,429,247,182
818,32,26,6
668,630,375,273
719,180,688,198
972,346,1263,434
776,77,15,8
812,178,166,44
658,63,27,20
1270,718,1021,409
1920,429,1220,395
920,53,47,12
978,19,0,0
758,444,685,222
538,421,382,213
1102,305,986,353
1310,429,736,322
3144,817,2749,912
1331,1660,1258,705
568,45,65,26
1046,467,1897,525
1100,188,516,137
864,551,747,258
638,440,648,274
883,617,1056,350
304,16,4,2
426,50,32,23
1575,758,1068,429
868,50,40,21
970,344,476,173
1379,410,390,88
794,140,138,68
3894,2834,3701,1620
1955,92,300,94
1083,42,72,27
1050,347,356,86
872,146,296,92
976,171,35,3
863,578,854,286
932,50,65,16
754,763,626,253
1200,500,1638,510
1181,87,42,8
893,24,8,8
586,23,2,0
2722,895,948,207
1160,378,292,76
1258,72,223,97
1768,2375,2231,1062
1054,79,95,29
923,626,814,322
512,530,422,204
565,9,0,0
968,620,283,87
1196,357,1025,354
779,209,272,95
986,379,681,198
2002,742,966,458
1003,472,224,67
1287,1123,869,505
1818,344,1631,483
2148,1634,2132,867
1840,48,145,45
2139,115,96,16
1032,300,431,79
934,30,24,4
966,1066,688,366
1025,329,465,137
1482,1339,906,569
757,129,389,135
633,50,52,22
1247,1154,972,587
1065,74,110,48
1141,238,287,91
1120,959,614,380
2600,106,277,64
1286,1135,888,414
2782,1807,2224,1000
789,596,869,340
601,63,41,23
1299,1156,1640,716
1246,943,1399,554
701,35,44,14
1274,64,68,7
587,38,22,10
1310,24,0,0
580,331,464,196
1149,485,652,270
797,75,45,22
1150,747,1116,420
1065,562,798,314
1302,18,2,3
1590,269,917,314
788,55,34,17
785,14,0,0
1865,1485,983,557
1112,448,410,90
1091,66,60,21
683,148,248,71
1200,1096,1794,700
779,461,713,226
1232,974,1344,555
629,35,37,14
926,38,58,26
1174,312,932,349
1257,256,264,107
586,256,392,114
1390,659,322,182
1431,978,1382,606
1585,20,4,2
1028,800,1304,559
906,12,1,0
1124,148,200,104
807,614,944,293
358,16,1,0
714,35,13,6
480,32,26,16
600,177,69,29
1016,649,446,245
890,649,529,270
1669,865,1230,448
1041,424,662,258
1252,148,98,41
2040,762,2306,1084
1854,313,727,238
502,12,0,0
973,1367,1275,557
1090,342,926,383
1018,65,152,57
963,8,3,2
1342,222,739,179
1028,575,1278,424
614,9,0,0
968,21,0,0
847,17,2,0
867,532,690,308
1370,38,42,16
1916,661,1834,710
1732,13,1,0
1367,76,72,24
1172,179,119,55
1278,86,26,9
817,2,0,0
904,8,0,0
1273,1119,1577,714
850,551,900,274
703,44,83,12
948,63,78,36
862,729,931,400
866,78,86,26
1067,482,655,246
983,226,308,72
979,40,133,38
1095,26,73,25
1034,17,0,0
891,87,60,30
1098,181,117,106
807,83,59,20
741,45,29,5
820,589,977,362
859,962,1122,483
872,1421,896,584
849,1238,1190,527
1917,617,1965,557
566,8,4,1
752,301,189,48
623,60,161,31
378,8,0,0
715,134,170,48
1431,890,682,355
935,456,679,224
1093,418,808,246
1721,476,1313,603
1397,456,1528,545
1166,797,1006,490
915,26,2,0
1658,584,2016,607
1025,39,38,14
1142,14,72,32
1022,150,214,82
1245,704,1200,408
1065,335,396,125
916,58,155,60
671,14,2,0
689,150,27,6
1021,152,252,69
554,250,468,146
1183,522,693,294
896,4,7,1
944,38,52,16
467,85,49,21
1308,982,586,389
1340,704,1178,415
1127,284,264,141
1206,855,1651,728
665,108,150,54
1049,31,45,18
830,708,972,426
1006,168,376,89
1218,886,1106,434
922,802,536,295
1250,208,257,84
739,24,14,9
742,471,402,209
2142,441,1352,464
1458,1136,1443,538
1409,1408,1071,645
1840,28,82,33
1000,152,530,136
1416,1347,2042,777
1002,131,484,117
967,1272,1254,676
580,119,363,162
1038,70,60,24
1168,1080,817,512
686,229,550,242
835,28,4,1
1062,366,428,153
663,10,0,2
850,54,60,16
830,242,844,260
745,19,6,3
714,86,11,2
894,178,438,159
589,234,378,155
2245,36,5,0
1434,50,141,31
1570,240,109,24
1112,31,56,14
708,46,55,23
1004,206,37,13
788,48,44,15
841,155,41,6
729,123,22,5
1509,52,168,68
2054,2106,1378,805
594,30,20,11
931,644,868,390
940,232,327,102
1079,565,1030,392
947,28,4,0
2040,744,2187,791
1182,234,50,11
850,155,37,11
709,11,3,3
1022,336,340,118
952,144,217,73
1124,818,1071,417
872,650,976,372
899,25,2,1
833,42,25,13
610,16,10,3
882,7,27,5
1202,132,348,80
1882,77,21,14
1280,26,0,0
1426,178,62,10
2596,2502,3489,1560
1406,150,364,105
1166,928,1364,486
980,82,39,25
904,582,264,83
796,248,273,91
722,20,2,0
992,680,866,346
1025,970,1303,542
822,17,2,0
1176,440,405,110
699,36,31,8
570,262,406,161
884,544,886,318
1046,905,1126,525
811,494,592,253
648,97,62,42
946,98,48,6
578,14,1,0
898,344,344,75
848,52,48,24
1278,552,1060,455
1013,130,81,47
985,18,2,0
1464,76,49,9
916,514,900,314
1236,690,969,398
544,35,6,0
556,227,170,44
828,590,1102,486
647,366,449,256
991,366,306,96
765,7,0,0
450,8,0,0
697,48,80,31
689,26,10,4
989,318,366,140
576,68,78,41
881,664,924,382
976,642,1008,361
642,32,88,20
762,66,106,42
1155,142,66,10
984,736,854,398
572,460,635,244
1314,442,1514,405
865,604,842,318
506,46,58,22
1133,366,490,152
1149,70,150,38
460,13,2,2
852,22,26,12
768,14,9,6
655,10,2,0
749,56,80,34
558,181,546,191
821,85,98,34
829,38,116,34
618,12,1,0
931,16,20,6
845,476,700,252
754,444,598,246
483,18,21,8
946,10,0,0
1186,149,242,80
1177,364,542,134
628,64,89,40
752,42,40,12
558,234,210,36
696,406,634,240
885,696,1433,508
331,12,3,1
750,334,234,104
1054,36,45,12
684,12,3,7
915,294,246,53
882,697,1100,495
980,576,289,116
826,584,808,270
988,677,1200,426
920,96,38,7
1021,628,876,332
887,576,706,244
722,7,7,1
714,19,1,0
1667,210,92,12
1733,961,1634,527
431,42,22,3
727,797,620,279
956,107,130,55
960,858,1512,564
660,415,602,249
766,513,740,244
648,3,0,0
800,11,2,1
545,12,4,4
1132,728,950,336
742,36,53,21
897,32,22,8
1014,128,52,5
856,560,824,318
1442,856,1358,556
618,182,206,83
694,18,98,28
784,234,264,110
995,35,28,9
953,578,936,329
4168,2512,3936,1411
442,14,8,0
704,567,848,278
868,271,316,108
798,261,980,289
998,780,1042,503
654,69,66,28
1098,56,76,24
1482,69,87,32
858,18,8,4
1787,1257,2060,815
1166,94,190,62
643,354,710,258
1916,234,380,130
730,47,84,26
764,619,1136,360
713,241,727,272
1062,696,1174,448
610,56,72,22
1098,672,1128,376
756,564,846,342
874,876,1139,454
760,474,736,368
2440,2419,3670,1480
936,390,402,99
2838,1087,1149,257
1676,1390,2198,861
603,186,194,62
924,442,358,87
503,19,6,3
709,53,102,46
724,4,1,0
744,20,16,10
706,664,652,281
813,7,0,0
780,10,0,0
708,78,101,50
988,904,1505,561
818,163,31,4
1431,456,506,185
1006,584,1016,360
1983,1614,2594,898
1350,1104,1352,551
1454,1064,1988,716
460,18,22,8
963,366,500,236
1441,954,1415,508
996,508,796,310
1037,292,372,105
1020,921,1348,630
1016,932,1397,472
718,63,30,14
934,78,84,36
628,373,788,263
803,30,48,20
794,96,124,54
1517,1214,1958,787
582,21,12,6
972,64,71,34
2604,2440,3650,1259
1220,1205,1197,573
1589,147,38,5
1208,196,569,162
863,833,1216,486
851,348,360,78
801,71,11,4
962,502,828,276
786,54,50,11
840,74,78,49
674,799,616,339
906,661,989,404
902,658,714,316
380,308,324,147
805,413,285,156
418,28,21,14
535,264,162,54
2460,1350,2070,810
1202,224,284,111
748,259,262,114
579,128,198,56
1698,1075,1487,559
1067,1128,1680,748
822,99,60,38
1215,825,1018,434
908,755,1188,454
967,953,651,337
819,355,224,73
920,872,1119,570
953,550,814,282
1107,978,1552,626
1022,961,1508,575
1028,378,348,78
1514,1077,1516,541
1476,1001,1328,572
1565,219,84,16
653,8,0,0
894,20,1,1
1168,131,50,6
835,82,134,45
943,864,1208,516
1098,109,39,4
954,762,982,492
840,636,889,340
760,255,638,248
945,690,1110,444
940,728,966,431
796,115,19,3
734,76,48,32
923,831,1134,451
993,581,1227,358
777,7,1,0
1120,943,1471,580
1672,474,682,228
846,962,1276,502
1272,916,1274,480
850,604,1248,456
1046,649,794,370
1571,111,25,7
1016,119,177,65
1046,834,1388,550
678,50,86,39
976,624,750,262
847,90,34,6
665,99,83,30
1012,1110,767,387
666,10,0,0
834,62,66,30
1540,44,2,1
1528,1516,2510,926
631,234,242,68
1490,504,566,228
912,66,51,26
915,949,641,367
804,18,6,6
1008,619,864,363
604,22,19,8
596,49,43,19
540,28,50,17
535,440,758,262
907,737,983,410
820,247,777,255
979,740,1254,352
684,16,1,0
838,418,632,323
1186,179,229,92
468,216,258,74
810,282,878,342
612,84,108,44
788,19,1,0
765,286,299,66
386,36,39,19
805,332,266,78
975,381,385,80
382,380,329,166
482,696,714,274
556,11,0,0
521,28,14,3
755,151,159,69
387,348,477,218
846,404,326,124
514,300,513,185
409,90,134,65
284,189,284,94
296,200,374,125
678,2,0,0
854,20,12,9
490,44,66,16
389,144,186,59
371,160,202,98
104,12,1,0
602,506,752,264
397,394,666,244
569,400,530,190
414,268,384,128
526,13,31,15
522,426,534,210
437,46,78,30
502,446,540,251
481,370,171,52
858,998,1525,660
888,114,160,56
667,68,96,42
580,274,932,302
514,342,472,190
822,498,906,276
350,204,240,110
456,180,184,48
637,78,34,6
306,390,257,188
840,348,386,70
602,68,22,6
928,596,988,364
842,560,1032,396
484,21,26,11
558,114,256,55
540,73,25,4
484,44,24,12
496,52,56,22
810,494,820,279
370,12,7,4
330,80,94,39
339,192,329,124
751,404,1310,386
332,7,2,1
474,30,18,13
788,251,304,111
592,576,815,348
530,66,104,36
391,558,447,250
332,21,21,2
410,19,26,4
523,382,502,210
190,8,20,6
1340,1501,2436,840
374,189,353,117
915,552,860,386
347,223,342,103
626,509,805,247
1218,600,922,348
477,210,181,46
776,53,29,19
610,321,284,116
692,753,653,266
388,10,14,6
1356,674,361,288
464,324,400,172
492,250,334,138
542,50,84,30
839,664,958,342
494,325,202,45
310,20,20,4
447,20,18,6
356,10,2,1
412,248,487,142
488,7,0,0
436,342,470,172
456,271,198,104
1234,1627,1162,626
740,690,959,386
611,496,774,290
732,12,0,0
526,41,44,18
520,22,34,8
799,924,1302,554
597,412,217,53
1089,125,36,8
744,90,127,56
864,719,1172,450
710,502,852,298
463,342,526,166
567,406,628,234
454,76,197,26
509,404,602,236
414,8,17,4
735,282,270,76
394,125,140,52
957,21,2,2
340,175,704,275
705,390,520,217
528,202,162,41
838,302,314,125
627,37,36,14
614,232,216,48
723,88,120,46
528,172,200,48
310,243,408,140
404,8,0,0
819,636,976,392
390,270,556,196
499,334,458,200
348,477,372,211
595,10,2,1
754,638,1012,394
770,93,28,7
655,48,72,29
553,65,121,54
633,619,1127,370
614,428,572,231
526,14,10,8
345,10,12,4
667,494,633,238
668,270,732,318
360,204,156,71
753,490,732,330
598,25,19,6
612,414,578,214
1638,672,2135,847
468,427,600,248
286,146,184,74
412,69,112,58
504,6,0,0
529,414,546,166
1240,132,50,10
480,87,108,39
402,10,6,4
576,172,245,79
565,36,50,18
511,3,12,6
514,498,812,294
595,656,885,352
1176,18,17,9
769,840,1128,402
602,487,817,320
403,8,1,0
493,47,20,2
338,35,3,2
563,356,558,235
909,930,1268,570
546,770,670,332
289,12,1,0
710,44,68,30
348,7,5,2
700,666,1038,370
403,26,36,14
646,104,128,56
615,721,1150,470
702,52,91,35
539,458,508,212
550,377,550,230
485,39,50,15
237,226,352,168
980,288,308,146
993,44,43,18
846,400,1301,461
377,180,284,128
470,25,16,5
742,267,198,46
802,274,300,78
628,266,313,76
848,778,1144,453
1074,800,1012,430
896,548,764,293
416,87,116,42
330,9,4,1
666,466,684,254
289,204,264,97
697,484,994,378
225,16,8,7
497,50,78,30
475,20,20,10
452,17,21,6
562,17,0,0
509,324,976,254
738,654,1011,420
435,63,22,1
777,590,850,338
492,372,481,223
818,703,1392,514
738,939,793,385
500,22,0,0
640,512,762,256
1072,217,146,82
530,458,656,326
1654,1098,1545,580
668,73,67,35
290,93,121,20
430,380,757,298
352,258,402,156
856,97,125,34
748,19,56,23
562,20,12,2
366,14,7,3
731,635,1026,398
380,238,368,140
627,73,48,26
720,24,28,12
618,82,72,28
850,144,192,59
587,72,32,6
794,612,936,402
664,198,341,102
620,532,827,306
580,29,37,13
791,78,88,31
309,88,80,36
546,392,606,238
642,223,298,92
784,319,435,144
868,407,1466,427
672,20,10,2
355,397,290,175
467,36,99,34
626,262,961,290
298,446,354,204
858,915,1375,616
1022,298,364,120
1814,932,2880,879
760,32,22,7
399,23,6,1
641,14,15,4
524,76,102,42
324,296,334,158
371,46,48,20
928,286,276,128
594,620,954,349
356,136,142,42
205,16,8,2
1103,2049,1530,909
1384,488,1582,477
623,869,572,362
979,63,102,52
344,368,513,185
679,646,1013,354
496,92,110,37
608,532,814,271
744,592,895,332
798,480,685,244
420,46,57,28
1490,1264,1739,634
234,79,45,26
211,4,0,0
390,12,15,4
736,90,382,53
378,6,0,0
297,5,0,0
668,268,294,52
609,970,662,411
423,252,367,137
408,61,26,2
911,834,1302,533
784,238,274,106
431,383,328,165
423,65,169,24
328,13,14,6
384,4,0,0
289,64,68,21
472,544,792,321
400,10,8,1
565,282,335,114
528,62,18,4
342,26,22,10
1093,83,64,5
525,16,14,4
766,349,266,58
706,439,310,121
857,38,24,3
476,326,669,226
823,722,1265,453
878,576,780,318
388,200,345,122
708,628,523,263
690,556,833,306
723,52,59,19
426,310,475,179
504,490,698,208
662,32,36,16
865,612,773,318
554,234,197,44
476,561,698,150
522,15,10,4
790,44,60,24
1325,1096,1742,746
4302,1458,1891,594
975,110,36,6
645,494,546,308
988,340,1168,331
440,12,10,3
821,74,34,5
405,17,8,2
838,276,344,138
346,578,484,249
2107,933,868,194
480,18,7,1
1234,443,1378,415
1149,872,1660,650
740,269,303,98
1042,381,1255,390
970,1031,750,485
1013,1130,1657,714
488,8,0,0
529,11,1,0
740,248,244,116
504,73,40,15
504,738,669,357
468,295,350,157
461,11,5,1
694,327,220,110
213,7,30,11
184,124,57,28
910,258,328,105
986,709,1180,447
589,596,1067,371
432,226,340,147
1664,284,412,196
527,43,38,10
747,407,234,106
1752,514,634,240
878,38,97,37
1206,21,49,18
630,612,813,364
762,120,175,65
529,78,125,49
652,462,774,254
744,310,280,64
488,203,615,199
512,6,1,0
742,303,1047,289
453,340,151,38
679,417,471,248
377,370,480,219
3409,243,223,28
549,325,499,185
1121,742,1184,422
593,46,32,6
704,212,735,237
791,680,1098,420
448,9,0,0
517,477,533,218
1042,567,1761,606
652,656,926,369
650,560,992,345
879,10,0,0
1033,856,1536,558
416,14,20,8
420,44,20,3
602,700,536,289
1673,692,952,312
764,31,34,12
1502,511,1534,494
687,11,0,0
290,173,321,84
602,205,222,50
626,420,732,238
663,14,12,5
896,571,742,307
571,14,7,5
712,609,815,360
756,129,452,80
775,639,1242,382
735,23,63,20
1027,518,1773,614
470,398,674,215
389,8,0,0
1962,1246,1970,664
952,760,1056,547
922,290,1032,260
765,304,782,284
668,66,70,27
524,128,183,54
440,70,120,40
651,108,41,30
674,32,36,14
729,10,1,0
600,64,106,49
520,282,524,167
612,520,1004,328
419,275,362,124
784,320,1088,354
335,32,25,24
1018,1159,1016,447
610,34,130,62
910,305,386,118
352,6,0,0
694,78,25,4
880,364,374,84
720,9,3,0
581,348,524,168
823,142,391,116
894,723,1158,460
1240,900,1152,496
916,876,1312,499
621,263,906,378
507,433,578,209
715,35,41,20
1087,782,1100,477
476,6,6,2
496,84,92,35
1294,557,464,126
1028,710,996,368
571,425,639,186
1022,986,1421,622
753,102,64,10
332,76,74,18
812,1190,948,465
1264,56,15,12
434,12,0,0
741,30,26,10
696,400,497,192
637,44,65,17
982,625,1070,382
769,28,29,6
709,469,774,301
832,16,0,0
860,548,824,338
745,60,82,42
860,4,0,0
590,442,684,255
645,38,20,8
505,228,150,84
470,57,64,25
656,648,772,318
887,274,317,120
372,92,99,37
958,666,960,402
1030,646,1198,434
1509,611,640,168
522,475,705,260
524,263,994,273
632,6,1,0
1410,530,552,140
1169,154,253,98
913,85,307,82
542,190,577,162
928,827,1222,558
566,527,774,331
938,84,143,50
816,258,346,110
707,673,804,368
938,54,71,4
615,241,289,98
752,491,831,322
888,121,384,146
718,48,56,12
282,10,6,3
722,722,1090,370
743,433,1450,527
788,1164,861,477
1238,1005,1396,566
1120,990,1648,648
798,290,310,118
650,28,36,2
1041,415,1347,474
614,364,750,304
710,266,369,112
716,15,2,3
264,22,30,13
630,658,1258,360
758,116,93,52
234,407,349,183
559,24,20,8
784,41,58,26
887,134,96,47
1124,996,1490,596
692,792,487,305
1071,124,40,10
572,58,17,6
736,143,292,59
684,28,18,4
705,214,286,90
839,560,717,299
848,662,936,440
1276,230,168,77
1868,558,690,224
673,462,626,236
330,6,8,1
1018,71,190,72
1214,184,268,96
946,358,390,95
1022,382,1118,382
439,28,32,17
1212,490,1359,492
880,348,440,128
440,535,331,197
674,1108,937,439
403,39,62,36
754,65,140,51
706,164,260,73
810,108,164,63
658,494,654,256
562,410,538,190
409,304,340,124
559,13,0,0
571,343,1290,451
640,592,858,403
243,29,38,12
288,167,103,18
648,541,968,436
706,495,636,261
318,30,24,13
878,16,2,0
604,793,547,342
675,110,26,6
1015,694,964,391
672,247,915,232
781,109,195,66
538,364,587,172
488,17,45,11
238,6,0,0
418,32,18,5
367,26,18,8
897,100,30,10
241,318,356,151
501,169,703,218
492,30,52,14
1035,374,1246,398
1420,229,753,199
542,604,826,356
431,16,4,2
421,61,20,4
426,31,17,5
452,681,643,270
946,449,1424,513
710,152,31,4
486,484,680,294
574,177,581,224
769,432,1537,486
378,27,10,2
630,418,631,218
550,474,771,322
707,42,24,5
952,49,13,14
1488,580,528,150
321,20,10,1
965,637,956,358
727,168,307,62
349,22,25,14
411,466,477,166
677,202,270,118
411,46,28,3
685,452,652,264
546,58,35,12
282,36,16,2
446,133,371,138
718,528,712,278
468,184,172,38
532,73,277,59
786,159,304,75
492,268,384,137
942,82,134,52
516,19,12,6
433,32,42,20
579,526,892,308
945,62,96,34
390,10,11,4
961,408,526,192
375,311,514,212
266,15,5,1
416,18,15,3
280,298,284,141
540,7,2,0
538,77,163,48
1854,542,1759,463
407,386,628,248
1338,1283,819,481
293,7,6,6
966,735,1043,380
1318,1874,1419,861
426,12,6,3
936,448,1624,586
365,246,336,144
448,56,62,20
586,234,698,256
436,340,636,198
529,14,0,0
819,646,860,378
598,243,874,226
722,64,36,6
370,545,522,242
720,775,745,317
685,110,334,79
489,190,162,36
692,796,803,362
464,336,489,176
586,41,43,3
564,167,499,156
350,67,36,17
290,5,0,0
376,16,12,8
348,2,6,0
742,294,859,313
1082,546,1748,637
506,39,33,4
748,572,992,364
372,13,2,1
520,34,91,33
239,8,8,3
851,92,29,7
339,29,20,2
688,49,35,7
410,105,322,99
406,18,1,1
687,496,854,310
662,566,864,330
884,399,1382,453
424,212,156,62
426,402,579,226
489,780,506,302
634,1020,779,437
438,111,33,11
864,327,1147,411
383,84,44,28
604,514,602,245
737,164,312,50
746,598,790,352
556,58,79,52
812,393,1320,455
398,62,84,38
306,434,284,185
966,181,516,147
414,8,2,0
316,10,0,2
314,8,0,0
250,13,0,0
318,285,279,124
415,81,48,38
716,882,655,319
533,6,1,0
191,359,276,144
452,63,25,5
2575,16,11,7
852,1236,1028,474
1098,408,458,95
1342,118,219,70
1302,484,936,310
744,234,308,178
994,953,1524,602
1386,105,259,92
943,672,868,358
810,1424,1278,563
804,402,1651,474
1122,431,1502,398
830,680,1192,486
798,74,269,71
812,595,846,343
797,63,64,34
415,12,13,4
689,472,300,78
1097,27,13,8
1214,57,9,13
916,15,0,0
558,132,560,236
954,410,1421,463
721,24,109,38
547,208,726,196
568,482,732,330
1060,45,95,37
1340,156,190,78
1485,558,715,221
1038,390,1343,352
1146,79,225,87
1091,693,1346,468
248,11,15,2
560,62,67,25
726,608,716,294
1042,12,0,0
1298,676,2489,706
409,140,314,197
564,715,561,270
488,100,69,33
650,443,221,72
1376,84,215,100
796,59,162,42
818,190,149,70
1020,117,344,128
1762,1817,2716,1092
877,1068,930,413
532,184,210,37
518,266,1107,343
1772,190,294,112
689,108,117,62
478,10,30,10
362,31,55,14
734,295,930,360
668,21,15,3
1571,1394,2272,839
1212,459,1261,412
1131,1441,1118,578
662,83,43,16
772,616,826,282
1380,169,80,8
888,856,1214,442
566,23,14,2
483,5,0,0
678,228,228,54
946,355,978,385
1150,39,63,14
1063,31,49,8
1103,18,0,0
1130,57,227,53
659,46,56,16
463,631,626,331
818,263,394,84
790,342,258,74
1140,69,90,34
2438,219,168,27
1188,708,2645,815
1044,138,204,72
3158,1307,3851,1364
1184,1020,1538,630
595,428,776,256
1212,954,1442,552
522,17,80,21
846,148,156,64
1125,1277,2051,886
1386,1882,1537,781
749,106,63,8
788,453,270,139
890,326,414,136
743,810,1256,456
615,154,213,85
910,4,1,0
868,328,1058,393
1193,137,177,86
1218,167,357,50
534,338,646,238
1438,1154,344,81
3047,1026,1146,468
2554,173,197,26
1313,1138,1730,684
456,10,0,0
505,16,0,0
1128,938,1326,492
822,868,1434,566
957,785,916,412
712,452,693,251
644,604,926,366
2068,879,3356,857
614,20,2,1
805,136,62,8
994,269,130,107
904,242,834,254
823,22,2,0
549,36,61,26
1316,322,200,125
304,6,0,0
448,51,33,17
829,55,88,23
908,1077,1024,496
751,214,124,75
1378,174,72,10
634,686,576,250
786,216,75,72
1187,70,60,12
746,21,51,15
580,943,703,411
962,230,314,126
734,571,880,316
1169,766,1232,435
882,147,249,51
1236,960,1382,554
986,1463,846,542
1252,36,160,47
1314,381,1432,377
472,75,25,2
349,164,35,9
3600,1274,3587,1379
1821,486,721,258
2071,2162,3196,1562
1490,59,55,10
952,16,0,0
846,572,915,398
1012,990,1802,652
560,22,19,6
1548,25,2,2
654,110,33,4
550,228,221,57
383,43,10,3
734,638,1258,460
435,272,402,113
745,322,966,335
1476,540,793,206
502,215,150,98
734,257,355,86
646,253,862,306
840,972,1354,602
786,772,1397,474
749,561,820,300
1372,669,2290,718
828,343,404,148
468,11,2,0
629,514,692,312
974,876,1282,541
792,786,1161,408
458,28,44,20
759,42,28,7
394,12,6,1
477,25,38,22
2360,516,651,256
1003,1078,1324,559
1078,1000,1688,598
1261,85,108,30
303,190,314,139
526,42,49,16
775,54,85,36
778,753,1406,504
780,98,32,6
572,20,8,4
903,762,1158,516
1360,1290,1942,792
764,323,861,281
652,558,784,307
1062,1041,1764,730
386,502,623,202
436,257,586,197
397,305,444,170
1153,193,48,6
1050,147,200,66
1390,134,141,52
802,758,1338,496
1012,47,8,4
470,19,6,4
816,520,830,347
410,8,8,2
424,185,532,219
938,916,1426,582
809,100,39,6
715,282,328,120
605,53,56,27
250,10,8,2
543,10,16,3
1484,64,62,26
946,480,1403,497
439,1,0,0
295,10,0,0
1029,33,28,12
2013,1680,2052,1004
578,80,88,36
996,124,178,80
1008,516,346,112
480,428,742,232
807,532,728,312
640,125,284,37
708,626,718,290
602,245,218,72
597,387,217,101
459,324,462,192
798,113,168,64
694,965,688,415
354,250,346,148
828,141,31,5
562,426,657,246
726,312,1239,315
1081,88,117,43
1606,1434,1992,813
832,614,2162,631
648,211,302,98
635,781,1057,458
733,48,56,21
1107,128,56,8
555,616,879,324
632,616,910,310
558,109,298,103
490,14,0,0
663,272,262,58
395,9,0,0
497,16,3,3
895,22,11,8
699,35,42,19
1288,204,566,151
729,40,51,18
318,6,1,0
748,915,622,328
417,52,22,1
750,259,823,302
1185,1300,1808,850
616,64,88,24
938,50,38,6
437,413,679,276
654,492,666,282
586,28,28,11
1816,1491,1043,579
516,29,16,6
640,279,228,82
1192,762,1078,409
871,1082,774,365
1383,177,50,9
472,20,4,2
876,60,69,20
1642,1182,1868,708
413,130,153,54
748,494,860,274
830,20,2,0
560,919,828,400
377,44,38,9
824,263,395,124
1090,468,508,116
932,14,2,1
313,10,2,1
596,26,10,2
647,234,282,106
802,674,954,424
948,382,333,84
124,8,6,0
725,493,323,75
892,710,957,395
1213,96,86,35
2671,2244,2769,1498
1215,190,77,14
1830,147,392,140
753,469,868,290
796,20,1,1
1186,880,1352,519
782,60,31,10
160,9,2,0
945,1517,1184,647
808,814,1575,562
348,289,424,159
629,452,661,269
414,548,408,200
838,97,112,42
1001,798,1002,405
692,208,256,87
430,187,150,53
906,174,492,134
2237,2170,3259,1267
678,666,985,408
1328,486,1633,540
768,155,390,99
1007,355,444,160
756,864,1351,498
1045,1174,1752,764
1180,70,58,12
1028,874,914,498
344,22,22,6
1477,48,20,8
755,686,1196,458
467,73,68,12
649,68,100,42
334,21,12,6
1311,1287,1928,807
859,526,695,273
2381,426,1156,296
1168,345,406,150
776,28,0,0
618,416,783,238
601,437,722,218
563,991,915,396
1625,1517,2344,950
717,640,1050,402
1006,44,24,4
970,336,932,363
639,41,45,10
649,145,260,63
606,121,113,46
606,514,720,316
884,882,1563,568
1055,586,1996,627
714,37,46,20
542,35,18,10
746,26,31,10
737,430,778,274
459,950,645,377
1338,1362,2018,712
973,69,216,75
524,865,827,402
702,88,154,68
471,58,62,26
726,744,1010,400
684,19,2,1
824,699,1234,454
540,92,214,51
1038,938,1718,597
442,459,860,290
794,48,68,28
1192,1340,1882,770
703,526,703,282
798,266,381,118
1185,142,57,4
1207,232,61,11
1024,268,205,109
792,610,956,348
1091,1260,1802,706
796,590,731,299
525,14,9,5
786,680,652,289
431,185,627,194
678,880,494,352
492,385,568,214
863,90,42,11
1160,185,86,14
718,989,778,399
674,534,1136,354
949,348,1294,348
1314,116,136,46
982,64,35,8
1091,730,1262,592
514,95,145,60
678,44,36,16
791,660,1042,472
854,608,886,324
727,689,1018,474
794,666,1136,418
973,785,1668,565
504,10,0,0
646,432,649,274
688,767,592,306
1239,1100,1830,728
796,124,138,52
628,83,60,24
1779,1244,1824,656
1707,51,92,21
574,502,906,334
596,244,296,58
892,535,857,366
448,372,377,252
750,40,61,19
508,364,472,222
832,612,853,354
422,56,20,15
579,40,47,22
808,74,81,25
587,58,72,36
726,280,330,63
600,24,14,3
800,18,0,0
1656,162,106,12
1130,1078,1493,620
676,415,272,112
2011,906,868,195
1638,1143,1796,674
524,703,637,286
440,27,12,5
638,468,660,274
1132,1178,1760,725
732,786,1388,493
613,448,313,65
809,291,423,135
857,881,1390,468
364,26,44,18
364,2,0,2
2040,58,70,25
619,10,0,0
567,10,6,2
600,185,166,90
1205,1096,1603,690
1817,1204,1616,624
707,391,196,70
3106,4142,3440,1750
1296,1060,1582,648
796,557,831,315
350,7,4,6
388,22,30,11
630,386,602,226
392,16,0,0
536,106,122,44
454,614,485,216
709,206,301,111
419,539,478,278
714,241,272,98
599,367,592,181
1596,1333,2016,806
1603,389,555,204
1294,970,1246,516
1027,785,1227,442
808,773,657,368
361,20,18,9
386,4,0,0
1134,772,950,394
672,53,124,54
1676,386,1589,462
920,19,1,0
360,208,340,112
359,12,7,6
990,733,1197,483
462,636,949,374
1120,554,2176,602
420,298,408,144
814,218,612,165
550,96,329,70
515,26,19,4
605,1215,1062,500
807,159,440,110
628,798,1130,482
670,730,1307,450
704,19,15,3
633,336,305,68
386,83,18,5
420,388,596,236
574,618,1124,412
554,406,585,232
976,462,376,108
436,9,31,5
251,36,46,14
2359,106,2,0
835,840,962,494
378,8,0,0
544,609,902,383
244,24,18,7
503,216,214,62
424,8,1,0
740,1293,917,559
295,33,52,16
838,281,392,109
863,816,1341,531
548,34,125,40
843,854,1352,533
197,147,248,90
424,55,86,45
489,36,28,7
676,17,21,7
381,8,0,0
242,21,5,0
626,431,217,67
386,20,30,8
595,36,37,10
582,612,974,364
612,408,267,117
1062,197,523,168
452,370,575,238
570,57,22,4
612,493,742,296
880,782,1030,450
664,13,0,0
822,678,1777,486
198,19,6,2
582,903,757,423
531,10,0,0
872,113,38,10
786,704,1064,494
90,4,8,1
540,72,24,3
1005,892,1292,533
610,594,990,363
100,2,0,0
794,1345,968,562
546,206,272,88
707,80,34,4
504,306,542,166
298,40,54,18
711,695,1286,470
282,6,2,0
1080,168,93,35
578,542,741,349
687,773,1202,436
409,8,0,0
705,1004,728,372
489,32,48,14
460,516,712,271
472,486,770,262
860,85,166,55
43,2,4,1
522,454,809,298
448,89,130,62
688,214,358,100
249,20,20,6
872,830,600,364
112,6,0,0
290,34,8,2
796,606,864,325
474,155,113,58
958,472,1379,414
619,4,0,0
859,928,1442,538
697,22,20,6
524,32,34,20
486,326,562,190
594,1040,867,419
850,3,1,0
441,39,40,16
452,44,46,7
570,219,280,92
820,96,145,58
1594,2771,1712,1063
784,288,1027,314
476,42,50,30
721,5,1,0
586,568,756,301
997,857,1405,629
689,512,840,293
1614,1758,2382,1108
681,26,24,10
946,21,2,1
502,230,824,282
670,243,310,111
743,506,251,80
526,470,631,304
536,443,778,286
590,292,338,110
484,542,629,278
270,41,58,22
475,12,12,6
545,346,632,218
534,160,310,84
507,63,90,38
723,800,1380,557
543,21,26,9
657,88,35,9
696,608,902,355
1082,1176,1612,750
467,544,928,290
496,620,414,224
604,578,1019,382
1114,96,48,6
1026,1034,1772,691
414,56,22,9
508,192,196,58
744,531,249,97
481,688,1004,402
441,580,630,285
212,17,48,8
522,80,131,54
564,503,677,282
657,258,298,118
524,64,31,4
568,428,478,242
546,391,608,232
356,74,29,27
354,10,2,2
914,1014,1454,566
620,17,10,1
544,60,61,26
686,694,964,434
399,287,420,178
368,40,50,12
484,46,70,27
786,53,43,4
666,244,959,290
382,350,330,154
456,592,590,287
460,54,61,24
190,10,8,2
851,456,1498,478
702,618,1084,418
627,32,37,3
754,609,281,94
600,592,768,302
1153,302,369,161
424,23,4,2
486,3,0,0
883,1067,1548,624
1235,1146,2173,808
866,764,1420,596
976,722,946,444
638,434,586,248
458,341,340,90
679,320,306,66
544,42,26,3
532,540,511,244
606,547,890,340
372,24,4,0
810,1136,704,390
683,686,1046,448
546,702,938,464
911,361,1115,355
509,352,700,228
529,860,510,363
1045,908,1374,527
344,49,38,22
1543,115,120,19
742,52,51,4
1114,7,1,0
630,463,590,260
312,36,50,18
381,238,400,122
847,603,848,321
504,443,854,312
540,574,794,352
447,481,312,197
728,614,818,329
676,823,1198,560
810,38,52,27
825,955,1308,530
1008,28,136,48
674,346,239,93
653,9,15,7
1639,211,102,12
452,98,36,2
698,806,1266,480
598,465,744,265
498,351,609,246
778,513,822,269
119,2,0,0
1090,50,59,20
416,25,16,12
686,17,0,0
653,610,830,350
582,666,660,317
391,7,0,0
528,116,179,69
415,354,212,156
558,638,946,397
442,30,94,19
552,649,1150,388
530,394,603,302
334,28,40,12
463,210,282,112
300,7,3,1
185,12,12,6
692,592,796,366
545,20,12,2
458,28,29,6
492,402,616,280
668,216,264,104
282,56,61,16
566,110,56,6
243,3,0,0
491,516,1047,401
372,474,676,254
632,274,284,48
444,82,114,54
430,226,722,223
506,542,904,336
479,537,886,300
460,426,644,259
364,375,371,164
784,614,1114,408
1133,1066,1780,660
2118,127,113,14
662,376,214,84
1300,184,60,10
722,52,66,21
424,90,66,42
858,353,912,322
618,7,0,0
688,530,908,379
577,400,730,255
644,1491,1128,651
803,156,176,74
438,886,861,392
930,684,910,386
246,2,5,3
431,14,5,2
540,34,42,19
1051,806,1252,513
1988,503,1620,508
862,717,1330,461
840,181,178,102
983,404,324,80
570,641,405,216
820,318,1029,310
760,26,72,27
947,427,412,103
490,892,854,373
204,3,0,0
538,30,97,19
302,505,338,198
663,88,42,6
435,298,424,155
1061,714,951,390
1040,867,1567,602
394,68,16,2
1495,105,67,19
1960,668,791,140
1092,94,128,48
817,46,38,20
560,525,1046,343
744,304,377,113
802,1215,1118,558
612,39,21,9
1092,156,217,88
775,70,98,39
348,40,14,2
384,105,477,128
733,22,5,2
782,614,1029,368
580,20,70,28
480,67,18,4
714,500,794,284
992,1501,1419,763
404,2,0,0
1274,798,1113,404
3473,1728,5465,1829
531,56,54,27
1198,627,1995,729
766,641,1258,414
538,5,22,7
420,58,61,44
433,436,769,158
697,226,600,232
367,32,52,26
355,516,429,245
581,666,850,407
396,25,29,12
1076,17,1,0
1764,312,906,246
1398,451,265,131
542,10,4,1
428,36,24,12
434,561,844,323
450,284,602,202
886,900,1576,618
248,185,257,94
472,520,1000,338
426,6,7,0
560,220,244,104
603,830,675,381
530,480,1370,340
634,49,6,2
414,208,122,74
958,464,1542,513
1152,558,522,129
1193,1029,1380,567
180,1,0,0
822,38,108,50
656,566,963,342
466,38,55,16
388,261,464,147
1750,135,431,137
475,276,392,184
710,907,686,313
3336,2808,3664,1440
930,1053,1625,638
510,58,75,24
412,11,10,4
753,130,30,8
948,79,97,38
519,25,16,4
830,187,40,14
660,44,50,24
900,822,1158,409
515,727,666,390
341,22,38,15
580,590,836,386
800,129,288,51
534,34,23,11
516,392,217,79
884,38,38,14
632,103,71,29
1134,192,75,14
973,352,1120,382
853,1030,1756,645
390,62,91,34
589,10,1,0
226,49,66,24
161,104,188,71
546,88,166,56
404,306,448,160
201,5,3,1
514,424,598,226
558,93,258,77
616,725,482,310
832,1383,1326,544
1022,51,140,56
584,11,0,0
859,667,834,382
718,662,1034,448
840,343,971,307
372,27,11,2
479,52,53,28
540,34,57,22
330,8,0,0
491,50,38,15
582,781,538,271
768,1195,740,533
320,4,4,4
276,5,12,5
653,612,939,395
860,1040,794,358
1076,54,87,51
932,437,795,214
772,74,32,22
1318,1222,1947,750
442,64,94,30
820,1232,1108,509
606,624,772,266
362,202,204,44
694,48,61,26
349,424,653,229
450,414,825,248
872,668,950,343
312,24,32,19
740,282,912,260
653,38,42,22
782,281,919,265
1026,346,1146,336
1066,1092,1534,714
1266,932,1537,592
880,339,1402,414
632,550,786,316
1010,429,1466,499
665,120,21,2
670,242,871,245
732,825,1326,449
1185,877,1389,648
1181,876,1456,436
776,19,23,4
392,9,9,1
809,884,1474,546
634,304,300,72
628,862,1364,544
421,13,0,0
602,620,1078,340
1052,392,402,160
1058,976,1556,551
1106,132,158,80
832,133,176,74
694,777,1326,494
485,72,65,35
622,84,136,50
657,6,2,1
534,116,183,68
416,175,188,50
1012,342,385,100
368,7,0,0
583,21,81,30
1943,1828,2632,1242
287,93,106,48
953,77,82,35
467,243,867,223
966,672,970,378
600,835,648,347
572,81,40,22
674,496,702,264
465,358,496,186
758,1327,1211,539
698,65,71,22
464,8,1,0
776,944,1278,500
295,30,37,12
423,32,42,14
385,192,136,28
842,325,1261,460
496,63,33,8
578,440,673,242
2572,1404,752,364
551,52,56,18
1402,865,1146,485
789,16,0,0
1008,32,100,36
662,444,1601,471
306,64,38,24
382,150,175,68
639,70,22,9
1052,842,1087,570
790,40,109,22
411,295,489,160
130,61,102,42
568,46,46,18
298,26,13,10
339,6,6,1
1862,760,719,174
665,296,280,74
1810,77,161,47
678,23,0,0
959,994,1338,651
717,521,978,328
734,248,380,139
626,235,787,283
78,2,2,0
724,870,444,328
712,572,859,326
695,585,814,342
492,64,50,24
186,14,6,1
760,203,526,176
627,11,26,10
1359,1202,1794,700
469,1089,535,239
688,50,39,4
428,158,224,52
602,86,89,28
580,218,234,75
664,904,737,305
880,914,1544,612
154,3,0,0
563,420,784,330
648,209,240,88
807,674,992,345
673,460,720,298
812,84,115,54
401,17,8,2
408,18,16,6
534,406,664,238
817,1497,1199,611
328,23,42,13
977,119,58,6
341,59,12,4
1098,524,392,217
2061,901,1051,348
826,720,1081,444
994,685,288,229
1002,153,520,207
643,10,1,1
852,216,112,22
542,610,1359,412
541,40,36,8
530,458,587,254
236,4,0,0
471,11,8,2
600,90,108,45
394,500,417,212
1092,823,679,282
536,268,901,305
539,512,864,296
1308,75,151,51
1287,1205,1904,582
773,922,1566,516
995,138,184,53
508,40,13,2
606,72,26,4
152,11,28,4
566,532,812,339
881,424,357,79
649,692,1208,488
494,66,24,4
427,368,483,231
288,12,7,5
661,747,1099,463
1260,30,1,0
402,371,546,194
223,6,2,1
1037,933,1421,478
1486,1542,1792,769
1174,128,93,26
1455,687,711,348
1111,1296,1794,762
1593,211,248,98
621,8,20,7
681,558,932,270
648,91,32,9
496,12,2,0
570,38,31,16
518,47,58,28
356,89,156,44
502,95,21,3
284,6,2,0
314,387,276,145
356,10,8,2
488,104,254,56
388,577,578,317
1207,498,663,284
1728,3134,2226,1091
1080,1054,1532,628
1056,2037,1418,693
717,286,380,158
648,239,296,86
558,38,24,13
430,209,725,195
1138,83,63,8
388,48,64,29
564,670,1050,378
430,103,198,36
657,50,116,38
486,236,174,88
462,330,534,180
553,76,34,6
266,146,238,80
1900,447,1470,407
1302,1805,2836,1150
1040,356,568,252
507,30,16,6
1050,51,8,1
580,310,238,131
986,312,407,132
2764,753,1066,454
379,71,73,25
452,68,35,8
324,4,0,0
1114,985,1492,638
603,30,6,0
464,401,660,240
442,578,413,250
697,976,716,427
338,5,0,0
639,22,4,0
425,16,8,0
458,282,530,174
692,6,0,0
438,41,9,5
584,20,7,6
1213,202,246,97
620,187,500,188
516,612,867,307
1223,843,782,194
604,189,274,92
492,95,31,9
785,1389,1195,532
516,246,937,290
397,320,334,209
939,149,489,112
531,45,54,26
498,16,58,18
556,268,190,55
1814,3917,2989,1687
781,29,6,9
591,598,823,316
728,16,0,1
1422,211,655,233
891,912,1435,515
755,275,232,104
716,874,1231,474
466,928,563,355
403,35,40,24
836,21,28,4
822,942,1374,523
526,460,634,219
421,10,2,0
510,654,452,232
691,1277,920,489
394,10,5,1
204,77,114,43
679,573,921,284
1305,300,532,202
843,873,1423,530
362,728,844,257
1062,1274,1776,719
673,772,1140,378
1024,203,106,12
675,202,293,96
588,626,894,404
1060,866,1020,450
673,444,594,238
550,406,722,217
682,544,649,254
976,1098,1844,670
1304,264,368,138
1144,584,880,312
1430,339,1018,271
956,1046,1632,588
653,192,140,38
723,370,456,177
380,288,444,158
526,70,26,4
825,704,962,387
701,602,814,355
527,14,0,0
571,490,706,300
561,302,602,176
650,26,24,13
296,12,11,6
288,177,298,114
1424,1579,2100,874
1008,308,589,170
748,946,1555,586
838,180,266,99
724,392,1267,445
840,561,754,224
1066,580,917,302
962,905,650,348
366,444,396,180
627,366,165,66
564,34,36,12
173,88,296,100
817,26,17,6
524,222,937,228
541,30,45,16
1052,36,29,10
511,74,42,4
1392,702,690,242
1393,808,1046,332
1082,351,645,146
809,938,1364,556
1187,1182,1592,660
811,103,109,44
718,9,24,3
842,184,485,155
702,1418,1386,698
424,440,813,282
633,293,1032,325
283,9,7,3
418,49,19,2
300,18,24,4
257,10,10,5
534,70,36,26
623,1037,734,418
1400,2153,1275,929
387,10,4,2
629,554,834,348
158,1,0,0
1792,1903,2837,1126
713,47,24,10
784,89,99,28
1175,1424,1964,764
1344,1377,1849,814
705,611,1046,366
692,26,28,6
273,83,31,10
345,204,127,58
400,20,37,12
638,742,1158,480
254,212,362,120
492,32,28,4
684,28,94,26
303,8,3,1
717,787,1250,471
968,554,840,340
1056,138,176,44
991,448,772,282
1490,1629,2572,1008
546,502,757,264
436,56,217,50
722,690,931,405
444,38,58,29
424,653,452,195
1385,826,1310,533
635,931,620,397
1720,1478,1979,816
1298,956,1330,507
1306,1864,1423,794
1942,298,1020,254
2138,2212,3180,1372
874,196,69,13
1214,1285,1735,680
1000,1318,1699,730
729,234,362,128
478,69,52,24
399,67,22,4
511,246,225,49
503,60,22,5
289,204,304,146
714,475,261,144
790,120,52,7
307,150,454,142
114,5,14,4
337,86,92,44
1607,185,340,112
763,656,1026,369
1784,1664,2786,966
1292,65,38,17
526,104,144,44
611,84,94,49
608,321,375,160
250,42,25,7
446,326,478,192
462,155,204,72
305,226,331,125
738,126,387,119
325,553,559,228
462,175,633,144
522,571,772,362
556,85,240,78
1163,89,98,39
815,602,942,360
1657,2108,2472,1208
1378,953,2956,925
1976,2092,2882,1230
491,116,55,10
634,388,640,204
544,58,18,4
578,91,44,10
1073,206,119,22
524,701,1272,430
899,1094,2144,760
520,120,61,8
428,114,214,60
1662,31,38,12
391,76,104,39
926,1035,1622,551
243,182,212,50
462,607,1086,376
463,43,88,26
667,919,1547,562
7756,697,636,101
1054,75,97,17
451,533,770,313
1206,1278,1886,787
535,90,36,5
857,216,342,142
560,590,900,284
392,414,660,228
903,318,470,188
458,737,1090,406
691,766,1312,502
229,86,107,58
712,607,821,302
1002,523,1865,502
553,872,1360,484
765,838,1364,549
527,52,42,8
920,121,397,103
820,1044,1391,689
623,462,299,159
1060,719,670,168
851,454,628,186
869,1078,1814,717
819,106,154,59
732,390,354,154
1093,1622,2434,968
646,205,571,138
442,200,256,92
477,75,112,41
254,43,32,16
346,14,4,2
581,879,1321,502
90,2,0,0
2232,1249,1360,466
796,460,634,147
746,692,423,247
672,288,426,154
1108,1150,1484,628
1159,249,769,246
604,603,990,363
1060,557,1887,499
660,334,414,189
642,1254,998,474
412,926,646,309
844,570,632,271
1106,575,2090,537
523,106,66,8
600,142,64,7
810,1053,847,491
920,615,482,145
1096,422,568,262
1836,2222,3210,1462
850,568,470,112
528,620,363,188
991,376,738,244
1161,1307,865,451
422,12,0,0
1371,1645,2495,848
496,314,444,184
536,278,392,186
758,1240,1556,802
663,793,1512,433
703,1029,1738,737
677,1098,1468,648
1318,100,78,16
886,66,29,8
566,34,6,0
1150,974,1894,630
615,218,473,224
624,1548,1279,653
592,1202,998,437
755,1060,1624,638
1230,254,357,162
701,244,323,142
726,307,358,178
456,86,113,44
752,932,1582,619
448,194,250,110
288,62,78,35
1252,1270,1729,674
503,722,790,271
803,884,1232,472
740,876,1518,580
832,15,4,1
808,274,467,170
872,81,188,52
615,24,25,15
834,93,265,66
1228,405,1111,286
782,429,461,185
1098,1584,2012,920
524,720,945,310
377,102,175,73
923,962,1536,620
866,174,65,10
374,1231,887,551
432,144,158,70
1017,178,112,14
1412,164,251,99
1120,379,746,285
1596,198,314,108
1070,789,2874,846
825,546,550,134
961,965,1834,608
585,224,352,108
761,1512,1115,537
804,1213,1744,726
608,208,123,76
1242,363,714,130
1060,196,80,14
799,336,536,242
1122,1184,1710,637
644,156,205,93
981,239,281,132
756,436,398,172
534,840,1238,490
986,316,452,184
1638,22,4,0
309,7,3,0
1461,248,390,140
1254,1796,2568,974
406,129,388,100
892,224,410,162
889,604,437,124
944,162,80,22
944,28,2,1
756,396,559,236
1044,576,688,244
1002,40,6,0
614,234,290,122
478,146,258,102
683,833,1254,501
553,101,358,108
888,1098,1164,530
658,1188,1748,703
659,502,305,209
1592,810,1008,346
3037,3254,4950,1991
788,219,721,163
1846,598,866,246
541,261,426,173
588,1782,1452,755
1003,170,160,62
909,957,1551,542
715,528,444,210
972,1024,1622,652
652,1703,1170,707
736,337,339,136
1080,1854,1436,694
868,990,1465,572
795,1646,2282,888
717,1284,1554,647
710,392,1373,379
655,1076,1550,709
2139,359,127,18
2708,1488,1438,366
938,1203,1968,783
3058,2441,3292,1294
854,129,250,90
761,206,516,98
704,34,125,29
846,1286,1770,707
1335,212,102,17
643,244,310,150
607,752,931,368
925,241,65,11
694,272,450,178
512,232,256,128
902,1060,1547,519
986,66,105,24
567,682,1675,548
282,126,123,56
166,70,94,32
820,293,500,219
1118,1339,2189,824
494,127,54,9
673,836,1266,578
1951,795,2693,910
2910,920,297,43
648,405,1228,478
537,126,58,9
896,378,594,250
968,32,0,0
944,490,701,206
732,526,1830,622
324,128,188,76
1040,1274,2416,917
625,349,284,123
662,800,1280,457
142,62,92,34
162,117,237,110
842,1134,1496,648
489,108,154,50
306,137,77,39
292,50,42,20
1180,1640,2261,830
5240,10765,8269,4002
573,829,1236,423
755,142,60,8
898,536,783,314
896,1212,1836,712
788,250,282,114
813,120,422,147
684,98,116,38
1957,1133,3950,1263
742,933,1320,515
1091,229,122,17
295,43,147,63
1182,996,1284,583
200,219,288,106
1034,2393,2347,1088
276,683,670,296
273,8,0,0
1284,243,84,21
4555,7001,4671,2916
440,123,363,140
795,910,1273,442
910,559,1639,575
619,170,58,29
530,190,274,96
1000,1198,1994,722
1292,1641,2295,926
1104,1033,1532,588
757,166,218,94
1068,651,664,256
444,697,1091,455
632,829,1216,522
600,730,944,406
652,368,379,93
1669,2013,2757,1236
8222,2660,664,124
528,486,1120,386
774,44,46,20
1052,1248,2002,682
1280,333,85,13
1013,560,1750,684
652,93,74,19
500,213,150,88
701,721,960,383
614,357,397,230
660,125,64,10
1406,102,150,63
922,114,133,64
789,532,439,136
673,946,1580,586
559,866,1335,493
888,1182,1916,601
562,1008,649,355
410,588,786,379
482,126,196,60
490,104,38,33
512,168,316,98
362,42,36,7
492,183,53,30
1930,1804,2448,922
728,111,82,18
580,742,1299,508
141,80,82,41
613,720,786,401
498,512,727,278
399,548,716,308
514,14,10,5
