904,5,0,0,0
856,3,0,0,0
420,675,683,1081,975
527,4,0,0,0
426,20,17,14,8
752,608,565,406,272
910,6,1,0,0
600,2,0,0,0
648,4,0,0,0
858,5,0,0,0
858,132,102,64,30
722,227,336,413,636
882,9,0,0,0
1124,7,0,1,0
746,154,122,96,56
1831,15,0,0,0
974,9,1,1,0
432,109,106,96,122
1232,11,1,0,0
956,909,786,554,360
704,6,0,0,0
652,868,837,1300,1121
830,2,0,0,0
961,6,0,0,0
692,3,0,0,0
152,1,0,0,0
403,3,0,0,0
1334,8,0,0,0
1168,1186,910,562,360
774,3,0,0,0
570,160,217,292,382
802,4,0,0,0
806,745,681,992,931
782,794,1080,1254,1682
791,658,564,426,312
649,1004,1313,1640,2430
489,590,705,756,1134
983,1408,1783,2142,2868
760,4,0,0,0
962,82,62,49,36
474,480,800,616,1221
664,4,2,0,0
723,2,0,0,0
724,624,517,356,202
792,654,497,336,202
983,1565,1874,2343,3134
934,185,156,106,68
539,218,402,388,771
986,181,189,105,105
685,118,109,69,44
1022,254,249,158,114
730,112,82,56,40
518,408,617,480,896
775,834,1050,1204,1652
531,3,0,0,0
556,6,3,4,3
898,7,0,0,0
1511,16,0,0,0
803,4,1,0,0
949,969,1336,1582,2126
1091,6,0,0,0
894,6,1,0,0
654,2,0,0,0
2260,2261,2089,1072,889
742,19,28,34,57
946,356,446,533,792
824,1142,1538,1542,2358
1011,8,0,0,0
779,3,1,0,0
552,5,0,0,0
867,220,364,442,704
532,5,0,0,0
698,275,215,158,90
748,92,142,184,275
579,3,0,0,0
492,285,236,170,92
862,993,1132,1160,1572
863,77,52,44,24
1186,8,1,0,0
646,2,1,0,0
895,795,972,1039,1290
948,325,217,156,56
965,1555,1568,2494,2078
1065,8,0,0,0
639,2,0,0,0
1054,8,0,0,0
690,6,0,0,1
1100,1026,1744,1521,3013
873,5,0,0,0
878,824,1202,1029,1679
900,790,962,1016,1678
459,3,0,0,0
608,4,0,0,0
940,755,618,468,300
1198,8,0,0,0
1096,1210,1509,1695,2318
1061,831,949,1168,1644
1421,8,1,0,0
1514,2493,2902,3276,4528
443,5,1,3,8
731,6,0,0,0
850,8,0,0,0
722,2,0,0,0
1203,6,0,0,0
1380,1184,933,576,370
641,8,3,6,2
625,982,923,1161,1135
537,3,0,0,0
870,870,715,484,298
589,66,109,174,227
1108,663,758,408,368
330,3,0,0,0
846,658,768,823,1052
770,10,0,0,0
908,772,542,366,216
174,2,2,1,2
1136,838,714,460,300
1240,4,1,0,0
1297,22,20,22,12
1096,5,0,0,0
1474,650,1030,883,1534
1130,13,0,0,0
976,8,0,0,0
932,8,1,0,0
942,1156,1225,1326,1726
890,804,1159,1288,1937
482,2,0,0,0
572,4,0,0,0
771,42,54,29,27
604,4,0,0,0
1132,912,722,504,304
854,12,0,0,0
1258,8,0,0,0
1178,6,0,0,0
746,4,2,0,0
481,320,285,207,114
1060,8,0,0,0
520,31,22,42,39
716,6,0,0,0
865,2,0,0,0
525,587,730,930,1208
1025,786,667,466,285
710,659,414,332,147
519,4,0,0,0
757,6,1,0,0
588,54,32,26,16
687,846,1125,1410,2160
780,930,1124,1112,1578
1006,770,656,456,280
930,967,1231,1416,1942
766,8,2,2,3
1098,291,239,190,96
816,869,950,1316,1254
822,6,0,0,0
870,3,0,1,0
1052,914,1511,1469,2904
896,8,0,0,0
922,824,838,878,1066
952,4,0,0,0
1649,1765,2409,2976,3780
354,40,44,64,96
956,7,0,0,0
650,513,451,337,586
746,5,0,0,0
1398,1884,2420,2735,3715
1712,12,0,0,0
1225,1472,2640,2264,4727
772,4,0,0,0
1179,10,0,0,0
952,882,524,498,189
878,884,722,574,375
916,4,0,0,0
417,2,0,0,0
1168,1134,1703,1551,2803
918,858,670,470,252
658,7,1,1,1
1009,1206,1726,2293,3194
1262,10,0,0,0
711,601,456,357,204
824,282,366,476,628
764,572,517,362,254
535,602,730,904,1300
785,662,562,382,200
1359,8,2,0,0
755,690,568,377,214
952,219,202,142,92
1012,689,633,468,308
881,6,0,1,0
728,6,0,0,0
649,571,669,642,852
656,3,0,0,0
924,8,0,0,0
876,4,0,0,0
856,8,1,0,0
860,5,1,0,0
584,3,0,0,0
504,57,71,125,115
1026,1072,1407,1566,2143
816,4,0,0,0
428,118,89,63,42
1040,5,0,0,0
917,8,0,0,0
1023,3,1,0,0
1388,6,0,0,0
1064,864,709,478,299
745,6,0,0,0
247,28,28,54,57
483,2,1,0,0
776,966,1165,1460,1954
738,4,0,0,0
310,6,0,0,0
819,760,638,371,265
779,14,0,0,0
1104,12,1,0,0
992,840,652,384,194
772,2,0,0,0
1150,7,0,0,0
284,18,28,36,50
1001,548,547,339,248
868,3,0,0,0
948,7,1,0,0
600,2,0,0,0
1492,1495,1453,778,590
882,6,2,0,0
693,8,0,0,0
650,155,222,326,350
1264,1446,2376,2544,4704
440,4,0,0,0
1125,5,0,0,0
1011,6,0,0,0
911,4,0,0,0
430,3,0,0,0
662,6,4,4,2
808,6,0,0,0
694,92,134,144,257
482,490,324,266,100
1133,821,774,391,317
1322,8,0,0,0
809,5,1,2,2
676,930,1234,1443,1856
623,435,334,244,150
874,966,1615,1458,2980
663,897,1266,1660,2179
1174,993,1146,1158,1425
849,949,1221,1498,1938
388,9,10,7,4
924,12,16,18,26
849,144,124,73,45
537,4,0,0,0
1117,958,804,497,305
1050,1622,2080,2529,3374
821,5,0,0,0
992,475,775,882,1358
366,3,1,0,0
460,295,313,151,124
564,463,354,231,127
774,777,1175,1139,2088
583,2,1,0,0
642,13,0,0,0
598,7,0,0,1
488,2,0,0,0
409,3,1,0,0
454,17,18,41,42
458,36,28,16,9
396,172,166,118,88
770,536,415,260,164
663,566,798,988,1262
512,7,0,0,0
732,52,36,24,12
1444,10,0,0,0
990,1172,1831,1450,2639
304,5,0,0,0
2476,3140,3634,4672,6026
1063,842,849,396,327
1162,7,1,0,0
588,6,0,0,0
3069,20,0,1,0
2931,2436,1852,1220,712
774,801,492,467,228
455,4,1,1,0
451,34,37,22,10
1110,6,2,1,0
796,1,0,0,0
1992,10,0,0,0
545,2,0,0,0
1048,247,182,140,106
941,10,0,0,0
685,4,0,0,0
473,8,6,4,4
731,1142,1618,1834,2464
1023,6,0,0,0
938,4,0,0,0
1772,3653,4105,4674,5804
2286,429,745,712,1309
2646,2632,4120,4005,6981
346,2,0,0,0
1072,9,0,0,0
1149,1080,1254,1473,1802
2218,2570,4242,3820,7286
1030,1791,2346,2921,3768
1706,13,0,0,0
1882,1616,1461,857,688
669,6,0,0,0
744,628,558,356,224
748,546,480,315,194
623,56,66,138,100
637,50,86,114,154
1064,6,0,0,0
537,80,124,156,221
676,220,282,430,446
1624,10,1,0,0
1590,16,1,2,0
456,6,0,0,0
782,660,488,336,169
364,4,0,0,0
568,535,658,828,1059
110,0,0,0,0
1000,8,1,0,0
670,20,28,26,40
514,6,0,0,0
785,624,500,301,202
1090,7,1,0,0
640,794,1143,1510,2105
678,720,496,402,138
2028,2385,2094,3168,2843
870,5,0,0,0
471,668,622,879,817
808,6,0,0,0
504,64,98,102,174
708,779,731,1123,981
1454,10,0,0,0
598,121,163,202,218
792,633,489,358,228
802,157,310,312,646
699,656,560,361,246
810,5,1,0,0
1820,1529,1624,966,843
893,4,0,0,0
555,1,0,0,0
2652,2623,2512,1405,1176
2636,20,0,0,0
768,4,0,0,0
890,34,22,10,7
610,610,941,908,1744
906,6,0,0,0
2105,19,0,0,0
579,424,360,232,149
636,2,1,0,0
602,2,0,0,0
829,80,167,155,383
728,6,0,0,0
1005,3,0,0,0
1699,6,1,0,0
894,7,0,0,0
959,598,551,325,252
885,152,289,306,623
690,5,0,0,0
734,8,1,0,0
1938,1453,1276,908,578
1498,10,1,0,0
1010,735,661,347,239
786,117,114,68,38
1486,1760,2298,2671,3694
912,5,0,1,0
501,556,758,972,1364
1150,1110,1358,1390,1858
1855,11,0,0,0
2462,19,0,0,0
980,132,208,283,497
836,8,0,0,0
986,1098,885,593,335
1130,4,2,1,0
801,670,686,404,369
1189,8,4,6,16
2181,2098,1607,1064,574
826,4,0,0,0
1177,1220,2078,1963,3496
1388,9,0,0,0
911,3,1,0,0
830,6,0,0,0
906,7,0,0,0
845,5,0,0,0
996,10,0,1,0
746,266,516,531,1199
852,3,0,0,0
1065,12,1,0,0
710,9,0,0,0
721,6,0,0,0
1270,907,814,420,338
1153,8,1,0,0
1212,3,0,0,0
783,304,498,706,1092
824,7,0,1,0
779,1108,1474,1754,2314
1602,13,0,0,0
910,7,0,0,0
984,959,1291,1615,2112
1226,1125,1276,2030,1926
902,302,285,178,130
1343,2632,2154,3146,2549
1492,1659,1073,920,385
1114,1497,1371,1913,1675
1088,1125,1887,1677,2984
1519,1949,2182,2206,2800
822,5,0,0,0
814,827,927,1575,1491
1138,579,1054,898,1969
1246,1136,1913,1784,3322
766,734,655,901,663
756,8,0,0,0
898,815,478,409,192
708,7,0,0,0
1127,6,0,0,0
1250,168,225,143,234
1112,320,350,193,182
1004,6,1,0,0
788,5,0,0,0
1128,8,0,0,0
589,5,1,0,0
1163,11,0,0,0
352,8,6,6,1
676,5,2,0,0
970,670,1097,1046,1954
978,8,0,0,0
1128,9,1,0,0
1458,2364,3574,3317,5735
947,1349,1767,2146,3024
436,334,227,195,95
1170,920,759,468,294
252,4,0,0,0
683,393,332,248,156
670,740,938,1180,1708
960,322,560,538,1112
1261,11,5,1,3
642,257,263,402,328
1054,903,623,572,221
732,4,0,0,0
836,551,962,845,1812
1232,993,640,518,270
822,738,434,367,187
750,188,216,290,440
88,143,27,78,11
640,3,0,0,0
1433,3,0,0,0
837,592,466,276,188
1783,1551,2551,1869,3623
905,740,1132,918,1437
1092,6,1,0,0
774,4,0,0,0
698,72,28,18,3
818,994,1162,1759,1503
753,250,210,120,90
1334,16,0,0,0
704,4,0,0,0
1121,1108,1624,1914,2557
818,1142,930,1357,1284
962,7,1,0,0
1168,348,359,556,540
1516,14,0,0,0
682,6,0,0,0
1108,1353,1465,2278,1931
959,1,0,0,0
1357,10,1,0,0
1014,885,588,418,258
696,2,0,0,0
131,56,40,40,15
1056,1285,1296,2040,1839
961,4,0,0,0
1006,449,768,730,1400
766,34,32,63,61
1468,5,0,0,0
1314,1009,1046,579,527
923,276,296,496,462
586,139,228,274,407
1107,793,770,392,380
1216,5,0,0,0
889,579,437,328,218
1428,12,2,0,0
608,4,0,0,0
981,4,0,0,0
955,4,0,0,0
1098,4,0,0,0
1162,612,696,1150,1176
632,491,317,276,98
1670,1221,1155,613,485
1328,1128,1079,579,471
1074,70,73,23,38
990,10,1,0,0
622,3,0,0,0
1220,150,128,94,56
862,287,372,431,588
1295,1254,766,753,309
824,5,0,0,0
1298,830,889,518,447
576,2,1,0,0
736,5,0,0,0
1082,546,828,928,1462
1577,16,0,0,0
1114,211,236,129,101
1203,8,0,0,0
958,366,642,592,1078
912,7,0,0,0
1650,19,0,0,0
897,86,187,292,286
694,6,1,0,0
804,8,0,0,0
666,860,901,1279,1178
826,5,1,0,0
839,6,0,0,0
1045,1044,1285,1530,1914
728,3,0,0,0
1447,8,0,0,0
966,4,0,0,0
1065,7,0,0,0
880,266,356,367,524
873,6,1,0,0
1004,793,1156,939,1864
1164,8,1,0,0
1436,1070,877,612,448
986,704,614,472,274
156,22,12,8,8
1137,826,684,436,260
534,364,362,254,235
962,4,0,0,0
1026,10,0,0,0
1318,1073,832,553,344
818,6,4,0,0
1152,8,0,0,0
1024,5,1,0,0
1598,1252,1752,1498,2636
1524,15,1,0,0
1134,655,700,299,307
705,6,1,1,0
1177,11,0,0,0
1075,1231,674,638,274
1424,1063,1594,1817,2570
1519,1182,902,636,352
646,5,0,0,0
607,2,0,0,0
1184,1586,1631,2441,2144
944,6,0,0,0
640,304,282,473,424
1430,8,1,0,0
1072,10,0,1,0
1024,807,694,444,259
626,1,0,0,0
946,249,438,378,816
627,421,413,289,181
1040,1654,2180,2633,3318
467,4,0,0,0
942,926,1194,1661,2459
1062,4,0,1,0
1143,8,0,0,0
1049,6,0,0,0
1217,1164,924,558,321
586,78,72,36,32
1198,1102,1298,1450,1980
1256,146,215,221,551
938,286,473,496,814
1052,774,839,480,404
1066,8,0,0,0
810,3,1,0,0
982,5,0,1,0
804,81,142,127,241
838,26,24,33,30
420,1,0,0,0
1370,8,0,0,0
1190,10,1,0,0
501,109,72,58,16
875,193,174,112,82
1124,1139,1720,1944,2898
668,98,86,126,96
1622,6,0,0,0
746,638,365,338,103
818,5,0,0,0
668,763,815,1304,1144
719,728,678,339,295
972,6,0,0,0
776,7,0,0,0
812,6,1,0,0
658,4,0,0,0
1270,7,0,0,0
1920,2079,3618,3235,6495
920,228,173,154,78
978,4,0,0,0
758,4,1,0,0
538,653,613,910,771
1102,7,0,0,0
1310,1154,1466,1518,2194
3144,24,0,0,0
1331,9,0,0,0
568,136,132,108,80
1046,5,0,0,0
1100,974,1127,572,511
864,1028,835,558,314
638,820,942,1084,1429
883,1266,1556,1730,2256
304,102,117,234,403
426,204,123,95,50
1575,1311,1463,1460,1900
868,4,0,0,0
970,8,0,0,0
1379,10,0,0,0
794,468,454,348,213
3894,8351,11586,13622,18643
1955,714,708,399,382
1083,6,1,0,0
1050,6,1,0,0
872,970,960,738,466
976,5,0,0,0
863,1410,1752,2093,2769
932,199,303,360,577
754,1114,1208,1792,1629
1200,8,1,0,0
1181,10,1,0,0
893,83,106,143,214
586,8,0,0,0
2722,16,1,0,0
1160,10,1,0,0
1258,765,1264,1444,2571
1768,21,0,1,0
1054,402,593,784,1200
923,1088,1270,1310,1814
512,582,407,411,133
565,2,2,0,0
968,12,0,0,0
1196,1130,1236,562,482
779,699,588,432,271
986,922,1166,1170,1730
2002,1735,1398,694,463
1003,4,0,0,0
1287,15,0,0,0
1818,236,192,75,65
2148,4262,4748,5464,6711
1840,430,753,677,1274
2139,7,1,0,0
1032,6,0,0,0
934,5,0,0,0
966,1249,1271,1926,1529
1025,1056,864,652,446
1482,841,782,1196,986
757,354,364,188,183
633,4,0,0,0
1247,14,1,0,0
1065,9,0,0,0
1141,996,848,570,330
1120,6,0,0,0
2600,930,1074,628,640
1286,8,0,0,0
2782,5835,7107,8444,10951
789,1640,2158,2394,3278
601,378,469,773,795
1299,2643,3450,4212,5516
1246,14,0,1,0
701,190,292,331,543
1274,8,1,0,0
587,6,0,0,0
1310,10,0,0,0
580,737,837,998,1320
1149,776,861,974,1432
797,7,1,0,0
1150,1233,1841,2084,2846
1065,7,0,0,0
1302,11,0,0,0
1590,1880,2781,2383,4390
788,9,0,0,0
785,2,0,0,0
1865,2209,1376,1125,461
1112,10,1,0,0
1091,296,266,210,158
683,694,610,426,270
1200,16,1,0,0
779,912,717,478,303
1232,1580,1980,2404,2974
629,200,236,269,387
926,110,156,165,222
1174,2,0,0,0
1257,986,868,605,436
586,430,420,255,158
1390,1654,1055,930,436
1431,12,1,1,0
1585,42,62,73,126
1028,1960,2660,3104,4414
906,4,0,0,0
1124,6,0,0,0
807,4,0,0,0
358,3,0,0,0
714,73,87,118,124
480,1,0,0,0
600,5,0,0,0
1016,7,1,0,0
890,13,0,0,0
1669,14,0,0,0
1041,922,700,438,285
1252,600,808,1482,1468
2040,16,1,0,0
1854,1832,1886,1071,856
502,1,3,2,1
973,2051,1881,2682,2486
1090,1521,1995,1699,3001
1018,663,1169,1319,2500
963,2,0,0,0
1342,1222,1268,744,655
1028,1242,1554,1434,2224
614,4,0,0,0
968,14,5,2,0
847,6,0,0,0
867,976,1236,1476,2029
1370,208,267,308,466
1916,2314,3594,3470,6170
1732,15,1,0,0
1367,308,276,196,161
1172,356,217,215,80
1278,3,0,0,0
817,7,6,12,21
904,8,2,1,2
1273,10,1,1,0
850,992,868,540,303
703,188,178,141,108
948,6,0,0,0
862,8,0,0,1
866,524,786,971,1545
1067,8,0,0,0
983,790,684,483,308
979,319,607,504,1074
1095,154,150,67,79
1034,5,1,0,0
891,391,334,548,455
1098,9,0,0,0
807,292,214,194,94
741,8,0,0,0
820,5,0,0,0
859,8,0,0,0
872,1609,1358,1910,1734
849,12,0,0,0
1917,1729,1641,1057,775
566,3,0,0,0
752,10,1,0,0
623,2,0,0,0
378,1,0,0,0
715,553,450,344,216
1431,1692,1852,2963,3001
935,760,645,402,234
1093,1301,1539,1874,2424
1721,1387,3504,2743,6576
1397,11,1,0,0
1166,1894,2186,2832,4153
915,8,1,0,0
1658,9,0,0,0
1025,4,0,0,0
1142,2,0,0,0
1022,6,0,0,0
1245,1618,1339,918,566
1065,1173,970,750,432
916,3,0,0,0
671,5,1,0,0
689,8,0,0,0
1021,9,0,0,0
554,494,704,839,1170
1183,902,1024,1198,1615
896,5,0,0,0
944,200,308,419,720
467,303,222,190,86
1308,1319,836,668,313
1340,2158,3076,3588,5060
1127,14,0,0,0
1206,12,0,1,0
665,332,267,182,125
1049,4,0,0,0
830,6,1,1,0
1006,11,1,0,0
1218,2012,2448,3062,4126
922,933,969,1460,1339
1250,817,636,465,280
739,116,188,232,389
742,1139,1137,1202,1491
2142,2674,4335,4138,8064
1458,1932,2466,2965,3532
1409,12,0,0,0
1840,1,0,0,0
1000,1340,1329,783,629
1416,2777,3363,3812,5076
1002,908,981,563,488
967,4,0,0,0
580,45,39,26,23
1038,192,168,113,56
1168,15,0,0,0
686,401,570,363,345
835,13,0,0,0
1062,1280,1016,768,438
663,3,0,0,0
850,286,434,512,734
830,742,1025,1018,1732
745,46,31,25,19
714,6,0,0,0
894,468,1113,922,2207
589,4,0,0,0
2245,14,1,0,0
1434,328,298,181,124
1570,11,0,0,0
1112,6,1,0,0
708,260,416,572,854
1004,9,0,0,0
788,254,197,176,119
841,6,0,0,0
729,6,0,0,0
1509,14,0,0,0
2054,1243,1149,1799,1571
594,4,0,0,0
931,10,0,0,0
940,428,504,572,831
1079,1165,1340,1496,1769
947,6,0,0,0
2040,3127,5044,4304,7923
1182,8,0,0,0
850,9,0,0,0
709,2,0,0,0
1022,1069,903,667,392
952,742,1096,1292,2137
1124,1139,1099,1156,1288
872,6,0,0,0
899,6,2,0,0
833,6,1,0,0
610,2,0,0,0
882,92,160,195,384
1202,9,0,1,0
1882,181,165,260,262
1280,6,0,1,0
1426,10,0,0,0
2596,16,2,1,0
1406,620,761,414,405
1166,7,1,0,0
980,194,135,113,62
904,9,0,0,0
796,1062,868,642,376
722,6,1,0,0
992,1285,1012,622,377
1025,9,0,1,0
822,29,30,66,66
1176,8,1,1,0
699,192,291,380,552
570,728,594,342,224
884,974,844,565,323
1046,1236,1701,1966,2558
811,721,528,396,207
648,8,0,0,0
946,6,0,0,0
578,2,2,3,1
898,8,1,0,0
848,6,0,0,0
1278,1840,2861,2931,5056
1013,338,227,199,72
985,8,6,10,6
1464,8,0,0,0
916,883,1128,1241,1805
1236,1307,1800,2154,2981
544,2,0,0,0
556,4,0,0,0
828,7,1,0,0
647,72,34,12,6
991,6,0,0,0
765,7,0,0,0
450,4,1,1,0
697,2,0,0,0
689,8,0,0,0
989,1354,1018,744,484
576,9,0,0,0
881,10,0,1,0
976,1264,1742,1925,2786
642,164,202,196,304
762,4,0,0,0
1155,10,0,1,0
984,1266,1650,2014,2756
572,817,1016,1200,1540
1314,1499,2161,1906,3459
865,1170,962,588,346
506,245,372,398,676
1133,1582,1240,852,580
1149,382,648,776,1162
460,4,0,0,0
852,4,0,0,0
768,3,0,0,0
655,6,0,0,0
749,3,0,0,0
558,423,538,485,837
821,394,610,808,1359
829,244,393,403,784
618,5,2,1,0
931,102,152,182,283
845,1188,1642,1830,2579
754,760,632,358,242
483,49,42,29,14
946,8,0,0,0
1186,718,1142,1470,2204
1177,1372,1155,854,496
628,4,0,0,0
752,124,127,85,51
558,4,1,0,0
696,710,832,877,1144
885,8,0,0,0
331,53,36,25,11
750,966,691,624,276
1054,8,0,0,0
684,32,34,25,24
915,6,0,0,0
882,10,1,0,0
980,4,1,0,0
826,1478,2050,2578,3435
988,1572,2002,2400,3181
920,4,1,0,0
1021,9,0,0,0
887,1204,1003,650,458
722,5,0,0,0
714,3,0,0,0
1667,12,0,0,0
1733,2959,4428,5338,7340
431,8,0,0,0
727,1247,1232,1996,1777
956,437,660,852,1328
960,14,0,0,0
660,798,1165,1306,1814
766,918,719,446,277
648,1,0,0,0
800,4,0,0,0
545,45,34,16,18
1132,1150,940,544,346
742,4,0,0,0
897,90,78,42,22
1014,6,1,0,0
856,1036,894,550,368
1442,12,1,0,0
618,692,558,386,262
694,178,219,101,108
784,938,772,598,407
995,116,102,74,38
953,950,1066,1283,1618
4168,1098,938,640,391
442,38,42,33,22
704,6,0,0,0
868,768,643,468,282
798,4,0,0,0
998,1311,1920,2074,2890
654,230,194,118,88
1098,258,219,164,116
1482,8,1,0,0
858,3,0,0,0
1787,12,0,0,0
1166,773,1157,1418,2158
643,860,1056,1109,1432
1916,1342,1617,1970,2612
730,329,492,598,872
764,5,0,0,0
713,5,0,0,0
1062,10,1,1,0
610,6,0,0,0
1098,1212,1624,2012,2863
756,7,0,0,0
874,6,1,0,0
760,88,55,36,16
2440,24,1,1,0
936,10,0,1,0
2838,21,3,0,0
1676,12,1,0,0
603,649,526,418,199
924,12,0,0,0
503,59,38,29,9
709,2,0,0,0
724,4,0,0,0
744,100,145,172,253
706,890,606,477,177
813,5,0,0,0
780,5,2,0,0
708,316,493,567,843
988,1527,1750,2092,2510
818,6,0,1,0
1431,1428,1182,838,555
1006,1054,1464,1648,2374
1983,3774,4260,4591,5498
1350,2121,1615,1117,689
1454,2125,2978,3305,4276
460,2,0,0,0
963,546,412,260,158
1441,1784,2547,2872,4134
996,1534,1802,2081,2978
1037,12,0,0,0
1020,9,0,0,0
1016,1349,2051,2408,2802
718,8,1,0,0
934,286,215,154,98
628,4,0,0,0
803,216,290,354,458
794,408,550,705,952
1517,500,694,822,1277
582,88,110,144,187
972,336,486,684,978
2604,22,0,0,0
1220,6,0,0,0
1589,20,0,0,0
1208,1247,1341,841,724
863,7,2,0,0
851,4,1,0,0
801,7,0,0,0
962,992,880,604,386
786,178,155,134,88
840,10,1,0,0
674,9,0,0,0
906,1328,1575,1810,2289
902,948,770,524,298
380,482,596,843,896
805,1104,741,690,252
418,3,0,0,0
535,6,0,0,0
2460,3806,4830,5224,7443
1202,737,686,444,288
748,1136,976,658,488
579,34,5,0,0
1698,2600,3602,4143,5878
1067,9,1,0,0
822,5,0,0,0
1215,1324,1817,1968,2692
908,9,0,0,0
967,1430,1191,1829,1551
819,1258,701,668,295
920,12,0,0,0
953,884,758,504,286
1107,8,1,0,1
1022,1309,1655,2056,2524
1028,6,1,0,0
1514,1832,1509,876,593
1476,2180,2718,2916,3798
1565,14,1,0,0
653,2,1,0,0
894,9,0,0,0
1168,8,1,1,0
835,6,1,0,0
943,8,0,0,0
1098,6,1,0,0
954,4,0,0,0
840,1198,1651,1904,2654
760,4,0,0,0
945,1562,1810,1926,2606
940,1254,1476,1510,1996
796,12,0,0,0
734,396,463,756,1130
923,8,0,1,0
993,1058,851,548,338
777,4,0,0,0
1120,1724,2390,2958,3957
1672,1594,1478,1010,676
846,10,0,1,0
1272,2256,2626,3002,3874
850,1220,1661,1816,2272
1046,1226,990,649,377
1571,112,62,57,39
1016,382,316,195,135
1046,1410,1874,1914,2750
678,341,291,250,183
976,1188,887,564,344
847,6,0,0,0
665,452,516,914,923
1012,4,0,0,0
666,2,0,0,0
834,226,182,130,82
1540,16,0,0,0
1528,14,2,0,0
631,844,586,442,245
1490,1511,1268,886,594
912,259,332,440,608
915,1230,798,731,233
804,50,32,18,13
1008,986,1240,1414,1949
604,116,106,86,63
596,252,261,476,476
540,119,142,182,258
535,8,0,0,0
907,1000,1136,1196,1481
820,872,1217,1120,2060
979,1050,868,572,366
684,4,0,0,0
838,116,66,45,22
1186,1108,1639,2274,2860
468,713,558,414,252
810,8,0,0,0
612,502,725,912,1254
788,6,0,0,0
765,8,0,0,0
386,90,72,43,28
805,4,0,0,0
975,9,0,1,0
382,612,443,404,229
482,880,999,1871,2388
556,2,0,0,0
521,5,0,0,0
755,8,1,0,0
387,776,1082,1244,1624
846,1048,799,788,518
514,4,1,0,0
409,2,1,0,0
284,5,0,0,0
296,2,0,1,0
678,4,5,4,23
854,3,0,0,0
490,279,390,592,848
389,378,308,200,124
371,605,860,958,1470
104,1,0,0,0
602,7,0,0,0
397,673,871,870,1172
569,2,0,0,0
414,486,334,240,126
526,133,76,51,55
522,5,1,0,0
437,4,1,0,0
502,687,855,1002,1312
481,5,0,0,0
858,6,0,0,0
888,598,881,1070,1500
667,4,0,0,0
580,2,0,0,0
514,474,627,697,884
822,1303,1626,2092,3069
350,452,483,550,612
456,4,0,0,0
637,2,1,0,0
306,32,23,11,10
840,10,0,0,0
602,4,0,0,0
928,8,0,0,0
842,6,0,0,0
484,0,0,0,0
558,7,1,0,0
540,2,0,0,0
484,78,52,42,30
496,260,384,536,732
810,6,0,0,0
370,54,48,28,32
330,262,200,164,86
339,1,0,0,0
751,925,1495,1302,2436
332,3,2,1,0
474,166,182,224,292
788,1094,952,634,416
592,1066,1238,1362,1840
530,262,196,121,66
391,4,0,0,0
332,2,0,0,0
410,102,103,65,52
523,898,640,480,259
190,3,0,0,0
1340,9,1,0,1
374,390,314,182,116
915,9,0,0,0
347,498,643,830,1040
626,3,0,0,0
1218,1510,2178,2585,3834
477,6,1,0,0
776,8,0,0,0
610,620,532,466,228
692,1002,1099,1589,1469
388,70,91,104,202
1356,853,470,412,193
464,552,660,843,1094
492,569,786,940,1292
542,180,154,87,57
839,1102,847,535,382
494,3,0,0,0
310,1,0,0,0
447,90,71,44,30
356,2,1,0,0
412,630,758,830,1176
488,3,0,0,0
436,656,876,1076,1464
456,677,464,365,164
1234,12,2,0,0
740,1074,1336,1572,2061
611,6,0,0,0
732,6,0,0,0
526,126,104,71,58
520,118,191,218,308
799,9,0,0,0
597,6,0,0,0
1089,8,0,0,0
744,444,692,778,1282
864,5,1,0,0
710,6,0,0,0
463,4,1,0,0
567,718,548,382,231
454,3,0,0,0
509,804,1021,1126,1568
414,0,0,0,0
735,6,1,1,0
394,403,334,236,135
957,4,0,0,0
340,4,0,0,0
705,1242,1654,2017,2764
528,5,0,0,0
838,961,702,474,304
627,154,206,238,460
614,4,0,0,0
723,408,593,774,1117
528,6,4,0,0
310,372,446,546,650
404,6,5,5,10
819,8,2,0,0
390,3,0,0,0
499,2,0,0,0
348,557,552,820,712
595,12,6,2,3
754,1240,1510,1618,2102
770,10,0,0,0
655,328,521,680,984
553,4,0,0,0
633,804,975,989,1296
614,6,0,1,0
526,58,62,93,138
345,1,1,0,0
667,718,628,378,234
668,876,1294,1043,1671
360,512,368,295,141
753,6,0,0,0
598,8,0,0,0
612,794,942,926,1335
1638,2635,3780,3445,6079
468,710,929,1100,1482
286,206,192,118,73
412,318,486,444,748
504,2,0,0,0
529,582,461,284,174
1240,15,1,1,0
480,327,483,540,718
402,5,0,0,0
576,480,442,304,190
565,3,0,1,0
511,63,112,119,266
514,4,0,0,0
595,926,1219,1447,1884
1176,89,125,153,276
769,1434,1810,2202,2673
602,4,0,0,0
403,6,4,3,4
493,6,1,0,0
338,6,0,0,0
563,4,0,0,0
909,8,1,0,0
546,784,780,1004,895
289,6,4,14,19
710,364,568,704,988
348,24,30,28,35
700,1322,1822,2306,3070
403,96,84,48,30
646,381,506,590,754
615,8,0,0,0
702,338,477,528,908
539,929,1124,1402,1843
550,766,861,986,1389
485,108,84,56,40
237,2,0,0,0
980,1087,976,640,429
993,288,417,571,778
846,1576,2379,2423,4132
377,596,614,723,945
470,4,0,0,0
742,7,1,0,0
802,11,0,0,0
628,4,0,0,0
848,1508,2040,2352,3321
1074,1256,912,592,335
896,1368,1846,2157,3201
416,20,2,1,0
330,3,4,9,18
666,862,748,494,322
289,370,325,204,132
697,6,0,0,0
225,50,62,116,229
497,193,156,114,69
475,60,60,36,21
452,45,35,38,17
562,6,1,3,5
509,2,0,0,0
738,10,2,0,0
435,4,0,0,0
777,8,0,0,0
492,568,452,286,170
818,10,1,0,0
738,1620,1805,2752,2567
500,3,1,0,0
640,4,0,0,0
1072,263,254,486,488
530,1042,1446,1633,2521
1654,1646,1984,1990,2566
668,2,0,0,0
290,4,0,0,0
430,4,0,0,0
352,2,0,0,0
856,404,514,646,814
748,159,140,94,51
562,2,2,0,0
366,50,52,36,22
731,1330,1901,2264,3234
380,453,424,255,154
627,3,0,0,0
720,103,123,146,265
618,212,184,150,90
850,360,300,242,143
587,4,0,0,0
794,959,1294,1450,1838
664,836,652,482,326
620,1119,1573,1756,2556
580,236,290,346,451
791,4,1,0,0
309,2,0,0,0
546,6,0,0,0
642,791,599,444,275
784,1025,876,587,381
868,7,0,0,0
672,82,60,34,22
355,483,333,283,104
467,364,668,687,1496
626,749,1231,1221,2259
298,1,0,0,0
858,1521,1776,1858,2348
1022,950,826,620,342
1814,15,0,0,0
760,142,117,109,58
399,4,0,0,0
641,6,0,0,0
524,355,561,679,1002
324,447,376,297,153
371,5,0,0,0
928,1082,898,592,400
594,1016,1290,1542,2162
356,3,0,0,0
205,34,21,20,12
1103,2647,2683,4181,3925
1384,1720,1687,902,719
623,1177,1090,1521,1189
979,492,627,817,1077
344,594,823,1014,1239
679,8,0,0,0
496,261,201,159,94
608,825,1046,1176,1424
744,7,0,0,0
798,1424,1795,2206,3068
420,210,250,310,414
1490,14,1,0,0
234,152,163,285,220
211,2,1,0,0
390,4,0,0,0
736,831,794,574,489
378,10,2,4,4
297,1,0,0,0
668,6,0,0,0
609,7,0,2,0
423,2,0,0,0
408,4,0,0,0
911,10,0,1,0
784,846,696,466,310
431,2,0,0,0
423,3,0,0,0
328,54,66,74,81
384,2,0,0,0
289,224,198,156,92
472,2,0,0,0
400,2,0,0,0
565,811,598,442,270
528,4,0,0,0
342,122,77,68,35
1093,11,0,1,0
525,68,64,32,24
766,9,2,0,0
706,1178,821,772,284
857,18,16,16,32
476,3,1,0,1
823,1070,1391,1322,1824
878,1675,2086,2306,3332
388,2,0,0,0
708,1220,1421,2290,2187
690,7,0,0,0
723,223,318,432,581
426,562,694,871,1077
504,632,476,366,193
662,162,197,274,498
865,1159,1530,1702,2335
554,6,1,0,0
476,599,805,1392,2055
522,91,71,40,39
790,8,0,0,0
1325,12,0,1,0
4302,5672,4534,3308,1945
975,8,1,0,0
645,1062,1304,1586,1731
988,1271,1171,651,523
440,2,0,0,0
821,8,0,0,0
405,1,0,0,0
838,924,788,562,415
346,885,774,1217,971
2107,20,0,0,0
480,4,0,0,0
1234,1369,1346,718,540
1149,15,0,1,0
740,1052,908,603,446
1042,10,0,0,0
970,8,0,0,0
1013,1582,1767,2024,2548
488,4,0,0,0
529,4,0,0,0
740,722,622,422,254
504,106,75,70,32
504,6,0,0,0
468,638,894,1083,1506
461,4,0,0,0
694,1060,707,655,282
213,15,64,93,238
184,6,0,0,0
910,1018,983,666,440
986,1050,882,606,411
589,7,0,0,0
432,730,881,984,1390
1664,11,0,0,0
527,160,96,87,56
747,1265,763,670,299
1752,1837,1600,1200,772
878,7,0,0,0
1206,203,242,114,110
630,1126,1533,1828,2452
762,572,909,1084,1623
529,516,733,1015,1429
652,696,599,374,226
744,7,2,1,0
488,729,1210,1024,2088
512,2,0,0,0
742,941,1354,1240,1978
453,1,0,0,0
679,960,1300,1880,2592
377,889,1064,1228,1776
3409,25,1,0,0
549,1026,1458,1648,2449
1121,1583,1931,2164,3037
593,6,0,0,0
704,696,1223,1001,2011
791,1091,1280,1386,1646
448,4,0,0,0
517,584,746,1049,1386
1042,1238,1599,1520,2471
652,1272,1472,1669,2126
650,5,0,0,0
879,6,4,3,2
1033,8,0,0,0
416,4,0,0,0
420,4,1,0,0
602,8,0,0,0
1673,2026,1676,1134,776
764,8,0,0,0
1502,1741,2425,1855,3000
687,11,24,31,36
290,325,270,176,90
602,6,0,0,0
626,990,1364,1546,2328
663,2,0,0,0
896,1503,2030,2355,3340
571,38,29,15,19
712,1008,1292,1634,2094
756,719,772,460,434
775,114,157,175,328
735,242,443,395,886
1027,1961,2812,2636,4716
470,5,0,0,0
389,2,0,0,0
1962,2422,2028,1259,798
952,8,1,0,0
922,1510,2180,2011,3541
765,986,1532,1589,2670
668,271,200,131,80
524,574,522,314,252
440,4,0,0,0
651,8,0,0,0
674,100,126,181,270
729,6,0,0,0
600,349,478,599,772
520,662,955,1030,1585
612,6,0,0,0
419,4,0,0,0
784,4,0,2,0
335,149,144,198,155
1018,12,0,0,0
610,379,568,611,1112
910,993,832,646,386
352,2,2,0,2
694,6,0,0,0
880,8,0,0,0
720,6,0,0,0
581,850,1199,1200,1906
823,913,876,526,387
894,1404,1876,2174,2907
1240,1362,1064,684,396
916,4,1,0,0
621,1,0,0,0
507,662,543,348,212
715,172,240,292,402
1087,12,0,0,0
476,26,20,14,10
496,270,216,128,82
1294,15,1,0,0
1028,1212,919,606,330
571,708,570,390,256
1022,8,1,1,0
753,8,0,0,0
332,1,0,0,0
812,1833,1497,2287,1845
1264,10,0,0,0
434,3,0,0,0
741,122,192,219,335
696,1038,1538,1640,2432
637,159,119,87,60
982,1002,810,576,331
769,114,154,194,253
709,1007,1352,1628,2148
832,6,0,0,0
860,1149,1404,1598,2104
745,376,360,242,156
860,7,0,1,0
590,3,0,0,0
645,186,161,232,212
505,569,478,472,304
470,4,0,0,0
656,963,1096,1263,1448
887,1008,822,566,388
372,303,266,178,124
958,7,0,1,0
1030,1338,2002,2250,3352
1509,44,23,26,43
522,5,0,0,0
524,4,0,0,0
632,5,0,0,0
1410,16,2,1,0
1169,8,0,0,0
913,7,1,0,0
542,630,991,999,1784
928,6,0,0,0
566,6,0,0,0
938,768,1060,1390,2129
816,897,811,610,378
707,1038,1320,1730,2026
938,1,0,0,0
615,740,620,474,302
752,1484,1752,1954,2596
888,430,642,573,1009
718,4,0,0,0
282,28,26,13,10
722,8,1,0,0
743,13,0,1,0
788,1969,1771,2485,2267
1238,2006,1609,1008,626
1120,11,1,0,0
798,1168,868,626,361
650,3,0,0,0
1041,1570,2020,2107,3774
614,2,0,0,0
710,961,804,526,320
716,9,4,4,10
264,2,0,0,0
630,3,0,0,0
758,3,0,0,0
234,634,691,943,866
559,100,93,55,42
784,7,0,0,0
887,3,1,0,0
1124,1801,2391,2732,3693
692,1341,1170,1651,1546
1071,6,0,0,0
572,3,0,0,0
736,3,0,0,0
684,4,0,0,0
705,624,546,362,216
839,1126,863,608,348
848,1810,2162,2654,3511
1276,614,386,376,169
1868,2260,1874,1265,822
673,848,737,425,254
330,0,0,0,0
1018,6,1,0,0
1214,1094,1674,2100,3156
946,10,0,0,0
1022,1179,1219,561,530
439,3,0,0,0
1212,6,0,0,0
880,1293,1010,795,474
440,667,374,307,137
674,1293,1251,1840,1530
403,5,0,0,0
754,0,1,0,0
706,750,723,470,328
810,3,0,0,0
658,5,0,0,0
562,734,568,382,222
409,539,621,684,890
559,2,0,0,0
571,4,0,0,0
640,6,0,0,0
243,122,180,215,318
288,3,0,0,0
648,10,0,1,0
706,996,762,483,267
318,103,78,44,37
878,6,0,0,0
604,6,1,0,0
675,6,0,0,0
1015,1658,2035,2344,3255
672,10,0,0,0
781,4,1,0,0
538,2,0,0,0
488,4,0,0,0
238,1,1,0,0
418,46,35,24,10
367,1,0,0,0
897,8,1,0,0
241,553,534,866,754
501,667,1017,882,1744
492,3,0,0,0
1035,1269,1390,724,637
1420,634,617,327,289
542,4,0,0,0
431,2,1,0,0
421,5,0,0,0
426,73,32,20,8
452,1070,1029,1562,1475
946,6,0,0,0
710,6,0,0,0
486,860,911,994,1294
574,596,542,290,246
769,6,1,0,0
378,3,0,0,0
630,812,976,1084,1441
550,4,1,0,0
707,2,0,0,0
952,170,174,253,261
1488,14,0,0,0
321,54,32,30,15
965,1256,1916,2078,3246
727,7,0,0,0
349,94,86,44,28
411,538,384,314,133
677,1018,780,552,408
411,4,0,0,0
685,745,576,366,215
546,156,108,89,40
282,2,0,0,0
446,707,979,894,1891
718,6,0,0,0
468,4,0,0,0
532,595,550,312,285
786,4,0,0,0
492,886,1072,1062,1538
942,4,1,0,0
516,40,30,22,12
433,204,294,342,512
579,4,0,0,0
945,246,190,112,76
390,3,0,0,0
961,1716,1410,972,592
375,530,627,686,918
266,23,23,46,35
416,1,2,0,0
280,4,0,0,0
540,6,0,0,0
538,391,600,292,315
1854,1530,1511,780,683
407,624,858,930,1244
1338,3236,3421,4970,5006
293,4,0,0,0
966,1487,1138,690,426
1318,2585,2494,3708,3427
426,2,0,0,0
936,8,0,0,0
365,536,412,256,160
448,194,142,110,70
586,4,0,0,0
436,567,454,294,172
529,2,0,0,0
819,2,0,1,0
598,5,0,0,0
722,5,1,0,0
370,2,0,0,0
720,4,1,0,0
685,646,625,340,285
489,3,0,0,0
692,6,1,0,0
464,638,780,1051,1266
586,1,0,0,0
564,623,523,291,211
350,4,0,0,0
290,10,14,20,34
376,2,0,0,0
348,20,21,6,8
742,813,775,427,326
1082,12,0,0,0
506,2,0,0,0
748,995,1158,1297,1606
372,3,0,0,0
520,298,458,506,879
239,2,0,0,0
851,6,1,0,0
339,93,56,49,27
688,4,0,0,0
410,463,482,252,177
406,2,0,0,0
687,1172,1628,2025,2788
662,1448,1796,1792,2327
884,4,1,0,0
424,600,417,364,161
426,745,896,1091,1476
489,1268,1257,1918,1777
634,1377,1512,2416,2061
438,6,0,0,0
864,1245,1706,1552,2633
383,130,100,87,28
604,800,666,420,276
737,4,0,0,0
746,4,0,0,0
556,6,0,0,0
812,1110,1563,1382,2151
398,320,452,585,728
306,743,670,912,668
966,960,963,622,503
414,2,0,0,0
316,0,0,0,0
314,1,0,0,0
250,3,0,0,0
318,652,709,1170,1138
415,3,0,0,0
716,8,0,0,0
533,5,9,3,6
191,394,468,799,618
452,6,0,0,0
2575,8,0,0,0
852,1536,1694,2594,2271
1098,10,1,0,0
1342,494,436,305,178
1302,632,840,994,1508
744,6,0,0,0
994,2028,2615,3206,4356
1386,13,1,0,0
943,1730,2200,2682,3468
810,2321,2281,3144,2674
804,9,0,1,0
1122,1411,2539,2317,4338
830,3280,4938,5704,8582
798,676,1241,1330,2573
812,1531,2056,2492,3263
797,6,0,0,0
415,39,42,48,84
689,8,0,0,0
1097,77,59,51,46
1214,11,1,0,0
916,4,0,0,0
558,49,49,16,16
954,1863,2690,2407,4200
721,280,291,154,149
547,6,0,0,0
568,1050,1352,1448,1928
1060,10,0,0,0
1340,842,1259,1608,2620
1485,2128,1754,1180,834
1038,1306,1867,1731,2900
1146,11,0,0,0
1091,3090,4138,4244,6438
248,47,61,22,30
560,264,224,173,118
726,946,688,476,270
1042,5,0,0,0
1298,1978,3061,2979,5410
409,448,1261,1044,2684
564,946,766,1050,920
488,5,0,0,0
650,11,0,0,0
1376,12,0,0,0
796,384,342,205,170
818,11,0,0,0
1020,8,1,1,0
1762,2247,2572,2804,3412
877,1404,914,747,321
532,8,1,0,0
518,5,0,0,0
1772,800,634,406,299
689,4,1,0,0
478,42,36,22,6
362,118,101,64,48
734,1663,2639,2612,4785
668,6,0,0,0
1571,2572,3387,4033,5197
1212,1494,1512,790,598
1131,12,1,1,0
662,261,317,518,487
772,1122,860,536,302
1380,15,2,0,0
888,4,1,0,0
566,6,0,0,0
483,2,0,0,0
678,5,0,0,0
946,1281,2038,2039,3884
1150,6,1,0,0
1063,8,0,0,0
1103,4,0,0,0
1130,171,394,369,856
659,293,266,216,134
463,2,1,0,0
818,4,0,0,0
790,11,0,0,0
1140,4,0,0,0
2438,23,1,1,0
1188,5,0,1,0
1044,912,1360,1678,2512
3158,27,1,0,0
1184,9,0,0,0
595,1021,1480,1670,2421
1212,1724,1444,900,522
522,267,408,372,657
846,716,923,1264,1596
1125,12,1,1,0
1386,14,0,0,0
749,6,0,0,0
788,1054,683,610,253
890,1509,1234,922,598
743,6,0,1,0
615,30,8,4,0
910,4,0,0,0
868,894,1387,1087,2044
1193,8,0,0,0
1218,8,0,0,0
534,938,1456,1718,2398
1438,643,183,56,17
3047,3980,3188,2392,1448
2554,18,1,0,0
1313,2748,3130,3205,4355
456,6,2,1,0
505,6,0,0,0
1128,2584,2874,3268,3786
822,8,1,0,0
957,2482,3140,3993,5280
712,1005,1225,1393,1818
644,6,0,0,0
2068,13,2,0,0
614,2,0,0,0
805,6,1,0,0
994,57,6,1,0
904,1201,1142,534,453
823,5,1,0,0
549,280,442,582,966
1316,1430,1460,2295,2207
304,2,1,5,5
448,113,85,77,32
829,96,165,335,692
908,1354,970,861,346
751,4,1,0,0
1378,10,0,0,0
634,1034,619,468,199
786,849,871,1521,1507
1187,16,2,0,0
746,187,286,245,527
580,1746,1850,2762,2432
962,1088,1501,1864,2624
734,7,0,1,0
1169,1960,1574,1100,696
882,6,1,0,0
1236,2020,2310,2724,3722
986,1709,1376,1764,1477
1252,472,1008,956,1880
1314,1500,2573,2209,3949
472,2,0,0,0
349,7,0,0,0
3600,32,0,0,0
1821,1694,1663,1136,707
2071,22,1,0,0
1490,13,0,0,0
952,2,0,0,0
846,1794,2601,2808,4172
1012,13,2,0,0
560,6,0,0,0
1548,10,0,0,0
654,9,0,0,0
550,6,0,0,0
383,4,0,0,0
734,6,0,0,0
435,500,436,310,173
745,1821,2914,3192,5598
1476,2132,2046,1294,893
502,305,352,440,411
734,6,1,0,0
646,4,0,0,0
840,10,0,1,0
786,6,0,0,0
749,1167,1593,1802,2610
1372,13,1,0,0
828,892,764,540,349
468,2,0,0,0
629,10,0,0,0
974,1912,2590,3068,4151
792,1471,1909,2126,2868
458,2,0,0,0
759,6,1,1,0
394,2,0,0,0
477,2,0,0,0
2360,2888,3768,4662,6200
1003,8,1,0,0
1078,14,0,1,0
1261,557,700,894,1242
303,51,41,18,12
526,156,138,88,52
775,338,507,678,991
778,11,0,0,0
780,6,2,0,0
572,6,0,0,0
903,11,0,0,0
1360,8,1,0,0
764,9,0,0,0
652,4,1,0,0
1062,8,1,0,0
386,0,0,0,0
436,666,857,773,1371
397,6,1,0,0
1153,10,0,0,0
1050,452,420,272,168
1390,7,1,0,0
802,10,0,1,0
1012,10,0,0,0
470,60,44,25,14
816,6,0,0,0
410,20,25,32,49
424,6,0,1,0
938,1712,2258,2488,3438
809,8,1,0,0
715,997,797,623,390
605,8,0,0,0
250,22,24,10,5
543,24,61,76,112
1484,12,0,0,0
946,1572,2174,1889,3468
439,5,0,0,0
295,2,1,0,0
1029,80,60,37,20
2013,4228,5270,6700,8608
578,290,267,150,96
996,710,941,1060,1478
1008,8,0,0,0
480,4,0,0,0
807,1705,1976,2235,2935
640,3,1,0,0
708,1056,1310,1492,2031
602,4,1,0,0
597,1060,649,609,243
459,4,0,0,0
798,5,0,0,0
694,9,0,2,0
354,506,573,610,806
828,1,1,0,0
562,702,584,422,250
726,6,0,0,0
1081,3,0,0,0
1606,4050,4659,5189,7270
832,7,0,0,0
648,734,652,474,323
635,8,0,1,0
733,218,363,440,663
1107,8,2,0,0
555,4,0,0,0
632,10,1,0,0
558,740,717,410,333
490,6,0,0,0
663,8,1,0,0
395,4,2,0,4
497,17,20,33,27
895,3,0,0,0
699,5,0,0,0
1288,1489,1447,790,706
729,5,0,0,0
318,3,0,0,0
748,1306,825,642,285
417,6,1,0,0
750,938,909,439,382
1185,12,2,0,0
616,298,246,164,102
938,5,0,0,0
437,3,0,0,0
654,1095,1452,1651,2357
586,104,144,194,277
1816,2475,1470,1209,552
516,90,65,69,46
640,8,0,0,0
1192,1888,2185,2438,3408
871,1372,845,712,284
1383,5,1,0,0
472,8,0,0,0
876,248,214,166,94
1642,2342,2790,2996,4044
413,581,496,350,194
748,1699,2328,2924,3696
830,6,1,0,0
560,4,0,0,0
377,178,145,124,62
824,1018,860,648,380
1090,9,0,0,0
932,5,1,0,0
313,2,1,0,0
596,6,0,0,0
647,884,826,553,400
802,6,0,0,0
948,8,0,0,0
124,2,0,0,0
725,10,0,0,0
892,1426,1878,2226,2794
1213,260,205,169,98
2671,3845,4792,4920,6392
1215,13,0,1,0
1830,1174,2188,2282,4479
753,1128,1580,1792,2650
796,4,0,0,0
1186,12,1,1,0
782,11,2,0,0
160,1,0,0,0
945,1741,1694,2469,2141
808,4,0,0,0
348,830,944,1065,1340
629,820,676,404,264
414,628,337,305,133
838,302,245,150,99
1001,1112,898,508,296
692,796,647,465,282
430,516,451,439,176
906,1012,1091,548,519
2237,19,1,0,0
678,1214,1587,1921,2400
1328,8,0,0,0
768,944,904,454,402
1007,1173,994,675,436
756,1544,1840,1963,2616
1045,14,0,0,0
1180,9,0,0,0
1028,10,1,0,0
344,218,271,308,456
1477,235,217,160,116
755,1099,1504,1704,2300
467,174,266,606,593
649,412,656,742,1150
334,2,0,0,0
1311,10,1,0,0
859,1380,1698,2104,2793
2381,2454,2396,1401,1265
1168,1352,1300,817,546
776,7,0,0,0
618,1032,1494,1777,2618
601,834,650,402,278
563,1116,1163,1690,1502
1625,2486,3268,4016,5256
717,1407,1945,2414,2836
1006,6,0,0,0
970,4,0,0,0
639,118,104,65,34
649,12,0,0,0
606,296,196,163,69
606,10,0,0,0
884,8,0,0,0
1055,12,0,0,0
714,174,145,84,58
542,132,106,98,64
746,181,242,279,452
737,10,0,0,0
459,1061,995,1642,1266
1338,16,0,0,0
973,5,0,0,0
524,4,0,0,0
702,8,0,0,0
471,326,468,677,1044
726,8,0,0,0
684,4,1,0,0
824,10,0,0,0
540,617,554,334,246
1038,10,2,0,0
442,736,886,976,1210
794,198,163,98,70
1192,10,1,0,0
703,1372,1761,2158,2924
798,965,808,552,405
1185,4,1,0,0
1207,13,0,0,0
1024,1112,1211,2133,1988
792,4,0,0,0
1091,2008,2714,3274,4600
796,1380,1798,2255,3126
525,76,122,131,206
786,1106,795,704,386
431,556,452,298,214
678,4,0,0,0
492,734,1023,1138,1700
863,6,1,0,0
1160,12,1,0,0
718,1344,1172,1651,1478
674,1390,1858,2172,3116
949,1645,2764,2856,5398
1314,663,1033,1228,1853
982,267,259,447,433
1091,12,2,0,0
514,6,0,0,0
678,180,268,342,461
791,4,1,0,0
854,1148,876,560,304
727,1296,1468,1568,1989
794,6,1,0,0
973,9,1,0,0
504,6,5,0,0
646,6,0,0,0
688,755,500,409,182
1239,1674,1976,2068,2678
796,364,309,209,122
628,334,231,209,80
1779,3308,4292,5234,6802
1707,315,500,445,949
574,1150,1893,2072,2850
596,8,0,0,0
892,1129,1660,1858,2755
448,53,41,20,10
750,215,312,446,598
508,882,1074,1287,1738
832,1395,1860,2266,3072
422,249,148,145,68
579,192,240,292,439
808,387,360,266,164
587,4,0,0,0
726,8,0,0,0
600,4,0,0,0
800,7,2,0,0
1656,13,0,1,0
1130,2213,2888,3436,4604
676,1031,699,660,256
2011,21,1,0,0
1638,1962,1610,1032,615
524,6,1,0,0
440,2,0,0,0
638,730,609,432,226
1132,7,0,0,0
732,6,2,1,0
613,4,0,0,0
809,1032,874,575,402
857,10,1,1,0
364,93,106,66,53
364,2,0,2,0
2040,12,0,0,0
619,2,0,0,0
567,78,64,56,26
600,862,701,582,374
1205,2298,3124,3541,4502
1817,14,1,0,0
707,2,0,1,0
3106,5830,5052,7399,6349
1296,2454,3420,4028,5578
796,1022,814,557,329
350,3,0,0,0
388,6,0,0,0
630,903,1132,1244,1644
392,0,0,0,0
536,8,0,0,0
454,768,468,429,161
709,731,582,410,251
419,748,788,1140,1360
714,950,809,614,384
599,884,1212,1330,1910
1596,2437,2916,3114,3836
1603,1658,2220,2615,3376
1294,2144,2728,3172,4262
1027,1578,1302,843,501
808,1893,1740,2568,2395
361,105,138,206,304
386,2,0,0,0
1134,2245,2984,3433,5000
672,309,368,165,120
1676,703,1193,969,2048
920,9,0,0,0
360,610,728,750,1044
359,2,0,0,0
990,9,0,0,0
462,4,1,0,0
1120,10,0,0,0
420,588,453,294,192
814,7,1,0,0
550,579,600,337,349
515,88,104,138,158
605,9,0,0,0
807,848,840,438,346
628,5,0,0,0
670,1172,1642,1752,2634
704,2,0,0,0
633,4,0,0,0
386,3,0,0,0
420,662,996,1146,1550
574,5,0,0,0
554,724,616,375,214
976,8,0,0,0
436,58,62,41,38
251,188,164,104,72
2359,17,0,0,0
835,1870,2330,2715,3602
378,2,0,0,0
544,7,0,0,0
244,1,0,0,0
503,4,0,0,0
424,6,4,2,1
740,6,0,0,0
295,174,300,351,504
838,902,810,544,334
863,1668,2206,2634,3262
548,6,0,0,0
843,1698,2022,2113,2689
197,3,0,1,0
424,352,585,744,1166
489,212,211,178,108
676,94,181,123,350
381,2,2,0,3
242,1,0,0,0
626,8,0,0,0
386,2,0,0,0
595,172,268,344,607
582,1134,1594,1691,2419
612,1003,740,638,308
1062,1021,1120,604,604
452,4,0,0,0
570,4,0,0,0
612,6,0,1,0
880,8,1,1,0
664,5,0,0,0
822,1342,2146,2730,3622
198,1,0,0,0
582,1117,959,1419,1150
531,1,0,0,0
872,8,0,0,0
786,1626,2151,2563,3450
90,0,0,0,0
540,4,0,0,0
1005,10,3,0,0
610,1046,1304,1436,1717
100,0,0,0,0
794,1195,1081,1388,1109
546,845,702,432,305
707,5,1,0,0
504,600,503,348,196
298,4,0,0,0
711,4,2,0,0
282,7,2,6,14
1080,678,353,361,139
578,4,0,0,0
687,6,1,0,0
409,2,0,0,0
705,8,2,0,0
489,237,421,488,812
460,863,1032,1098,1324
472,960,1369,1614,2312
860,426,566,702,1012
43,2,1,1,2
522,757,1025,1192,1725
448,265,218,154,96
688,943,890,616,438
249,2,0,0,0
872,1580,993,928,335
112,0,0,0,0
290,2,0,0,0
796,1566,2128,2592,3492
474,559,657,1239,1049
958,1211,1137,742,512
619,5,0,0,0
859,1740,2004,2244,2734
697,54,58,32,14
524,224,208,160,122
486,1003,1116,1208,1694
594,2010,2168,3411,3045
850,7,7,0,11
441,199,176,132,76
452,3,0,0,0
570,832,680,535,343
820,6,0,0,0
1594,3161,3060,4494,3848
784,751,743,385,371
476,6,0,0,0
721,6,9,5,15
586,750,860,892,1184
997,8,0,0,0
689,878,746,566,386
1614,16,1,0,1
681,4,0,0,0
946,4,0,0,0
502,4,0,0,0
670,1028,787,536,353
743,8,0,0,0
526,4,0,0,0
536,3,0,1,0
590,848,652,494,242
484,4,0,0,0
270,4,0,0,0
475,82,120,163,306
545,606,556,335,223
534,694,723,525,344
507,5,0,0,0
723,8,0,0,0
543,4,0,0,0
657,6,0,0,0
696,1176,888,557,350
1082,8,1,0,0
467,1102,1404,1491,1798
496,901,552,433,159
604,6,1,0,0
1114,5,1,0,0
1026,1889,2382,2461,3148
414,2,0,0,0
508,6,0,0,0
744,7,0,0,0
481,6,1,0,0
441,8,0,0,0
212,132,211,251,404
522,4,0,0,0
564,736,562,442,246
657,1137,866,596,392
524,4,2,0,0
568,767,698,351,230
546,1224,1580,1907,2779
356,130,96,81,38
354,3,0,0,0
914,9,1,0,0
620,6,1,0,0
544,436,582,716,1072
686,6,0,0,0
399,563,810,961,1516
368,244,355,514,712
484,226,201,116,59
786,5,0,0,0
666,7,0,0,0
382,637,727,1095,1430
456,3,0,0,0
460,321,438,573,801
190,2,0,0,0
851,7,0,0,0
702,8,0,1,0
627,4,1,0,0
754,12,0,0,0
600,811,642,436,271
1153,1434,1182,828,545
424,8,0,0,0
486,2,0,0,0
883,1482,2015,2239,3049
1235,15,0,0,0
866,10,0,0,0
976,1293,1465,1586,2014
638,6,0,0,0
458,4,0,0,0
679,6,0,1,0
544,4,0,0,0
532,6,0,0,0
606,4,0,0,0
372,2,0,0,0
810,1182,769,667,223
683,4,2,1,0
546,7,0,1,0
911,949,1015,498,467
509,6,0,0,0
529,1146,1084,1440,1006
1045,10,1,0,0
344,170,121,106,44
1543,25,1,0,0
742,5,0,0,0
1114,15,9,7,27
630,1346,1868,2470,3322
312,296,396,489,592
381,734,1048,1180,1924
847,964,788,495,270
504,7,0,1,0
540,4,0,0,0
447,987,853,1283,1210
728,1278,1686,2033,2675
676,6,0,2,0
810,268,242,177,120
825,1428,1936,2322,3126
1008,13,0,0,0
674,1133,666,675,307
653,88,118,124,187
1639,12,1,0,0
452,5,0,0,0
698,1572,2192,2502,3482
598,4,1,0,0
498,859,1135,1264,1699
778,928,1232,1393,1949
119,1,0,0,0
1090,208,248,264,320
416,162,251,266,390
686,6,1,3,6
653,1168,1239,1490,1790
582,838,842,1054,1417
391,2,0,0,0
528,3,0,1,0
415,828,864,1278,1976
558,1312,1520,1776,2175
442,377,638,694,1395
552,7,2,0,0
530,5,0,0,1
334,98,71,55,40
463,740,576,390,236
300,4,0,0,0
185,38,30,23,14
692,8,1,0,0
545,5,0,0,0
458,141,110,96,50
492,4,0,0,0
668,874,666,544,342
282,6,0,0,0
566,6,0,0,0
243,0,0,0,0
491,3,0,0,0
372,874,1016,1318,1489
632,4,1,0,0
444,315,442,534,812
430,4,0,0,0
506,1041,1360,1593,1981
479,908,1188,1202,1482
460,808,954,986,1285
364,6,0,0,0
784,1088,1500,1699,2630
1133,2620,3246,3563,4774
2118,15,0,0,0
662,10,1,0,0
1300,12,1,0,0
722,4,0,0,0
424,12,4,0,0
858,4,0,0,0
618,7,4,2,1
688,7,1,0,0
577,5,0,0,0
644,9,0,0,0
803,820,1086,1278,1704
438,1229,1197,1629,1295
930,9,0,0,0
246,13,22,23,29
431,4,0,0,0
540,2,0,0,0
1051,1744,2084,2202,2982
1988,1956,1986,1036,850
862,5,0,1,0
840,18,0,0,0
983,9,0,0,0
570,850,541,491,198
820,877,945,475,406
760,145,143,70,90
947,14,1,2,0
490,1130,1276,1802,1736
204,0,0,0,0
538,268,533,507,1062
302,4,0,0,0
663,6,1,0,0
435,6,1,0,0
1061,2430,3237,3636,5363
1040,2144,2942,3728,5200
394,12,1,0,0
1495,211,138,118,54
1960,14,0,0,0
1092,438,705,936,1399
817,268,402,436,712
560,6,0,0,0
744,1225,1038,774,492
802,11,0,0,0
612,203,131,167,51
1092,844,1232,1620,2488
775,227,221,141,62
348,1,0,0,0
384,3,0,0,0
733,6,0,0,0
782,8,0,0,0
580,2,0,0,0
480,7,0,0,0
714,1538,1810,2124,3187
992,15,0,0,0
404,4,0,0,0
1274,2739,3308,4504,5446
3473,36,2,0,0
531,146,136,92,73
1198,17,0,0,0
766,8,0,1,0
538,1,0,0,0
420,2,0,0,0
433,465,436,660,278
697,942,1011,572,474
367,2,1,0,0
355,1241,1265,1862,1741
581,8,0,0,0
396,98,112,158,242
1076,4,0,0,0
1764,2105,2202,1201,1052
1398,918,538,561,215
542,30,34,44,68
428,192,172,148,90
434,4,0,0,0
450,768,1026,882,1424
886,2141,3016,3398,4676
248,752,1056,1294,1738
472,4,0,0,0
426,1,0,0,0
560,621,552,390,241
603,10,0,1,0
530,4,0,0,0
634,8,0,0,0
414,689,456,457,197
958,14,0,1,0
1152,11,0,0,0
1193,10,1,0,0
180,1,0,0,0
822,260,255,147,109
656,8,1,0,0
466,2,0,0,0
388,643,770,846,988
1750,1222,2249,2423,4564
475,816,629,370,237
710,1063,674,521,191
3336,4476,3538,2186,1316
930,12,1,0,0
510,148,146,98,56
412,36,46,56,94
753,8,1,0,0
948,352,302,172,122
519,75,80,106,123
830,9,1,0,0
660,260,366,503,712
900,1638,2246,2356,3358
515,6,0,0,0
341,1,0,0,0
580,1692,1866,2152,2682
800,56,129,117,210
534,0,0,0,0
516,6,0,0,0
884,4,0,0,0
632,3,0,0,0
1134,6,0,1,0
973,5,1,0,0
853,9,1,0,0
390,2,1,0,0
589,4,0,0,0
226,285,222,158,106
161,290,318,354,435
546,516,680,738,1116
404,804,572,372,192
201,2,0,0,0
514,4,0,0,0
558,650,662,432,391
616,1235,720,584,211
832,8,0,0,0
1022,7,0,0,0
584,2,0,0,0
859,4,0,0,0
718,1251,1651,1873,2498
840,1383,2171,1767,3802
372,3,0,0,0
479,228,342,405,532
540,4,0,0,0
330,2,0,0,0
491,186,308,368,566
582,737,492,400,158
768,4,0,0,0
320,41,42,19,27
276,74,129,123,278
653,1796,2421,2825,3996
860,2,0,0,0
1076,8,0,0,0
932,1292,1954,2331,3363
772,6,0,0,0
1318,14,0,0,0
442,192,172,126,74
820,7,0,0,0
606,1078,1262,1621,1914
362,6,0,0,0
694,5,0,0,0
349,4,0,0,0
450,6,0,0,0
872,1508,2182,2594,3685
312,4,0,0,0
740,775,749,392,292
653,200,291,362,520
782,1019,950,504,407
1026,1846,2977,3124,5864
1066,9,0,0,0
1266,14,0,0,0
880,7,1,0,0
632,1036,830,544,320
1010,6,0,0,0
665,3,0,0,0
670,1169,1717,1755,2986
732,1458,1976,2387,3102
1185,18,1,0,0
1181,1712,2478,2978,3936
776,9,0,0,0
392,12,13,4,6
809,1454,1740,1969,2434
634,4,0,0,0
628,12,0,0,0
421,20,17,20,24
602,6,1,0,0
1052,1097,901,664,404
1058,1800,2224,2410,3006
1106,609,952,1251,1880
832,7,0,0,0
694,8,1,1,0
485,353,380,659,651
622,6,1,0,0
657,4,1,0,0
534,398,330,230,147
416,3,0,0,0
1012,12,0,1,0
368,2,5,2,11
583,3,1,0,0
1943,18,1,0,0
287,347,218,207,92
953,352,471,643,947
467,992,1607,1661,2904
966,1996,2678,2931,4150
600,977,694,530,217
572,8,0,0,0
674,849,686,435,242
465,1218,1450,1783,2314
758,1568,1467,2065,1903
698,242,194,138,89
464,4,2,4,4
776,2064,2716,3267,4514
295,168,266,312,507
423,142,230,339,526
385,4,0,0,0
842,1547,2515,1862,3811
496,4,0,0,0
578,796,941,1032,1392
2572,3518,2135,1942,801
551,194,168,102,60
1402,1430,1236,783,504
789,4,0,0,0
1008,392,509,327,520
662,1471,2476,2426,4264
306,250,287,468,514
382,561,502,356,225
639,8,0,0,0
1052,1875,3005,3070,4706
790,4,0,0,0
411,694,526,341,243
130,0,0,0,0
568,208,282,431,650
298,1,0,0,0
339,43,48,26,29
1862,18,0,1,0
665,5,1,0,0
1810,8,1,0,0
678,5,1,0,0
959,2150,2903,3367,4646
717,14,1,0,0
734,1066,926,660,448
626,800,1397,1150,2145
78,1,0,0,0
724,1483,1489,2221,2041
712,10,0,0,0
695,7,0,0,0
492,158,114,96,57
186,1,0,0,0
760,600,882,832,1368
627,2,0,0,0
1359,8,3,0,0
469,8,0,0,0
688,4,0,0,0
428,651,591,384,288
602,173,109,111,58
580,841,703,516,305
664,1364,1412,2116,2163
880,2370,3409,3744,5475
154,2,1,0,0
563,1019,1578,1606,2558
648,635,682,514,343
807,1098,941,568,330
673,805,668,444,264
812,475,698,878,1294
401,2,0,0,0
408,2,0,0,0
534,900,1254,1491,2004
817,2378,2085,2905,2451
328,129,182,226,354
977,6,1,0,0
341,3,0,0,0
1098,9,0,0,0
2061,3510,2729,1906,1178
826,8,0,0,0
994,2401,1566,1337,643
1002,9,0,0,0
643,4,4,0,0
852,6,1,0,0
542,1254,1989,2560,3650
541,108,95,75,52
530,707,926,1086,1424
236,2,1,0,0
471,11,12,18,31
600,306,248,170,88
394,607,510,667,699
1092,993,901,1358,1198
536,842,1215,1072,1829
539,4,0,0,0
1308,6,0,0,0
1287,2262,1796,1084,674
773,1918,2550,2875,3626
995,684,618,460,322
508,8,0,0,0
606,6,0,0,0
152,50,68,71,134
566,1181,1639,1800,2454
881,6,0,0,0
649,6,1,0,0
494,4,0,0,0
427,885,1266,1412,1982
288,68,82,98,132
661,11,0,1,0
1260,10,0,0,0
402,6,0,0,0
223,0,0,0,0
1037,1728,1502,942,541
1486,3474,4359,5528,6730
1174,14,0,0,0
1455,2776,2206,1459,918
1111,16,1,0,0
1593,918,869,624,436
621,3,0,0,0
681,937,850,510,330
648,7,0,0,0
496,4,0,0,0
570,243,348,473,642
518,298,394,398,543
356,446,393,284,149
502,1,0,0,0
284,8,4,4,1
314,609,343,295,123
356,1,0,0,0
488,3,1,0,0
388,4,0,2,0
1207,2420,3692,4644,6452
1728,28,3,0,0
1080,1934,1565,971,566
1056,2510,1543,1286,510
717,1642,2218,2836,3892
648,968,746,542,353
558,4,1,0,0
430,4,0,0,0
1138,4,0,0,0
388,4,0,0,0
564,1258,1750,2305,2984
430,1,0,0,0
657,166,172,82,76
486,920,432,319,171
462,797,1101,1193,1896
553,4,0,0,0
266,568,812,1034,1520
1900,1564,1453,763,613
1302,16,1,0,0
1040,9,0,0,0
507,112,113,90,66
1050,11,1,0,0
580,4,0,0,0
986,1208,994,664,444
2764,3758,4729,5464,7142
379,200,162,114,67
452,6,0,0,0
324,1,0,0,0
1114,2201,2822,3452,4342
603,4,0,0,0
464,916,1280,1310,1820
442,819,540,502,178
697,3,0,1,0
338,2,0,0,0
639,6,0,0,0
425,2,0,0,0
458,676,610,340,216
692,3,1,0,0
438,6,0,0,0
584,4,0,0,0
1213,11,0,0,0
620,10,0,0,0
516,1292,1094,676,371
1223,16,1,0,0
604,712,649,428,277
492,3,0,0,0
785,2101,2222,3393,3082
516,1009,1487,1242,2158
397,546,528,314,216
939,1113,1093,685,619
531,258,356,442,694
498,1,0,0,0
556,4,0,0,0
1814,26,0,0,0
781,85,60,73,46
591,1312,1830,2180,2809
728,4,1,0,0
1422,6,0,0,0
891,1806,1514,950,551
755,1204,1326,2192,1951
716,7,1,2,0
466,5,0,0,0
403,152,196,226,298
836,8,0,0,0
822,1922,2458,2916,3960
526,7,0,0,0
421,5,7,3,0
510,1056,940,1482,1445
691,5,0,0,0
394,2,0,0,0
204,382,504,604,854
679,6,1,0,0
1305,1391,1279,826,626
843,12,2,0,0
362,6,0,0,0
1062,13,2,0,0
673,1366,1168,801,487
1024,9,0,0,0
675,828,645,459,298
588,4,0,0,0
1060,1452,1096,732,416
673,1444,1615,1932,2480
550,710,980,1103,1660
682,1041,824,562,348
976,11,3,0,0
1304,1634,2504,3246,4974
1144,2487,3638,4580,6259
1430,1031,1454,1283,2273
956,2132,1546,1056,615
653,6,0,0,0
723,944,750,560,318
380,612,762,756,986
526,6,0,0,0
825,4,0,1,0
701,1330,1777,2084,2845
527,4,1,0,0
571,755,943,978,1336
561,786,658,450,280
650,6,0,0,0
296,94,117,166,219
288,3,0,0,0
1424,3224,4023,5046,6121
1008,1622,1581,910,692
748,1918,2788,2970,4134
838,539,400,234,136
724,1308,1286,717,566
840,1700,1313,940,523
1066,2244,1904,1247,910
962,2040,2177,2972,2901
366,540,377,276,144
627,8,2,0,0
564,136,109,58,34
173,417,737,675,1494
817,118,82,82,34
524,3,0,0,0
541,178,287,360,546
1052,104,59,63,22
511,6,0,0,0
1392,2322,1826,1436,866
1393,2967,2264,1651,926
1082,11,0,0,0
809,1890,2332,2780,3777
1187,3324,4648,6108,8328
811,574,490,342,198
718,43,51,23,37
842,1015,1127,650,575
702,8,0,0,0
424,730,1036,1239,1762
633,8,0,1,0
283,36,58,96,141
418,6,0,0,0
300,46,48,28,18
257,70,103,164,322
534,5,0,0,0
623,5,0,0,0
1400,11,0,0,0
387,1,0,0,0
629,1656,2272,2652,3659
158,2,1,0,1
1792,3864,5236,6023,7692
713,199,183,188,109
784,403,382,272,166
1175,16,1,2,0
1344,3060,4202,4944,7276
705,1622,2304,2546,3604
692,112,152,114,108
273,5,0,0,0
345,575,451,386,155
400,146,120,62,24
638,1240,1399,1572,1980
254,443,377,245,174
492,3,0,0,0
684,5,0,0,0
303,2,0,0,0
717,10,1,0,0
968,1264,1033,664,392
1056,724,668,530,362
991,16,1,0,0
1490,19,0,0,0
546,974,740,476,274
436,477,435,276,215
722,6,0,0,0
444,172,216,234,329
424,802,514,399,163
1385,11,1,1,0
635,1525,1529,2448,2171
1720,14,1,0,0
1298,1659,1847,1958,2638
1306,12,0,1,0
1942,1965,2106,1173,1012
2138,20,0,0,0
874,8,1,0,0
1214,2168,1799,1096,672
1000,2310,2728,2812,3502
729,1528,2372,3072,4746
478,0,0,0,0
399,2,1,0,0
511,2,0,0,0
503,6,0,0,0
289,2,0,0,0
714,1394,865,734,329
790,7,0,0,0
307,609,846,901,1344
114,29,14,17,7
337,354,266,182,112
1607,9,0,0,0
763,1170,908,620,365
1784,22,0,0,0
1292,261,304,509,537
526,742,1138,1286,2100
611,476,764,794,1182
608,1195,906,618,375
250,2,0,0,0
446,902,1028,1204,1650
462,640,508,378,237
305,483,700,776,1089
738,933,987,540,563
325,802,706,1144,1063
462,558,473,287,223
522,986,1278,1546,2046
556,667,769,378,310
1163,12,0,0,0
815,1447,1150,738,465
1657,14,1,0,0
1378,3193,4355,3866,6278
1976,3399,4291,4874,6454
491,2,0,1,0
634,1282,1090,758,453
544,7,0,0,0
578,6,0,0,0
1073,11,1,0,0
524,1524,2068,2092,2839
899,8,1,0,1
520,4,1,1,0
428,4,0,0,0
1662,88,84,58,53
391,4,0,0,0
926,1438,964,601,348
243,591,516,346,215
462,1404,1784,1864,2556
463,312,329,217,129
667,1995,2744,3572,4788
7756,43,0,2,0
1054,11,1,0,0
451,6,0,0,0
1206,2484,2903,3270,4206
535,4,0,0,0
857,8,1,0,0
560,1178,1064,664,404
392,1198,1806,2059,2950
903,1705,2208,2554,3574
458,4,1,0,0
691,8,0,0,0
229,6,0,0,0
712,2018,2644,3253,4498
1002,2366,3999,3838,6758
553,1900,2590,2990,3677
765,2094,2412,2702,3404
527,6,0,0,0
920,999,899,524,476
820,14,0,0,0
623,1398,813,757,340
1060,12,1,0,0
851,1258,1034,706,426
869,2575,3314,3506,4880
819,490,737,861,1300
732,1709,2249,3744,3760
1093,3036,3830,4502,6102
646,1479,1462,684,668
442,13,2,1,1
477,244,226,158,102
254,178,150,91,68
346,2,0,0,0
581,3,1,0,0
90,0,0,0,0
2232,4013,3280,2540,1550
796,8,0,0,0
746,2288,2541,3656,3648
672,1308,1708,2075,2865
1108,3196,3563,4061,5198
1159,2065,2092,1111,1011
604,1777,2430,2662,4100
1060,2763,4551,4430,8686
660,12,0,0,0
642,1768,1117,987,372
412,1622,1693,2562,2366
844,1833,1538,1208,853
1106,1997,1915,1031,818
523,8,1,0,0
600,8,0,0,0
810,10,1,0,0
920,10,1,1,0
1096,14,1,0,0
1836,17,1,1,0
850,6,0,0,0
528,1147,691,666,297
991,1268,1186,756,484
1161,1705,1998,3055,2519
422,2,0,0,0
1371,15,2,0,0
496,1350,1924,2350,3306
536,6,0,0,0
758,2576,2988,3315,4250
663,6,0,0,0
703,6,1,0,0
677,2841,3389,3731,4518
1318,12,1,0,0
886,6,0,0,0
566,6,1,0,0
1150,2390,3666,4045,6206
615,8,0,0,0
624,12,1,0,0
592,1556,939,882,340
755,2238,2503,3049,4021
1230,11,0,0,0
701,8,0,0,0
726,10,0,0,0
456,522,796,1058,1591
752,13,0,0,0
448,7,0,0,0
288,424,521,744,1008
1252,3294,4362,5311,7042
503,484,401,292,226
803,2618,3790,4384,6139
740,8,1,0,0
832,82,116,147,283
808,1270,1922,2186,3474
872,890,941,526,555
615,1,0,0,0
834,9,0,0,0
1228,2466,2445,1330,1185
782,1790,1370,1094,618
1098,12,1,0,0
524,1252,979,672,392
377,4,0,0,0
923,14,0,0,0
866,10,1,0,0
374,1751,1575,2082,1772
432,6,0,0,0
1017,10,2,0,0
1412,612,534,379,258
1120,1924,3084,3660,5168
1596,674,572,468,276
1070,2520,3759,3414,5572
825,8,0,0,0
961,1981,3440,4870,6580
585,1098,1545,1810,2596
761,2261,1349,1161,429
804,2394,3310,3696,5052
608,682,685,1077,1016
1242,17,1,1,0
1060,10,1,0,0
799,12,0,0,0
1122,2811,3226,3629,4452
644,812,1175,1438,2182
981,12,0,0,0
756,1544,1228,940,630
534,1508,1600,1780,1886
986,1644,2656,3267,4744
1638,47,62,86,110
309,2,0,0,0
1461,1590,2503,3257,4801
1254,15,0,0,0
406,741,680,430,315
892,8,0,0,0
889,8,1,0,0
944,14,0,0,0
944,6,1,0,0
756,1876,2861,3397,5087
1044,1955,1730,1232,794
1002,6,0,0,0
614,7,0,0,0
478,796,1214,1602,2292
683,6,1,0,0
553,24,12,3,0
888,2010,1444,1012,583
658,6,0,0,1
659,13,0,0,0
1592,3346,2692,1739,1162
3037,8025,11130,13367,17186
788,1387,1633,793,715
1846,2292,1874,1278,808
541,1200,1818,2046,3102
588,6,0,0,0
1003,572,573,416,288
909,2156,2941,3610,4772
715,1100,712,730,305
972,2034,2706,3228,4580
652,8,0,0,0
736,2052,2262,2891,3876
1080,18,0,0,0
868,1737,1374,942,602
795,14,1,1,0
717,10,0,1,0
710,1433,2299,2176,3855
655,10,1,0,0
2139,38,24,29,46
2708,30,1,0,0
938,10,2,0,0
3058,7069,10056,12370,16402
854,5,0,0,0
761,13,0,0,0
704,339,327,184,162
846,2533,3296,4094,4988
1335,14,1,1,0
643,1519,2302,2830,4267
607,2045,2642,3557,5192
925,9,0,0,0
694,8,0,0,0
512,1315,1748,2946,4280
902,2098,2646,3645,3766
986,7,2,0,0
567,6,1,0,0
282,432,299,254,190
166,348,297,202,122
820,8,1,0,0
1118,3694,4294,4622,6222
494,5,1,0,0
673,11,0,0,0
1951,2918,3007,1466,1264
2910,35,2,0,0
648,1454,2555,2295,4226
537,6,0,0,0
896,13,0,1,0
968,9,0,0,0
944,1735,1479,1009,646
732,8,0,0,0
324,2,0,0,0
1040,8,1,0,0
625,1498,1148,898,606
662,8,0,0,1
142,418,568,726,991
162,54,28,14,10
842,10,0,1,0
489,400,299,186,118
306,279,187,148,79
292,210,236,391,537
1180,2794,3516,4422,5084
5240,57,1,2,0
573,1815,2360,2861,3528
755,10,0,1,0
898,2453,3544,4528,6023
896,11,0,0,0
788,752,646,487,292
813,7,1,0,0
684,456,370,294,182
1957,3826,6193,5433,9897
742,8,0,0,0
1091,12,0,2,0
295,0,0,0,0
1182,3178,3618,3916,5337
200,462,366,256,152
1034,12,0,0,0
276,3,0,0,0
273,4,0,0,0
1284,13,4,0,0
4555,42,1,1,0
440,5,0,0,0
795,1439,1136,857,466
910,8,0,0,0
619,3,0,0,0
530,464,396,248,140
1000,12,2,0,0
1292,9,0,0,2
1104,3204,4380,5444,7955
757,8,0,1,0
1068,2108,1746,1266,756
444,7,0,0,0
632,1953,2702,3174,4076
600,1466,1660,1735,2158
652,8,0,0,0
1669,4774,5616,6324,7982
8222,81,6,0,0
528,4,2,0,0
774,327,575,760,1342
1052,12,0,0,0
1280,13,1,0,0
1013,7,1,0,0
652,7,1,0,0
500,2,0,1,0
701,2036,2732,3349,4607
614,4,0,0,0
660,6,2,0,0
1406,592,852,899,1388
922,8,0,0,0
789,11,0,0,0
673,7,1,0,0
559,1630,1952,2284,2980
888,9,0,0,0
562,1227,790,711,275
410,5,0,0,1
482,4,0,0,0
490,236,169,135,56
512,640,514,320,203
362,2,0,0,0
492,14,0,1,0
1930,3362,2655,1834,1052
728,8,0,0,0
580,1764,2215,2127,2916
141,246,230,180,104
613,1348,1119,698,382
498,1372,1480,1793,2160
399,6,0,0,0
514,69,66,66,39
