904,707,266,809,1260
856,759,954,955,2011
420,458,180,839,1180
527,344,223,446,726
426,18,10,12,27
752,460,362,442,567
910,608,435,606,1052
600,420,336,572,894
648,344,262,390,634
858,95,27,74,85
858,52,17,44,58
722,40,33,82,155
882,616,390,780,1280
1124,756,496,818,1198
746,98,72,124,173
1831,1846,1286,2422,3471
974,873,712,1422,2541
432,81,66,32,62
1232,794,458,738,1108
956,581,404,446,632
704,382,254,318,518
652,613,257,1082,1572
830,20,8,12,19
961,841,640,1320,2146
692,387,303,374,546
152,7,0,0,0
403,320,291,471,1004
1334,680,752,697,1194
1168,1126,898,1306,2156
774,26,6,17,14
570,56,29,63,114
802,42,20,29,54
806,585,229,777,1010
782,838,685,1133,2174
791,561,344,450,560
649,490,350,472,658
489,334,302,578,858
983,611,399,524,814
760,37,13,24,62
962,51,26,58,90
474,385,495,466,983
664,534,393,921,1583
723,16,4,2,13
724,396,262,323,476
792,632,532,989,1646
983,1152,902,1748,2944
934,84,58,108,192
539,47,52,43,99
986,77,58,42,94
685,57,55,94,168
1022,127,90,73,122
730,51,17,20,22
518,353,390,326,617
775,691,558,998,1838
531,448,210,855,1378
556,10,0,2,2
898,706,497,761,1199
1511,1843,773,2834,3758
803,50,22,23,26
949,804,618,1131,2126
1091,1076,926,1722,3234
894,540,386,716,1082
654,14,4,12,20
2260,2138,2399,2452,4747
742,18,1,4,5
946,102,74,136,226
824,723,704,1067,2024
1011,849,665,1032,1727
779,599,244,803,1083
552,366,394,677,1428
867,70,48,72,161
532,9,0,0,1
698,115,94,162,303
748,28,15,28,42
579,42,6,11,16
492,152,120,138,159
862,864,736,1282,2344
863,35,19,13,20
1186,1110,736,1310,2000
646,46,28,24,37
895,813,720,1052,1864
948,75,25,110,118
965,1030,475,1986,2925
1065,768,584,964,1458
639,48,20,60,72
1054,736,536,798,1358
690,458,340,463,684
1100,755,703,567,969
873,417,326,476,812
878,688,816,902,1647
900,518,435,476,756
459,8,1,2,6
608,42,23,28,32
940,676,452,624,760
1198,808,539,780,1044
1096,604,466,612,931
1061,646,469,629,908
1421,256,162,312,504
1514,1478,1104,1459,2182
443,12,0,0,0
731,32,4,6,8
850,610,512,728,1306
722,16,0,0,0
1203,849,902,739,1297
1380,1316,1032,1793,2953
641,10,2,0,0
625,426,156,497,629
537,40,18,42,72
870,700,478,635,1054
589,42,7,22,15
1108,469,517,392,759
330,2,0,0,0
846,495,370,554,938
770,595,424,642,1030
908,638,408,668,924
174,1,0,0,0
1136,770,534,750,903
1240,21,0,0,0
1297,30,6,10,12
1096,832,331,1163,1688
1474,995,1188,953,1688
1130,957,662,934,1486
976,996,402,1733,2979
932,894,688,1295,2472
942,941,748,1317,2259
890,891,798,1226,2370
482,8,1,0,0
572,208,119,192,270
771,23,19,12,23
604,276,184,371,556
1132,868,620,868,1236
854,710,253,1105,1397
1258,806,276,785,924
1178,104,116,175,411
746,412,320,512,908
481,204,122,170,220
1060,1122,962,1648,3179
520,19,5,8,7
716,567,475,914,1580
865,17,0,2,2
525,446,316,798,1276
1025,622,403,581,882
710,549,188,609,749
519,12,0,5,5
757,59,38,54,90
588,36,19,28,55
687,360,302,326,510
780,684,560,1042,1973
1006,758,546,912,1446
930,791,536,851,1342
766,15,0,0,0
1098,110,40,73,74
816,642,292,860,1303
822,61,30,78,138
870,426,269,416,611
1052,727,777,668,942
896,672,463,768,1218
922,860,682,1336,2182
952,510,284,452,576
1649,1517,1098,2186,3774
354,12,4,10,16
956,906,704,1501,2573
650,432,164,534,664
746,15,1,0,0
1398,860,617,822,1230
1712,1702,1320,2486,4530
1225,753,899,700,1235
772,508,349,618,1356
1179,822,525,816,1076
952,793,262,783,852
878,582,392,578,739
916,15,1,2,0
417,16,1,2,2
1168,1007,1163,1214,2559
918,843,618,1128,1829
658,12,0,0,0
1009,658,434,554,778
1262,1118,920,1722,3151
711,523,312,491,626
824,76,64,88,185
764,402,272,334,496
535,342,270,350,512
785,698,523,914,1598
1359,156,84,164,270
755,774,544,984,1504
952,130,74,118,202
1012,512,368,402,555
881,804,307,1209,1655
728,555,391,656,1028
649,670,546,964,1805
656,154,107,110,182
924,971,385,1672,2546
876,30,18,32,50
856,766,590,1038,1534
860,52,49,82,172
584,44,20,24,21
504,18,5,19,18
1026,934,770,1534,2644
816,36,17,16,15
428,34,17,86,90
1040,122,80,74,107
917,614,309,674,987
1023,661,652,626,1049
1388,1409,1158,2152,4063
1064,540,451,538,698
745,792,332,1318,2013
247,11,3,15,49
483,371,319,616,1120
776,994,738,1366,2266
738,563,372,632,977
310,14,7,23,27
819,600,472,812,1420
779,761,406,754,958
1104,679,475,674,1144
992,706,550,944,1684
772,38,13,32,32
1150,949,986,1114,2364
284,14,14,22,50
1001,514,525,361,565
868,1045,1056,946,1708
948,752,291,872,1281
600,10,1,2,3
1492,1504,1553,1664,2935
882,998,742,1435,2664
693,399,262,408,547
650,47,12,88,143
1264,1406,1644,1635,3272
440,11,0,0,0
1125,962,591,1128,1828
1011,1052,779,1504,2642
911,842,584,1091,2076
430,26,7,6,7
662,13,1,0,0
808,530,364,553,802
694,46,34,24,91
482,500,188,794,1099
1133,773,816,835,1707
1322,1039,740,1118,1772
809,10,0,0,0
676,556,396,840,1454
623,548,436,734,1362
874,550,612,474,797
663,391,276,319,536
1174,1204,998,1690,3046
849,728,486,774,960
388,10,3,2,4
924,16,2,1,0
849,68,25,62,90
537,350,243,538,862
1117,1000,717,1235,1956
1050,878,647,1206,2112
821,466,334,486,732
992,155,132,206,438
366,144,138,172,332
460,217,223,261,484
564,362,276,550,870
774,741,943,935,2004
583,8,4,1,1
642,427,340,449,648
598,479,453,552,863
488,18,8,12,28
409,165,126,206,368
454,17,1,3,0
458,24,12,8,2
396,137,100,118,142
770,504,426,752,1301
663,473,352,766,1343
512,394,307,592,1136
732,26,6,5,4
1444,122,68,75,80
990,728,1085,946,2051
304,273,119,412,492
2476,2087,1512,1765,2362
1063,722,706,667,1299
1162,950,766,1477,2282
588,691,514,1022,1806
3069,488,472,468,973
2931,2471,1890,3472,5698
774,794,349,1435,2109
455,378,87,535,768
451,18,12,16,18
1110,808,524,816,1002
796,175,153,145,243
1992,359,272,524,982
545,13,4,5,2
1048,110,100,182,322
941,750,572,743,1144
685,22,2,26,35
473,10,3,2,2
731,552,448,761,1632
1023,28,6,22,33
938,40,16,34,67
1772,1406,1075,1939,3353
2286,164,124,121,276
2646,1783,1820,1484,2347
346,6,2,1,1
1072,57,10,31,19
1149,767,581,794,1136
2218,1700,1879,1468,2368
1030,936,736,1468,2540
1706,105,7,47,28
1882,1556,1762,1856,3087
669,556,453,928,1609
744,628,528,894,1723
748,404,277,372,534
623,28,6,9,7
637,24,10,9,8
1064,713,854,728,1626
537,21,17,27,66
676,63,24,97,168
1624,965,792,622,1014
1590,1064,648,988,1333
456,188,76,278,421
782,588,431,822,1262
364,216,197,324,628
568,354,300,572,974
110,2,0,0,0
1000,850,686,1254,2115
670,20,5,8,28
514,160,102,184,289
785,546,419,733,1238
1090,796,811,694,1275
640,334,286,310,421
678,695,299,1224,1580
2028,1349,596,1841,2126
870,412,244,332,448
471,550,215,967,1324
808,584,450,607,994
504,20,6,6,29
708,444,199,481,641
1454,108,69,125,234
598,51,25,93,146
792,633,526,900,1564
802,77,81,77,173
699,574,440,808,1278
810,802,268,1358,1840
1820,1148,1067,798,1143
893,596,402,688,1058
555,11,4,4,6
2652,2432,2621,2432,4872
2636,2209,2104,2018,4115
768,14,0,0,0
890,43,7,20,28
610,398,432,417,802
906,764,972,957,2207
2105,139,51,124,164
579,384,317,664,1228
636,36,17,32,66
602,38,16,34,48
829,27,5,3,1
728,504,394,688,1023
1005,544,500,426,743
1699,260,140,280,441
894,80,54,65,137
959,547,488,453,708
885,46,32,37,81
690,574,346,480,626
734,645,199,738,1063
1938,1298,896,1170,1488
1498,204,108,192,308
1010,875,782,1090,1898
786,61,38,68,108
1486,1380,1196,2016,3761
912,967,745,1506,2516
501,246,182,306,626
1150,827,626,780,1130
1855,1039,1159,1031,2001
2462,1947,1959,1584,2830
980,40,15,25,37
836,624,474,594,963
986,832,596,1110,1896
1130,855,799,862,1519
801,407,362,333,491
1189,22,0,0,2
2181,2402,1724,3279,5113
826,159,88,200,320
1177,1039,1112,1151,2493
1388,188,150,136,181
911,66,27,26,36
830,69,34,128,128
906,47,38,37,88
845,640,538,390,602
996,840,672,1401,2462
746,47,51,27,41
852,26,28,18,28
1065,846,901,985,1962
710,491,209,897,1470
721,458,197,615,910
1270,740,691,833,1298
1153,912,772,910,1592
1212,31,6,5,6
783,88,78,139,254
824,672,252,1006,1549
779,445,375,442,606
1602,1378,1633,1733,3615
910,797,844,977,1912
984,532,321,691,1064
1226,299,100,465,725
902,136,108,152,392
1343,872,315,1041,1356
1492,1725,666,2709,3788
1114,831,387,1529,2220
1088,608,664,592,1140
1519,1362,1034,1986,3276
822,452,314,432,788
814,485,202,627,805
1138,164,200,225,445
1246,1074,1185,1185,2520
766,677,254,1157,1669
756,619,173,788,1023
898,835,341,1336,1964
708,316,287,291,635
1127,587,199,662,817
1250,78,81,68,147
1112,172,140,135,313
1004,102,35,79,128
788,121,31,87,79
1128,635,337,584,952
589,42,8,19,38
1163,102,17,83,64
352,4,2,3,5
676,515,224,631,756
970,437,456,378,690
978,70,42,57,112
1128,968,774,1238,2243
1458,1136,1343,1449,3017
947,569,362,449,682
436,274,106,316,324
1170,955,699,1347,2372
252,257,70,251,308
683,266,197,287,348
670,500,394,700,1327
960,72,80,72,165
1261,22,0,1,0
642,58,11,29,27
1054,837,298,933,1218
732,98,80,51,80
836,359,410,333,555
1232,789,294,912,990
822,705,323,1148,1820
750,68,29,36,48
88,126,22,167,48
640,512,224,625,871
1433,26,11,7,8
837,440,308,477,780
1783,1543,1901,1912,4543
905,707,836,851,1909
1092,1056,865,1707,3048
774,540,442,572,930
698,548,288,1468,2957
818,786,315,1381,2125
753,112,83,156,240
1334,1190,427,1640,2357
704,23,3,12,23
1121,1013,881,1441,2593
818,478,188,563,730
962,956,712,1344,2492
1168,78,16,21,30
1516,841,824,664,1317
682,464,330,578,881
1108,995,464,1801,2658
959,725,279,980,1420
1357,1142,790,1590,2444
1014,560,411,562,770
696,27,4,6,2
131,12,10,22,38
1056,1065,453,1989,3041
961,512,382,466,682
1006,121,105,127,289
766,18,2,20,6
1468,35,23,14,24
1314,622,613,454,787
923,63,22,72,106
586,26,19,20,26
1107,905,997,1032,2293
1216,67,38,32,83
889,402,292,368,538
1428,810,772,678,1405
608,18,9,9,14
981,660,501,822,1164
955,36,8,12,32
1098,1004,1077,1173,2533
1162,115,29,161,221
632,325,105,361,470
1670,1296,1289,1340,2491
1328,1122,1085,1328,2224
1074,39,36,21,37
990,817,966,1054,2203
622,257,84,213,294
1220,64,42,40,38
862,71,58,90,177
1295,767,274,834,1046
824,772,289,1203,1762
1298,737,831,641,1057
576,28,14,22,27
736,542,411,783,1445
1082,170,136,260,529
1577,1290,1561,1732,3887
1114,126,131,153,329
1203,607,608,524,956
958,89,57,40,43
912,55,54,24,56
1650,1134,1327,1330,3072
897,430,400,384,716
694,408,228,327,456
804,500,167,663,946
666,809,331,1246,1779
826,49,26,19,16
839,396,238,394,522
1045,931,721,1534,2820
728,39,29,52,112
1447,1156,888,1794,3580
966,28,6,6,7
1065,964,739,1386,2221
880,78,31,77,148
873,484,329,510,724
1004,837,1035,1060,2286
1164,1023,834,1618,2651
1436,832,540,756,973
986,487,320,420,538
156,12,8,26,29
1137,982,754,1291,2233
534,495,565,430,766
962,573,400,521,782
1026,568,396,522,743
1318,1171,830,1520,2642
818,65,20,125,180
1152,783,291,971,1401
1024,827,586,588,824
1598,842,1077,877,1416
1524,1296,1380,1573,3171
1134,536,638,428,829
705,644,546,1031,1819
1177,1336,924,1942,3341
1075,606,213,650,728
1424,856,663,818,1199
1519,1313,1010,1890,3343
646,60,30,26,22
607,10,0,0,0
1184,1211,446,2017,2810
944,119,47,213,253
640,73,31,133,251
1430,1211,1551,1635,3397
1072,750,213,795,1051
1024,940,690,1320,2119
626,28,28,5,21
946,57,47,56,98
627,544,553,715,835
1040,960,720,1224,2013
467,21,2,5,5
942,690,479,630,840
1062,1096,1178,1133,2201
1143,767,769,636,1017
1049,654,442,635,1027
1217,1002,737,1288,2222
586,46,29,52,81
1198,776,609,836,1162
1256,55,26,24,32
938,87,54,66,120
1052,685,679,556,887
1066,687,307,929,1158
810,70,17,63,127
982,40,12,4,16
804,31,14,13,58
838,15,0,0,2
420,10,3,1,0
1370,1008,338,915,1262
1190,831,770,604,1264
501,53,12,77,154
875,84,42,57,80
1124,562,412,462,691
668,23,5,2,11
1622,128,88,83,192
746,525,210,802,1072
818,404,364,301,553
668,724,293,1313,2023
719,697,673,681,1322
972,898,984,1158,2224
776,304,101,374,411
812,624,387,742,1160
658,59,9,40,71
1270,866,698,936,1560
1920,1034,968,715,1314
920,91,39,43,40
978,13,2,0,0
758,532,378,840,1482
538,376,139,732,1022
1102,916,1016,1178,2228
1310,690,621,754,1060
3144,2000,2255,1880,3442
1331,1306,613,1729,2456
568,67,54,86,134
1046,1160,1412,1397,3288
1100,802,948,777,1068
864,1000,704,1222,2101
638,560,458,821,1432
883,959,794,1410,2376
304,24,9,6,9
426,68,26,127,164
1575,1122,863,1256,1994
868,55,15,64,98
970,457,322,460,775
1379,1130,746,1459,2132
794,360,232,286,441
3894,3726,2826,5052,9260
1955,283,320,334,721
1083,49,31,28,46
1050,929,648,948,1691
872,706,460,584,706
976,793,245,900,1064
863,732,484,604,790
932,49,25,28,30
754,680,308,1186,1912
1200,1089,1230,1319,3103
1181,637,389,552,720
893,31,5,8,4
586,5,0,0,0
2722,2344,1724,2818,4674
1160,1026,573,1306,1792
1258,212,231,222,526
1768,2392,968,4034,6468
1054,95,60,38,48
923,781,547,786,1192
512,537,236,866,1259
565,20,4,4,4
968,1075,442,1602,2377
1196,1155,1098,1185,2521
779,610,414,528,626
986,522,430,544,898
2002,1434,1129,2008,3491
1003,834,334,1183,1675
1287,912,372,1230,1683
1818,1240,1976,2728,7255
2148,2031,1562,3068,5207
1840,133,116,119,230
2139,1277,1245,979,1704
1032,1175,916,1475,2200
934,125,80,131,239
966,920,367,1117,1219
1025,810,589,904,1166
1482,1179,506,1585,1930
757,441,432,434,780
633,64,60,95,226
1247,1042,525,1977,3170
1065,94,78,108,244
1141,664,472,592,762
1120,936,385,1056,1370
2600,429,349,266,344
1286,773,342,982,1552
2782,2475,1770,2190,2936
789,804,684,1218,2034
601,59,15,26,47
1299,1618,1332,2498,4366
1246,1056,720,1111,1782
701,56,36,24,36
1274,840,804,609,1053
587,92,41,130,194
1310,72,28,27,26
580,469,306,432,618
1149,670,556,774,1164
797,54,12,35,31
1150,1032,946,1614,3115
1065,762,484,748,996
1302,22,1,4,4
1590,1026,998,738,1253
788,58,6,28,65
785,15,1,2,6
1865,1924,735,3092,4517
1112,1241,828,1526,2396
1091,108,54,50,58
683,566,346,558,720
1200,1470,1054,2247,3770
779,729,588,1048,1880
1232,1322,994,1642,2462
629,44,20,28,40
926,60,44,81,136
1174,760,850,672,1286
1257,732,518,596,794
586,440,408,600,1036
1390,1002,347,1100,1275
1431,1266,1042,1962,3521
1585,32,1,0,2
1028,1314,1103,2002,3568
906,31,16,20,27
1124,162,110,222,394
807,626,439,736,1112
358,23,9,16,16
714,32,9,18,9
480,28,15,12,26
600,436,123,559,743
1016,666,262,916,1232
890,512,234,746,1123
1669,1086,831,1164,1926
1041,834,654,1114,1885
1252,128,54,189,342
2040,2499,2519,2921,5718
1854,1519,1448,1248,1755
502,12,0,0,0
973,1093,531,2040,3187
1090,875,890,672,1425
1018,141,108,148,272
963,15,3,4,17
1342,1055,1128,791,1364
1028,1075,994,1516,2974
614,12,0,0,0
968,15,0,3,3
847,86,48,58,72
867,782,597,1198,1952
1370,56,26,26,38
1916,1771,1979,2204,4077
1732,394,313,230,384
1367,136,62,88,86
1172,204,83,271,495
1278,1096,1008,780,1077
817,22,1,1,0
904,11,2,0,0
1273,1654,1268,2392,4446
850,988,836,1372,2505
703,72,37,35,32
948,90,48,94,174
862,884,658,1012,1430
866,110,71,173,269
1067,578,398,598,898
983,696,430,603,690
979,72,99,99,242
1095,93,95,99,210
1034,16,0,0,0
891,70,28,140,215
1098,182,69,254,404
807,78,27,73,44
741,213,140,259,458
820,754,552,832,1302
859,857,572,1476,2217
872,1250,476,1931,2807
849,985,491,1764,2914
1917,2139,2164,2435,4313
566,8,3,3,3
752,884,490,892,1212
623,346,350,334,778
378,12,4,14,18
715,503,303,518,590
1431,837,328,1012,1149
935,824,577,1150,1722
1093,588,418,566,746
1721,1021,1711,1234,4811
1397,1128,1206,1343,2778
1166,1118,912,1481,2392
915,86,46,77,118
1658,1346,1590,1145,2466
1025,52,15,18,30
1142,71,71,64,138
1022,169,116,230,437
1245,1363,952,1521,2537
1065,846,553,764,916
916,131,86,61,81
671,33,18,20,42
689,550,208,590,944
1021,816,769,786,1411
554,378,348,552,1126
1183,670,562,913,1278
896,18,5,6,13
944,61,37,55,137
467,196,87,216,272
1308,1255,550,1976,2766
1340,906,833,1030,1628
1127,267,98,449,767
1206,1621,1349,2372,4254
665,170,127,234,372
1049,40,21,26,32
830,876,638,1329,2292
1006,921,1141,999,2264
1218,1106,782,1036,1424
922,855,390,1630,2787
1250,729,548,812,1144
739,24,15,17,20
742,458,252,935,1670
2142,1114,1143,838,1495
1458,1332,896,2084,3341
1409,1486,584,2482,3578
1840,99,98,103,200
1000,950,988,812,1099
1416,1752,1405,2751,4841
1002,750,833,745,1003
967,1217,577,2577,4307
580,738,1059,1093,3107
1038,108,49,84,132
1168,961,406,1332,1875
686,399,616,517,1845
835,95,28,102,101
1062,960,614,882,1095
663,27,11,12,24
850,67,44,71,123
830,631,752,802,1688
745,24,3,20,14
714,346,132,341,423
894,372,439,262,634
589,411,383,450,820
2245,110,34,46,46
1434,163,132,132,242
1570,1364,963,1484,2176
1112,61,76,98,180
708,58,30,26,24
1004,877,332,1092,1290
788,71,36,48,50
841,676,233,751,962
729,688,223,754,950
1509,137,152,166,402
2054,1740,728,2532,3449
594,16,2,4,4
931,942,575,1188,2129
940,334,244,286,480
1079,919,686,1340,2314
947,80,54,85,122
2040,1693,1785,1295,2316
1182,1126,404,1248,1482
850,732,210,812,935
709,13,0,0,0
1022,876,606,825,1108
952,129,102,115,104
1124,1150,810,1830,2966
872,736,560,863,1338
899,70,40,68,119
833,142,84,144,254
610,19,7,11,20
882,28,35,36,68
1202,880,852,935,1811
1882,51,10,43,66
1280,29,1,0,0
1426,1082,600,887,1160
2596,3640,2678,5612,9620
1406,540,639,454,989
1166,1048,831,1310,2100
980,81,22,49,33
904,995,342,1377,1900
796,590,393,458,629
722,90,42,82,90
992,1161,812,1532,2387
1025,1136,982,1768,3393
822,28,1,12,9
1176,1136,768,1328,1988
699,41,26,26,26
570,438,332,568,1040
884,992,704,1204,2081
1046,1248,1006,1856,3464
811,788,555,1095,1656
648,90,22,149,214
946,760,528,836,1190
578,10,0,0,0
898,1075,677,1334,2096
848,44,22,26,54
1278,1155,1114,1038,1566
1013,115,47,170,291
985,24,1,0,0
1464,1114,1026,843,1468
916,725,594,642,1056
1236,1024,699,957,1385
544,51,15,95,128
556,502,320,702,1140
828,764,688,919,1880
647,714,675,1672,3839
991,1108,818,1384,2154
765,18,0,1,0
450,9,1,2,12
697,54,40,66,106
689,61,36,66,102
989,862,634,877,1137
576,100,54,130,239
881,968,778,1375,2402
976,922,658,808,1238
642,74,72,83,159
762,91,72,128,256
1155,924,579,901,1314
984,894,676,993,1389
572,524,440,608,970
1314,1011,1099,908,1386
865,1056,802,1354,2376
506,79,55,104,190
1133,880,522,697,896
1149,101,74,118,252
460,50,22,32,77
852,34,22,18,26
768,24,16,31,62
655,64,44,31,54
749,102,74,150,306
558,462,527,455,787
821,68,68,118,193
829,82,71,32,55
618,13,0,0,0
931,38,19,29,42
845,598,430,549,742
754,725,582,1012,1734
483,22,12,14,38
946,18,1,0,3
1186,178,112,123,142
1177,1018,690,1021,1304
628,100,73,141,299
752,64,32,36,52
558,573,388,732,1154
696,570,466,566,888
885,1030,878,1365,2434
331,23,6,13,8
750,557,239,612,806
1054,53,22,28,36
684,19,6,10,10
915,903,630,1105,1712
882,932,799,1428,2419
980,1226,410,1752,2391
826,647,468,592,848
988,1080,831,1445,2682
920,668,486,636,1050
1021,720,522,734,1223
887,900,630,1137,1818
722,25,9,3,7
714,27,5,11,13
1667,1351,762,1050,1430
1733,1484,1186,1389,2075
431,114,66,144,210
727,579,267,767,885
956,100,74,92,94
960,1002,782,1422,2588
660,642,462,868,1618
766,797,677,1207,2087
648,6,0,0,0
800,22,2,2,4
545,26,10,8,24
1132,1232,886,1637,2864
742,44,29,34,70
897,50,24,48,66
1014,843,618,916,1301
856,998,781,1318,2286
1442,1086,894,1328,2236
618,480,366,498,699
694,75,128,111,231
784,708,495,626,834
995,40,22,23,28
953,758,519,776,1122
4168,3402,2770,4010,6331
442,21,10,17,20
704,720,500,1110,1936
868,697,480,648,900
798,619,707,525,1152
998,1108,956,1650,3257
654,100,75,148,258
1098,88,74,63,68
1482,95,60,105,154
858,28,6,10,10
1787,1806,1566,2504,5039
1166,138,86,174,323
643,563,472,632,1048
1916,285,214,366,741
730,74,47,77,136
764,748,534,898,1340
713,557,550,603,947
1062,918,770,1004,1736
610,55,33,58,110
1098,932,676,1001,1451
756,722,558,762,1254
874,1064,817,1648,3154
760,1096,1044,2125,4263
2440,3020,2505,4447,7860
936,1092,739,1224,1958
2838,2880,2026,3546,5876
1676,1974,1820,2856,5403
603,481,325,476,580
924,1158,762,1360,2144
503,29,4,14,8
709,133,120,167,393
724,13,0,0,0
744,30,6,6,12
706,856,369,1417,2060
813,15,1,1,4
780,21,0,0,0
708,90,86,166,304
988,1190,892,1804,2916
818,853,282,841,1051
1431,1236,854,1130,1478
1006,860,612,804,1113
1983,1921,1526,2759,4946
1350,1818,1316,2480,3786
1454,1755,1476,2489,4536
460,29,27,43,82
963,750,450,1084,1956
1441,1190,950,1255,1786
996,751,640,792,1135
1037,1180,714,1277,2098
1020,1170,870,1692,2916
1016,1202,976,2058,3730
718,48,18,88,109
934,138,88,178,274
628,734,526,1053,1830
803,66,40,70,148
794,114,82,148,300
1517,1493,1248,2278,3968
582,37,28,42,99
972,88,46,100,199
2604,2898,2170,4466,7836
1220,1042,414,1336,1892
1589,338,117,402,568
1208,1210,1162,841,1167
863,914,803,1360,2297
851,706,458,676,982
801,198,63,155,159
962,953,728,1197,1856
786,143,80,108,145
840,86,53,125,218
674,673,287,1170,1900
906,1036,858,1424,2433
902,982,679,1367,2321
380,315,152,355,456
805,814,278,874,959
418,38,14,43,80
535,725,437,887,1216
2460,1972,1507,1925,2780
1202,328,212,340,640
748,618,398,468,718
579,144,92,140,204
1698,1433,976,1253,1764
1067,1280,1074,1893,3712
822,89,22,79,102
1215,980,756,938,1490
908,1080,886,1770,2963
967,990,357,1115,1408
819,593,239,655,721
920,1176,938,1896,2943
953,1056,684,1208,2081
1107,1336,1054,1934,3736
1022,1288,1006,1984,3354
1028,1095,699,1334,2092
1514,1663,1310,2518,4396
1476,1338,1133,1435,2155
1565,1362,938,1276,1753
653,8,0,0,0
894,38,15,18,18
1168,963,667,980,1431
835,126,56,124,288
943,1132,891,1713,3032
1098,964,629,972,1285
954,1158,874,1707,2872
840,851,794,1348,2436
760,519,576,432,981
945,926,716,1254,2394
940,1042,846,1464,2588
796,719,253,928,989
734,77,34,44,40
923,977,774,1462,2680
993,1134,900,1458,2440
777,48,38,21,31
1120,1294,1002,1834,3275
1672,1284,1038,1167,1657
846,1187,910,1893,3168
1272,1144,834,1370,1834
850,1094,964,1805,2942
1046,1362,914,1684,2532
1571,332,77,280,324
1016,196,182,380,678
1046,1161,1048,1549,3134
678,188,146,127,176
976,913,650,1392,2360
847,642,494,686,1034
665,81,13,28,35
1012,838,383,1093,1431
666,20,0,0,1
834,99,76,126,250
1540,121,58,132,193
1528,2098,1690,3033,5204
631,560,400,632,772
1490,1392,931,1416,1740
912,66,35,30,42
915,1107,503,1959,2928
804,30,12,14,16
1008,872,622,925,1306
604,35,16,22,27
596,54,15,64,92
540,30,12,24,50
535,577,436,834,1623
907,899,741,1421,2341
820,559,614,528,936
979,1129,892,1490,2698
684,45,18,22,26
838,855,885,2008,5076
1186,343,258,485,904
468,400,255,336,432
810,769,771,698,1135
612,110,85,156,330
788,51,17,38,43
765,791,582,975,1648
386,58,51,66,136
805,866,638,1086,1942
975,1022,689,1360,1969
382,646,332,830,1128
482,684,412,1070,1657
556,12,0,0,0
521,74,57,96,148
755,152,95,177,290
387,510,422,756,1219
846,954,514,820,978
514,393,302,449,716
409,81,58,138,282
284,264,234,338,510
296,330,300,410,866
678,8,0,0,0
854,27,6,12,17
490,68,41,70,143
389,269,221,310,456
371,282,217,278,454
104,72,19,50,58
602,538,412,638,964
397,526,471,798,1544
569,478,367,517,876
414,459,304,585,954
526,33,28,53,68
522,458,312,550,918
437,54,34,72,160
502,538,481,916,1668
481,643,228,970,1402
858,1255,998,1800,3307
888,156,114,246,440
667,102,70,62,90
580,621,588,638,1257
514,450,377,518,864
822,683,547,634,964
350,264,198,304,432
456,580,366,638,1041
637,642,352,548,760
306,463,266,1306,2625
840,846,535,940,1743
602,458,311,412,608
928,822,588,840,1541
842,778,558,804,1280
484,18,16,24,40
558,568,522,543,1123
540,473,270,450,632
484,37,23,64,148
496,58,30,103,166
810,646,519,585,1062
370,28,16,18,18
330,186,141,170,204
339,256,163,270,417
751,921,1081,1064,2221
332,6,2,6,7
474,44,17,33,73
788,703,448,600,805
592,674,612,1058,2008
530,124,91,177,325
391,462,202,826,1226
332,238,270,190,324
410,42,26,21,22
523,661,422,828,1414
190,10,6,12,18
1340,1620,1257,2533,4376
374,408,368,624,1114
915,820,618,880,1428
347,228,197,265,404
626,564,437,577,984
1218,906,651,766,1166
477,553,388,700,1182
776,51,13,60,120
610,560,263,660,887
692,734,321,913,1100
388,20,15,12,24
1356,927,304,1537,2000
464,358,266,394,569
492,402,280,356,520
542,93,92,130,238
839,981,790,1280,2176
494,458,198,674,961
310,22,12,16,12
447,25,12,12,19
356,26,12,28,26
412,362,264,406,578
488,10,0,0,0
436,412,301,446,535
456,439,149,523,662
1234,1401,549,1800,2179
740,962,710,1331,2488
611,590,460,756,1218
732,14,1,0,0
526,70,56,78,186
520,34,15,24,33
799,1164,856,1864,3020
597,719,282,1104,1668
1089,1045,720,979,1342
744,158,110,238,402
864,1013,772,964,1574
710,706,526,752,1314
463,420,321,473,819
567,684,496,831,1290
454,557,479,595,1071
509,487,406,639,934
414,19,13,16,42
735,818,659,1178,1862
394,306,212,330,416
957,20,4,3,3
340,485,582,623,1427
705,610,442,630,831
528,703,460,714,1048
838,778,566,722,1026
627,42,22,18,28
614,706,502,950,1540
723,119,64,144,242
528,551,386,567,980
310,277,225,394,654
404,8,0,0,0
819,863,682,874,1440
390,468,378,655,1364
499,432,329,426,717
348,421,185,807,1228
595,16,0,2,2
754,907,803,1348,2308
770,630,348,634,884
655,56,34,26,44
553,80,74,174,266
633,803,660,1063,1756
614,504,346,568,996
526,14,4,8,7
345,21,10,7,6
667,807,616,1014,1782
668,893,1164,1207,2334
360,386,133,401,494
753,786,586,912,1314
598,34,16,16,24
612,540,416,526,820
1638,2014,2158,2588,4900
468,616,483,992,1844
286,240,168,270,540
412,97,78,156,298
504,6,2,2,3
529,571,443,760,1378
1240,1094,724,1105,1444
480,96,78,162,312
402,58,34,47,79
576,482,375,477,663
565,64,34,84,160
511,18,10,4,10
514,688,529,983,1826
595,797,643,1344,2338
1176,51,17,12,32
769,1071,810,1692,2862
602,644,570,1038,1953
403,10,0,0,0
493,509,290,448,543
338,68,25,92,146
563,503,398,606,994
909,1058,770,1508,2500
546,768,333,1318,1879
289,6,1,0,0
710,78,71,100,202
348,14,4,5,4
700,916,727,1394,2576
403,46,22,52,99
646,101,85,170,284
615,932,727,1504,2415
702,62,38,68,131
539,694,492,1098,1766
550,564,434,594,839
485,74,67,118,208
237,352,310,479,1079
980,770,681,798,1186
993,75,49,104,184
846,1095,1302,1449,3042
377,314,218,312,438
470,29,14,27,67
742,773,509,942,1618
802,860,508,986,1470
628,730,544,866,1588
848,1104,985,1650,3090
1074,1242,858,1624,2528
896,719,500,684,967
416,94,55,91,163
330,7,0,0,0
666,848,627,1033,1704
289,391,299,530,947
697,907,722,1198,2186
225,8,2,6,5
497,92,74,128,214
475,23,11,14,28
452,24,22,52,61
562,12,0,0,0
509,568,634,948,2140
738,985,692,1362,2454
435,333,93,305,361
777,806,541,770,1275
492,651,534,857,1359
818,1073,870,1687,2978
738,872,386,1518,2330
500,31,7,24,15
640,440,366,554,850
1072,127,56,202,286
530,667,528,1058,1862
1654,1350,1004,1314,1991
668,58,13,36,79
290,360,232,382,594
430,498,471,738,1416
352,320,244,347,504
856,87,78,131,254
748,77,88,97,168
562,22,6,7,5
366,23,8,18,12
731,932,742,1372,2444
380,462,290,562,851
627,50,11,23,17
720,30,20,17,28
618,88,55,154,197
850,193,148,232,516
587,506,338,504,726
794,1002,799,1460,2583
664,620,438,626,872
620,728,585,1002,1812
580,42,26,68,97
791,89,43,48,61
309,74,29,106,166
546,504,379,553,788
642,550,372,595,834
784,778,604,772,1118
868,940,1131,1156,2649
672,43,13,22,18
355,438,185,794,1049
467,61,75,50,167
626,730,859,920,1824
298,396,179,660,1061
858,1330,1012,1926,3190
1022,870,600,790,996
1814,2707,3004,3153,5863
760,44,18,17,21
399,38,12,59,124
641,28,8,8,9
524,94,72,152,332
324,468,316,614,1030
371,59,21,140,166
928,872,624,824,1108
594,860,680,1256,2184
356,404,239,440,689
205,28,19,31,57
1103,1997,854,3297,5601
1384,1550,1727,1728,3522
623,648,281,968,1218
979,100,57,122,226
344,426,350,652,1210
679,876,676,1254,2213
496,114,82,160,288
608,678,523,784,1284
744,771,575,851,1230
798,764,529,703,987
420,72,42,84,178
1490,1558,1094,1777,2648
234,51,22,97,127
211,6,0,0,0
390,14,4,8,6
736,589,600,497,796
378,12,0,0,0
297,20,7,12,16
668,796,551,972,1498
609,823,369,1514,2427
423,300,224,288,394
408,359,250,340,515
911,1012,782,1186,1932
784,634,446,586,769
431,356,142,445,678
423,386,367,306,709
328,22,6,16,12
384,8,0,0,0
289,162,102,158,200
472,714,556,1085,1996
400,42,14,18,45
565,680,426,712,1004
528,466,266,401,576
342,56,32,62,108
1093,1069,996,880,1476
525,22,18,16,25
766,830,510,1283,1588
706,623,185,574,603
857,94,48,116,172
476,534,413,727,1324
823,1049,980,1488,2756
878,702,566,642,1112
388,242,188,236,440
708,558,232,646,823
690,628,452,713,1064
723,56,30,42,53
426,469,306,702,1134
504,657,389,1008,1458
662,38,20,26,24
865,784,580,713,1093
554,660,405,715,1090
476,305,326,1157,2657
522,28,10,10,8
790,54,47,106,180
1325,1614,1392,2362,4422
4302,3890,2800,4004,5317
975,765,437,656,918
645,712,399,744,938
988,1127,1354,1562,2768
440,11,2,3,0
821,598,351,522,678
405,65,40,84,123
838,788,555,681,913
346,491,175,825,1363
2107,2474,1598,3002,4627
480,27,18,50,64
1234,1456,1444,1636,3160
1149,1414,1290,1903,3604
740,646,514,557,727
1042,981,1083,844,1823
970,1043,367,1312,1707
1013,1510,1222,2272,3946
488,8,0,0,0
529,46,26,22,48
740,662,423,644,824
504,53,22,119,202
504,724,383,1452,2591
468,362,213,289,382
461,58,26,25,28
694,711,218,600,749
213,7,7,8,10
184,233,92,348,463
910,689,468,526,671
986,1240,950,1619,2650
589,884,675,1375,2490
432,312,227,308,500
1664,401,284,508,909
527,67,28,115,192
747,581,196,588,654
1752,1632,1182,1556,2048
878,64,60,42,72
1206,87,55,55,89
630,820,742,1386,2547
762,148,126,200,382
529,104,62,74,99
652,834,646,1096,1882
744,792,559,1038,1706
488,513,593,573,1370
512,16,0,0,0
742,790,976,1041,2150
453,488,208,648,986
679,856,592,706,906
377,652,500,892,1566
3409,3192,3008,2432,3603
549,410,311,412,602
1121,1081,838,1024,1516
593,156,95,184,324
704,572,786,597,1375
791,946,764,1344,2362
448,8,0,0,0
517,436,253,505,870
1042,1496,1618,1699,3054
652,841,623,1272,2317
650,774,658,1074,1924
879,16,3,0,0
1033,1206,1088,1816,3344
416,24,15,20,31
420,392,242,367,507
602,683,241,801,1199
1673,1530,1202,1536,2361
764,43,22,42,57
1502,1391,1367,1121,1687
687,16,0,1,0
290,305,168,416,676
602,603,430,666,1147
626,580,493,797,1437
663,24,8,4,4
896,814,554,702,962
571,18,11,9,7
712,946,701,1426,2359
756,568,579,430,636
775,919,721,1227,2316
735,58,59,71,172
1027,1433,1599,1700,3397
470,496,360,618,950
389,5,0,0,0
1962,2318,1868,3247,5514
952,1144,882,1698,2778
922,769,833,625,1062
765,605,646,588,1023
668,104,70,99,190
524,362,256,252,397
440,102,76,152,252
651,63,29,108,223
674,48,22,24,28
729,24,6,8,12
600,94,72,110,198
520,390,352,382,594
612,724,584,1097,1925
419,569,360,768,1247
784,779,835,758,1347
335,33,17,76,91
1018,977,423,1465,2225
610,87,100,136,220
910,744,552,768,1026
352,12,0,1,0
694,594,360,481,632
880,962,626,1101,1872
720,92,66,51,85
581,460,346,404,598
823,799,863,808,1185
894,1124,936,1581,2994
1240,1548,1165,2244,3820
916,1132,906,1780,3492
621,632,788,888,1946
507,657,506,962,1708
715,39,20,20,20
1087,1054,777,1146,1789
476,20,12,13,9
496,122,75,164,266
1294,1644,1122,2018,2948
1028,1134,902,1631,2904
571,677,551,932,1568
1022,1526,1214,2045,3591
753,756,506,756,1048
332,278,132,241,339
812,1085,424,1738,2475
1264,134,38,115,146
434,12,0,0,0
741,30,10,12,17
696,472,397,470,732
637,67,53,94,143
982,1228,984,1728,2740
769,44,20,22,16
709,652,561,648,880
832,32,7,8,6
860,774,532,654,1021
745,132,66,72,72
860,14,0,0,0
590,666,502,1042,2028
645,44,12,22,26
505,627,378,506,646
470,58,39,82,138
656,682,478,1112,1883
887,671,459,548,787
372,240,158,195,280
958,874,616,894,1468
1030,979,762,795,1303
1509,1744,1237,1987,3375
522,596,410,718,1023
524,569,621,516,855
632,10,0,0,0
1410,1634,1176,1854,2815
1169,216,162,302,562
913,212,212,242,490
542,410,445,427,610
928,1199,848,1674,2908
566,706,563,1022,1800
938,135,80,92,115
816,757,532,665,900
707,934,682,1518,2311
938,732,810,670,1065
615,621,433,560,841
752,816,650,1170,1923
888,390,350,295,421
718,48,25,42,54
282,18,8,4,12
722,839,667,1313,2466
743,1043,1129,1216,2409
788,969,409,1140,1416
1238,1656,1265,2136,3620
1120,1572,1158,2108,3936
798,724,480,782,868
650,509,531,432,652
1041,1153,1231,988,1562
614,586,460,666,1054
710,650,445,598,828
716,20,3,2,11
264,32,21,38,72
630,721,648,1178,2188
758,153,46,212,315
234,390,159,665,1011
559,34,26,29,32
784,64,22,40,82
887,97,26,161,253
1124,1453,1214,2147,3792
692,654,235,763,854
1071,898,506,677,892
572,101,53,189,255
736,852,748,719,1376
684,97,69,130,246
705,596,444,551,894
839,960,676,1217,1990
848,911,702,1259,2108
1276,308,114,463,691
1868,1533,928,1320,1764
673,842,674,1074,1952
330,7,5,8,16
1018,173,193,216,439
1214,227,172,184,220
946,893,626,1030,1818
1022,1179,1148,1161,2436
439,32,22,22,58
1212,1068,1118,893,1620
880,850,516,847,1040
440,676,228,972,1466
674,912,412,1713,2358
403,64,32,104,152
754,155,202,194,416
706,596,512,487,674
810,128,92,201,348
658,628,470,661,1070
562,590,480,880,1456
409,340,258,378,534
559,16,0,0,0
571,806,901,973,1940
640,762,596,1101,1960
243,56,40,80,132
288,252,98,366,506
648,759,719,1260,2285
706,872,620,1217,1861
318,46,32,58,123
878,75,48,24,41
604,579,258,856,1065
675,529,151,460,591
1015,1043,644,996,1473
672,675,702,609,1205
781,160,96,218,362
538,427,304,478,742
488,37,26,26,24
238,8,0,0,0
418,26,24,41,84
367,22,18,12,18
897,722,472,678,1056
241,297,296,505,844
501,444,536,395,853
492,52,28,45,82
1035,1094,1149,1426,2832
1420,751,801,876,1621
542,714,504,1212,2238
431,50,32,49,98
421,369,244,392,480
426,22,5,20,11
452,707,291,1179,1669
946,1266,1375,1568,2923
710,617,191,695,832
486,646,570,986,1710
574,713,852,819,1699
769,1108,1295,1406,3045
378,412,412,272,440
630,558,382,575,830
550,630,483,828,1502
707,585,544,531,857
952,45,17,68,98
1488,1672,1094,2091,3308
321,16,3,17,14
965,897,753,844,1354
727,851,719,858,1183
349,38,54,74,125
411,505,226,739,1180
677,540,334,419,614
411,280,164,212,365
685,784,630,1083,1890
546,64,21,86,132
282,196,136,218,330
446,308,308,302,414
718,628,407,665,1027
468,480,410,653,1020
532,402,415,276,521
786,885,814,937,1683
492,353,265,400,593
942,95,70,165,288
516,24,15,34,65
433,52,38,80,134
579,706,679,1156,2296
945,108,68,116,192
390,15,6,10,8
961,1075,710,1060,1292
375,436,406,645,1176
266,6,2,9,8
416,94,66,60,135
280,214,88,452,678
540,34,7,8,8
538,312,448,286,739
1854,1669,1769,1983,3846
407,528,390,686,1222
1338,1122,444,1218,1557
293,4,8,7,14
966,1282,914,1768,2976
1318,1753,762,3143,4891
426,34,20,25,47
936,974,1098,1303,2723
365,484,406,738,1230
448,75,54,80,156
586,527,582,541,912
436,613,490,811,1333
529,6,2,2,0
819,742,536,788,1198
598,536,631,610,1127
722,727,651,505,910
370,484,203,839,1402
720,648,286,933,1293
685,519,640,531,848
489,536,311,539,840
692,792,328,985,1209
464,394,290,416,528
586,485,541,411,827
564,489,503,535,961
350,50,15,98,167
290,4,0,0,0
376,22,6,6,6
348,13,5,5,6
742,965,963,1011,1814
1082,1174,1336,1438,2936
506,387,303,215,470
748,870,680,979,1403
372,12,2,4,4
520,69,68,76,173
239,11,7,8,18
851,644,404,512,743
339,36,6,13,12
688,463,389,316,511
410,446,484,467,954
406,5,2,5,4
687,736,612,824,1194
662,775,674,1144,2064
884,1049,1208,1304,2887
424,379,159,442,465
426,502,409,591,884
489,727,295,1279,2007
634,897,421,1716,2486
438,404,161,478,579
864,1000,1051,1148,2298
383,66,23,101,185
604,786,602,976,1620
737,824,894,798,1683
746,827,570,836,1282
556,81,76,132,240
812,879,904,1041,1914
398,98,78,163,272
306,427,158,686,1047
966,873,863,660,886
414,24,13,12,15
316,4,0,0,0
314,5,0,0,0
250,16,6,20,24
318,250,113,372,432
415,54,21,140,246
716,689,282,832,1177
533,10,1,1,0
191,302,122,446,685
452,371,116,386,555
2575,64,22,15,3
852,1092,429,1733,2396
1098,1048,740,1393,2259
1342,246,214,361,579
1302,733,656,846,1342
744,306,213,387,789
994,1448,1086,1960,3340
1386,249,219,199,481
943,866,610,880,1156
810,1317,528,2012,2911
804,1032,1153,1418,2480
1122,990,1027,861,1545
830,1264,1047,1996,3786
798,198,221,222,536
812,745,463,682,961
797,69,56,58,75
415,6,1,0,1
689,891,413,1448,1953
1097,46,6,12,3
1214,67,12,89,154
916,20,1,0,0
558,719,1099,1302,4300
954,1231,1293,1562,2708
721,111,146,151,292
547,528,559,453,918
568,688,646,1057,1998
1060,92,67,58,56
1340,244,172,314,526
1485,1336,827,1269,1710
1038,951,976,805,1238
1146,174,141,159,345
1091,1097,1000,1150,1800
248,14,24,22,46
560,112,50,64,72
726,894,661,1298,2210
1042,26,2,0,0
1298,1743,1746,2045,3975
409,299,484,351,1680
564,621,232,727,937
488,62,33,108,256
650,669,236,1074,1376
1376,210,217,272,585
796,164,154,164,323
818,147,40,272,464
1020,208,202,106,143
1762,2368,1924,3648,6261
877,1263,512,2070,3021
532,642,428,777,1204
518,631,727,761,1470
1772,317,208,318,560
689,178,109,240,426
478,26,16,32,86
362,42,33,60,88
734,902,833,1048,2024
668,116,100,92,220
1571,2006,1654,2864,5170
1212,1647,1682,1835,3676
1131,1132,474,1419,2064
662,79,22,114,170
772,872,737,1285,2092
1380,1250,736,1011,1428
888,960,620,1122,1576
566,76,32,68,110
483,15,0,0,0
678,733,526,889,1320
946,858,946,702,1229
1150,259,179,188,389
1063,180,163,192,366
1103,22,1,1,0
1130,123,154,127,270
659,94,54,64,68
463,665,324,1068,1713
818,960,720,1134,1770
790,914,558,1178,1770
1140,78,48,62,77
2438,2331,2305,1955,3222
1188,1555,1811,1965,3713
1044,174,116,227,406
3158,3193,3443,2718,4826
1184,1152,955,1278,2134
595,709,572,1008,1754
1212,1676,1336,2154,3580
522,74,64,84,216
846,180,116,258,358
1125,1637,1251,2333,4074
1386,1327,575,1879,2790
749,756,544,724,1178
788,653,248,713,806
890,842,518,722,904
743,1032,838,1599,2889
615,160,90,136,243
910,13,0,0,0
868,817,958,686,1236
1193,168,140,181,380
1218,759,794,727,1473
534,612,533,840,1540
1438,1165,240,748,736
3047,2776,1760,2602,3292
2554,2248,2125,1678,3191
1313,1364,1098,1390,2012
456,12,0,0,0
505,67,13,22,15
1128,1156,812,1216,1901
822,1106,769,1560,2598
957,791,588,934,1690
712,606,478,700,898
644,882,724,1254,2380
2068,2160,2317,1950,3345
614,175,104,152,249
805,930,636,942,1516
994,215,72,202,285
904,898,1219,1256,2539
823,92,51,93,131
549,54,43,68,114
1316,218,92,422,635
304,10,0,4,5
448,51,23,85,118
829,114,96,108,149
908,1409,549,2119,2899
751,165,59,265,390
1378,1062,564,886,1290
634,725,289,1144,1741
786,182,61,151,134
1187,272,196,326,590
746,51,35,35,78
580,889,365,1401,1965
962,341,244,466,780
734,746,598,826,1273
1169,1608,1137,2184,3510
882,880,852,863,1491
1236,1284,966,1412,1984
986,1105,470,1602,1973
1252,92,67,44,55
1314,980,1124,929,1608
472,446,260,446,576
349,286,108,295,364
3600,3155,3300,2767,5490
1821,1609,1181,1594,2131
2071,3078,2468,4326,7274
1490,259,237,282,515
952,18,1,0,0
846,900,655,754,1123
1012,1474,1200,2116,3800
560,38,12,13,26
1548,37,6,2,2
654,650,431,632,871
550,665,378,900,1219
383,270,174,241,352
734,922,838,1253,2750
435,394,348,586,1052
745,763,738,544,876
1476,1276,1056,1102,1417
502,228,82,261,306
734,829,632,841,1567
646,726,781,859,1828
840,1206,920,1718,3130
786,1098,786,1670,2848
749,762,649,860,1282
1372,1611,1583,1422,2304
828,846,659,916,1358
468,34,12,12,12
629,751,626,1010,1872
974,1253,970,2017,3632
792,992,780,1394,2594
458,72,18,31,74
759,118,80,106,232
394,31,0,5,4
477,44,30,35,48
2360,658,430,878,1392
1003,1041,632,1274,2026
1078,1388,1080,2098,3504
1261,114,50,82,79
303,397,442,1070,2550
526,72,39,71,148
775,62,44,60,56
778,1151,958,1578,2949
780,637,366,560,754
572,49,30,44,104
903,995,784,1267,2060
1360,1754,1352,2780,5231
764,757,796,629,1136
652,643,392,671,980
1062,1524,1144,1986,3452
386,439,220,801,1276
436,543,594,873,1852
397,360,290,402,671
1153,1192,576,1180,1358
1050,208,185,318,519
1390,126,62,78,102
802,1108,846,1505,2572
1012,153,49,196,249
470,26,6,11,5
816,730,611,825,1301
410,16,2,5,5
424,488,558,613,1363
938,1316,1103,2036,3674
809,641,342,537,732
715,640,467,714,1023
605,56,24,34,40
250,18,6,4,5
543,20,14,12,20
1484,90,45,54,75
946,1306,1411,1503,2978
439,6,0,0,0
295,9,0,0,0
1029,38,28,70,104
2013,2398,1596,2149,2928
578,131,104,198,326
996,210,136,260,471
1008,1336,766,1500,2664
480,541,492,770,1540
807,624,402,638,958
640,643,575,641,1134
708,714,544,776,1162
602,790,526,962,1475
597,749,226,764,852
459,414,338,466,745
798,120,98,260,474
694,940,375,1409,2293
354,308,289,364,584
828,755,252,810,1094
562,768,576,1060,1816
726,630,738,626,1315
1081,119,50,75,115
1606,1845,1280,1682,2423
832,1302,1451,1476,2861
648,626,453,496,772
635,882,678,1292,2658
733,73,38,62,142
1107,1030,726,1042,1586
555,718,514,1034,1914
632,704,511,714,1042
558,662,557,394,736
490,25,16,22,22
663,820,614,1096,1863
395,8,0,0,0
497,13,1,0,0
895,29,5,5,4
699,34,28,33,80
1288,1265,1263,1122,1733
729,58,36,33,28
318,11,4,12,14
748,950,451,1655,2467
417,469,282,403,563
750,788,959,943,2081
1185,1672,1342,2410,4629
616,113,78,108,164
938,144,93,156,257
437,535,562,864,1831
654,636,480,632,944
586,22,9,12,18
1816,2108,911,3528,5305
516,29,13,36,31
640,678,492,832,1331
1192,958,780,1034,1647
871,1141,451,1814,2298
1383,927,281,913,1129
472,50,20,44,69
876,94,77,124,269
1642,1725,1340,1860,2670
413,330,184,302,410
748,763,522,720,978
830,126,50,53,83
560,676,284,1153,1948
377,60,48,122,221
824,724,544,670,848
1090,1252,768,1206,1753
932,24,1,1,3
313,11,0,10,6
596,105,56,87,119
647,642,514,597,848
802,771,646,1001,1724
948,1002,745,1214,2171
124,98,85,55,110
725,1005,396,1439,2042
892,924,622,872,1160
1213,134,78,140,265
2671,3216,2610,4690,8536
1215,1268,750,1166,1602
1830,412,422,444,832
753,738,581,762,1070
796,40,12,8,12
1186,1060,787,1201,1874
782,162,100,195,352
160,3,0,0,0
945,1455,642,2705,4033
808,1119,882,1644,2922
348,354,243,456,850
629,812,621,1056,1933
414,593,252,947,1332
838,112,70,142,238
1001,1175,926,1508,2629
692,494,290,397,566
430,644,181,609,710
906,865,1051,788,1338
2237,2971,2262,4045,7577
678,904,729,1348,2382
1328,1199,1272,949,2142
768,674,583,525,820
1007,972,613,760,893
756,1109,882,1648,2894
1045,1432,1112,2170,3600
1180,212,144,184,392
1028,1016,764,1194,1854
344,34,29,56,100
1477,76,44,50,78
755,945,885,1444,2640
467,93,24,109,176
649,106,79,162,298
334,44,28,48,102
1311,1852,1530,2926,5212
859,702,510,697,960
2381,2068,2101,1817,2537
1168,923,632,714,1050
776,20,0,0,0
618,620,545,630,853
601,737,564,864,1462
563,832,402,1493,2362
1625,2244,1795,3351,6106
717,1052,710,1501,2435
1006,156,120,208,307
970,881,950,783,1369
639,65,28,64,88
649,880,816,835,1562
606,132,53,170,283
606,653,544,718,1226
884,1197,1005,1836,3338
1055,1415,1655,1902,3555
714,52,30,50,88
542,62,24,40,52
746,22,8,16,29
737,692,458,652,1001
459,694,247,1168,1655
1338,1870,1388,2727,5006
973,155,125,73,113
524,705,299,1347,1954
702,167,124,300,590
471,66,40,44,52
726,852,622,946,1411
684,46,20,38,68
824,1118,870,1564,2807
540,542,475,471,601
1038,1382,1007,1877,3202
442,620,460,788,1440
794,82,55,106,220
1192,1474,1032,2078,3507
703,590,432,578,902
798,612,374,430,640
1185,916,560,842,1176
1207,1146,359,1117,1293
1024,242,80,206,198
792,738,560,880,1300
1091,1651,1257,2224,4106
796,765,528,710,968
525,22,12,21,32
786,932,598,1174,1827
431,557,473,604,1117
678,726,256,854,1234
492,580,508,919,1871
863,837,498,654,914
1160,1103,784,1190,1734
718,747,334,990,1282
674,788,746,1266,2272
949,876,973,1140,2394
1314,150,88,178,394
982,69,10,42,36
1091,1388,1042,1379,2256
514,123,74,156,368
678,52,20,26,20
791,888,668,932,1648
854,1127,840,1494,2548
727,979,664,1356,2281
794,774,714,884,1662
973,1230,1198,2050,4130
504,11,0,0,0
646,517,460,672,1116
688,844,339,1406,2128
1239,1626,1318,2364,3900
796,162,119,187,343
628,109,22,74,78
1779,1583,1164,1570,2226
1707,93,79,45,58
574,992,766,1245,2306
596,709,534,905,1498
892,786,612,740,1186
448,660,390,1890,3677
750,67,32,30,24
508,476,378,492,726
832,794,616,868,1228
422,64,18,64,50
579,63,30,60,135
808,160,93,119,123
587,83,39,91,209
726,880,614,974,1622
600,65,53,68,114
800,17,0,0,0
1656,1368,1074,1255,1934
1130,1468,1164,2142,3898
676,731,222,698,837
2011,2242,1480,2798,4178
1638,2130,1610,2693,4617
524,639,248,814,1272
440,17,2,6,20
638,746,586,1018,1554
1132,1436,1052,1754,2400
732,910,761,1342,2366
613,845,336,1242,1637
809,800,612,752,1056
857,1130,856,1708,2962
364,57,38,70,121
364,7,2,0,1
2040,70,40,44,50
619,26,15,6,9
567,30,18,24,32
600,634,359,451,604
1205,1568,1313,2402,4180
1817,1496,1026,1693,2418
707,330,218,881,1150
3106,3864,1569,6526,9480
1296,1676,1512,3087,5690
796,1004,857,1538,2554
350,13,10,6,8
388,38,28,34,66
630,626,488,684,1006
392,13,0,0,0
536,131,110,188,279
454,575,251,1067,1495
709,579,398,540,815
419,487,316,882,1758
714,662,430,564,764
599,469,396,514,777
1596,1827,1588,2664,4558
1603,466,394,588,1066
1294,1144,894,1321,2118
1027,1376,966,1780,3172
808,714,279,881,1059
361,32,22,54,67
386,6,0,0,0
1134,1058,762,1013,1442
672,99,136,157,314
1676,1167,1395,1160,2620
920,46,15,14,12
360,318,235,316,469
359,18,0,2,2
990,1012,722,1110,1882
462,692,540,1119,1840
1120,1424,1526,1650,3003
420,546,422,866,1487
814,577,595,379,596
550,437,407,322,443
515,18,9,6,12
605,1008,407,1616,2489
807,759,680,603,901
628,984,749,1434,2450
670,932,829,1376,2652
704,25,20,17,38
633,740,516,866,1482
386,263,79,288,352
420,602,518,918,1584
574,766,620,1127,2148
554,745,542,948,1750
976,1120,722,1326,1965
436,40,39,42,64
251,100,64,77,98
2359,678,185,507,623
835,1232,902,2013,3450
378,8,0,0,0
544,804,660,1310,2271
244,20,14,77,192
503,740,552,842,1395
424,10,1,0,0
740,1161,430,2229,3372
295,59,41,91,155
838,789,581,702,906
863,1216,953,1918,3290
548,86,102,116,236
843,1285,1053,1896,3200
197,229,194,323,615
424,78,69,77,107
489,65,38,28,34
676,32,32,18,26
381,9,1,0,0
242,25,15,66,150
626,756,258,992,1359
386,24,11,18,21
595,41,23,30,41
582,914,747,1267,2426
612,707,261,805,972
1062,928,914,582,1085
452,575,422,634,1160
570,589,378,651,972
612,607,450,716,1225
880,984,806,1534,3056
664,11,1,0,4
822,1183,1000,1770,2982
198,138,114,127,224
582,721,348,1337,2244
531,9,0,0,0
872,864,616,867,1196
786,1176,896,1689,2838
90,3,7,2,2
540,527,296,415,555
1005,1000,758,1116,1800
610,914,796,1334,2244
100,2,0,0,0
794,1160,445,1924,2876
546,554,340,359,540
707,555,428,536,796
504,672,403,744,1176
298,52,44,76,154
711,890,778,1370,2515
282,4,0,0,0
1080,174,72,187,226
578,754,712,1168,2375
687,1102,794,1601,2814
409,18,4,7,10
705,803,320,1043,1397
489,43,24,25,34
460,589,478,884,1502
472,604,515,904,1666
860,128,89,192,320
43,6,2,0,0
522,730,604,1011,1819
448,134,96,188,278
688,580,430,479,758
249,30,14,32,68
872,1152,447,1865,2639
112,2,0,0,0
290,161,53,139,166
796,846,596,831,1148
474,147,66,215,369
958,1436,1531,1609,2652
619,8,0,0,0
859,1231,964,1882,3162
697,36,14,18,28
524,88,36,36,70
486,424,348,451,726
594,946,401,1583,2443
850,14,2,1,0
441,69,42,38,46
452,477,462,380,725
570,612,404,498,639
820,108,96,156,288
1594,2406,1034,4271,6372
784,1009,1075,1261,2170
476,48,32,61,104
721,13,0,0,0
586,590,454,710,988
997,1182,1038,1762,3198
689,863,645,1149,1888
1614,2422,2028,3638,6738
681,32,26,17,34
946,55,18,18,22
502,556,601,481,916
670,714,508,682,940
743,977,402,1352,2064
526,585,459,658,1149
536,622,510,811,1528
590,650,422,629,908
484,534,364,605,946
270,54,38,86,198
475,24,13,14,14
545,610,604,829,1614
534,590,412,474,630
507,91,62,80,141
723,882,780,1358,2660
543,34,21,27,29
657,642,457,630,988
696,996,865,1486,2274
1082,1543,1178,2308,4018
467,710,534,1066,1858
496,767,321,1283,1793
604,864,762,1268,2498
1114,829,480,656,917
1026,1428,1197,1860,3316
414,362,222,276,428
508,636,460,734,1396
744,985,338,1378,2000
481,810,630,1296,2409
441,822,537,1154,1691
212,36,46,74,142
522,100,66,68,91
564,843,583,1264,2088
657,768,542,678,1031
524,438,318,458,643
568,768,546,984,1842
546,519,368,540,797
356,68,21,97,126
354,8,0,1,10
914,1258,1054,1779,3308
620,16,7,12,24
544,87,58,58,62
686,995,764,1656,2868
399,460,410,370,566
368,39,18,30,22
484,100,58,134,194
786,737,670,638,993
666,601,702,578,1207
382,416,242,354,544
456,537,190,708,848
460,56,22,68,116
190,10,6,7,4
851,1038,1098,873,1471
702,962,837,1348,2626
627,534,600,501,885
754,1124,348,1507,1906
600,902,636,1241,2113
1153,901,546,737,1002
424,95,49,130,216
486,11,0,0,0
883,1357,1144,1924,3282
1235,1857,1347,2524,4458
866,1376,1106,2070,3755
976,982,714,1020,1508
638,612,400,603,1010
458,448,310,350,562
679,1016,697,1301,2069
544,112,96,151,328
532,670,386,607,875
606,708,568,842,1462
372,48,13,86,108
810,1210,449,1967,2908
683,1056,740,1446,2734
546,894,655,1434,2534
911,1242,1372,1385,2934
509,540,473,514,850
529,661,276,1208,1711
1045,1066,809,1148,1778
344,52,21,73,103
1543,1392,1178,876,1504
742,674,703,546,972
1114,15,0,0,1
630,684,448,575,789
312,53,34,78,138
381,316,273,296,472
847,976,796,1386,2496
504,696,561,1010,1628
540,722,631,1172,2334
447,448,190,571,704
728,800,582,846,1183
676,1011,802,1538,2673
810,92,61,52,56
825,1272,984,1834,3181
1008,100,121,140,230
674,630,223,679,731
653,23,20,14,35
1639,1770,1231,1594,2294
452,508,334,520,650
698,1063,836,1560,2804
598,583,471,592,1088
498,482,412,546,809
778,716,528,668,935
119,2,0,0,0
1090,76,42,76,150
416,26,26,15,32
686,12,0,0,0
653,742,521,751,1130
582,807,590,824,1140
391,14,0,0,0
528,132,91,198,356
415,457,320,406,560
558,810,705,1429,2540
442,87,81,99,184
552,932,694,1370,2364
530,512,396,617,1058
334,49,26,41,61
463,486,352,519,778
300,10,6,4,3
185,22,9,12,10
692,786,707,1212,2446
545,57,53,74,137
458,46,36,28,48
492,518,418,577,1074
668,678,498,672,848
282,108,67,139,208
566,730,410,616,842
243,4,1,4,2
491,736,597,1024,1807
372,550,408,850,1430
632,740,516,910,1486
444,120,102,159,334
430,522,618,608,1414
506,722,555,1104,1985
479,632,593,1068,1972
460,542,426,784,1391
364,278,109,318,511
784,942,827,1432,2637
1133,1466,1226,2102,3591
2118,1638,1463,1305,2067
662,778,314,906,1102
1300,1203,774,1068,1418
722,53,30,66,116
424,98,49,82,122
858,730,604,755,1246
618,12,2,0,0
688,944,848,1354,2666
577,544,430,658,1051
644,1370,553,1877,2548
803,202,148,300,575
438,671,287,1034,1679
930,856,612,924,1554
246,11,9,7,23
431,30,16,36,48
540,38,10,24,17
1051,1036,882,1196,1828
1988,2109,2336,2310,4476
862,956,743,1352,2529
840,273,190,308,562
983,1178,793,1414,2210
570,689,253,1191,1721
820,1053,1085,1067,2359
760,50,50,68,155
947,1132,729,1445,2280
490,820,361,1398,2293
204,7,0,0,0
538,51,70,68,184
302,428,192,768,1197
663,607,438,576,988
435,402,263,372,666
1061,880,674,888,1308
1040,1384,1118,2064,3475
394,343,145,330,526
1495,100,23,53,93
1960,2191,1566,2556,4006
1092,138,85,138,270
817,54,31,28,28
560,866,620,1250,2248
744,914,642,894,1067
802,1180,522,1954,3475
612,52,18,34,25
1092,190,122,234,389
775,100,84,145,220
348,268,159,213,306
384,302,277,264,511
733,30,10,12,16
782,920,674,888,1530
580,70,69,80,165
480,342,199,239,374
714,723,558,776,1224
992,1245,592,1805,2668
404,6,1,0,0
1274,996,669,1144,1470
3473,4529,4664,5602,10542
531,64,52,126,299
1198,1850,1965,2039,4293
766,922,778,1034,2022
538,11,3,1,2
420,88,48,153,224
433,856,291,1327,1741
697,1005,1140,1079,2177
367,44,46,60,109
355,471,165,553,664
581,863,662,1180,2108
396,27,10,15,16
1076,18,1,0,0
1764,1571,1631,1318,2315
1398,633,219,822,1121
542,18,7,6,10
428,63,29,38,26
434,678,602,1045,1898
450,378,370,388,652
886,1556,1220,2212,3986
248,215,138,199,224
472,636,562,901,1604
426,75,47,69,133
560,470,300,418,496
603,693,238,828,1179
530,832,702,1135,1859
634,554,390,386,710
414,389,167,554,678
958,1191,1275,1492,2792
1152,1498,1062,1858,2920
1193,1171,912,1207,1865
180,0,0,0,0
822,124,150,150,310
656,796,572,770,1304
466,44,34,50,132
388,369,288,500,844
1750,337,323,287,694
475,636,440,757,1258
710,894,331,1322,1855
3336,4255,3273,5674,9152
930,1335,1064,1943,3662
510,90,48,112,166
412,14,6,4,8
753,984,512,828,1042
948,146,96,198,325
519,21,4,8,11
830,1036,354,1120,1316
660,50,28,26,34
900,955,780,992,1588
515,916,606,1104,1800
341,40,22,40,82
580,890,658,1343,2053
800,709,726,764,1349
534,28,9,37,59
516,649,236,1064,1528
884,50,16,44,85
632,50,18,96,129
1134,994,610,872,1223
973,1046,1098,922,1683
853,1385,1089,1891,3449
390,60,52,80,177
589,76,34,32,52
226,172,112,154,220
161,172,142,276,440
546,107,116,214,414
404,585,439,878,1271
201,15,9,13,17
514,538,412,612,980
558,455,442,357,466
616,737,248,1026,1435
832,1168,546,1932,3229
1022,115,97,97,250
584,12,4,6,5
859,824,608,862,1446
718,978,814,1318,2360
840,738,871,599,1246
372,57,21,72,99
479,74,64,128,255
540,41,24,14,36
330,14,7,8,12
491,42,29,29,24
582,773,260,1219,1834
768,823,300,965,1406
320,29,12,9,8
276,32,14,20,12
653,818,670,1232,2146
860,637,411,1398,2336
1076,62,44,101,198
932,628,428,542,898
772,60,7,41,22
1318,1713,1220,2392,4490
442,106,92,142,264
820,911,380,1203,1735
606,606,413,698,900
362,577,197,738,903
694,57,32,46,88
349,525,405,883,1392
450,495,375,712,1264
872,1029,748,1025,1447
312,44,29,43,96
740,818,865,873,1830
653,56,30,26,35
782,935,1077,1102,2083
1026,907,840,733,1131
1066,1610,1252,2411,4073
1266,1250,946,1564,2462
880,730,924,734,1383
632,938,762,1279,2174
1010,1117,1115,1103,1843
665,633,252,789,872
670,706,658,574,946
732,1045,823,1540,2850
1185,1214,1016,1426,2412
1181,966,750,1050,1670
776,116,146,96,198
392,10,5,10,16
809,998,942,1665,2750
634,856,572,1031,1724
628,1006,750,1386,2384
421,11,1,4,8
602,810,714,1374,2676
1052,841,529,820,1012
1058,1352,1102,2020,3572
1106,144,110,190,316
832,144,96,97,154
694,972,816,1452,2837
485,84,45,193,281
622,116,94,179,369
657,10,0,0,0
534,220,160,299,558
416,473,346,564,930
1012,1298,878,1500,2255
368,2,0,0,0
583,69,69,67,155
1943,2509,2031,3649,6251
287,185,82,241,298
953,84,54,49,64
467,706,718,864,1543
966,870,622,724,1140
600,908,406,1468,2110
572,62,12,25,21
674,782,543,1079,1780
465,428,275,370,496
758,1124,532,2115,3041
698,92,70,118,168
464,12,0,1,2
776,1274,968,1796,3040
295,46,25,58,111
423,37,18,14,10
385,454,267,618,890
842,1100,1283,1348,3134
496,461,272,436,626
578,516,432,602,834
2572,2343,919,2818,3243
551,86,62,132,194
1402,1504,1130,2048,3618
789,17,1,0,0
1008,157,138,108,225
662,1039,1036,1271,2365
306,32,16,33,34
382,370,284,337,479
639,110,38,201,223
1052,1296,1094,1880,3880
790,104,105,113,293
411,532,444,754,1278
130,94,56,116,180
568,36,24,28,26
298,24,3,11,19
339,18,8,4,2
1862,1878,1254,2218,3554
665,796,528,998,1660
1810,140,133,81,107
678,42,7,25,20
959,1480,1069,2200,4024
717,753,558,770,1183
734,784,587,694,1062
626,671,834,647,1323
78,2,0,0,0
724,760,300,931,1112
712,762,651,1156,2117
695,730,495,770,1193
492,83,60,114,270
186,12,2,0,2
760,422,504,348,700
627,20,16,23,50
1359,1505,1292,2481,4772
469,520,226,792,1285
688,482,343,340,534
428,362,222,270,347
602,74,34,103,166
580,518,340,438,522
664,737,337,907,1117
880,1278,1105,1903,3734
154,4,0,1,0
563,716,734,1033,2042
648,462,340,416,743
807,1052,764,1366,2142
673,930,734,1220,2114
812,146,112,239,428
401,13,3,6,6
408,18,6,8,4
534,524,336,498,692
817,1124,454,1774,2804
328,48,40,60,100
977,1028,607,941,1352
341,281,152,208,315
1098,351,125,590,1059
2061,1732,1108,1544,2018
826,864,646,983,1510
994,1418,402,1384,1621
1002,400,438,358,543
643,34,16,10,10
852,1298,761,1326,2056
542,1111,938,1494,2688
541,59,36,50,62
530,586,417,565,698
236,2,0,0,0
471,8,2,4,5
600,140,94,219,358
394,356,139,436,577
1092,1458,525,1698,2196
536,711,790,862,1726
539,652,546,766,1266
1308,168,144,188,370
1287,1974,1526,2704,4512
773,1350,1110,2005,3354
995,241,164,170,164
508,214,136,258,420
606,535,342,466,636
152,5,9,11,5
566,786,637,1147,2314
881,1157,754,1426,2137
649,972,782,1324,2358
494,458,250,333,474
427,536,500,854,1614
288,20,14,7,21
661,1052,795,1574,2758
1260,88,48,82,148
402,390,307,406,629
223,6,0,0,0
1037,1421,1116,1822,3220
1486,1926,1348,1980,2831
1174,445,347,584,878
1455,1712,1140,1658,2132
1111,1460,1024,1376,2184
1593,372,228,262,282
621,32,15,13,16
681,948,809,1476,2656
648,618,381,557,824
496,62,32,44,46
570,48,36,70,142
518,72,52,102,180
356,306,220,267,324
502,515,179,535,654
284,8,3,2,4
314,507,194,818,1093
356,8,2,4,6
488,525,592,576,1074
388,633,271,992,1499
1207,700,599,1120,2087
1728,2873,1179,4659,7322
1080,1862,1550,2685,4592
1056,2048,782,3299,4633
717,334,272,520,868
648,613,378,512,702
558,52,29,56,116
430,496,703,602,1508
1138,1097,1092,832,1387
388,66,54,100,196
564,848,590,1280,2025
430,600,471,620,989
657,86,78,134,256
486,458,137,412,375
462,503,396,518,732
553,622,407,639,875
266,211,158,176,224
1900,1458,1542,1740,2846
1302,2150,1622,3312,5524
1040,418,338,342,520
507,42,20,21,16
1050,284,156,174,269
580,241,124,447,775
986,568,414,550,908
2764,1025,832,1540,2705
379,80,75,128,236
452,473,362,486,803
324,5,0,0,0
1114,1470,1210,2346,3878
603,48,14,52,74
464,563,461,684,1318
442,745,293,1115,1648
697,908,395,1179,1640
338,10,4,7,12
639,64,22,30,42
425,48,28,54,94
458,606,450,792,1447
692,12,1,0,0
438,57,16,73,87
584,26,8,10,39
1213,255,159,162,184
620,335,345,413,877
516,958,714,1279,2206
1223,2256,1476,2694,4238
604,484,358,464,614
492,413,174,471,587
785,1178,538,2098,3581
516,665,902,843,1940
397,468,392,698,1456
939,779,680,539,627
531,78,54,97,166
498,21,24,18,43
556,677,452,891,1364
1814,3438,1380,5600,9388
781,32,9,28,37
591,812,588,772,1060
728,30,17,10,16
1422,428,455,525,1123
891,1486,1180,1977,3448
755,208,91,167,115
716,1134,812,1788,2846
466,800,285,975,1269
403,38,24,54,96
836,110,80,76,179
822,1317,1082,1848,3468
526,496,383,496,857
421,5,0,5,0
510,480,199,612,844
691,1133,497,1921,3066
394,18,6,15,28
204,158,112,185,331
679,760,514,808,1228
1305,604,539,792,1466
843,1270,906,1204,1926
362,674,304,719,862
1062,1477,1174,1732,2676
673,1398,988,2034,3022
1024,1552,1076,1468,2110
675,616,390,556,679
588,822,751,1311,2555
1060,1461,1094,2098,3430
673,500,372,494,736
550,558,435,496,808
682,876,715,1224,2001
976,1450,1048,2007,3472
1304,384,280,456,844
1144,844,604,1116,1894
1430,1685,1732,1492,2621
956,1834,1414,2364,3852
653,408,236,384,502
723,604,428,794,1279
380,421,316,438,655
526,509,254,411,534
825,780,603,842,1430
701,690,500,738,1074
527,10,0,0,0
571,610,477,682,1088
561,590,496,826,1440
650,28,26,60,104
296,18,7,5,11
288,169,128,210,294
1424,1952,1349,2101,3011
1008,1131,1046,1161,1711
748,1240,994,1609,3086
838,264,182,400,622
724,1296,1523,1473,2793
840,1259,886,1352,1819
1066,1442,1191,1337,1940
962,1035,409,1359,1655
366,511,207,702,1153
627,809,308,1202,1716
564,54,43,57,122
173,278,301,268,625
817,44,21,30,34
524,538,491,506,903
541,50,26,52,105
1052,52,5,6,12
511,499,296,422,566
1392,1609,984,1316,1536
1393,1862,1296,1850,2282
1082,1978,1772,1846,3284
809,1143,816,1041,1473
1187,1502,994,1253,1812
811,223,135,189,204
718,33,21,6,21
842,944,845,673,991
702,1220,474,2240,3294
424,690,536,908,1636
633,730,860,694,1288
283,10,10,16,42
418,434,335,431,609
300,26,23,44,68
257,21,13,14,29
534,49,25,59,45
623,882,365,1460,2234
1400,1973,710,3213,4958
387,9,2,4,2
629,812,582,1110,2032
158,2,1,0,1
1792,2836,2237,4256,7370
713,64,10,42,25
784,162,112,144,180
1175,1744,1347,1988,3596
1344,1905,1416,1861,2738
705,884,774,812,1352
692,53,32,30,42
273,663,224,347,899
345,399,124,438,447
400,55,26,80,104
638,948,756,1458,2520
254,372,274,560,928
492,507,457,362,634
684,62,57,35,130
303,18,11,16,38
717,920,693,1438,2472
968,1163,868,1571,2594
1056,212,118,148,116
991,593,502,841,1625
1490,2069,1500,2275,3608
546,817,576,1236,1932
436,332,298,261,375
722,915,713,950,1470
444,48,32,44,76
424,669,240,1030,1512
1385,1112,791,1238,1930
635,1093,413,1822,2773
1720,1929,1362,1851,2869
1298,1182,918,1296,1850
1306,1551,600,2693,4445
1942,1568,1615,1272,1894
2138,2645,2173,2904,4787
874,1212,766,1180,1624
1214,2132,1538,2781,4372
1000,1553,1337,2155,4102
729,264,186,223,289
478,86,12,45,56
399,434,297,430,652
511,674,508,813,1450
503,464,244,347,508
289,258,172,236,427
714,883,302,956,1026
790,782,518,680,1040
307,437,465,738,1304
114,14,15,12,28
337,244,141,216,360
1607,242,194,188,316
763,1096,849,1466,2364
1784,2228,1848,3507,6026
1292,49,19,62,127
526,130,80,72,106
611,102,65,82,104
608,802,601,822,1028
250,103,79,147,246
446,466,382,437,692
462,464,245,414,543
305,268,204,274,330
738,757,800,565,1000
325,613,219,928,1354
462,505,613,573,1105
522,768,562,1064,1966
556,467,482,349,587
1163,100,50,68,69
815,1082,707,1314,2252
1657,2445,1922,4042,8548
1378,2305,2243,2846,5284
1976,2879,2266,3932,6729
491,657,431,592,770
634,1005,831,1065,1542
544,277,188,315,516
578,666,378,566,804
1073,1372,886,1101,1676
524,873,776,1298,2380
899,1466,1296,1936,3714
520,604,338,504,688
428,146,90,112,116
1662,278,255,188,302
391,94,66,76,91
926,1676,1180,1992,3351
243,314,204,284,380
462,898,776,1130,1984
463,116,81,97,127
667,1374,1175,1914,3196
7756,10847,9811,7742,13397
1054,1008,930,689,1261
451,704,612,772,1212
1206,1661,1332,1848,2612
535,763,500,750,953
857,246,192,340,564
560,930,670,1177,1937
392,559,421,512,743
903,438,393,670,1113
458,890,732,1338,2439
691,1178,856,1231,2006
229,123,100,230,354
712,801,563,740,1082
1002,1196,1283,910,1531
553,1148,906,1576,2744
765,1214,820,1174,1556
527,204,98,160,220
920,411,356,470,867
820,1507,1264,2236,4296
623,785,256,786,944
1060,1744,1152,2104,3184
851,624,532,964,1480
869,1454,1358,2130,3840
819,120,88,86,120
732,372,164,649,1054
1093,2216,1733,3278,5436
646,899,999,701,1168
442,221,90,165,180
477,94,70,112,181
254,71,62,78,139
346,22,5,3,8
581,1220,874,1652,2904
90,2,0,0,0
2232,3004,1956,3018,3692
796,1296,956,1422,2557
746,588,225,973,1547
672,401,320,554,956
1108,1412,970,1421,1994
1159,1364,1253,905,1436
604,862,670,794,1190
1060,1388,1278,1014,1554
660,408,286,578,1052
642,1591,553,2413,3371
412,582,215,620,798
844,1392,895,1058,1229
1106,1819,1989,2146,3709
523,784,498,648,986
600,866,560,879,1162
810,1212,828,1217,1650
920,1681,956,2137,2843
1096,555,390,722,1236
1836,2818,2096,4164,7120
850,1358,790,1426,2058
528,791,263,828,844
991,682,585,878,1592
1161,1075,431,1106,1475
422,20,10,8,8
1371,2062,1512,2122,3268
496,374,329,552,960
536,346,258,460,864
758,1723,1332,2548,4281
663,954,796,1122,1910
703,1530,1218,2118,3920
677,1366,1105,1976,3486
1318,372,232,422,629
886,209,147,244,471
566,183,77,88,124
1150,1423,1246,1235,1951
615,656,675,511,1063
624,1337,540,2275,3719
592,1321,493,1968,2575
755,1468,1140,2216,3712
1230,320,268,450,838
701,316,251,430,848
726,409,326,552,1094
456,106,80,152,274
752,1260,1007,1310,2187
448,240,162,149,194
288,68,56,116,195
1252,1616,1234,1616,2238
503,782,454,590,816
803,1089,876,1029,1508
740,1089,873,1532,2728
832,20,6,6,8
808,324,236,274,392
872,288,302,180,208
615,31,10,12,31
834,169,175,116,216
1228,1612,1723,1182,1886
782,1033,661,866,1092
1098,1965,1503,2898,5618
524,1029,706,1606,2518
377,146,94,90,104
923,1346,970,1272,1940
866,1228,677,1158,1631
374,1085,417,1812,2694
432,188,142,258,474
1017,1395,804,1139,1424
1412,276,240,446,798
1120,558,408,734,1404
1596,386,270,473,794
1070,1841,2014,2165,3775
825,1380,879,1556,2652
961,1830,1538,2732,4950
585,256,195,216,292
761,1592,558,2318,3076
804,1660,1378,2518,4708
608,126,46,116,159
1242,1621,1657,1577,3038
1060,1397,875,1287,1948
799,402,316,512,1016
1122,1499,1089,1502,2046
644,216,122,129,122
981,222,164,176,189
756,1164,882,1032,1266
534,1234,830,1746,2338
986,364,269,242,232
1638,32,2,2,5
309,50,33,23,40
1461,389,258,493,862
1254,2284,1712,3094,5318
406,580,566,413,601
892,307,216,306,432
889,1430,825,1719,2532
944,448,264,438,722
944,58,15,22,35
756,581,504,918,1682
1044,1256,852,1009,1396
1002,188,111,90,176
614,289,179,365,668
478,204,176,328,518
683,1088,740,1062,1626
553,201,191,200,242
888,1638,1185,2141,3196
658,1267,1020,2046,3506
659,478,162,798,1210
1592,2096,1508,2123,2878
3037,5038,3942,7538,12728
788,821,835,594,954
1846,1486,1162,1427,2042
541,396,360,521,1038
588,1369,518,2158,3213
1003,302,180,182,240
909,1383,1051,1438,2009
715,607,232,917,1320
972,1476,1154,1280,1856
652,1338,521,2282,3332
736,380,198,682,1275
1080,1485,586,1784,2362
868,1693,1166,2158,3385
795,1626,1222,2321,3884
717,1404,943,2376,3512
710,970,1060,827,1349
655,1328,1090,2022,3504
2139,2284,1577,2292,3466
2708,3910,2760,4746,8276
938,1686,1416,2432,4405
3058,3250,2484,3154,4664
854,166,128,156,257
761,1085,1060,1086,1966
704,135,139,102,125
846,1628,1212,2649,4726
1335,1711,1182,1558,2178
643,340,234,411,756
607,1002,670,836,1082
925,1424,435,1407,1793
694,358,262,470,816
512,335,240,422,748
902,1501,994,2416,3617
986,449,443,404,818
567,1048,1172,1627,3324
282,228,152,270,384
166,196,139,160,269
820,414,387,648,1142
1118,1760,1387,2578,4068
494,765,467,650,960
673,1051,780,1213,2068
1951,2666,2898,2780,6024
2910,4671,1513,4717,5442
648,1042,1231,1340,3046
537,720,425,600,834
896,591,462,803,1458
968,38,5,15,17
944,1326,960,1310,1776
732,1344,1474,1509,3254
324,168,164,280,516
1040,1856,1522,2117,3710
625,760,558,720,990
662,1034,784,1086,1573
142,70,56,107,194
162,309,298,604,1390
842,1580,1065,2246,3586
489,145,95,194,339
306,122,52,168,257
292,51,28,34,29
1180,1984,1492,3280,5350
5240,8594,3218,10144,14587
573,1048,792,1470,2550
755,887,515,670,890
898,718,508,968,1704
896,1352,969,1608,2576
788,346,238,462,821
813,323,369,418,924
684,180,111,138,146
1957,3310,3900,4083,8927
742,1172,874,1206,1886
1091,1498,940,1312,1658
295,69,130,86,609
1182,1221,956,1334,2064
200,342,263,525,944
1034,2053,915,3618,5507
276,578,262,917,1394
273,9,0,0,0
1284,441,165,636,1055
4555,7640,2794,8960,11178
440,262,279,333,763
795,1446,1010,2004,3386
910,1195,1333,1146,2253
619,232,77,304,407
530,296,164,337,574
1000,1624,1288,1670,2528
1292,2003,1340,2104,3254
1104,1372,978,1290,1716
757,252,156,164,192
1068,1537,1120,1411,1902
444,764,607,1107,1976
632,1260,989,1897,3298
600,928,692,960,1317
652,954,741,1155,2006
1669,3024,2453,4172,6940
8222,12773,4450,13035,16948
528,978,994,1364,2850
774,54,19,19,20
1052,1650,1276,1694,2654
1280,1773,578,1955,2344
1013,1286,1235,1122,1937
652,362,208,376,544
500,158,50,243,393
701,840,588,818,1122
614,430,298,610,1154
660,798,522,715,932
1406,140,96,95,135
922,118,61,78,92
789,1440,865,1700,2503
673,1222,1040,1770,3282
559,1145,820,1620,2651
888,1448,1088,1990,3561
562,1030,416,1784,2457
410,814,634,1130,1985
482,158,124,174,328
490,90,25,127,222
512,312,262,418,754
362,157,114,192,306
492,333,119,444,656
1930,3029,2208,4193,6658
728,355,234,410,730
580,1070,985,1537,2568
141,166,96,162,222
613,1184,921,1618,2862
498,736,522,742,986
399,754,537,1206,1833
514,25,14,15,4
