904,223,10,0,0
856,156,11,0,0
420,721,123,114,2
527,68,3,0,0
426,53,26,6,0
752,991,496,126,8
910,120,10,0,0
600,50,4,0,0
648,100,6,0,0
858,35,2,0,0
858,158,92,48,1
722,148,82,28,1
882,112,4,0,0
1124,213,8,1,0
746,257,138,28,0
1831,240,12,0,0
974,218,10,0,0
432,121,139,42,6
1232,175,15,0,0
956,1289,660,212,4
704,78,4,1,0
652,1107,178,150,4
830,15,2,0,0
961,221,12,0,0
692,100,6,0,0
152,4,0,0,0
403,66,6,0,0
1334,146,21,2,0
1168,1516,753,154,4
774,14,0,0,0
570,176,69,24,1
802,16,1,0,0
806,1410,343,361,7
782,962,526,162,4
791,1218,688,228,9
649,1136,530,178,1
489,498,282,70,2
983,1304,574,216,4
760,14,2,0,0
962,140,110,104,4
474,345,319,43,0
664,110,6,2,1
723,14,0,0,0
724,980,552,240,12
792,1152,584,140,6
983,1490,566,214,4
934,250,109,28,0
539,101,161,19,0
986,214,203,31,1
685,286,236,64,1
1022,508,373,354,26
730,170,158,197,14
518,483,510,53,8
775,854,386,113,3
531,145,5,0,0
556,47,117,422,136
898,210,12,0,0
1511,545,11,1,1
803,20,1,0,0
949,988,402,126,2
1091,204,14,0,0
894,68,4,0,0
654,12,2,0,0
2260,2370,2120,303,6
742,30,10,4,0
946,348,273,119,4
824,985,670,145,4
1011,86,2,0,0
779,235,5,0,0
552,86,5,0,0
867,176,100,43,2
532,20,0,1,0
698,351,180,58,0
748,76,42,12,0
579,10,1,0,0
492,413,171,74,2
862,1111,560,198,4
863,160,88,43,2
1186,149,10,0,0
646,16,3,0,0
895,1094,717,180,2
948,631,134,301,15
965,1826,322,233,0
1065,238,20,0,0
639,23,1,0,0
1054,250,13,1,0
690,114,19,1,0
1100,1041,1041,198,11
873,150,11,0,0
878,794,868,143,5
900,824,502,166,6
459,12,0,0,0
608,10,5,0,0
940,1132,604,230,2
1198,164,6,0,0
1096,1237,618,206,4
1061,1240,624,229,4
1421,60,4,0,0
1514,2768,1550,590,14
443,11,1,0,0
731,14,0,0,0
850,182,18,0,0
722,13,4,0,0
1203,195,29,0,0
1380,1884,950,248,6
641,49,180,1412,481
625,1216,258,205,5
537,13,1,0,0
870,1182,580,280,39
589,106,24,32,1
1108,1026,1370,334,10
330,3,0,0,0
846,1036,594,238,4
770,72,2,0,0
908,1246,522,233,14
174,3,0,0,0
1136,1553,840,329,9
1240,7,1,0,0
1297,60,18,6,0
1096,322,11,0,0
1474,951,872,183,10
1130,268,18,2,0
976,277,9,0,0
932,216,13,2,0
942,1338,774,223,6
890,1150,648,182,7
482,10,0,0,0
572,52,3,0,0
771,130,267,182,68
604,107,3,0,0
1132,1478,718,218,5
854,172,3,0,0
1258,245,4,2,0
1178,40,7,0,0
746,70,6,1,0
481,506,244,76,1
1060,222,17,1,0
520,33,7,15,0
716,118,2,0,0
865,19,2,1,0
525,492,237,74,1
1025,1178,690,290,10
710,993,177,161,4
519,11,0,0,0
757,9,0,0,0
588,104,1110,22959,13918
687,806,337,120,4
780,842,414,128,3
1006,1220,601,190,9
930,1090,446,197,2
766,14,4,0,0
1098,505,97,157,2
816,1512,313,224,2
822,40,2,0,0
870,100,5,0,0
1052,1017,994,174,4
896,214,19,1,0
922,1353,706,230,4
952,116,4,0,0
1649,2028,1076,273,6
354,30,20,6,0
956,200,14,0,0
650,1126,255,182,2
746,10,1,0,0
1398,1778,812,322,7
1712,469,24,2,1
1225,1382,1584,306,12
772,180,10,1,0
1179,151,8,0,0
952,1820,327,316,6
878,1280,748,297,10
916,20,0,0,0
417,11,0,0,0
1168,1029,1209,165,4
918,980,406,114,2
658,10,2,0,0
1009,1322,672,252,11
1262,278,21,2,0
711,1068,583,298,12
824,203,146,54,2
764,1010,763,495,42
535,622,368,112,2
785,1020,450,120,8
1359,38,1,0,0
755,1083,514,140,5
952,438,234,92,2
1012,1144,714,200,10
881,137,3,0,0
728,86,4,0,0
649,912,602,182,5
656,37,3,1,0
924,287,4,0,0
876,9,2,0,0
856,97,6,0,0
860,23,3,0,0
584,16,2,0,0
504,122,38,95,3
1026,1204,554,177,4
816,16,2,0,0
428,279,47,68,1
1040,25,1,0,0
917,76,4,0,0
1023,133,22,0,0
1388,357,26,1,0
1064,1572,902,425,18
745,283,6,0,0
247,44,8,18,0
483,91,5,0,0
776,1164,592,129,4
738,155,10,0,0
310,7,1,0,0
819,976,578,189,4
779,68,2,0,0
1104,118,4,0,0
992,1150,595,222,6
772,9,1,0,0
1150,183,25,0,0
284,18,31,3,0
1001,910,1011,198,4
868,139,17,0,0
948,353,12,0,0
600,14,0,0,0
1492,1631,1450,181,4
882,224,16,1,1
693,106,4,0,0
650,182,100,537,47
1264,1086,884,120,4
440,6,1,0,0
1125,118,7,0,0
1011,248,25,9,0
911,178,12,0,0
430,8,0,0,0
662,26,4,2,0
808,154,10,2,0
694,54,122,45,0
482,890,169,121,1
1133,777,615,71,2
1322,290,20,0,0
809,16,6,2,0
676,734,299,116,3
623,712,363,154,6
874,921,1028,184,13
663,827,477,596,76
1174,1639,896,268,6
849,1181,564,172,4
388,46,18,14,1
924,24,8,9,0
849,140,82,30,1
537,78,5,1,0
1117,1146,600,152,2
1050,1122,481,120,2
821,104,13,0,0
992,447,279,66,1
366,54,4,0,0
460,314,282,52,3
564,552,312,159,6
774,779,710,98,1
583,4,0,0,0
642,130,9,0,0
598,43,1,0,0
488,6,0,0,0
409,53,4,1,0
454,36,3,4,1
458,72,56,18,1
396,348,168,50,1
770,852,448,136,3
663,600,330,166,26
512,81,4,0,0
732,85,70,30,2
1444,46,4,0,0
990,792,892,103,9
304,75,2,0,0
2476,4326,2382,992,40
1063,1139,1169,169,8
1162,244,12,0,0
588,160,9,0,0
3069,76,7,0,0
2931,3940,2340,6060,3982
774,1315,270,315,9
455,93,0,1,0
451,86,50,25,2
1110,177,12,0,0
796,20,3,0,0
1992,92,9,0,0
545,9,1,0,0
1048,337,170,53,2
941,240,20,0,1
685,32,0,0,0
473,6,2,0,0
731,913,455,145,2
1023,39,1,0,0
938,18,1,0,0
1772,2607,1178,322,5
2286,266,302,199,64
2646,2714,2977,520,36
346,4,0,0,0
1072,64,2,0,0
1149,1354,737,259,4
2218,2571,2983,748,82
1030,1266,574,203,2
1706,82,1,0,0
1882,1792,1756,199,7
669,142,16,0,0
744,1037,526,141,2
748,880,450,248,7
623,77,7,4,0
637,74,64,21,0
1064,191,17,0,1
537,70,36,20,4
676,150,27,30,0
1624,176,11,0,0
1590,226,14,1,0
456,31,1,0,0
782,880,356,112,2
364,64,4,0,0
568,489,228,62,2
110,1,1,0,0
1000,228,9,1,0
670,33,10,4,0
514,44,3,0,0
785,1012,416,132,2
1090,168,20,0,0
640,757,1347,17656,11618
678,1079,215,208,5
2028,3274,751,757,26
870,96,10,0,0
471,1029,213,165,1
808,229,15,1,0
504,49,22,8,1
708,1265,292,253,1
1454,44,3,0,0
598,104,24,12,0
792,928,458,157,5
802,115,107,16,0
699,946,472,124,3
810,218,8,0,0
1820,1863,1710,306,12
893,133,8,1,0
555,10,0,0,0
2652,3127,3303,481,21
2636,202,15,0,0
768,10,1,0,0
890,38,6,2,0
610,672,24185,275237,291059
906,132,17,0,0
2105,94,0,0,0
579,514,218,73,5
636,14,1,0,0
602,8,0,0,0
829,64,58,8,0
728,188,12,2,0
1005,80,12,0,0
1699,50,1,0,0
894,16,2,0,0
959,889,894,179,13
885,96,57,14,0
690,148,6,1,0
734,108,4,0,0
1938,2540,1380,553,24
1498,34,3,0,0
1010,837,761,99,3
786,206,166,77,4
1486,2024,1044,265,5
912,224,12,1,1
501,352,188,54,0
1150,1748,1178,474,24
1855,322,36,2,0
2462,302,38,0,0
980,95,54,14,0
836,192,11,1,0
986,1423,610,212,8
1130,87,8,0,0
801,829,979,204,6
1189,32,18,38,10
2181,2756,1276,428,12
826,44,3,0,0
1177,995,1050,174,5
1388,36,1,0,0
911,28,2,0,0
830,35,0,0,0
906,17,0,0,0
845,68,8,0,0
996,170,4,1,1
746,215,399,185,30
852,11,2,0,0
1065,168,10,0,0
710,117,6,0,0
721,172,4,0,0
1270,925,862,134,3
1153,294,15,0,1
1212,21,2,0,0
783,232,105,20,1
824,107,3,0,0
779,982,580,200,6
1602,276,28,1,0
910,140,10,0,0
984,1376,510,280,7
1226,860,193,193,2
902,354,176,45,1
1343,2687,556,615,14
1492,2669,468,303,5
1114,1613,340,243,0
1088,833,841,164,6
1519,1822,978,278,4
822,140,8,1,0
814,1342,337,264,1
1138,275,205,35,1
1246,1068,1155,173,9
766,1316,237,204,2
756,96,1,0,0
898,1353,287,260,3
708,33,1,0,0
1127,155,4,1,0
1250,210,302,54,0
1112,258,329,93,8
1004,37,1,0,0
788,35,1,0,0
1128,104,6,0,0
589,14,0,0,0
1163,30,0,0,0
352,12,5,1,0
676,181,7,0,0
970,776,1296,1015,563
978,26,3,0,0
1128,252,24,0,0
1458,1315,1172,148,2
947,1407,785,364,11
436,658,136,106,2
1170,1309,573,190,4
252,56,1,0,0
683,614,458,212,4
670,650,277,80,2
960,172,149,18,1
1261,86,150,3054,585
642,254,47,33,0
1054,1609,330,256,3
732,16,2,0,0
836,611,531,104,8
1232,1971,380,400,6
822,1581,238,206,2
750,202,179,74,2
88,205,32,34,1
640,216,4,0,0
1433,12,0,0,0
837,966,507,142,1
1783,1834,1998,314,9
905,838,919,142,7
1092,184,16,0,1
774,163,8,0,0
698,589,50,49,1
818,1261,220,162,3
753,303,180,42,0
1334,219,4,0,0
704,16,0,0,0
1121,1322,772,206,2
818,1347,367,341,7
962,185,13,0,0
1168,313,47,27,1
1516,206,30,1,0
682,90,6,1,0
1108,1747,358,210,2
959,109,2,0,0
1357,196,14,0,0
1014,1390,969,990,143
696,12,1,0,0
131,91,17,14,0
1056,1560,290,235,3
961,125,10,0,0
1006,289,357,61,6
766,50,5,7,0
1468,18,5,0,0
1314,1280,1491,392,25
923,231,59,28,0
586,156,90,48,1
1107,1001,1042,147,1
1216,20,2,0,0
889,900,461,168,4
1428,184,29,0,0
608,5,0,0,0
981,220,14,0,0
955,21,1,0,0
1098,179,19,0,0
1162,463,75,67,0
632,763,126,121,4
1670,1526,1547,257,11
1328,1197,990,143,2
1074,96,99,13,0
990,167,21,1,0
622,81,1,0,0
1220,306,221,274,54
862,292,218,84,1
1295,2170,511,458,13
824,183,1,0,0
1298,1108,1225,229,22
576,12,1,0,0
736,158,13,0,0
1082,395,228,56,1
1577,268,37,2,0
1114,352,367,49,1
1203,138,21,3,0
958,328,374,55,0
912,13,1,0,0
1650,231,17,0,1
897,142,24,17,1
694,66,2,0,0
804,198,7,0,0
666,1156,236,177,0
826,17,1,0,0
839,91,7,0,0
1045,1364,595,180,4
728,19,2,0,0
1447,308,20,1,0
966,21,1,0,0
1065,250,16,0,0
880,204,154,48,2
873,100,6,0,0
1004,934,968,89,4
1164,244,13,2,0
1436,1981,1246,657,58
986,1034,542,265,8
156,28,18,4,0
1137,1334,764,164,2
534,420,396,76,5
962,100,4,2,0
1026,122,6,0,0
1318,1502,745,288,14
818,38,1,0,0
1152,322,4,0,0
1024,129,10,0,0
1598,1553,2036,437,18
1524,221,28,0,1
1134,893,876,164,7
705,146,14,0,0
1177,288,18,1,0
1075,1963,428,517,8
1424,1583,868,245,2
1519,1771,883,280,6
646,26,2,0,0
607,12,0,0,0
1184,1810,333,271,1
944,40,2,0,0
640,292,55,51,0
1430,208,19,0,0
1072,131,2,0,0
1024,1016,544,225,8
626,21,2,0,0
946,175,156,24,0
627,629,610,216,55
1040,1084,518,120,2
467,17,0,0,0
942,1038,467,180,4
1062,114,15,0,1
1143,181,22,0,0
1049,194,16,0,0
1217,1314,633,154,6
586,170,88,18,0
1198,1366,766,366,8
1256,127,78,17,1
938,155,157,14,0
1052,1266,1451,269,15
1066,290,5,2,0
810,32,1,0,0
982,23,2,0,0
804,23,11,7,0
838,35,7,4,0
420,3,0,0,0
1370,331,7,0,0
1190,237,37,1,0
501,169,30,19,1
875,300,164,57,0
1124,1122,564,191,8
668,67,12,13,0
1622,25,4,0,0
746,830,143,135,1
818,66,7,0,0
668,1187,183,180,2
719,722,813,111,9
972,170,17,0,0
776,66,2,0,0
812,74,6,0,0
658,24,1,0,0
1270,246,24,1,0
1920,1656,1590,240,11
920,358,166,66,1
978,17,0,0,0
758,138,4,0,0
538,796,190,185,6
1102,122,15,0,0
1310,1558,919,266,6
3144,583,63,1,0
1331,584,18,0,0
568,270,141,106,2
1046,187,16,0,0
1100,1430,1624,302,11
864,1429,900,308,8
638,859,520,196,6
883,1400,803,246,8
304,80,18,9,0
426,436,97,182,6
1575,1976,1022,357,8
868,30,0,0,0
970,137,7,0,0
1379,238,14,0,0
794,1004,472,242,12
3894,5757,2630,811,16
1955,989,1097,356,30
1083,28,2,0,0
1050,140,9,0,0
872,1357,832,260,10
976,202,8,0,0
863,1535,796,355,10
932,208,108,43,5
754,1116,179,143,1
1200,153,32,0,0
1181,138,7,0,0
893,68,73,44,6
586,15,0,0,0
2722,377,16,0,0
1160,178,11,0,0
1258,424,370,102,5
1768,523,6,0,1
1054,410,279,150,8
923,1574,926,364,16
512,976,179,129,2
565,8,1,0,0
968,244,7,2,0
1196,1155,1197,203,15
779,1271,792,344,11
986,1206,905,506,36
2002,2246,1214,292,10
1003,160,2,0,0
1287,379,11,0,0
1818,1004,532,81,1
2148,3426,1628,536,8
1840,374,409,66,1
2139,268,31,0,0
1032,110,12,0,0
934,21,0,0,0
966,2185,420,489,17
1025,1972,1061,436,8
1482,1648,285,298,5
757,495,441,72,3
633,20,0,0,0
1247,410,13,1,0
1065,38,2,0,0
1141,1754,1077,568,29
1120,315,7,0,0
2600,2471,7198,15844,6589
1286,358,11,1,0
2782,5541,2730,955,25
789,1308,748,216,4
601,640,219,861,123
1299,1970,922,262,4
1246,356,24,0,0
701,217,116,30,1
1274,159,24,1,0
587,20,0,0,0
1310,38,2,0,0
580,867,520,164,2
1149,1318,682,240,4
797,46,0,0,0
1150,1235,636,164,5
1065,184,13,1,0
1302,26,4,0,0
1590,1716,1927,366,22
788,42,1,0,0
785,14,0,0,0
1865,2987,546,362,3
1112,177,10,1,0
1091,1056,1369,3406,723
683,1055,648,223,6
1200,343,16,1,2
779,1232,562,142,2
1232,2272,1261,403,11
629,154,124,62,4
926,106,61,13,0
1174,150,19,1,0
1257,1570,806,297,10
586,777,434,78,2
1390,3398,599,582,10
1431,289,18,1,0
1585,64,38,23,4
1028,1578,808,196,3
906,21,0,0,0
1124,59,2,0,0
807,200,6,1,0
358,17,0,0,0
714,147,28,29,0
480,12,1,0,0
600,88,0,0,0
1016,252,5,0,0
890,201,5,0,0
1669,331,26,1,0
1041,1201,584,150,2
1252,485,90,97,4
2040,336,41,1,0
1854,2639,2448,481,25
502,18,1,0,0
973,1632,246,176,2
1090,1376,1733,353,24
1018,361,438,117,1
963,10,1,0,0
1342,1686,2053,390,23
1028,1164,726,193,7
614,12,0,0,0
968,55,20,296,45
847,35,1,0,0
867,1095,518,150,3
1370,184,94,36,1
1916,1691,1488,296,6
1732,81,14,0,0
1367,573,464,330,20
1172,692,175,188,1
1278,193,16,0,0
817,13,0,0,0
904,14,2,1,0
1273,372,24,0,0
850,1308,720,1438,842
703,664,1033,1798,396
948,38,4,0,0
862,299,20,1,0
866,361,187,54,1
1067,216,8,0,1
983,1420,780,266,7
979,212,205,24,1
1095,274,318,60,4
1034,20,2,0,0
891,360,78,74,1
1098,62,1,0,0
807,700,225,477,9
741,33,3,0,0
820,200,12,2,1
859,248,12,1,0
872,1959,460,334,7
849,295,0,1,0
1917,2107,7426,25344,8963
566,12,1,0,0
752,88,3,0,0
623,48,4,0,0
378,9,0,0,0
715,848,398,134,4
1431,1856,449,436,7
935,1312,715,228,8
1093,1164,645,192,8
1721,1367,1397,211,8
1397,208,34,0,0
1166,1365,539,178,4
915,24,1,0,0
1658,300,33,1,1
1025,27,4,0,0
1142,13,1,0,0
1022,50,8,0,0
1245,1914,17692,331240,228261
1065,1793,982,386,14
916,38,3,0,0
671,12,0,0,0
689,200,6,0,0
1021,91,8,0,0
554,564,328,82,2
1183,1248,804,344,8
896,9,1,0,0
944,124,56,10,0
467,561,146,125,1
1308,2010,396,344,2
1340,1842,1039,353,12
1127,67,4,0,0
1206,271,18,0,0
665,447,208,86,2
1049,22,2,0,0
830,172,10,2,0
1006,89,10,0,0
1218,2028,848,371,8
922,1295,243,240,4
1250,1526,844,301,8
739,136,115,100,14
742,952,220,135,1
2142,1963,1697,359,20
1458,2093,877,282,4
1409,382,7,0,0
1840,29,3,0,1
1000,1613,2010,454,31
1416,2354,1178,340,5
1002,1569,3919,15626,10371
967,266,4,0,0
580,316,157,28,0
1038,296,173,48,2
1168,374,7,0,0
686,519,518,78,1
835,29,0,0,0
1062,1944,842,404,14
663,8,0,0,0
850,175,78,22,0
830,670,744,97,5
745,92,8,10,0
714,101,3,0,0
894,572,643,97,5
589,86,14,0,0
2245,54,6,0,0
1434,305,327,37,2
1570,286,20,2,0
1112,25,1,0,0
708,228,142,52,4
1004,201,3,0,0
788,846,936,2646,426
841,158,5,0,0
729,187,2,0,0
1509,51,4,0,0
2054,2334,453,512,7
594,17,0,0,0
931,186,8,0,0
940,742,398,191,9
1079,1292,713,140,3
947,26,2,0,0
2040,2618,4044,6946,4169
1182,267,13,0,0
850,165,1,0,0
709,12,0,0,0
1022,1815,898,298,5
952,608,2176,30337,16681
1124,1612,771,309,6
872,234,12,0,0
899,21,1,0,0
833,34,3,0,0
610,8,0,0,0
882,66,45,2,0
1202,93,10,0,0
1882,157,30,20,0
1280,37,5,143,22
1426,259,16,1,0
2596,712,51,0,0
1406,892,940,147,14
1166,330,25,2,0
980,428,97,132,2
904,157,5,0,0
796,1461,706,364,15
722,24,3,0,0
992,1354,764,240,4
1025,265,18,1,0
822,52,20,35,1
1176,127,8,1,0
699,242,276,246,17
570,692,294,66,0
884,1258,703,158,2
1046,1676,830,228,3
811,1097,509,124,3
648,45,0,0,0
946,192,10,0,0
578,19,10,8,1
898,134,8,2,0
848,18,1,0,0
1278,1768,1339,340,10
1013,815,216,337,6
985,31,4,1,0
1464,189,25,1,0
916,1182,928,416,15
1236,1854,1008,426,55
544,16,0,0,0
556,80,2,0,0
828,182,11,1,0
647,550,140,52,2
991,146,6,1,0
765,10,0,0,0
450,13,4,0,0
697,22,2,0,0
689,21,0,0,0
989,1648,840,358,20
576,36,1,0,0
881,200,12,1,0
976,1602,1198,562,29
642,193,173,48,2
762,30,3,0,0
1155,222,6,0,0
984,1655,976,688,52
572,858,464,161,5
1314,1682,2033,404,32
865,1394,666,170,3
506,166,116,50,2
1133,2162,7998,128818,70450
1149,258,131,26,0
460,9,0,0,0
852,24,3,0,0
768,16,1,0,0
655,16,0,0,0
749,28,2,0,0
558,517,491,73,2
821,260,132,80,8
829,239,415,163,20
618,28,31,259,40
931,72,104,22,2
845,1280,733,292,11
754,1165,582,206,6
483,76,35,13,0
946,28,8,2,0
1186,658,410,130,6
1177,1990,1062,392,16
628,30,2,1,0
752,298,214,152,8
558,94,2,0,0
696,1144,894,313,7
885,202,18,2,0
331,108,20,23,0
750,1938,522,711,21
1054,23,3,0,0
684,98,72,30,1
915,118,2,1,0
882,223,14,2,1
980,148,4,0,0
826,1456,2286,40342,28878
988,1227,619,114,6
920,165,7,0,0
1021,297,18,1,0
887,1605,682,244,11
722,16,3,0,0
714,23,1,0,0
1667,298,18,2,0
1733,2810,1482,436,10
431,24,1,0,0
727,1550,284,357,6
956,434,314,141,6
960,218,18,1,0
660,822,412,100,3
766,1036,480,133,2
648,10,1,0,0
800,13,0,0,0
545,66,49,22,3
1132,1736,834,254,4
742,20,1,0,0
897,150,102,28,2
1014,194,10,1,0
856,1466,818,196,5
1442,436,34,1,0
618,1082,549,352,37
694,266,398,108,6
784,1293,652,230,6
995,218,133,68,2
953,1496,936,354,10
4168,2500,1022,298,8
442,102,63,14,1
704,183,14,1,0
868,1516,650,252,6
798,173,20,0,2
998,1418,671,188,6
654,356,165,48,1
1098,575,353,126,2
1482,49,3,0,0
858,27,1,0,0
1787,498,30,1,0
1166,584,413,177,4
643,1088,722,224,6
1916,1036,606,216,6
730,178,92,23,0
764,224,12,1,0
713,132,17,0,0
1062,262,23,0,0
610,28,2,1,0
1098,1690,966,368,8
756,238,17,0,0
874,225,18,1,0
760,692,148,38,2
2440,654,33,2,0
936,168,13,1,0
2838,452,30,0,0
1676,445,34,3,0
603,1244,603,264,8
924,174,18,1,0
503,209,107,200,11
709,31,2,0,0
724,9,1,0,0
744,128,51,12,0
706,1577,312,263,4
813,14,0,0,0
780,21,10,29,2
708,267,148,82,4
988,1492,738,238,8
818,183,4,0,0
1431,2446,1228,467,10
1006,1646,930,238,8
1983,3672,1820,560,17
1350,2741,1252,442,19
1454,2298,1333,298,8
460,12,0,0,0
963,1049,422,144,2
1441,2540,1470,454,12
996,1382,822,312,10
1037,120,13,0,0
1020,227,14,0,1
1016,1705,752,234,4
718,38,0,0,0
934,396,176,52,1
628,140,7,0,0
803,210,133,44,1
794,309,156,42,0
1517,754,264,63,2
582,60,42,14,0
972,268,158,52,3
2604,646,39,0,0
1220,474,14,0,0
1589,91,3,0,0
1208,1755,1493,255,8
863,324,24,1,0
851,100,6,0,0
801,42,1,0,0
962,1370,703,198,2
786,446,371,228,13
840,36,1,0,0
674,231,4,0,0
906,1166,602,160,4
902,1382,529,193,3
380,785,227,134,1
805,1939,365,371,10
418,12,0,0,0
535,97,4,0,0
2460,3528,2113,696,22
1202,842,434,530,266
748,1508,1330,2670,416
579,407,159,59,2
1698,2798,1420,491,26
1067,334,28,1,1
822,48,1,0,0
1215,1937,966,319,6
908,211,19,0,0
967,1932,358,342,4
819,1708,335,381,5
920,230,13,1,0
953,1340,672,203,6
1107,276,14,1,0
1022,1784,844,250,4
1028,122,10,0,0
1514,2216,953,278,10
1476,2696,1607,600,18
1565,348,20,1,0
653,26,27,92,28
894,16,2,0,0
1168,158,11,1,0
835,38,2,0,0
943,263,10,0,1
1098,143,8,0,0
954,254,16,1,1
840,994,459,83,1
760,165,15,0,1
945,1404,726,206,4
940,1266,758,236,6
796,179,3,0,0
734,391,144,213,10
923,223,7,0,0
993,1591,952,264,4
777,17,3,0,0
1120,1962,8238,184854,140458
1672,2998,1691,495,17
846,240,10,0,1
1272,2248,1252,459,16
850,1314,870,220,6
1046,1502,780,272,8
1571,315,94,355,11
1016,646,450,175,6
1046,1380,906,249,8
678,342,437,132,7
976,1776,848,312,8
847,138,8,0,0
665,589,151,251,6
1012,389,10,0,0
666,12,1,0,0
834,316,167,56,0
1540,36,2,0,0
1528,436,27,2,0
631,1495,852,410,13
1490,2674,1326,412,8
912,246,223,160,6
915,1722,300,215,2
804,102,47,15,0
1008,1494,764,292,8
604,339,540,1487,381
596,278,38,42,0
540,118,38,14,0
535,118,11,0,0
907,1332,751,209,4
820,834,1099,228,5
979,1361,741,238,5
684,14,0,0,0
838,712,156,36,2
1186,729,324,181,15
468,1144,520,230,9
810,133,21,0,0
612,258,132,36,0
788,31,1,0,0
765,102,5,1,0
386,114,59,16,2
805,138,6,0,0
975,142,6,1,0
382,839,194,112,4
482,828,215,140,4
556,10,0,1,0
521,18,2,0,0
755,40,2,0,0
387,682,306,84,2
846,2051,598,370,10
514,137,9,0,0
409,30,3,0,0
284,64,8,0,0
296,72,6,0,0
678,4,4,3,0
854,24,2,0,0
490,240,120,43,1
389,563,320,152,2
371,532,338,112,4
104,18,0,0,0
602,172,13,3,1
397,644,380,96,2
569,200,14,0,0
414,710,404,114,1
526,203,376,139,8
522,164,8,0,0
437,20,2,0,0
502,830,468,828,262
481,136,2,0,0
858,272,17,0,0
888,484,304,117,5
667,46,1,0,0
580,78,17,0,0
514,763,383,107,3
822,1442,809,340,28
350,492,330,162,4
456,78,8,0,0
637,81,6,0,0
306,466,32,33,0
840,148,6,0,0
602,109,4,1,0
928,254,16,2,1
842,234,15,1,0
484,21,1,0,0
558,67,7,0,0
540,102,6,0,0
484,128,46,34,2
496,246,104,36,2
810,202,16,1,0
370,150,63,42,5
330,413,182,49,3
339,78,6,1,0
751,918,849,144,7
332,5,3,1,0
474,167,96,44,1
788,1661,941,408,12
592,1126,628,197,4
530,498,385,156,2
391,112,1,1,0
332,29,3,0,0
410,390,454,802,168
523,1013,362,108,2
190,5,0,0,0
1340,362,24,0,1
374,573,308,90,2
915,308,24,1,0
347,544,298,116,6
626,179,4,0,0
1218,1576,825,244,8
477,72,4,1,0
776,26,1,0,0
610,1292,331,230,2
692,1769,321,307,5
388,70,36,13,0
1356,1413,266,259,2
464,624,386,185,6
492,732,446,166,6
542,274,156,26,0
839,1493,702,276,12
494,93,1,0,0
310,13,0,0,0
447,138,68,32,1
356,7,1,0,0
412,694,524,248,12
488,8,1,0,0
436,747,366,98,5
456,1436,258,330,15
1234,419,11,0,0
740,1365,646,190,2
611,202,12,2,0
732,12,0,0,0
526,176,91,25,0
520,76,52,24,1
799,230,13,1,0
597,121,3,0,0
1089,144,8,0,0
744,348,238,67,1
864,326,24,0,0
710,160,14,1,0
463,122,3,0,0
567,999,609,207,6
454,62,4,0,0
509,826,426,128,2
414,5,0,0,0
735,142,11,1,0
394,682,344,144,2
957,18,2,0,0
340,77,11,0,0
705,1147,596,212,5
528,74,5,0,0
838,1702,836,347,12
627,162,104,40,0
614,106,8,0,0
723,263,143,70,3
528,78,4,0,0
310,428,268,86,3
404,10,0,0,0
819,202,14,0,0
390,90,4,0,0
499,138,10,0,0
348,707,122,65,2
595,22,6,0,0
754,1322,799,216,2
770,164,10,0,0
655,391,256,223,20
553,26,1,0,0
633,1141,663,154,4
614,134,12,0,0
526,76,75,44,2
345,9,0,0,0
667,1183,640,200,6
668,949,1047,168,5
360,869,171,152,1
753,202,12,2,0
598,22,1,0,0
612,1064,639,242,4
1638,2208,2119,327,19
468,750,372,100,4
286,384,190,60,1
412,303,184,95,4
504,9,1,0,0
529,788,426,137,4
1240,201,13,0,0
480,329,170,66,0
402,10,2,0,0
576,965,610,200,5
565,18,2,0,0
511,128,186,59,5
514,168,11,0,0
595,1020,432,132,4
1176,90,111,16,1
769,1334,567,180,4
602,158,11,0,0
403,26,6,5,0
493,110,4,0,0
338,16,0,0,0
563,120,7,2,0
909,244,12,0,0
546,1538,319,228,6
289,6,3,0,0
710,298,173,61,2
348,46,22,4,0
700,1086,465,131,3
403,220,388,3248,1515
646,390,287,67,2
615,192,10,2,1
702,251,178,54,1
539,624,209,62,2
550,840,556,252,8
485,205,125,54,1
237,72,4,0,0
980,1876,937,278,8
993,212,88,42,1
846,973,878,136,3
377,608,347,124,3
470,16,3,0,0
742,118,6,0,0
802,100,10,0,0
628,80,11,0,0
848,1277,576,132,2
1074,2009,914,284,6
896,1430,816,266,6
416,220,69,4,0
330,12,3,2,0
666,1000,673,438,30
289,464,216,64,1
697,162,16,1,0
225,28,16,6,0
497,312,152,46,1
475,93,62,20,2
452,78,43,10,0
562,9,0,0,0
509,104,10,0,0
738,202,19,0,0
435,94,1,0,0
777,273,28,2,0
492,764,474,128,2
818,218,20,1,0
738,1488,359,214,2
500,22,0,0,0
640,151,8,0,0
1072,282,90,108,3
530,666,338,127,6
1654,2784,1418,521,9
668,43,0,0,0
290,36,5,0,0
430,130,11,0,0
352,100,8,0,0
856,314,203,60,0
748,212,303,183,19
562,14,2,0,0
366,155,112,202,52
731,1162,522,140,3
380,716,358,135,3
627,37,0,0,0
720,130,186,80,2
618,385,189,201,10
850,524,220,70,0
587,104,6,0,0
794,1130,697,529,74
664,1296,918,381,20
620,837,458,131,4
580,267,153,52,2
791,29,3,1,0
309,31,0,0,0
546,148,6,0,0
642,1152,676,268,10
784,1612,879,314,8
868,150,21,0,0
672,202,150,88,3
355,1009,225,164,0
467,176,214,97,5
626,613,554,64,1
298,123,6,0,0
858,1765,1078,320,5
1022,1746,970,375,8
1814,392,59,0,0
760,558,462,544,85
399,14,1,0,0
641,14,1,0,0
524,238,118,41,2
324,770,340,88,2
371,26,0,0,0
928,1856,1006,426,14
594,946,398,104,2
356,60,4,0,0
205,57,30,8,0
1103,2980,569,323,8
1384,1885,1894,354,20
623,2127,436,450,6
979,315,245,110,4
344,642,341,140,3
679,170,12,0,1
496,421,216,78,3
608,1420,3038,54655,33046
744,237,20,0,0
798,1329,704,254,5
420,167,200,92,3
1490,424,24,0,0
234,109,16,14,0
211,3,0,0,0
390,12,1,0,0
736,983,1026,250,31
378,17,20,44,8
297,6,1,0,0
668,147,8,0,0
609,207,8,0,0
423,109,6,0,0
408,72,2,0,0
911,269,20,0,0
784,1441,718,254,4
431,144,2,0,0
423,31,2,0,0
328,71,30,23,0
384,6,0,0,0
289,411,160,70,2
472,154,14,0,0
400,9,2,0,0
565,1012,532,161,2
528,80,2,0,0
342,181,96,42,1
1093,177,16,0,0
525,147,96,54,1
766,126,4,0,0
706,1804,335,311,3
857,60,16,4,0
476,115,8,0,0
823,1482,966,244,8
878,1351,736,268,6
388,72,6,0,0
708,1417,299,386,6
690,185,11,1,1
723,163,74,32,0
426,607,297,99,2
504,928,336,160,4
662,166,182,82,2
865,1469,890,391,9
554,86,2,0,0
476,590,153,168,4
522,204,148,102,16
790,24,2,0,0
1325,328,21,1,0
4302,8533,4302,1348,27
975,182,8,2,0
645,1265,416,206,2
988,1195,1141,174,2
440,10,2,0,0
821,131,2,0,0
405,13,0,0,0
838,1410,739,226,6
346,929,141,114,2
2107,244,10,0,0
480,20,5,0,0
1234,1679,1559,205,4
1149,284,24,1,0
740,1308,734,266,18
1042,234,42,0,0
970,375,6,1,0
1013,1847,821,252,4
488,10,0,0,0
529,12,3,0,0
740,1299,686,333,12
504,305,124,266,11
504,166,3,0,1
468,829,520,277,14
461,10,0,0,0
694,1740,350,317,5
213,34,57,24,1
184,46,3,0,0
910,1448,734,256,12
986,1073,466,170,5
589,182,7,0,0
432,648,370,146,2
1664,100,7,2,0
527,255,81,115,4
747,1907,354,416,43
1752,3018,1544,520,18
878,22,3,0,0
1206,329,472,230,48
630,1034,448,92,5
762,476,294,88,2
529,454,243,70,2
652,1115,522,142,2
744,148,8,0,0
488,485,433,67,3
512,12,2,1,0
742,810,951,145,3
453,104,2,0,0
679,1290,601,228,5
377,686,288,76,0
3409,409,43,1,0
549,990,496,156,6
1121,1662,910,308,5
593,31,2,0,0
704,737,973,160,5
791,1398,816,264,4
448,7,6,1,0
517,938,330,209,6
1042,1416,1413,240,7
652,1037,621,269,9
650,168,8,0,0
879,26,58,244,71
1033,248,19,1,0
416,13,2,0,0
420,70,4,0,0
602,243,3,0,0
1673,2957,1330,387,6
764,22,2,0,0
1502,2091,2362,525,24
687,24,5,4,0
290,481,244,70,4
602,88,10,0,0
626,878,505,148,4
663,16,0,0,0
896,1485,667,246,6
571,51,77,9,0
712,978,464,150,6
756,1122,3959,21543,19471
775,310,96,25,1
735,181,238,65,3
1027,1586,1492,249,5
470,156,14,1,0
389,6,0,0,0
1962,3688,1808,532,18
952,212,14,1,0
922,1132,1260,237,14
765,1030,828,190,4
668,409,382,132,3
524,933,486,169,6
440,36,1,0,0
651,34,0,0,0
674,122,64,26,1
729,14,1,0,0
600,278,178,58,0
520,809,611,225,8
612,150,10,0,0
419,123,6,0,0
784,147,20,0,0
335,106,26,30,0
1018,435,9,2,0
610,270,320,60,0
910,1796,970,354,15
352,12,6,4,0
694,121,8,0,0
880,120,8,0,0
720,29,5,0,0
581,922,424,152,4
823,1316,1412,267,17
894,1287,705,166,2
1240,1800,746,166,2
916,257,20,2,0
621,121,23,1,0
507,904,430,169,4
715,157,123,93,6
1087,332,22,0,0
476,52,34,10,1
496,378,156,46,0
1294,276,18,1,0
1028,1573,778,232,6
571,942,410,132,4
1022,256,20,0,0
753,144,10,0,0
332,24,2,0,0
812,1863,364,346,5
1264,43,2,0,0
434,7,0,0,0
741,176,148,162,10
696,1228,624,222,6
637,308,170,80,2
982,1706,984,278,6
769,121,62,24,0
709,1299,868,314,8
832,16,0,0,0
860,1426,841,305,8
745,648,576,529,36
860,9,6,1,0
590,130,4,0,1
645,133,51,63,1
505,1196,876,2602,292
470,18,2,0,0
656,1178,530,208,3
887,2063,9068,162107,95502
372,462,264,92,5
958,283,14,2,0
1030,1778,1086,310,15
1509,290,20,4,0
522,182,14,1,0
524,141,18,1,0
632,10,2,0,0
1410,256,14,0,0
1169,70,2,0,0
913,36,3,0,1
542,674,849,151,5
928,266,17,0,1
566,130,10,0,0
938,855,630,362,26
816,1414,656,205,10
707,1028,472,205,6
938,95,4,0,0
615,1287,804,273,10
752,1197,670,192,5
888,450,431,60,1
718,26,3,0,0
282,72,56,42,6
722,228,14,2,0
743,191,20,0,0
788,2262,440,474,7
1238,2546,1226,312,4
1120,368,26,0,0
798,1614,745,334,6
650,86,12,0,0
1041,1319,1461,293,13
614,190,18,1,0
710,1156,694,323,20
716,17,4,3,0
264,9,0,1,0
630,208,14,2,0
758,53,0,1,0
234,721,158,155,4
559,164,127,246,63
784,22,2,0,0
887,60,1,0,0
1124,1716,910,233,7
692,1688,376,386,3
1071,182,12,2,0
572,23,0,0,0
736,78,10,0,0
684,30,2,0,0
705,1183,726,260,9
839,1544,686,228,4
848,1284,629,200,4
1276,834,148,147,3
1868,3478,1713,1201,294
673,889,484,168,6
330,5,2,0,0
1018,45,2,0,1
1214,976,727,316,8
946,147,9,1,0
1022,1217,1207,221,6
439,12,1,0,0
1212,208,13,0,0
880,1912,1304,2578,443
440,1063,205,196,2
674,1664,352,237,1
403,14,1,0,0
754,32,3,0,0
706,1262,933,346,16
810,36,0,0,0
658,193,14,1,0
562,998,560,176,3
409,636,342,118,2
559,12,1,0,0
571,115,16,0,0
640,132,10,0,0
243,98,39,26,1
288,48,1,0,0
648,166,16,1,1
706,1172,604,253,6
318,170,82,26,2
878,25,2,0,0
604,255,5,2,0
675,144,1,0,0
1015,1748,960,294,6
672,149,24,1,0
781,36,3,0,0
538,128,8,1,0
488,13,0,0,0
238,2,1,0,0
418,66,36,9,1
367,12,2,0,0
897,114,5,0,0
241,1222,130,174,4
501,655,754,138,4
492,22,2,0,0
1035,1358,1786,360,15
1420,787,765,126,1
542,184,12,1,1
431,17,1,0,0
421,60,4,0,0
426,173,48,59,1
452,942,207,174,1
946,223,18,0,0
710,163,3,0,0
486,1042,544,198,4
574,707,594,79,2
769,162,17,0,0
378,32,7,0,0
630,1134,634,261,4
550,132,8,0,0
707,90,8,0,0
952,144,21,23,0
1488,228,14,1,0
321,108,50,198,24
965,1609,947,247,8
727,76,5,0,0
349,126,129,66,2
411,1088,190,163,2
677,1688,900,353,10
411,58,3,0,0
685,1072,600,178,5
546,301,51,34,0
282,44,2,0,0
446,512,446,75,4
718,202,13,0,0
468,85,6,0,0
532,683,689,121,11
786,112,9,0,0
492,706,615,322,12
942,37,4,0,0
516,72,51,16,1
433,182,84,26,1
579,164,7,0,0
945,414,262,98,4
390,12,1,0,0
961,2596,1424,470,8
375,570,312,112,4
266,39,13,10,0
416,12,1,0,0
280,72,2,1,0
540,5,2,0,0
538,625,595,194,11
1854,1828,1715,221,11
407,806,481,114,2
1338,3784,769,700,9
293,7,0,0,0
966,1478,666,182,2
1318,3022,618,506,10
426,10,1,0,0
936,177,23,0,0
365,597,314,134,10
448,260,182,74,4
586,133,18,0,0
436,901,504,127,3
529,8,0,0,0
819,292,16,2,0
598,112,9,0,0
722,94,4,0,0
370,132,3,0,0
720,301,2,2,0
685,934,1256,516,68
489,103,7,0,0
692,288,3,2,0
464,830,454,193,8
586,53,10,1,0
564,738,735,125,7
350,18,0,0,0
290,8,1,2,0
376,24,0,0,0
348,33,26,1,0
742,882,705,106,7
1082,258,23,0,0
506,59,6,0,0
748,1560,920,332,14
372,8,0,0,0
520,137,123,22,0
239,4,0,0,0
851,143,8,1,0
339,323,104,223,18
688,77,12,0,0
410,477,431,61,4
406,11,0,0,0
687,1236,704,234,8
662,1110,612,159,4
884,158,11,1,0
424,997,187,209,3
426,778,365,134,4
489,1021,148,134,2
634,1794,301,205,7
438,103,1,1,0
864,1129,1142,229,7
383,297,81,161,6
604,1125,502,152,0
737,93,12,0,0
746,269,20,0,0
556,28,4,0,0
812,1003,945,141,6
398,294,212,92,4
306,683,167,130,1
966,1295,1307,295,21
414,12,1,0,0
316,10,0,0,0
314,18,6,131,12
250,5,0,0,0
318,650,126,94,1
415,35,0,0,0
716,289,4,1,0
533,16,6,1,0
191,472,94,184,25
452,114,4,2,1
2575,39,5,0,0
852,2042,406,332,3
1098,196,10,0,0
1342,577,420,134,4
1302,666,343,102,3
744,56,2,0,0
994,1775,951,268,6
1386,36,5,0,0
943,1688,835,276,6
810,2086,446,294,3
804,153,23,0,0
1122,1403,1478,224,10
830,1540,1012,279,9
798,372,425,73,4
812,1522,710,266,8
797,39,3,1,0
415,36,37,5,0
689,173,10,1,0
1097,506,2728,17191,5713
1214,29,1,0,0
916,16,0,0,0
558,358,203,37,2
954,1406,1168,176,6
721,328,414,151,16
547,117,17,0,0
568,1023,560,129,1
1060,35,3,0,0
1340,611,282,112,2
1485,3369,1608,771,32
1038,1301,1606,282,13
1146,29,1,0,0
1091,2227,1610,452,12
248,72,144,35,3
560,596,400,180,4
726,1326,550,166,5
1042,12,1,0,0
1298,1640,1479,211,11
409,369,399,59,5
564,1458,312,264,5
488,34,3,0,0
650,144,4,1,0
1376,47,5,0,0
796,477,496,112,3
818,51,1,0,0
1020,67,10,0,0
1762,3317,1722,512,12
877,2106,419,355,7
532,83,6,1,0
518,89,7,0,0
1772,1137,794,402,40
689,48,2,0,0
478,62,34,8,0
362,192,120,42,1
734,937,773,128,6
668,16,2,0,0
1571,2658,1193,308,6
1212,1466,1221,151,6
1131,468,7,0,1
662,198,23,35,0
772,1472,822,258,3
1380,200,10,1,0
888,303,23,2,1
566,16,2,0,0
483,8,1,0,0
678,74,4,0,0
946,1484,1409,208,1
1150,34,9,0,0
1063,26,1,0,0
1103,30,4,4,2
1130,137,217,54,1
659,833,1308,12768,6835
463,149,6,0,0
818,120,10,0,0
790,136,6,0,0
1140,32,4,3,0
2438,364,35,0,0
1188,271,37,1,0
1044,613,322,104,3
3158,728,78,1,0
1184,324,20,2,0
595,905,515,115,4
1212,2455,1302,376,14
522,126,219,51,3
846,544,222,133,1
1125,266,19,1,0
1386,453,14,0,0
749,157,12,1,0
788,2000,358,359,3
890,1853,986,352,13
743,169,8,1,0
615,476,210,86,2
910,7,0,0,0
868,1129,1260,230,4
1193,62,4,1,0
1218,123,16,0,0
534,874,461,95,2
1438,1232,192,435,19
3047,6743,3360,1412,42
2554,310,34,0,0
1313,2624,1536,502,15
456,18,25,56,14
505,32,1,0,0
1128,2547,1366,690,28
822,299,18,1,0
957,1919,826,383,10
712,1258,878,390,8
644,156,5,1,0
2068,427,73,1,0
614,22,1,0,0
805,156,11,0,0
994,989,186,164,2
904,1063,1194,274,12
823,20,3,0,0
549,166,144,52,2
1316,1017,221,229,3
304,12,1,3,0
448,301,45,30,0
829,170,117,18,2
908,2405,464,310,6
751,65,0,0,0
1378,210,9,0,0
634,1497,319,236,5
786,996,246,362,13
1187,48,1,0,0
746,126,74,6,1
580,1368,319,197,3
962,798,417,172,8
734,226,18,1,0
1169,2251,1254,499,21
882,89,10,0,0
1236,2274,1394,508,13
986,2573,522,538,7
1252,363,408,67,5
1314,1542,1769,381,26
472,76,6,0,0
349,102,9,0,0
3600,849,105,0,0
1821,2879,1720,672,28
2071,625,35,3,1
1490,32,1,0,0
952,16,1,0,0
846,1600,1005,522,60
1012,292,16,0,0
560,18,2,0,0
1548,26,3,0,0
654,108,3,1,0
550,124,8,1,1
383,55,2,0,0
734,166,17,1,0
435,592,271,86,0
745,1400,1225,184,4
1476,3185,1764,628,24
502,536,112,92,0
734,82,4,0,0
646,122,21,1,0
840,256,16,2,0
786,194,17,0,0
749,1306,750,234,8
1372,302,34,0,0
828,1298,676,208,3
468,9,2,0,0
629,136,10,1,0
974,1436,649,196,6
792,1370,600,200,5
458,14,1,0,0
759,30,1,0,0
394,18,0,0,0
477,22,1,0,0
2360,1636,866,392,12
1003,344,20,1,0
1078,341,20,0,0
1261,431,240,77,2
303,270,52,12,1
526,305,188,102,2
775,491,492,580,69
778,257,20,0,0
780,114,6,0,0
572,14,0,0,0
903,334,30,2,0
1360,348,16,1,0
764,172,36,0,0
652,216,10,0,0
1062,350,27,2,0
386,141,1,0,0
436,522,344,70,0
397,110,9,0,0
1153,238,6,0,0
1050,637,324,91,2
1390,64,3,0,0
802,197,12,2,1
1012,39,1,0,0
470,200,64,67,2
816,186,18,2,0
410,34,12,3,0
424,123,13,0,0
938,1589,916,280,12
809,152,4,2,0
715,1436,642,266,5
605,29,0,0,0
250,66,58,58,2
543,48,35,9,0
1484,52,0,0,0
946,1424,1351,221,8
439,6,2,0,0
295,3,0,0,0
1029,130,106,40,1
2013,4481,2104,784,20
578,407,262,97,1
996,580,493,194,5
1008,138,6,0,0
480,112,7,0,1
807,1534,896,412,17
640,88,19,0,0
708,1464,714,266,6
602,92,6,0,0
597,2024,437,367,2
459,131,10,0,0
798,42,2,0,0
694,258,7,0,0
354,644,404,199,8
828,202,6,0,0
562,941,438,136,4
726,180,24,1,0
1081,43,2,0,0
1606,3564,1942,794,27
832,235,17,0,0
648,1226,752,270,6
635,168,8,1,0
733,167,486,2658,486
1107,177,10,0,0
555,183,10,1,0
632,244,22,0,1
558,1053,1170,373,21
490,14,2,0,0
663,138,4,3,0
395,8,0,0,0
497,13,1,4,0
895,26,2,0,0
699,15,1,1,0
1288,1918,1975,462,17
729,20,1,0,0
318,8,0,0,0
748,2048,342,309,3
417,94,4,0,0
750,1024,1048,180,4
1185,425,33,1,0
616,494,295,150,2
938,32,4,0,0
437,108,8,1,0
654,1285,720,332,17
586,90,39,12,0
1816,4499,894,741,8
516,404,183,807,82
640,98,6,0,0
1192,2163,1145,425,16
871,2196,432,421,9
1383,241,2,1,0
472,14,1,0,0
876,326,167,63,1
1642,2954,1628,482,14
413,975,510,230,4
748,1403,808,266,10
830,60,4,0,0
560,264,6,2,0
377,236,124,56,2
824,1520,821,290,8
1090,214,20,1,0
932,14,1,0,0
313,9,1,0,0
596,22,1,0,0
647,1186,608,196,5
802,232,19,0,0
948,119,8,0,0
124,12,0,0,0
725,140,2,0,0
892,1868,938,288,5
1213,438,202,69,4
2671,4454,2351,590,10
1215,290,18,2,0
1830,652,769,116,6
753,1062,645,196,4
796,20,0,0,0
1186,208,14,3,0
782,39,2,0,0
160,7,0,0,0
945,2286,382,198,1
808,210,6,1,0
348,582,352,92,3
629,1190,580,153,1
414,1045,232,141,4
838,422,178,54,0
1001,1628,796,234,4
692,1217,631,222,6
430,772,202,169,7
906,1124,1051,216,13
2237,490,28,0,0
678,1274,626,216,2
1328,266,34,0,1
768,1164,1192,255,15
1007,2188,1064,469,14
756,1400,3572,66932,43944
1045,319,17,0,0
1180,48,4,0,0
1028,351,18,3,0
344,145,128,48,3
1477,680,958,3472,926
755,1216,657,166,6
467,149,25,32,0
649,252,171,40,1
334,12,1,0,0
1311,409,31,2,0
859,1630,783,294,9
2381,3327,3974,838,34
1168,2454,1201,494,21
776,22,0,0,0
618,1056,652,188,6
601,1120,682,190,4
563,1431,287,214,1
1625,2586,1316,324,6
717,1094,497,139,3
1006,32,2,0,0
970,179,36,1,0
639,232,101,41,0
649,68,10,0,0
606,588,141,109,3
606,218,14,0,0
884,232,13,1,0
1055,250,35,1,0
714,220,111,28,1
542,252,123,56,2
746,171,100,24,0
737,208,14,2,0
459,1474,267,247,3
1338,396,26,2,1
973,47,4,0,0
524,154,3,0,0
702,40,2,0,0
471,290,186,79,8
726,258,18,1,0
684,24,1,0,0
824,231,14,1,0
540,848,734,185,10
1038,246,16,0,0
442,896,529,174,4
794,274,156,40,2
1192,392,24,0,1
703,1416,778,279,6
798,1590,866,312,7
1185,234,18,1,0
1207,290,10,1,0
1024,1368,354,421,8
792,206,16,1,0
1091,1869,910,300,4
796,1566,830,328,10
525,64,25,8,0
786,1664,647,392,42
431,802,552,80,4
678,256,8,0,0
492,603,347,76,2
863,126,8,0,0
1160,220,14,1,0
718,2051,485,406,7
674,1036,610,171,4
949,1048,1079,179,4
1314,458,230,66,5
982,285,66,109,8
1091,336,30,3,0
514,26,2,0,0
678,188,82,26,0
791,228,14,1,0
854,1326,539,116,6
727,1099,608,170,5
794,298,16,1,0
973,204,18,2,0
504,18,8,4,1
646,188,14,1,0
688,1522,274,225,3
1239,2142,1254,335,5
796,416,272,105,1
628,767,225,362,21
1779,3006,1816,696,25
1707,240,271,36,2
574,940,534,112,3
596,105,6,1,0
892,1411,890,338,10
448,559,57,36,1
750,191,127,49,2
508,914,432,148,4
832,1388,830,320,6
422,703,342,2751,382
579,140,130,118,5
808,521,410,319,36
587,26,1,0,0
726,86,9,0,0
600,22,1,0,0
800,37,30,114,29
1656,325,26,0,0
1130,2037,1023,328,8
676,2165,566,1013,29
2011,443,24,3,0
1638,2744,1660,1814,324
524,220,3,0,0
440,11,0,0,0
638,1121,585,172,4
1132,440,32,1,0
732,190,7,1,0
613,92,3,0,0
809,1541,975,336,4
857,211,14,1,0
364,172,112,40,2
364,7,4,0,0
2040,44,2,0,0
619,13,2,0,0
567,136,81,28,1
600,1203,516,380,48
1205,2502,1227,318,9
1817,532,32,1,1
707,90,2,0,0
3106,8045,1491,1412,19
1296,1744,942,268,8
796,1265,636,180,12
350,7,3,0,0
388,18,1,0,0
630,1084,658,218,7
392,6,0,0,0
536,33,3,0,0
454,1182,238,182,2
709,1274,732,248,4
419,766,195,106,2
714,1617,2740,30422,14652
599,918,505,148,3
1596,3212,1963,530,10
1603,1170,612,160,2
1294,2391,1236,381,11
1027,1807,850,271,6
808,1863,374,356,7
361,133,70,34,3
386,9,2,0,0
1134,2386,1200,473,13
672,399,493,88,6
1676,1013,1126,204,8
920,18,2,0,0
360,602,374,124,5
359,17,1,0,0
990,342,30,1,0
462,180,8,0,0
1120,291,38,1,0
420,616,282,94,3
814,173,25,0,0
550,979,998,177,10
515,94,33,14,1
605,224,2,0,0
807,1197,1288,227,7
628,250,18,0,0
670,1291,646,194,7
704,24,0,0,0
633,120,6,1,0
386,102,1,0,0
420,792,354,96,1
574,164,8,0,0
554,899,446,100,2
976,172,10,2,0
436,82,102,14,0
251,250,118,36,2
2359,226,9,0,0
835,1484,669,216,2
378,5,0,0,0
544,152,10,1,0
244,8,0,0,0
503,91,7,1,0
424,15,16,9,0
740,349,6,0,0
295,106,56,12,1
838,1716,972,390,12
863,1484,608,166,6
548,18,1,0,0
843,1590,864,278,6
197,43,4,0,0
424,286,190,64,1
489,677,3228,45896,25109
676,101,100,29,0
381,18,11,2,0
242,5,0,0,0
626,145,3,0,0
386,14,2,0,0
595,236,160,77,2
582,982,520,135,2
612,1817,294,267,2
1062,1498,1601,391,46
452,160,14,0,0
570,120,6,0,0
612,160,14,0,0
880,222,12,1,1
664,15,0,0,0
822,1076,683,140,4
198,24,2,0,0
582,1276,240,160,3
531,16,1,0,0
872,144,8,0,0
786,1229,542,122,2
90,1,0,0,0
540,110,4,0,0
1005,320,21,1,0
610,1038,660,174,5
100,1,0,0,0
794,2064,385,367,2
546,1275,722,278,14
707,124,10,0,0
504,754,372,108,1
298,12,2,0,0
711,174,12,1,0
282,8,2,0,0
1080,1041,217,253,5
578,174,16,0,0
687,198,11,1,0
409,6,0,0,0
705,301,6,2,0
489,246,242,156,10
460,972,499,178,4
472,778,328,88,2
860,398,357,221,6
43,21,6,10,3
522,920,431,100,4
448,363,178,56,0
688,1380,1304,10464,6945
249,8,0,0,0
872,2030,393,302,8
112,7,0,0,0
290,33,1,0,0
796,1700,958,302,3
474,397,82,52,0
958,1319,1246,177,5
619,8,1,0,0
859,1534,772,220,3
697,112,72,24,2
524,688,660,902,157
486,889,571,190,7
594,1585,326,338,6
850,24,133,294,128
441,376,302,125,6
452,65,7,0,0
570,1354,666,265,6
820,48,1,0,0
1594,3338,645,556,3
784,1042,907,114,8
476,26,3,0,1
721,15,2,0,0
586,1266,702,242,6
997,220,17,0,1
689,1253,682,246,8
1614,432,28,1,0
681,20,1,0,0
946,29,0,0,0
502,116,11,0,0
670,1604,908,285,9
743,151,5,0,0
526,168,8,0,0
536,104,8,0,0
590,1379,688,284,5
484,196,14,0,0
270,13,2,0,0
475,86,90,97,7
545,850,464,100,5
534,1046,726,208,9
507,34,7,0,0
723,216,12,0,1
543,20,1,0,0
657,146,8,0,0
696,1556,832,214,6
1082,266,21,2,0
467,763,324,78,1
496,1330,199,142,0
604,174,10,0,0
1114,226,14,0,0
1026,2268,1304,324,6
414,59,3,0,0
508,96,8,0,0
744,207,2,0,0
481,164,10,0,0
441,122,6,2,0
212,64,37,8,0
522,34,4,0,0
564,926,404,140,4
657,1655,948,340,11
524,95,9,0,0
568,1095,494,180,6
546,1030,644,285,14
356,255,46,23,0
354,14,0,0,0
914,284,20,0,0
620,12,1,0,0
544,282,211,87,3
686,237,17,1,0
399,820,480,152,4
368,265,166,162,19
484,331,243,116,10
786,95,7,0,0
666,124,21,1,0
382,786,338,210,6
456,213,4,0,0
460,207,118,64,1
190,6,2,0,0
851,210,23,0,0
702,196,8,1,0
627,68,13,0,0
754,147,7,0,0
600,1052,462,108,2
1153,2322,1220,516,15
424,22,1,0,0
486,7,1,0,0
883,1750,975,260,8
1235,338,24,2,0
866,240,15,0,0
976,1892,1078,469,11
638,186,12,0,0
458,154,17,1,0
679,102,13,0,0
544,14,5,0,0
532,192,10,1,0
606,206,16,0,0
372,16,0,0,0
810,1990,364,313,3
683,180,14,0,0
546,218,18,0,0
911,968,1011,135,3
509,200,14,0,0
529,1292,248,287,3
1045,325,20,0,0
344,365,75,66,2
1543,246,30,0,0
742,108,10,0,0
1114,24,38,90,36
630,1179,558,197,4
312,189,86,32,1
381,598,303,84,1
847,1334,622,160,3
504,150,10,0,0
540,168,6,0,0
447,1142,302,374,3
728,1540,796,255,2
676,238,14,0,0
810,695,804,1816,372
825,1695,807,222,6
1008,30,3,0,0
674,1891,402,426,3
653,59,78,10,1
1639,297,23,0,0
452,148,8,0,0
698,1238,586,174,8
598,218,11,1,0
498,1102,600,224,8
778,1417,856,250,7
119,2,0,0,0
1090,292,190,58,3
416,254,359,405,32
686,18,0,0,0
653,1322,3526,63514,31198
582,1415,514,248,4
391,6,1,0,0
528,38,2,1,0
415,793,247,170,4
558,986,525,178,6
442,163,205,44,0
552,163,12,0,0
530,114,9,1,0
334,121,63,26,0
463,837,551,192,4
300,6,0,0,0
185,71,54,44,2
692,200,13,1,0
545,10,1,0,0
458,196,99,30,1
492,151,8,1,0
668,1364,675,220,10
282,25,2,0,0
566,98,10,2,0
243,6,0,0,0
491,135,10,1,0
372,837,347,107,1
632,126,7,0,0
444,281,138,30,1
430,88,10,0,0
506,949,464,138,3
479,1040,542,159,3
460,888,430,158,4
364,158,3,1,0
784,1059,660,170,6
1133,1790,818,198,2
2118,290,29,0,0
662,114,2,1,0
1300,278,16,1,0
722,28,2,0,0
424,231,59,10,0
858,191,14,0,0
618,16,20,84,32
688,186,22,0,0
577,143,13,0,0
644,730,23,0,0
803,552,400,142,4
438,1297,276,179,2
930,296,14,0,0
246,21,10,5,0
431,11,3,0,0
540,14,1,0,0
1051,2151,1281,438,12
1988,2647,2638,452,21
862,159,6,0,1
840,53,2,0,0
983,152,6,0,0
570,1309,1196,51311,20793
820,1054,910,151,3
760,265,297,78,8
947,138,6,0,0
490,1127,177,150,2
204,8,0,0,0
538,134,180,33,0
302,97,3,0,0
663,148,23,0,0
435,121,13,0,0
1061,2018,1051,342,8
1040,1560,690,152,5
394,76,2,0,0
1495,611,148,245,10
1960,320,32,0,0
1092,350,173,78,1
817,201,112,30,0
560,181,8,1,0
744,1748,875,270,13
802,299,7,0,0
612,666,287,1591,153
1092,612,350,109,3
775,388,248,60,1
348,42,3,0,0
384,65,8,0,0
733,19,2,0,0
782,217,18,2,0
580,18,1,0,0
480,72,5,0,0
714,1320,660,202,5
992,421,10,2,0
404,4,0,0,0
1274,2078,816,334,8
3473,876,83,2,0
531,276,104,34,0
1198,226,24,1,0
766,228,14,1,0
538,7,1,0,0
420,32,2,0,0
433,724,168,109,3
697,812,703,115,7
367,20,1,0,0
355,1193,358,401,7
581,173,8,1,0
396,84,43,28,0
1076,21,3,0,0
1764,2835,3086,592,27
1398,1698,301,325,6
542,26,5,1,0
428,429,328,866,137
434,123,12,1,0
450,762,604,162,2
886,1613,834,244,6
248,482,320,218,14
472,122,10,0,0
426,17,2,0,0
560,1165,558,213,5
603,225,7,0,0
530,144,14,0,0
634,149,8,1,0
414,1135,249,213,4
958,190,24,0,0
1152,180,6,0,0
1193,450,28,2,0
180,6,0,0,0
822,305,331,51,1
656,212,9,0,0
466,14,1,0,0
388,582,347,94,4
1750,617,713,140,9
475,756,388,100,2
710,1878,343,245,6
3336,6394,3256,1043,32
930,247,12,1,0
510,238,142,40,1
412,50,30,10,0
753,141,4,0,0
948,480,260,84,2
519,75,12,12,0
830,163,6,0,0
660,274,296,192,19
900,2122,1019,343,10
515,137,5,0,1
341,10,1,0,0
580,1192,680,224,6
800,106,52,10,1
534,22,0,0,0
516,137,4,0,0
884,23,1,0,0
632,34,0,0,0
1134,202,10,0,0
973,211,28,0,0
853,266,16,2,0
390,21,2,0,1
589,18,2,0,0
226,356,200,85,2
161,280,172,70,2
546,352,294,110,4
404,944,453,178,4
201,5,2,0,0
514,139,12,0,0
558,850,881,184,11
616,1790,353,311,6
832,361,6,0,0
1022,35,2,0,0
584,4,1,0,0
859,258,18,1,0
718,1190,614,158,2
840,1045,1402,263,11
372,23,0,0,0
479,153,58,8,1
540,24,1,0,0
330,8,1,0,0
491,172,84,28,1
582,1177,226,172,4
768,311,10,2,0
320,54,61,9,0
276,65,72,6,1
653,1174,628,180,2
860,168,4,1,0
1076,36,2,0,0
932,1514,946,312,18
772,23,1,0,0
1318,329,24,1,0
442,299,180,57,0
820,351,11,0,0
606,1154,427,170,3
362,63,0,0,0
694,20,1,0,0
349,104,6,0,0
450,94,4,1,0
872,1628,897,310,8
312,12,1,0,0
740,1022,965,137,5
653,183,181,90,4
782,1055,942,108,0
1026,1682,1574,274,14
1066,297,18,2,0
1266,330,32,2,0
880,214,33,0,0
632,1152,518,132,4
1010,222,29,1,0
665,150,3,0,0
670,944,924,170,4
732,1446,784,210,5
1185,338,22,2,0
1181,2394,1100,397,11
776,23,1,0,0
392,36,26,12,1
809,1524,842,222,4
634,112,8,1,0
628,207,22,2,1
421,41,5,4,0
602,158,8,1,0
1052,2208,1088,447,14
1058,1960,1027,282,7
1106,435,244,92,2
832,58,4,0,0
694,180,16,0,0
485,316,67,60,0
622,33,2,0,0
657,10,1,0,0
534,530,334,91,2
416,58,1,0,0
1012,126,12,0,0
368,18,4,2,1
583,20,4,0,0
1943,520,32,3,0
287,819,165,212,7
953,336,154,50,0
467,591,542,59,3
966,1801,1010,383,21
600,1622,314,228,6
572,29,3,0,0
674,1171,573,198,6
465,910,412,131,4
758,1868,427,335,10
698,420,246,76,2
464,10,1,0,0
776,1223,468,126,2
295,73,34,8,0
423,144,126,105,4
385,74,3,0,0
842,901,936,127,2
496,86,8,0,0
578,1126,636,211,4
2572,6906,1541,1471,28
551,287,146,32,0
1402,2153,1072,266,4
789,24,4,2,0
1008,384,559,155,17
662,1014,1058,141,2
306,306,80,70,6
382,828,391,142,4
639,38,1,0,0
1052,1592,841,266,8
790,11,4,0,1
411,895,602,156,6
130,18,2,0,0
568,182,114,44,2
298,5,0,0,0
339,112,195,194,80
1862,266,18,0,0
665,144,8,0,0
1810,46,11,0,0
678,26,0,0,0
959,1740,900,241,6
717,176,18,0,0
734,1520,890,290,13
626,770,791,140,3
78,3,0,0,0
724,1862,408,390,3
712,181,11,0,0
695,195,13,1,0
492,253,104,34,0
186,11,0,0,0
760,775,931,202,9
627,19,0,0,0
1359,330,21,0,0
469,120,7,0,0
688,78,5,1,0
428,773,350,94,3
602,419,77,106,2
580,1224,716,378,28
664,1726,332,312,3
880,1431,675,153,5
154,4,1,1,0
563,894,474,113,5
648,1118,501,164,5
807,1536,695,178,6
673,1174,731,187,4
812,323,176,37,1
401,10,0,0,0
408,11,2,0,0
534,1101,572,176,6
817,2289,461,302,4
328,96,43,18,0
977,150,9,0,0
341,65,1,0,0
1098,102,4,1,0
2061,5781,3135,1346,38
826,228,15,0,0
994,4316,977,1325,25
1002,69,6,0,0
643,16,1,0,0
852,260,10,2,0
542,917,640,106,2
541,171,86,22,0
530,1044,492,205,8
236,6,1,0,0
471,13,6,0,0
600,400,176,100,1
394,975,208,181,1
1092,1484,252,204,1
536,849,1062,171,11
539,186,13,0,0
1308,32,5,0,0
1287,2632,1210,348,10
773,1844,992,256,4
995,1188,734,416,35
508,32,5,0,0
606,118,10,0,0
152,32,25,6,1
566,1028,474,138,2
881,138,12,1,0
649,162,12,0,0
494,82,4,2,0
427,724,370,122,1
288,41,15,2,0
661,188,10,0,0
1260,35,3,0,0
402,130,10,0,0
223,3,0,0,0
1037,2170,1114,229,8
1486,3384,1420,544,12
1174,67,6,0,0
1455,4486,2352,1026,26
1111,543,31,1,0
1593,1879,1276,973,126
621,7,0,0,0
681,1088,566,188,4
648,146,9,1,0
496,14,1,0,0
570,114,44,8,1
518,226,137,52,2
356,660,324,88,1
502,127,2,1,0
284,22,6,2,0
314,907,171,125,3
356,9,2,0,0
488,62,6,0,0
388,206,5,0,0
1207,1428,768,258,10
1728,658,23,0,0
1080,2506,1162,316,8
1056,3533,623,452,2
717,1120,742,283,8
648,1480,734,280,6
558,12,1,0,0
430,105,20,1,0
1138,148,10,1,0
388,12,6,0,0
564,1005,467,126,2
430,73,6,0,0
657,256,213,40,1
486,1456,423,382,6
462,860,540,242,18
553,118,7,3,0
266,444,242,72,2
1900,1819,1634,281,12
1302,478,31,0,1
1040,116,4,0,0
507,628,2644,21838,6692
1050,47,5,0,0
580,74,3,0,0
986,1357,851,273,4
2764,2478,1490,444,10
379,301,188,64,2
452,77,12,0,0
324,4,0,0,0
1114,1770,864,245,4
603,17,1,0,0
464,794,418,114,4
442,945,172,121,3
697,275,12,0,0
338,12,0,0,0
639,19,1,0,0
425,13,0,1,0
458,762,376,93,4
692,22,7,69,24
438,18,1,0,0
584,14,0,0,0
1213,114,4,0,0
620,65,10,0,0
516,1361,853,421,23
1223,257,10,1,1
604,1162,688,324,17
492,130,1,0,0
785,1855,295,207,1
516,702,728,110,4
397,645,258,69,1
939,1413,1293,213,14
531,162,74,17,0
498,5,0,0,0
556,83,4,0,0
1814,833,16,2,0
781,572,503,6235,878
591,1568,812,311,8
728,18,2,0,0
1422,80,4,0,0
891,2188,1072,287,6
755,1199,251,247,4
716,223,12,1,0
466,246,4,0,0
403,144,66,25,0
836,30,2,0,0
822,1467,764,223,4
526,190,15,2,0
421,14,8,6,0
510,1451,315,274,4
691,304,13,0,0
394,6,1,0,0
204,252,126,32,1
679,202,15,1,0
1305,2164,1866,910,75
843,320,21,1,0
362,208,8,1,0
1062,418,20,0,0
673,1778,915,290,8
1024,324,20,2,0
675,1336,633,335,10
588,188,8,0,0
1060,1790,759,204,4
673,1185,643,228,10
550,1102,644,186,6
682,1292,596,168,3
976,268,17,1,1
1304,989,633,402,22
1144,1560,914,333,8
1430,990,1009,175,7
956,2666,1254,318,5
653,86,5,0,0
723,1162,598,202,3
380,790,489,224,10
526,116,4,0,0
825,276,18,1,0
701,1222,566,206,3
527,10,0,0,0
571,1174,738,307,10
561,940,736,190,4
650,20,4,0,0
296,66,26,14,0
288,69,4,0,0
1424,3016,1332,395,10
1008,2072,1566,414,10
748,1636,976,252,4
838,802,500,171,3
724,1313,1194,161,10
840,2323,1135,393,8
1066,3002,1718,548,20
962,1955,406,294,4
366,1098,184,116,0
627,170,6,0,0
564,184,89,22,2
173,263,264,37,3
817,186,106,71,4
524,98,12,0,0
541,129,158,2360,2015
1052,245,38,40,0
511,106,6,0,0
1392,3794,1626,834,26
1393,3470,2088,780,26
1082,203,21,1,0
809,2338,1206,542,23
1187,2794,1368,412,14
811,1026,764,714,136
718,95,71,12,2
842,1473,1403,292,14
702,291,14,3,0
424,826,448,116,5
633,171,20,0,0
283,49,16,3,0
418,90,6,0,0
300,65,32,6,1
257,30,35,5,0
534,29,0,0,0
623,266,8,1,0
1400,535,14,0,0
387,4,0,0,0
629,1116,512,132,7
158,11,92,252,43
1792,3668,1767,476,6
713,1015,1208,20045,3063
784,931,634,430,18
1175,518,36,1,0
1344,3187,1670,599,16
705,1766,1125,382,12
692,732,3948,24132,9315
273,130,6,0,0
345,1033,228,284,8
400,245,126,20,1
638,1424,823,271,4
254,490,230,40,2
492,49,6,0,0
684,16,3,0,0
303,6,3,0,0
717,245,18,1,0
968,1732,846,212,4
1056,2682,4230,15734,3797
991,126,9,0,0
1490,614,46,0,0
546,1102,522,112,3
436,617,664,116,5
722,206,20,1,0
444,100,60,29,0
424,991,212,196,4
1385,359,20,0,0
635,1504,300,200,4
1720,562,39,0,0
1298,2104,1378,567,12
1306,498,10,3,0
1942,2602,2539,410,23
2138,790,60,2,0
874,216,14,1,0
1214,2507,1114,368,4
1000,2362,1120,597,28
729,1106,600,376,20
478,37,1,0,0
399,82,8,0,0
511,90,6,0,0
503,90,15,1,0
289,76,6,0,0
714,1941,344,320,2
790,146,8,1,0
307,387,330,81,5
114,25,37,2,0
337,479,236,108,8
1607,108,6,1,0
763,1674,828,248,6
1784,469,28,0,1
1292,318,62,86,6
526,808,598,376,24
611,492,392,142,4
608,2085,1190,536,22
250,16,1,0,0
446,956,1533,23823,15110
462,936,462,156,4
305,567,290,74,3
738,1238,1302,287,22
325,819,158,84,2
462,604,639,92,2
522,967,460,140,3
556,801,885,311,63
1163,62,2,1,0
815,1598,872,266,4
1657,482,20,3,0
1378,2075,2001,267,7
1976,3892,2057,676,14
491,134,6,1,0
634,1776,984,297,8
544,31,2,0,0
578,106,9,1,0
1073,222,13,0,0
524,1332,656,180,3
899,332,30,0,1
520,108,8,1,0
428,48,1,0,0
1662,150,305,182,29
391,24,3,0,0
926,2464,1259,335,12
243,732,338,122,4
462,1258,703,176,8
463,506,389,401,46
667,1688,906,270,6
7756,1804,181,4,0
1054,132,14,0,0
451,194,12,1,0
1206,2982,1724,570,15
535,116,6,0,0
857,66,4,1,0
560,1677,866,320,4
392,961,460,172,4
903,1160,723,282,8
458,188,11,1,0
691,255,23,2,0
229,20,2,0,0
712,1647,804,408,12
1002,1902,2012,396,24
553,1657,912,332,4
765,1822,1120,448,8
527,27,0,0,0
920,958,1298,407,68
820,284,17,1,0
623,2232,442,628,33
1060,222,13,1,0
851,1266,595,196,5
869,1816,882,222,2
819,457,300,119,2
732,1090,330,1007,89
1093,2638,1232,316,6
646,1455,1682,368,18
442,522,211,62,2
477,381,219,96,5
254,284,210,252,22
346,10,1,0,0
581,213,14,0,0
90,2,0,0,0
2232,5681,2714,919,22
796,181,13,1,0
746,1275,192,163,1
672,994,595,180,5
1108,2608,1403,520,18
1159,2177,2014,339,16
604,1424,732,204,4
1060,1670,1551,212,10
660,75,5,1,1
642,2100,375,202,2
412,1498,277,275,11
844,2542,1014,334,13
1106,2021,1809,358,13
523,133,6,0,0
600,164,8,0,0
810,385,22,2,0
920,254,14,2,0
1096,118,8,0,0
1836,665,44,1,0
850,182,10,1,0
528,1840,317,382,11
991,1400,1004,434,24
1161,2812,634,800,35
422,7,1,0,0
1371,518,30,1,0
496,692,330,88,1
536,65,6,0,0
758,2247,1102,316,8
663,314,26,1,0
703,216,18,0,0
677,2036,980,284,3
1318,65,4,1,0
886,34,2,0,0
566,40,2,1,0
1150,2414,1428,388,16
615,45,9,0,0
624,256,4,0,0
592,2283,434,327,9
755,1410,604,102,1
1230,65,3,1,1
701,64,6,1,0
726,74,6,0,1
456,347,161,40,0
752,321,28,2,0
448,66,4,0,0
288,258,188,472,139
1252,3084,1540,556,14
503,762,160,20,1
803,2314,1222,382,12
740,214,14,2,1
832,134,130,230,16
808,1068,740,255,4
872,1600,3623,5299,1994
615,18,1,0,0
834,61,5,0,0
1228,2407,2278,369,7
782,2466,1270,674,63
1098,383,22,2,0
524,1300,560,124,2
377,34,2,0,0
923,330,21,1,0
866,172,6,0,0
374,1801,328,245,3
432,52,2,1,0
1017,254,17,0,0
1412,1070,774,471,38
1120,1153,710,202,6
1596,802,393,88,1
1070,1806,1805,217,5
825,164,8,0,0
961,1201,659,152,5
585,962,722,310,6
761,3103,477,364,1
804,1876,922,264,4
608,662,146,166,0
1242,125,16,0,0
1060,261,20,0,0
799,70,7,2,0
1122,3014,1721,704,16
644,620,394,166,7
981,76,6,0,0
756,2284,892,418,14
534,1406,584,154,4
986,1344,985,566,64
1638,52,10,7,0
309,21,3,0,0
1461,958,666,302,14
1254,379,20,1,0
406,922,838,153,4
892,73,5,0,0
889,164,10,0,0
944,54,2,0,0
944,19,2,0,0
756,1005,469,144,2
1044,2736,1457,1060,285
1002,40,6,0,0
614,60,2,0,0
478,438,256,50,1
683,281,23,1,0
553,414,319,59,3
888,2083,802,288,4
658,282,18,2,0
659,131,7,1,0
1592,4660,2902,1252,38
3037,6564,3568,795,14
788,1588,1714,338,13
1846,3678,2188,778,40
541,775,539,132,2
588,332,13,0,0
1003,954,543,236,4
909,2228,1176,408,15
715,1447,311,305,3
972,2372,1264,310,9
652,418,15,3,0
736,935,209,175,4
1080,518,6,1,0
868,2235,1125,310,6
795,306,19,1,0
717,276,10,1,0
710,1403,1403,224,8
655,270,24,0,0
2139,416,31,2,0
2708,590,24,0,0
938,363,20,2,0
3058,6248,3098,1024,38
854,56,6,0,0
761,124,10,0,0
704,479,689,181,13
846,1628,612,186,2
1335,247,12,0,0
643,800,363,114,1
607,1602,693,302,12
925,306,4,0,0
694,60,4,1,0
512,661,244,92,1
902,1896,675,313,4
986,38,5,0,0
567,171,15,1,1
282,423,178,92,4
166,548,304,85,2
820,70,6,1,3
1118,2404,1246,425,9
494,145,8,0,0
673,374,22,1,0
1951,2755,2453,311,7
2910,1430,36,1,0
648,1048,1030,171,4
537,124,6,0,0
896,106,5,0,0
968,18,2,0,0
944,2684,1680,641,28
732,168,14,0,0
324,24,6,0,0
1040,528,41,2,0
625,1904,900,392,12
662,260,16,1,0
142,218,110,36,0
162,225,58,6,0
842,350,24,0,1
489,476,266,86,5
306,553,110,168,5
292,246,90,72,1
1180,2874,1332,420,10
5240,3828,92,3,1
573,1342,666,182,5
755,176,12,0,0
898,1292,713,226,2
896,331,24,1,0
788,1019,521,246,10
813,55,6,0,0
684,832,440,224,9
1957,2725,2693,381,14
742,293,17,0,0
1091,284,12,2,0
295,25,3,0,0
1182,2599,1601,698,28
200,452,198,101,4
1034,509,15,1,0
276,188,6,2,0
273,2,1,0,0
1284,138,2,0,0
4555,2807,65,7,0
440,46,4,0,0
795,1970,822,223,5
910,270,32,0,0
619,78,0,0,0
530,750,1800,34882,18762
1000,414,30,1,0
1292,575,30,3,0
1104,2533,1413,520,21
757,75,4,0,0
1068,3075,1490,566,12
444,158,7,0,0
632,1672,852,273,6
600,1519,950,504,32
652,111,4,1,0
1669,3588,1685,424,7
8222,5382,135,6,0
528,150,10,0,0
774,372,256,236,36
1052,472,29,0,0
1280,333,7,1,0
1013,223,20,0,0
652,34,4,0,0
500,51,3,1,1
701,1552,816,332,10
614,72,8,0,1
660,164,14,2,0
1406,614,366,114,1
922,46,4,0,0
789,162,12,0,0
673,294,24,2,0
559,1324,586,164,3
888,294,22,0,0
562,1827,341,261,2
410,154,8,0,0
482,44,3,0,0
490,393,78,74,0
512,606,368,85,1
362,13,0,0,0
492,36,0,0,0
1930,3278,1367,370,8
728,41,2,0,0
580,1482,845,198,2
141,398,222,116,8
613,1513,671,162,6
498,1304,725,284,8
399,164,8,2,0
514,308,1100,9544,3106
