976,3,1,0,0
1675,1,0,0,0
1986,13,3,0,0
866,8,1,0,0
850,12,2,0,0
716,189,463,206,218
491,4,2,0,1
1135,864,1616,710,619
1525,22,2,0,0
890,494,904,263,239
828,465,1112,472,497
1369,864,1664,632,456
954,58,174,76,72
850,637,1128,451,360
1288,18,1,0,1
675,3,1,0,0
656,6,2,1,0
736,2,0,0,0
1235,16,1,0,0
922,4,2,0,0
642,26,36,14,12
422,4,0,0,0
1542,856,1461,313,497
1424,9,1,0,0
682,364,528,156,118
1504,26,4,0,0
1076,644,994,447,304
860,567,1018,432,358
588,371,968,479,542
632,253,607,357,299
699,8,0,0,0
1072,578,1149,402,325
1187,447,1136,185,377
1057,291,681,297,342
1106,4,0,0,0
990,630,1060,482,382
1788,1102,2226,905,796
1008,644,1374,640,722
892,545,880,352,314
856,602,1152,484,404
2440,1536,2844,1178,1082
490,328,506,230,178
864,12,2,0,1
2564,1307,2298,456,657
935,9,0,0,0
1011,8,1,1,0
634,276,470,79,103
1546,478,1199,277,560
1210,11,3,1,0
891,630,1352,569,542
643,1,0,0,0
1192,814,1736,534,600
290,3,0,0,0
650,4,1,0,0
1229,13,1,0,0
405,4,0,0,0
864,84,186,214,205
768,686,1402,845,874
994,564,1070,398,316
852,584,1140,432,418
736,8,1,1,1
731,8,3,0,0
1104,610,1192,475,348
1162,710,1266,586,434
478,381,688,426,230
680,6,1,0,0
951,288,618,274,267
685,260,646,278,326
307,1,0,1,0
178,66,186,66,79
1140,6,2,0,0
594,1,0,0,0
881,353,855,141,241
546,2,0,0,0
1207,18,2,0,1
405,262,467,192,166
780,2,0,0,1
910,14,1,1,0
1068,4,0,0,0
1248,12,3,0,0
880,592,1012,441,290
1304,4,0,0,1
988,415,941,192,489
710,644,1106,564,357
719,3,1,0,0
469,5,0,0,0
1586,5,2,0,1
850,4,0,0,0
574,28,97,18,38
670,3,0,1,0
1296,578,1237,182,340
2113,16,5,0,2
1223,2,1,0,0
634,6,2,0,0
490,1,1,0,0
496,499,761,498,291
848,10,3,0,0
652,359,718,209,200
770,8,1,0,1
871,168,324,149,181
440,292,502,207,167
1355,13,2,0,0
1251,12,2,0,0
838,6,2,0,1
789,437,974,381,358
938,10,2,0,0
434,0,0,0,0
1347,1143,2690,1182,1532
743,214,468,229,257
498,380,907,488,600
1388,478,1008,464,501
542,1,0,0,0
470,1,0,0,0
853,6,3,0,0
833,1,1,0,0
524,5,3,0,0
877,8,1,0,1
938,6,0,0,0
912,465,746,152,249
787,1,0,0,1
939,810,1150,695,449
1013,564,968,455,348
774,581,1303,903,531
1065,506,978,349,322
1600,968,1630,618,531
754,475,914,395,338
609,538,867,376,300
476,4,0,0,0
731,516,1117,348,342
724,4,1,0,0
1264,781,1514,638,534
766,504,948,464,306
855,10,3,1,0
892,558,1112,444,370
850,3,1,0,0
2372,544,1063,157,244
1836,1272,2492,963,881
981,614,1216,546,433
1493,4,0,0,0
504,2,0,0,0
713,6,2,0,0
1133,16,3,0,2
184,91,202,74,78
959,9,0,0,1
1167,729,1277,538,396
1008,524,966,378,292
1309,613,1540,582,494
756,492,912,396,362
1300,800,1518,694,514
797,462,892,312,310
596,157,406,164,210
1034,11,1,0,0
848,12,4,2,0
594,1,0,0,0
724,14,35,12,10
638,4,3,0,1
1580,19,3,0,0
647,4,0,1,0
170,54,126,26,62
2638,24,7,0,1
372,206,380,55,102
1046,598,1000,414,304
948,499,773,153,214
670,3,0,0,0
721,533,1194,408,382
1044,524,1067,161,331
672,450,792,296,254
784,450,916,373,334
590,5,1,3,0
808,6,0,0,0
940,1036,1731,1029,774
862,2,1,0,0
650,602,1204,691,512
830,388,824,342,420
587,339,744,310,353
793,546,961,394,273
981,10,0,0,0
1410,3,3,0,0
570,4,1,0,0
616,377,814,420,493
654,266,646,284,216
840,350,774,141,255
1566,279,663,119,356
1084,779,1310,634,484
1611,974,2032,948,1004
1144,6,0,0,0
1368,927,1824,751,597
1111,369,1052,204,472
736,8,2,0,0
780,10,2,0,0
356,1,0,0,0
3096,1649,3327,558,1118
1534,946,1977,764,603
1054,582,1110,462,328
1529,693,1506,570,453
761,398,1034,203,455
1144,487,1106,531,531
2284,1014,2906,499,1131
921,754,1332,597,536
652,358,669,218,218
967,681,1324,511,429
558,356,548,224,142
866,851,1661,922,658
1194,979,1883,1221,725
720,706,1274,811,544
507,489,859,540,271
546,133,306,144,170
840,107,311,134,152
1642,956,1806,716,644
1795,38,9,3,0
1490,855,1582,704,538
842,5,0,0,0
444,184,416,180,196
588,4,0,0,1
710,7,0,0,0
1293,12,9,0,0
1262,684,1510,532,525
748,11,0,0,1
467,190,540,187,169
703,152,520,80,256
590,420,854,312,322
3124,12,1,1,0
1070,7,2,1,0
2069,32,5,0,0
1778,761,1235,230,377
1365,5,2,0,0
494,340,668,274,246
1593,11,3,0,0
738,420,856,306,286
1387,947,1701,678,668
2901,1313,2678,509,805
731,535,1067,557,389
723,2,0,0,0
636,196,464,194,211
622,329,676,304,238
672,178,484,196,238
2033,1082,1992,916,916
726,5,0,0,0
439,210,425,308,290
511,274,448,189,172
764,354,774,146,459
554,284,585,234,286
597,408,648,212,168
750,370,760,295,272
1591,686,1434,703,816
757,10,0,0,0
2644,1809,3046,1338,963
2397,1767,3335,1258,1121
1647,903,1986,362,568
806,0,2,0,1
1234,576,944,200,270
718,292,819,396,508
642,8,2,1,0
832,8,1,0,0
1146,824,1500,578,468
718,4,1,0,0
1416,827,1507,602,512
2071,42,9,0,3
2245,20,3,0,0
799,1,0,0,0
1312,960,1848,720,742
1352,13,5,0,0
1158,8,2,0,0
824,3,1,0,0
1061,545,1341,229,573
1057,474,1116,167,337
686,4,2,0,0
1302,825,1362,605,430
1345,521,1289,552,678
1182,655,1393,915,848
1262,16,4,1,1
568,316,540,242,166
840,12,3,0,0
1128,5,1,0,0
749,31,32,10,22
508,1,0,0,0
1464,11,5,1,0
593,236,548,62,144
499,4,0,0,0
1488,731,1599,680,510
1625,19,6,0,1
1318,19,2,2,0
922,695,1331,260,415
204,0,0,0,0
748,314,802,292,398
869,556,910,350,258
1082,650,1204,448,370
322,15,38,28,14
493,0,0,0,0
667,396,978,374,378
1444,26,4,1,1
2188,1177,2162,896,764
828,554,1116,444,364
687,8,2,0,0
584,447,834,404,252
906,396,956,474,552
956,7,1,0,0
622,9,0,0,0
1962,983,1791,325,513
578,363,882,574,525
1276,408,927,426,482
1309,16,2,1,1
1674,1429,2007,1269,673
1052,14,6,2,1
2326,512,933,153,282
742,5,0,0,1
918,754,1330,723,500
660,278,707,136,305
920,464,1066,291,316
684,7,1,1,0
1142,706,1412,569,496
2296,5,3,0,0
1794,1505,2397,1313,779
1281,741,1428,601,540
1512,727,1307,269,382
592,2,0,0,0
893,11,3,0,1
787,238,636,362,396
690,6,2,1,1
1058,905,1887,1112,721
1126,790,1297,834,507
593,520,958,548,411
1990,880,1643,295,461
990,23,2,6,1
704,307,553,87,109
1080,4,3,0,0
1336,9,0,0,0
413,1,0,0,0
1106,893,1316,750,429
763,3,2,0,0
821,18,4,0,0
700,746,958,621,411
769,8,3,0,0
1856,12,1,0,0
1380,16,4,4,0
1396,10,1,0,0
2211,20,4,0,1
788,5,0,0,0
671,4,0,0,0
1567,4,0,0,0
867,489,1035,436,347
1025,570,1224,392,436
1392,469,1112,268,436
2195,1252,2186,781,672
744,6,2,0,1
1219,10,1,2,0
583,6,1,0,1
216,214,305,173,105
544,2,0,0,0
1810,732,1497,232,414
1022,886,1665,730,506
366,2,2,0,0
1198,340,836,532,580
514,373,742,302,274
606,3,0,0,0
340,174,328,138,134
729,2,0,0,0
607,163,429,82,183
404,17,60,18,30
1158,17,5,2,1
681,232,520,236,208
922,3,4,0,0
756,315,662,97,150
1962,1148,1802,769,582
482,2,0,0,0
817,508,1226,266,506
1100,17,2,1,1
934,2,0,0,0
1087,12,2,1,1
488,1,0,2,0
858,8,2,0,0
830,8,3,0,1
876,10,0,0,0
1019,12,1,0,0
1107,2,0,0,0
598,256,598,214,210
1078,658,1519,257,385
2469,1608,3386,1425,1284
836,20,38,8,12
1257,12,3,0,0
906,620,1007,426,340
906,465,853,185,245
826,176,381,140,206
748,472,976,390,338
708,414,891,356,494
707,230,581,176,234
728,5,0,1,0
1658,22,3,2,1
1396,10,3,1,1
720,364,754,274,252
555,1,2,0,0
869,14,2,0,0
868,596,1234,420,449
1266,4,1,0,0
926,12,2,0,2
918,605,1233,604,692
580,3,2,0,1
823,422,924,324,323
818,2,0,1,1
878,303,714,109,216
624,341,756,509,381
1084,579,1060,147,241
356,2,0,0,0
690,384,828,376,422
1072,10,2,0,1
954,4,1,0,0
694,9,3,0,0
582,377,785,273,268
654,510,930,494,300
603,405,839,577,489
954,4,1,0,0
276,9,13,6,4
1538,16,2,1,0
1057,4,0,0,1
934,18,5,1,1
490,24,228,16,104
1080,10,1,2,1
688,568,930,596,353
459,130,320,145,170
625,607,1379,891,811
789,9,1,0,0
758,16,1,1,0
950,11,5,0,0
1021,16,1,0,0
791,4,0,0,0
759,546,968,374,307
1031,963,1362,915,498
718,318,696,320,406
911,454,1013,504,590
1201,648,1126,446,414
700,3,1,0,0
837,266,646,284,346
533,6,1,0,0
890,10,2,0,1
796,492,1022,482,524
827,214,408,62,195
1151,732,1476,974,772
1096,16,4,0,0
801,487,890,298,284
455,415,1067,770,697
634,575,978,541,286
1034,14,0,1,0
665,0,0,0,0
1215,4,0,0,1
1150,794,1545,586,598
988,21,2,0,0
1062,8,5,0,1
1063,1144,2452,1273,1015
607,448,898,374,352
1013,605,1067,255,349
728,476,992,378,329
934,11,2,0,0
809,7,3,0,1
855,11,2,2,0
648,209,588,260,284
854,77,181,118,141
1192,12,2,0,0
804,420,1075,475,531
874,17,5,2,0
812,8,3,0,0
429,291,660,252,294
796,369,921,451,497
1071,8,2,0,1
800,411,876,368,306
642,618,1431,979,910
1949,1130,2046,759,648
1369,546,1428,243,533
866,586,1112,464,426
1115,15,2,0,1
558,9,0,0,0
318,287,556,332,239
956,20,56,19,36
1062,626,1280,488,418
1668,14,2,0,0
810,9,4,0,0
862,40,93,10,29
1133,579,1070,404,286
908,779,1121,691,439
825,538,1114,383,338
608,581,1205,676,568
910,584,978,452,300
661,607,1646,1025,824
884,733,1455,904,567
864,464,837,271,255
883,671,1247,669,413
609,283,854,364,410
1227,2,0,0,0
325,212,503,204,234
788,8,1,1,0
737,404,1080,608,529
664,372,1094,432,366
1140,16,2,0,1
670,5,0,0,0
874,3,1,0,0
925,10,2,0,1
383,4,0,0,0
777,442,1071,504,651
711,397,861,444,441
506,192,442,89,184
859,54,134,70,65
1043,560,969,356,275
834,72,174,76,117
1420,12,0,0,0
832,568,924,354,286
730,6,0,0,0
376,2,0,0,0
986,17,3,1,1
1278,13,0,0,0
1137,756,1369,549,440
968,612,1072,400,317
1133,12,2,0,1
901,706,1124,560,567
1964,990,2090,363,599
1070,563,1130,188,321
1110,865,1388,606,446
704,302,912,271,430
440,6,2,0,0
2207,656,1743,226,524
764,510,1034,496,364
984,16,0,0,1
1254,788,1531,558,560
677,270,602,128,174
1430,760,1385,312,457
2248,19,4,1,0
658,56,180,94,123
894,7,2,1,0
936,10,2,1,1
1012,11,5,0,1
1434,16,2,0,1
895,8,0,0,0
507,416,841,580,341
1177,7,2,0,0
1126,490,1057,184,323
3142,31,4,2,3
878,525,940,390,278
661,340,898,365,331
432,122,344,157,214
168,95,244,139,82
698,0,0,0,0
901,14,1,0,1
1568,25,4,0,0
726,2,1,0,0
845,7,2,2,3
913,0,0,0,0
410,194,410,98,117
1998,1415,2214,953,719
812,830,1410,743,482
884,572,972,478,334
876,538,1130,480,530
404,4,1,0,0
880,204,464,84,211
940,8,4,0,0
873,15,1,0,1
1148,0,0,0,0
1320,619,1343,229,409
439,244,520,226,152
1190,714,1578,584,569
951,11,3,0,1
580,9,1,0,0
928,746,1644,543,520
1012,766,1330,541,428
1364,26,5,0,0
1040,10,2,1,1
1092,8,1,0,1
844,2,0,0,0
534,622,1158,654,412
288,2,1,0,0
1013,8,0,0,0
1995,1,0,0,1
872,662,1111,429,337
720,508,1329,668,778
910,458,1184,499,635
550,3,1,0,0
2428,1566,2566,1052,786
838,2,0,0,0
1015,13,0,3,1
926,458,960,402,272
833,5,2,0,0
1255,8,4,0,1
566,2,1,0,0
829,14,4,0,0
837,12,2,0,0
707,16,4,0,0
792,4,2,0,0
618,69,193,36,93
1173,13,0,0,0
591,10,1,0,1
558,510,1072,464,324
981,678,1149,442,348
875,634,1044,412,354
1068,7,4,0,0
828,327,677,337,324
1898,50,132,17,67
727,540,979,411,304
1221,11,2,0,0
923,615,1284,553,488
962,495,830,300,254
690,599,1148,802,671
644,101,322,141,162
1210,552,999,164,236
826,3,0,0,0
1957,884,2495,774,1158
4910,38,7,1,2
1299,16,2,2,2
329,184,498,284,264
714,323,771,93,239
620,367,683,501,342
610,282,595,128,176
740,8,3,3,0
566,274,648,262,192
872,95,180,84,106
995,746,1438,600,560
1002,628,1114,492,382
1192,4,0,0,0
592,402,850,278,321
727,710,1116,615,359
1464,8,1,2,0
913,653,1445,642,678
955,3,0,0,0
718,3,0,0,0
652,9,2,0,0
629,562,850,373,344
720,185,685,119,298
779,318,799,238,232
940,9,5,0,0
1026,6,1,0,0
800,474,803,298,237
602,2,0,6,0
898,1,0,0,0
602,568,1134,710,576
1130,16,3,1,1
941,559,1262,652,716
760,527,1066,681,507
566,2,0,0,0
630,2,0,0,0
1360,13,0,0,0
683,332,808,426,488
823,532,902,318,268
942,14,1,0,1
1069,762,1262,495,368
868,3,0,0,1
951,560,938,429,310
1172,848,1504,618,514
838,12,2,2,0
764,8,2,0,1
1686,27,1,0,2
865,488,1228,540,602
974,9,2,0,0
1160,860,1689,951,863
1048,2,0,0,0
1724,25,27,28,19
536,373,787,282,265
1066,10,3,1,0
950,654,1312,462,434
947,389,858,132,309
1119,650,1209,476,346
500,2,0,0,0
1014,640,1151,476,378
802,391,821,376,314
861,20,2,0,0
3797,2265,3377,2168,1379
1185,6,2,0,0
1076,4,1,1,0
579,584,1199,822,765
1330,8,1,0,0
342,3,0,1,0
536,15,2,0,0
1382,669,1440,211,340
594,334,685,234,212
670,2,0,0,0
1290,21,4,0,0
2280,1168,2037,878,691
1249,656,1201,501,319
633,409,760,511,446
678,540,1138,466,504
520,6,0,0,0
1184,10,0,0,0
450,9,5,3,0
893,556,1127,508,414
830,409,922,428,450
583,4,2,0,0
1076,378,952,168,340
849,1,0,0,0
454,531,998,411,234
907,588,1101,464,418
1741,14,2,0,1
1406,16,1,2,0
1335,26,4,0,1
352,2,0,0,0
859,3,0,0,0
358,47,102,52,56
796,10,4,1,2
1019,692,1230,412,327
597,214,541,59,103
854,651,1413,839,667
866,404,830,471,404
1070,479,932,153,196
2648,16,3,0,0
2289,17,1,0,2
698,11,0,0,1
682,688,1016,564,328
996,8,2,0,0
495,78,198,81,90
575,5,3,0,0
1188,9,1,0,0
624,4,2,0,1
644,5,0,0,0
620,52,116,54,66
1291,616,1282,612,614
744,18,2,0,0
912,779,1168,839,493
2970,36,4,1,1
985,14,2,0,1
1236,625,1252,616,422
1266,19,4,4,1
1358,408,1137,203,542
284,1,0,0,0
756,459,788,127,217
872,494,989,372,339
723,11,1,0,0
490,45,114,56,53
1223,16,4,0,1
1066,676,1316,494,438
862,560,1022,466,392
939,19,1,0,1
1333,720,1254,245,392
1144,4,0,0,0
1076,1069,1671,1022,636
1320,552,1025,189,292
837,9,2,0,1
784,849,1298,707,414
957,651,1118,432,340
946,591,1408,512,447
806,444,860,291,292
1143,709,1154,474,366
1450,683,1136,236,317
996,685,1260,438,402
1302,1386,2423,1564,890
963,2,0,0,0
1774,1264,2412,931,798
776,745,1478,804,520
553,498,1172,569,698
1012,824,1768,820,942
670,417,897,436,464
1273,21,7,0,0
488,216,601,156,170
774,4,1,0,1
1384,1088,1826,813,727
712,15,5,2,0
550,5,0,0,0
1130,14,2,0,1
1124,442,1188,574,676
461,4,2,0,0
195,0,0,0,0
502,270,665,314,365
760,1,0,0,0
643,291,580,410,353
914,10,1,0,0
2293,458,2034,226,700
836,658,1202,648,399
828,880,1892,898,602
1905,1307,2547,918,871
1940,6,1,0,0
712,444,996,392,366
654,180,502,220,238
800,518,948,380,294
696,625,1157,735,415
580,1,0,0,0
1048,42,56,56,40
857,573,1094,416,338
836,6,1,0,0
704,5,0,0,0
798,232,444,279,241
1070,17,2,0,0
1487,11,1,0,0
1970,10,2,0,0
736,479,1118,466,562
850,798,1187,752,425
982,11,2,0,0
384,3,0,0,0
696,646,1205,549,371
926,12,2,0,1
593,0,0,0,0
2194,22,11,0,1
1640,921,1778,742,539
1107,649,1155,492,358
858,0,0,0,0
686,611,1016,567,337
923,5,1,0,0
815,12,3,3,0
888,478,1004,388,318
349,4,0,0,0
894,895,1276,640,451
678,50,120,64,77
784,7,1,0,0
949,503,1057,160,345
604,3,2,0,1
544,5,2,0,0
1066,12,0,0,1
560,341,887,380,464
790,393,695,138,184
314,202,462,216,236
287,0,0,0,0
742,493,816,316,236
491,2,0,0,0
837,794,1379,880,565
684,154,352,149,177
1390,520,1025,183,291
1328,870,1727,652,605
551,602,933,469,296
650,2,0,0,0
798,712,1071,711,392
1051,17,39,13,28
594,529,963,619,479
971,162,403,152,185
1039,530,933,194,293
746,2,0,0,0
772,4,1,0,0
368,0,0,0,0
624,10,3,0,0
650,529,987,537,327
841,4,0,0,0
488,289,774,156,348
548,0,0,0,0
626,0,0,0,0
360,1,0,0,0
592,111,326,145,149
608,190,488,226,263
604,4,2,0,0
336,256,491,195,135
705,382,853,332,292
628,475,981,381,396
927,12,4,1,1
826,626,1245,480,402
570,291,695,119,207
628,1,0,0,0
3133,2217,4074,2704,1936
714,612,1167,543,393
773,438,949,354,316
648,364,645,214,138
908,310,683,129,309
704,312,673,262,164
480,366,814,346,368
1600,1051,1898,704,596
853,732,1398,598,543
636,286,690,360,396
409,276,490,220,179
666,491,857,348,298
472,4,1,0,0
582,334,675,271,220
909,606,1214,462,394
511,6,0,0,0
774,10,4,0,0
658,6,0,0,0
653,567,1038,684,481
599,11,2,4,0
356,90,310,55,78
625,380,762,280,284
550,545,1003,613,408
540,2,0,0,0
267,270,466,329,227
1464,673,1334,448,368
809,524,952,352,278
1136,14,2,0,1
1098,981,1616,1047,609
972,9,2,0,0
730,17,0,3,0
670,2,0,0,0
641,7,0,1,0
960,8,1,2,1
410,422,1037,432,524
1263,948,1778,766,661
220,63,142,97,83
1052,41,53,7,29
948,7,1,0,0
1107,728,1486,710,752
869,564,922,336,264
523,302,853,332,423
874,791,1764,1335,1031
656,2,0,0,0
764,10,2,0,0
707,6,2,0,0
1042,708,1484,622,468
690,8,1,0,0
799,317,726,335,430
606,204,474,195,238
576,1,0,0,0
488,4,1,0,0
302,0,0,0,0
716,458,800,328,280
437,93,221,50,120
594,449,1170,942,772
842,428,786,145,240
462,1,1,0,0
1029,7,2,0,1
879,10,0,0,0
803,9,1,1,0
33,12,70,14,20
780,470,869,342,292
785,346,766,163,372
1054,459,1015,183,312
733,437,869,318,250
2208,12,8,1,0
655,147,190,42,26
523,352,674,262,204
564,379,864,601,289
724,10,1,0,0
680,4,1,0,0
377,196,481,315,278
1545,16,5,0,1
848,6,1,1,2
914,10,1,0,0
1476,950,2340,409,938
752,416,771,330,232
1076,4,0,0,0
439,282,508,212,164
1226,897,1958,1253,1135
1051,10,2,0,1
908,6,1,3,1
1244,426,864,366,424
876,7,0,0,0
916,462,915,347,281
559,3,1,0,0
493,452,986,401,518
664,496,990,355,308
1122,16,2,1,2
863,7,0,0,0
588,438,832,300,269
774,360,651,95,182
588,201,722,314,251
740,675,1280,712,496
422,2,0,0,0
387,237,739,386,349
720,416,936,427,341
541,140,369,77,196
592,8,24,14,16
770,456,1172,547,600
841,424,810,308,260
829,449,876,350,292
722,6,2,1,0
907,8,2,0,0
612,189,464,65,204
767,6,2,0,0
844,12,2,2,0
887,14,1,0,0
480,312,793,368,450
887,702,1365,659,506
1300,627,1209,242,357
1149,9,5,0,1
876,605,938,460,308
1020,730,1670,670,696
888,612,1162,437,388
654,10,5,1,0
801,444,878,378,329
674,592,949,657,379
1117,2,0,0,0
396,30,62,42,37
324,2,0,0,0
978,2,0,0,0
1145,14,4,2,1
1231,323,705,140,299
652,6,0,0,0
600,8,1,0,0
698,2,0,0,0
1288,6,0,0,0
665,6,1,0,0
745,9,1,0,0
610,506,879,463,316
211,193,537,372,344
671,6,2,0,0
300,5,0,0,0
897,10,1,0,0
772,2,0,0,0
1745,18,4,0,1
448,270,658,228,197
937,543,1125,189,344
866,606,1206,499,434
378,346,777,559,513
490,235,530,99,161
378,296,774,364,450
889,10,2,1,0
918,564,984,412,354
340,256,262,158,76
784,787,1114,705,408
1026,431,627,104,159
319,128,242,139,159
898,427,1160,1044,754
706,0,0,0,0
987,11,2,2,0
574,388,862,396,386
561,460,869,335,260
510,5,0,0,1
738,3,1,0,0
1068,684,1249,470,384
627,6,1,1,0
814,387,723,134,205
1026,16,3,0,2
591,6,0,0,0
1024,999,1878,1117,689
894,564,1068,438,356
476,219,392,73,102
799,897,1584,695,654
1441,4,3,0,0
571,424,772,277,233
692,7,2,0,0
388,0,0,1,0
1105,757,1267,538,388
793,499,905,362,284
646,10,2,0,1
1018,9,1,0,0
677,667,1244,751,483
2214,15,4,0,0
646,327,678,116,157
994,382,855,128,196
605,464,804,282,258
728,16,2,0,2
795,530,958,393,310
844,524,970,374,282
1022,10,1,0,0
837,464,1120,420,392
1892,1198,2182,960,804
961,852,1646,624,543
491,369,815,198,277
454,98,209,93,118
444,364,768,396,408
616,357,740,164,198
732,8,1,0,0
823,14,2,1,1
1172,18,6,1,0
439,428,964,374,381
914,311,834,356,398
1009,14,3,0,0
376,3,0,2,0
1086,15,4,0,1
552,336,615,236,190
1069,577,1061,354,334
2086,24,7,0,1
514,642,1434,768,535
1156,18,4,0,0
602,598,1264,548,706
847,4,0,0,0
922,167,376,72,165
822,562,1336,625,560
638,494,1096,467,626
473,4,2,0,0
712,8,1,2,0
930,810,1592,650,576
2755,2,0,0,0
900,370,808,370,397
502,2,1,0,0
739,204,454,206,228
693,180,368,136,194
992,606,1214,462,394
3041,1677,3859,1830,2187
1688,8,0,0,1
1186,980,2240,1031,1132
885,4,3,0,0
1021,822,1386,538,406
962,974,2101,946,1116
556,437,990,496,502
932,667,1070,442,299
433,3,0,0,0
1168,625,1438,209,433
452,291,546,237,205
768,570,1014,436,384
1061,15,4,0,0
716,12,2,0,0
777,564,1169,554,593
1140,16,2,0,1
865,284,1178,201,312
638,2,2,0,0
1146,716,1484,606,663
722,7,1,0,0
622,10,2,0,0
930,8,0,0,0
886,650,1202,460,375
1112,715,1312,480,402
970,794,1332,514,440
521,392,998,347,562
606,489,800,334,225
698,7,3,0,0
866,347,1076,148,268
1558,15,2,0,1
833,741,1161,496,404
694,188,460,205,195
1239,13,3,0,1
1341,998,2192,966,1238
656,4,2,0,0
1711,1252,2444,898,764
1014,11,3,1,0
750,653,1534,490,468
1206,935,1745,720,637
722,8,0,0,0
784,784,1451,658,712
542,498,1010,282,296
638,2,0,0,0
1194,1022,1845,642,602
744,746,1674,808,976
568,17,51,41,24
363,278,518,214,152
1565,878,1958,412,538
681,315,719,399,432
692,411,730,278,236
1865,1162,2154,764,634
2218,1816,3228,1358,1204
1153,724,1290,588,446
1390,992,2158,914,792
1298,935,1824,296,524
1171,826,1724,644,490
964,799,1574,604,550
938,659,1196,534,421
956,10,2,0,0
647,367,929,176,491
916,8,2,0,1
684,840,1535,939,576
718,429,881,407,447
1083,797,1412,578,516
834,634,1226,530,452
791,868,1700,743,876
758,234,594,251,292
2139,24,5,0,0
1050,808,1362,1060,529
960,1094,2310,1033,1147
994,14,2,0,0
801,748,1672,696,774
626,918,1666,902,562
1050,949,1825,786,602
574,124,227,134,156
762,12,2,1,0
578,5,2,0,0
423,104,168,15,20
1029,16,2,1,2
791,561,1196,491,592
798,476,958,437,436
694,7,3,0,0
816,12,0,1,1
722,314,834,333,420
670,834,1309,804,464
864,622,1114,427,386
2144,957,2348,470,1160
461,36,84,37,46
1360,274,598,276,317
1304,972,1980,751,608
963,8,1,0,0
1098,12,1,1,0
1928,10,0,0,1
1288,18,4,0,1
820,7,4,2,0
406,5,0,0,1
612,305,796,334,354
973,6,1,0,0
1342,1366,2222,876,721
425,596,1005,791,638
856,230,665,115,287
868,2,1,0,0
589,320,743,276,224
350,0,0,0,0
586,6,2,0,1
1096,14,0,1,0
1310,862,2064,796,872
387,3,2,0,0
523,2,1,2,0
1008,10,1,1,0
492,238,392,152,60
692,4,1,0,0
542,206,743,132,355
1088,12,1,1,1
918,471,1163,532,584
815,6,2,0,0
472,1,0,0,0
876,38,96,41,48
998,849,1453,584,460
794,3,5,0,0
651,6,0,1,0
1402,1106,2378,862,774
275,4,3,0,0
631,3,0,0,0
1024,749,1201,534,320
661,4,1,1,0
930,708,1141,493,362
1102,917,1950,838,763
1164,19,3,1,1
602,2,0,0,0
748,562,1002,424,308
851,110,216,84,108
737,16,0,0,1
792,660,1130,538,382
632,4,4,0,0
1046,8,3,0,0
922,207,610,94,242
635,334,789,380,452
868,8,4,2,0
1232,387,1041,508,616
1777,474,1036,544,618
1202,972,1722,589,470
756,422,820,327,221
1003,894,1514,547,448
778,5,2,1,0
662,2,0,0,0
593,408,722,158,236
796,1104,1523,1038,568
598,640,1690,795,900
1046,17,4,0,0
735,586,1318,382,856
952,5,2,0,0
728,9,2,0,0
1378,1107,2186,858,696
746,6,0,0,0
815,6,0,0,0
1001,606,1189,552,394
862,2,0,0,0
1142,4,0,0,0
1117,872,1383,560,398
653,1,0,0,0
940,583,1168,392,378
954,12,2,2,0
813,1,0,0,0
587,24,45,15,20
840,648,1489,635,812
1409,1164,2070,779,666
1067,896,1826,775,665
876,572,997,424,308
724,474,1230,616,688
928,10,2,0,1
658,328,802,356,254
883,622,1360,528,437
1750,1362,2526,1016,980
1312,8,0,0,0
1044,720,1314,476,384
747,512,879,369,250
662,9,2,0,0
604,475,1125,458,543
784,610,1271,502,430
800,508,963,400,300
936,819,1651,706,566
836,4,0,0,0
672,10,2,0,0
866,6,1,0,1
1120,18,3,1,1
766,684,1492,592,534
1001,840,1340,568,474
1007,658,1468,739,850
472,495,1128,626,448
1449,1054,1866,773,628
866,9,4,0,2
697,550,1133,516,486
1282,6,0,0,0
1295,14,2,1,1
1027,14,2,3,1
606,1,1,0,0
836,11,2,0,0
802,271,688,189,312
746,1,0,0,0
734,504,1106,520,558
1048,2,0,0,0
861,704,1331,518,371
881,12,2,0,1
1181,678,1150,213,334
1054,615,1289,404,419
2118,1862,3398,1419,1152
636,6,1,0,2
1072,830,1585,568,438
1113,13,4,0,0
1146,610,1211,433,372
1451,20,2,2,1
728,3,1,2,0
934,14,4,0,2
1914,921,2900,2325,1668
935,18,2,0,0
893,678,1223,512,453
689,539,1026,385,318
654,672,1361,594,630
909,8,4,0,0
576,568,1239,608,712
752,758,1370,609,506
852,12,2,0,0
665,3,0,0,0
575,413,932,367,472
668,400,1022,532,594
710,531,1258,619,676
1920,1086,2024,780,624
1427,1334,2638,974,966
780,10,5,0,1
672,12,2,2,0
670,419,1141,141,290
616,4,1,1,0
567,290,653,330,362
1657,24,6,0,1
346,4,1,0,0
788,4,1,0,0
1465,540,1508,157,396
810,10,2,1,0
868,643,1298,660,672
412,5,0,0,0
498,6,2,0,0
504,452,848,362,312
632,538,966,392,285
603,10,2,0,1
907,1127,2102,1222,804
1332,21,10,1,1
780,5,0,0,1
1443,18,3,0,1
857,14,2,0,0
890,12,2,0,0
806,452,1842,337,602
1613,28,8,4,3
812,10,2,0,0
302,3,2,0,0
457,616,1442,650,864
967,840,1579,547,500
646,12,1,0,0
982,16,3,1,0
896,389,877,129,207
902,548,1209,201,446
1117,10,2,0,1
1180,1030,2052,783,716
478,2,1,1,0
374,0,0,0,0
1576,19,7,0,0
2388,1143,2760,472,1268
858,755,1509,629,482
670,7,1,0,1
499,274,738,344,365
828,505,929,174,294
1755,1072,2518,1376,1483
488,423,752,275,234
446,338,680,255,211
1553,558,1320,266,667
580,8,2,1,0
806,230,546,156,254
812,705,1098,567,354
126,117,363,120,66
2005,16,3,0,0
1623,1211,2356,436,662
260,2,0,0,0
567,1,0,0,0
719,602,1238,434,390
804,690,1252,438,386
1072,13,2,3,0
361,289,804,420,419
1098,16,1,2,2
856,630,1112,434,354
886,536,1112,195,277
655,0,0,0,0
499,26,82,16,53
944,776,1202,478,348
646,13,2,1,0
778,603,1296,546,439
1201,712,1692,650,568
1492,778,1493,231,325
1625,16,1,2,1
552,1,1,0,0
829,893,1908,986,1072
737,651,1400,418,418
907,12,2,0,0
720,4,0,0,0
690,4,6,0,0
294,5,1,0,0
798,10,3,0,0
814,7,3,4,2
687,648,1093,496,334
592,7,2,0,0
687,468,1168,490,688
586,2,0,0,0
484,3,1,0,0
2038,1249,2920,1214,1180
3466,27,4,0,0
2334,1077,2412,444,637
844,784,2128,908,1045
1016,894,1604,620,524
1701,10,3,1,1
1135,16,6,1,2
671,9,1,0,0
267,158,548,110,258
612,6,2,0,0
706,455,837,162,296
1002,859,1446,586,445
1003,510,1114,502,499
748,8,2,0,1
590,10,0,0,0
792,913,1731,1024,669
545,3,0,0,0
671,505,1044,422,390
730,4,2,0,0
727,11,4,1,1
2694,27,4,1,0
1498,16,4,0,0
1522,964,2254,862,698
1320,8,0,0,0
1171,898,1798,970,1058
749,9,2,1,0
639,466,949,320,236
516,8,1,0,0
726,295,596,126,222
581,464,1069,500,540
663,10,1,1,1
204,1,0,0,1
804,11,1,0,3
542,2,0,0,0
1991,1995,3532,1319,1204
960,636,1120,460,340
485,552,916,599,434
1753,20,1,1,1
1253,54,130,75,90
1420,5,1,0,0
1282,1216,3287,1498,1620
754,10,1,2,0
1052,12,2,0,1
621,658,1642,825,911
1018,990,2094,895,1150
626,6,1,0,0
841,13,2,0,2
720,632,1256,536,442
417,447,1180,645,730
530,5,2,0,0
1280,10,0,0,0
770,2,0,0,0
628,288,666,328,190
1512,21,4,3,0
1564,30,4,1,0
715,981,1802,1389,984
736,6,0,0,0
944,14,4,0,0
791,568,1636,772,878
776,622,1120,426,370
362,3,0,0,0
814,667,1458,560,466
724,6,0,0,0
1152,1425,2531,1873,1658
991,10,2,1,1
656,8,3,0,0
882,12,4,2,0
712,10,2,0,0
786,467,1125,468,524
730,923,1993,764,922
1104,668,1397,566,452
650,3,3,0,0
417,2,0,0,0
1438,4,0,1,0
1104,997,2059,773,727
977,852,1511,642,530
505,470,978,398,365
1190,1085,2012,826,704
786,608,1311,547,554
528,5,0,0,0
702,9,3,0,0
706,663,1238,543,444
684,4,0,0,0
1122,16,4,0,1
338,155,222,43,65
700,488,892,368,339
1036,14,0,0,0
1116,10,3,0,0
1449,12,4,1,0
691,637,1171,403,374
1103,756,1324,263,406
742,681,1301,512,389
734,392,746,144,246
1153,3,1,0,0
290,238,452,219,166
749,11,1,0,0
806,826,1734,858,974
1002,752,1428,658,746
724,6,0,0,0
631,651,1285,956,723
442,502,897,542,320
522,2,12,3,5
499,252,656,351,352
1741,1920,2792,1528,979
2453,2072,3826,1684,1378
1012,946,1778,728,564
786,638,1062,457,369
1449,1142,1990,806,642
619,8,4,0,0
1398,1041,2074,737,703
852,739,1705,749,827
690,12,1,0,1
663,3,4,0,1
1131,992,1796,694,600
1147,1023,2097,978,1082
264,0,0,0,0
1082,645,1329,196,407
510,221,634,220,294
1158,16,3,0,0
546,222,780,260,184
596,2,0,0,0
1220,11,0,0,0
850,4,2,0,0
1675,1431,2591,984,829
1014,16,3,0,2
986,864,1778,696,585
810,12,3,0,0
974,5,0,0,0
780,8,2,1,1
502,187,528,238,269
863,600,1040,213,325
966,729,1344,609,464
950,684,1460,570,468
889,534,1243,600,716
610,409,978,426,525
475,154,314,156,150
774,5,0,0,0
1403,1317,2492,1012,933
1426,1207,2190,818,688
2352,23,4,0,0
1004,16,5,1,1
1503,1174,2498,982,870
813,918,1454,776,484
1178,12,2,0,1
800,4,5,1,1
710,678,1237,512,353
851,14,1,0,0
736,550,892,185,265
977,712,1287,478,451
834,12,2,0,1
734,330,822,340,450
633,266,572,281,300
882,436,954,402,441
608,0,0,0,0
890,1125,1793,1011,634
800,4,0,0,0
1184,710,1268,526,383
1311,938,1476,674,518
1985,11,2,1,1
1132,16,3,0,0
876,560,1050,298,280
1146,459,1361,165,333
986,778,1160,496,354
575,5,1,0,1
732,2,0,0,0
1343,859,1471,307,405
359,411,1211,572,681
1199,17,4,1,0
817,17,2,0,0
1040,558,1094,200,311
854,464,1088,430,342
731,0,0,0,0
930,470,706,336,286
564,564,1221,864,411
963,726,1358,495,388
535,294,1100,467,518
2038,1285,2456,405,773
1461,990,2065,778,736
1412,1140,2171,806,739
1326,7,1,0,0
1164,1145,2235,824,735
790,12,4,0,0
880,646,1582,654,509
514,10,6,0,1
337,195,452,95,225
976,7,1,0,0
476,472,948,380,306
1056,866,1640,608,578
946,688,1668,736,600
644,1266,2940,1357,1508
472,10,1,1,0
628,523,1076,432,380
430,6,0,0,0
589,6,2,1,0
706,678,1345,560,476
792,3,3,0,0
880,7,0,0,0
1075,14,2,0,0
462,339,718,348,348
970,1,0,0,0
745,616,1382,528,648
1018,16,2,0,0
628,807,1426,784,452
945,688,1428,649,762
876,596,1490,280,674
352,478,946,374,234
867,15,4,2,2
682,468,1142,436,488
849,689,1226,451,423
918,8,0,0,0
976,775,2041,800,1169
530,1,0,0,0
1117,14,2,0,1
1530,1399,2728,1062,978
709,3,1,0,0
510,4,2,0,0
590,620,1102,402,368
650,8,5,1,0
1166,1002,2232,448,1063
684,438,918,380,475
563,301,617,328,276
1558,1250,2460,1028,815
596,208,445,272,265
1089,859,1704,585,464
1860,31,3,1,0
375,333,942,442,446
840,15,1,1,0
661,6,2,0,0
1436,1102,1813,776,643
598,635,1104,531,328
940,692,1427,258,442
966,946,1541,657,578
994,960,1982,765,674
583,5,6,0,0
984,1132,2049,1152,699
318,6,1,0,0
670,492,1087,552,620
719,12,2,0,0
364,330,774,306,267
1518,916,2033,946,992
1102,880,1812,744,654
1104,533,1582,261,794
894,678,1134,552,372
566,12,0,0,0
972,18,2,1,1
854,804,1869,1195,1111
975,5,0,0,0
720,2,0,0,0
626,8,2,0,0
1228,800,1640,255,557
874,952,2009,1195,1081
995,482,954,186,239
345,1,0,0,0
658,2,0,0,0
1380,1136,2334,1058,1138
594,3,2,0,0
2916,1211,3087,414,958
768,986,2834,1118,1441
1391,18,6,1,0
647,3,0,0,0
729,1021,1716,1054,705
974,720,1293,522,398
1295,1242,2514,1854,1056
789,702,1212,474,359
692,11,1,0,0
668,452,984,423,271
699,726,1296,486,355
609,285,658,246,336
626,350,820,348,404
1058,10,2,0,0
360,181,470,240,256
607,356,773,244,220
800,434,1070,454,330
738,4,0,0,0
980,1,0,0,0
1448,574,1227,229,363
3922,29,11,2,0
1168,846,2300,761,969
1824,1406,2886,1200,990
706,14,1,1,0
1123,10,2,0,0
906,6,2,0,0
922,6,3,0,0
1043,17,4,0,2
954,19,1,0,0
416,3,0,0,0
874,999,1891,1051,681
502,110,86,14,12
436,4,0,0,0
913,427,1020,450,486
1269,12,1,0,1
1635,1310,2467,1226,848
1421,1320,2288,951,826
629,707,1511,628,794
904,960,1487,806,502
907,678,1232,621,444
831,742,1314,504,378
950,6,0,1,1
534,1,0,0,0
655,557,1028,448,340
940,2,1,1,0
758,6,1,0,0
860,651,1171,400,348
886,189,519,67,233
778,753,1480,606,524
1264,574,1582,278,667
930,680,1511,528,461
1432,1303,2336,1076,818
1425,1180,2654,1112,1124
994,783,1842,800,543
2135,1582,3030,1211,986
1831,20,4,0,0
822,551,1044,424,370
1047,760,1467,626,470
900,16,3,0,1
840,1,0,0,0
767,447,1180,213,465
658,1049,1668,1009,662
848,708,1236,442,332
1210,792,1891,907,1038
1259,248,454,284,276
1310,6,1,1,0
1830,1408,2672,1260,938
1089,695,1412,222,407
329,4,0,0,0
1006,832,1390,531,420
571,362,763,210,190
1160,972,1631,778,590
523,505,1234,512,585
749,358,795,114,234
736,10,1,1,0
578,32,74,32,46
562,422,694,154,250
1170,1028,2220,788,728
684,407,869,375,253
658,10,2,1,0
930,12,8,0,1
2022,14,2,0,0
2010,1768,3585,1301,1274
1950,1746,3360,1269,1124
470,644,1279,833,562
1052,14,2,0,1
1077,12,2,1,0
1200,20,4,3,1
1004,16,4,1,1
782,60,183,56,92
749,7,2,3,2
676,608,1248,476,424
870,7,2,0,0
522,339,1018,415,308
1218,8,1,0,0
1202,685,1185,205,313
646,8,0,0,1
792,459,843,175,241
3331,2451,4220,1500,1229
2148,30,6,2,0
1159,19,2,2,0
1936,1562,3342,1546,1377
626,2,0,0,0
2628,2094,3320,1474,1218
476,70,132,60,88
681,406,1024,412,284
447,7,0,0,0
502,303,719,324,362
1215,736,1688,617,552
690,549,1304,601,636
411,222,618,304,318
706,4,1,0,0
871,14,2,0,1
1071,1269,2890,2022,1873
1085,11,2,0,1
552,10,1,2,0
1660,1068,1995,383,664
1591,4,2,1,0
691,0,0,0,0
821,1056,2880,1192,1482
1854,22,5,1,1
721,2,2,0,0
688,25,1,0,0
711,14,2,0,0
864,2,2,0,0
1231,967,1772,346,594
433,351,642,246,191
475,9,1,0,0
730,8,2,0,0
34,0,2,1,1
1542,22,4,1,0
1186,1036,2155,814,704
528,2,0,0,0
476,590,1238,592,613
1162,1320,2920,1360,1519
1037,12,1,1,0
1110,961,1860,684,573
684,369,870,356,456
756,9,3,0,0
884,916,1615,648,552
589,639,1225,862,815
760,9,4,0,0
761,38,104,52,55
485,10,0,0,0
768,12,2,2,1
848,732,1172,480,418
1394,1040,2220,660,684
1991,1690,2974,1148,922
754,782,1772,835,872
2041,1694,3256,1241,1122
599,565,976,443,379
644,507,1052,399,479
735,4,4,1,0
839,483,1076,493,552
714,12,2,1,0
496,7,0,0,1
1006,2,1,0,0
1292,986,1958,867,700
1643,21,3,0,0
779,5,0,0,0
554,14,3,0,0
1642,10,4,1,1
1910,12,2,0,0
928,910,1696,647,552
507,258,696,302,358
391,247,631,132,188
818,6,1,2,0
968,14,3,0,0
1045,674,1322,482,412
634,582,1120,456,338
924,11,2,1,0
546,1,1,0,0
818,663,1548,556,522
520,8,2,0,0
1041,782,1453,641,448
1131,724,1776,592,590
1008,516,1254,225,513
788,5,1,0,0
1904,1668,2642,1050,921
1046,1002,1407,847,455
622,341,815,123,200
657,4,0,0,0
887,1189,1770,1030,546
1094,1039,1708,724,480
522,2,0,0,0
491,10,2,2,0
629,690,1240,480,401
749,727,1314,591,512
892,517,1011,174,310
542,12,2,0,0
442,550,1087,405,372
1015,518,1230,559,649
728,6,3,1,0
879,5,0,0,0
804,8,3,0,0
670,886,1796,1158,834
858,10,0,0,0
1027,18,2,0,0
428,550,1019,614,406
1048,10,6,2,1
935,7,2,1,0
712,742,1564,662,729
1000,14,5,0,1
738,11,2,0,0
757,14,1,1,0
774,730,1160,538,408
773,10,0,0,0
592,568,1094,441,353
1032,187,263,110,86
820,3,0,0,0
1252,886,1572,586,488
676,426,854,371,294
1166,10,2,1,0
829,2,1,0,0
2142,12,1,1,0
1197,902,1916,712,608
1065,3,1,0,0
741,4,0,0,0
1286,27,3,2,0
510,7,2,0,0
480,486,1086,526,552
478,556,1160,583,680
619,480,1345,628,616
736,8,1,0,0
1042,1018,1772,672,556
856,16,4,0,2
889,730,1485,560,468
572,3,0,0,0
1097,19,2,1,0
487,3,0,0,0
469,757,1877,1157,1209
1222,14,2,0,0
828,9,5,0,0
1159,20,2,1,0
1008,769,1418,552,463
1214,1070,2000,805,737
852,12,4,1,0
671,11,1,0,0
692,12,0,0,0
1214,13,4,0,0
542,464,904,310,246
1008,696,1629,684,523
1560,932,2102,350,592
443,266,644,123,505
491,503,1136,615,399
1083,824,1596,331,542
804,11,1,0,0
1040,20,5,0,1
906,2,0,0,1
1253,15,4,0,3
1125,880,1588,691,528
1238,15,3,0,2
894,56,111,55,63
1143,688,1490,254,452
622,709,1250,877,514
1000,502,1071,169,278
856,644,1078,428,329
676,1015,2066,834,1074
951,598,1370,661,690
1327,1402,2608,1594,1010
852,714,1802,789,946
1120,11,2,1,0
642,670,1148,541,364
938,7,3,2,0
758,10,2,0,0
644,490,1137,496,368
775,12,3,1,0
1163,15,6,1,0
654,497,1226,728,500
1264,1148,2097,808,710
814,4,0,0,0
330,426,1181,328,255
1100,633,1240,211,380
956,843,1362,600,446
1014,16,2,0,0
846,1093,2055,1337,1175
640,564,1251,561,641
1082,11,2,1,1
1494,20,2,1,0
1080,1041,1762,729,598
1581,1139,2107,874,672
940,12,5,0,0
769,20,1,1,0
764,14,7,1,1
934,844,1711,1066,940
912,521,1318,596,682
946,12,2,0,0
902,1303,2817,1968,1802
1647,27,4,2,1
1516,1164,2166,832,604
849,6,4,0,0
1044,751,1848,339,879
712,553,1256,474,602
926,672,1568,311,698
996,3,0,1,0
865,8,1,0,0
606,344,860,308,284
1033,1074,2348,1117,1381
1183,16,2,0,0
1078,1,0,1,0
920,812,1598,586,574
1378,765,2314,417,1174
1532,1350,2311,1026,794
894,798,2084,1005,1208
909,10,0,1,1
692,844,1720,802,878
893,722,1602,746,728
838,1170,1689,1001,584
814,16,1,0,0
936,17,4,0,1
591,1,0,0,0
1420,1112,2094,884,762
904,528,1191,552,699
1310,25,1,0,0
1533,18,2,1,0
1678,46,5,1,1
2444,25,7,0,0
1132,994,2090,740,648
1180,1095,1782,716,590
924,1,0,0,0
1556,1156,2147,1069,774
1083,845,1476,620,468
900,8,18,5,12
569,512,1247,772,710
574,808,1547,1039,825
1054,920,1638,604,537
1034,736,1740,797,954
791,746,1282,542,381
912,842,1762,866,985
968,756,1394,628,478
791,450,952,296,384
918,795,1838,957,1033
1406,785,1193,266,337
1120,16,0,0,0
2382,37,9,3,2
286,0,0,0,0
821,1002,1576,1028,600
566,674,1137,754,467
742,318,768,336,394
953,798,1552,637,521
1318,1032,1893,820,678
1094,11,2,0,0
1038,6,2,0,0
794,537,1245,480,404
750,7,2,1,0
1006,884,1422,774,544
494,2,0,0,0
1264,17,4,0,0
1059,11,3,2,2
960,616,1085,428,324
839,641,1460,660,698
906,1107,1898,1057,770
1509,18,2,0,1
1052,408,964,441,492
1106,870,1816,734,692
1113,12,2,0,0
1091,10,2,0,1
1181,927,1961,876,776
856,629,1530,615,847
958,13,4,4,0
394,222,522,94,139
578,119,171,152,115
1144,1036,1742,802,610
1363,14,3,1,0
490,236,544,228,256
782,824,1792,824,984
1422,910,2566,1070,1406
1201,21,4,0,0
606,18,30,18,24
703,188,637,348,400
991,17,2,2,0
563,3,1,0,0
1326,1134,2075,890,796
1253,20,3,0,1
558,353,1046,526,568
787,590,1377,256,560
615,582,1390,576,674
545,11,3,1,0
786,4,4,0,1
907,883,1671,700,636
800,17,2,0,0
863,466,1180,536,592
1003,684,1330,423,360
854,10,1,1,1
939,909,2064,864,982
884,523,992,155,304
660,326,1064,712,425
717,668,1426,642,650
511,354,1066,594,684
696,638,1154,478,318
602,2,0,0,1
1310,1209,2116,808,624
932,7,4,0,0
388,2,0,0,0
1113,12,1,0,0
766,3,1,0,0
1055,16,0,0,0
805,478,1020,400,316
858,622,1406,680,865
481,7,0,0,0
832,738,1348,544,473
837,12,0,0,3
958,17,2,0,0
594,482,1167,578,684
776,15,2,0,0
781,9,4,0,0
822,15,4,0,0
700,806,1766,929,1045
996,12,2,0,0
963,570,996,408,323
545,93,210,100,117
874,681,1160,476,428
618,372,792,428,470
905,10,2,0,0
1286,8,0,0,0
1097,10,3,1,1
1886,1858,4618,1959,2544
1734,1285,2330,934,922
618,6,2,0,0
710,2,0,0,0
1042,659,1442,713,768
1236,917,1654,308,504
1943,22,3,1,2
793,608,1150,478,400
932,834,1351,496,376
2616,2274,3978,1686,1323
597,751,1236,537,492
831,710,1216,505,420
785,495,922,388,450
2573,2066,3260,1349,1030
1458,8,0,0,0
1736,22,4,0,0
1035,870,1544,704,563
1532,1143,2372,867,740
632,426,1272,162,399
568,810,1554,890,614
734,2,0,0,0
946,1152,2280,984,1101
508,6,1,0,0
610,456,965,226,481
812,614,1112,416,294
954,12,2,0,1
574,61,122,50,64
855,10,4,1,0
1084,530,1114,195,302
1182,522,1304,173,378
372,6,2,0,0
1935,2157,4710,3132,2909
650,502,844,350,220
1238,840,1998,916,1149
932,22,4,0,0
1529,20,4,0,1
694,676,1230,494,358
806,658,1253,608,562
1392,1073,2050,824,630
1312,1338,2074,919,793
504,700,1403,985,607
831,12,2,1,0
1082,1,0,0,0
801,62,178,74,102
773,961,2015,1271,906
758,260,612,296,317
1100,17,4,1,0
1344,3,0,1,1
556,576,1314,628,636
811,406,946,332,483
598,630,1180,448,414
781,977,1750,1020,631
330,7,2,0,0
886,13,4,1,2
789,614,1460,671,810
819,542,1110,451,339
925,700,1798,662,916
688,7,0,0,0
696,502,1214,553,470
446,209,522,93,131
3703,49,3,1,1
740,2,0,0,1
1557,18,4,0,0
1160,812,1862,899,951
728,8,2,0,0
832,600,1164,444,386
958,1152,2754,1172,1460
692,392,823,397,416
990,11,2,0,0
544,5,0,0,0
838,622,1245,526,413
743,284,669,300,376
1493,18,7,0,2
604,192,764,58,245
828,10,2,0,1
858,484,904,276,280
406,2,0,0,0
1133,900,1598,588,513
1395,27,3,0,0
1098,16,8,0,0
1551,1390,2430,1082,744
670,12,2,0,1
1384,17,8,0,0
1841,1083,2406,377,658
749,5,1,0,0
412,631,828,604,295
563,526,1072,330,300
336,0,0,0,0
1044,956,1592,712,566
929,4,0,0,0
849,7,2,0,0
1541,1160,2053,730,616
2682,40,4,2,1
1180,6,0,0,0
864,721,1504,663,564
684,5,1,0,0
1016,1210,2778,1187,1426
868,670,1186,478,416
747,2,1,0,1
592,4,1,0,0
552,7,1,1,0
1091,14,6,0,0
696,813,1253,856,467
1046,666,1290,245,464
865,837,1646,604,530
1035,12,4,2,0
1432,1367,2596,982,932
866,722,1623,1150,913
1254,15,2,0,1
2796,2096,3706,2319,1228
1391,17,5,1,1
992,107,282,135,148
560,5,0,0,0
723,912,1781,852,1034
1219,16,2,1,1
1528,9,3,0,0
725,536,934,342,288
879,410,1090,467,541
263,108,313,66,137
1033,678,1238,461,360
1724,20,1,0,1
573,2,10,5,4
777,296,724,280,337
585,458,1026,444,468
1898,1760,3254,1190,1109
624,859,1541,1161,1003
1980,20,4,1,0
794,794,1605,667,584
1124,6,0,0,0
911,12,0,1,1
912,12,2,1,1
502,642,1281,580,666
1025,3,1,0,0
438,114,479,254,298
755,10,3,2,2
1100,18,3,0,0
1808,1404,3012,1512,1634
688,723,1426,637,555
1722,1563,3118,1350,1214
1426,12,3,0,0
1150,1429,2221,1332,812
620,10,1,1,2
1126,16,4,1,0
179,3,0,0,0
714,4,0,0,0
694,4,2,0,1
860,16,4,1,0
638,415,1156,415,566
769,561,1637,788,833
1126,15,1,2,1
926,13,1,2,0
757,4,0,0,0
910,763,1416,526,398
2248,1447,2717,1204,862
1032,24,4,1,0
1420,1726,4150,2312,2530
711,10,3,0,1
952,6,2,0,1
1847,1322,3883,2725,2539
418,3,2,1,0
1100,920,1508,640,504
752,533,867,185,265
837,464,1084,372,464
590,489,1285,775,692
976,5,0,0,0
930,666,1508,572,762
1022,819,1742,883,938
566,294,780,297,226
675,536,1168,611,736
552,466,1048,438,347
1312,886,1596,667,490
1259,1044,1832,795,592
1004,4,0,0,0
575,4,1,0,0
1556,1238,2258,1103,858
1672,1024,2167,842,748
2091,1749,3346,1258,1138
1082,10,2,0,0
1086,801,1450,589,468
1246,1000,1950,805,672
952,640,1146,380,324
474,1,0,0,0
394,182,664,106,154
872,586,1195,502,369
1055,662,1606,233,492
1152,896,1449,590,476
1414,14,8,0,0
1654,1526,3214,1390,1660
1542,15,3,0,0
1888,1450,2342,1036,757
1539,25,6,1,1
872,8,0,0,1
712,500,1084,354,343
862,12,2,0,0
1375,8,0,1,0
352,131,262,46,108
1298,19,4,3,1
1067,428,986,458,505
940,17,1,0,0
1442,11,1,0,0
808,2,1,1,0
626,4,2,0,0
1402,1173,2008,732,547
936,828,1446,612,504
1253,728,1428,219,359
1690,1310,2403,1014,847
782,129,479,307,311
1758,1901,3922,1670,1812
1092,2,1,0,1
747,6,0,0,0
804,538,1323,412,536
1649,1324,2124,835,654
684,672,1312,838,478
840,10,2,1,1
877,3,0,0,0
586,16,1,0,0
420,394,616,233,214
946,749,1524,269,434
852,12,5,1,1
1345,990,2125,928,1008
932,520,1155,535,604
568,4,0,0,0
1481,1458,2714,1032,956
911,416,953,134,281
970,2,0,0,0
854,8,3,1,2
838,630,1516,575,517
696,12,1,1,1
999,104,270,128,216
617,56,124,47,68
720,8,2,0,0
1391,15,0,0,0
899,718,1326,596,428
946,620,1046,360,302
442,439,900,608,557
1380,6,0,0,0
1196,818,1648,326,532
1259,24,0,0,1
882,9,4,1,0
1288,1022,2663,1171,1417
878,642,1329,518,440
1543,1186,2065,808,716
1456,24,4,1,1
1762,22,2,0,0
1003,878,1466,572,498
1078,28,32,25,25
1318,993,2682,1184,1388
882,8,2,2,0
1032,832,1796,666,620
668,10,3,0,1
658,258,758,96,201
1297,14,2,1,0
761,566,1162,554,578
806,13,0,2,0
1182,18,4,0,1
723,10,3,1,0
1115,918,1602,763,584
962,132,275,120,150
1590,1481,2582,1088,862
837,756,1638,772,870
952,18,4,0,0
1086,13,2,1,0
1450,1210,2017,766,632
1026,3,0,0,0
1076,806,1768,586,512
763,753,1522,832,847
504,290,665,73,210
801,700,1302,606,563
611,398,980,376,324
549,1,0,0,0
331,361,868,419,502
1114,970,2208,903,892
938,654,1390,534,450
662,580,996,410,334
1681,12,5,1,2
1016,7,0,0,0
669,719,1567,704,743
786,748,1749,694,802
976,8,2,0,1
691,516,1097,177,332
1120,14,3,1,1
1170,84,174,92,111
980,14,2,0,1
602,13,1,0,0
945,4,0,1,0
660,278,741,106,186
90,2,0,0,0
321,2,0,0,0
926,824,1482,553,474
856,593,1160,478,354
426,251,644,272,280
1366,988,1875,745,616
1902,19,0,0,0
1200,1062,2116,960,790
986,12,2,0,0
916,636,1190,379,348
581,797,1418,751,454
1201,1224,1902,1050,579
1218,953,1872,986,1016
1142,14,4,0,1
1103,1130,1876,810,655
575,492,1036,396,352
750,425,919,442,314
701,385,1034,396,467
968,11,4,0,0
1605,1272,2392,914,724
969,12,2,0,1
692,4,1,0,1
418,2,0,0,0
2446,2032,3618,1568,1174
1728,1501,2699,1082,967
1191,656,1234,434,312
812,778,1371,480,415
784,6,1,0,0
1030,14,5,2,2
865,6,0,0,0
1097,744,1700,666,588
536,2,0,0,0
1105,14,4,0,0
954,15,1,1,0
1088,15,3,2,2
1410,970,1913,756,654
1378,1330,2293,848,740
968,14,2,2,0
1046,1480,2202,1275,784
218,277,468,256,193
382,171,460,243,245
1197,14,4,0,1
1469,1294,2274,1003,802
1244,1120,2228,840,718
765,3,0,0,0
855,1158,2702,1172,1554
700,8,2,0,2
992,6,0,0,0
952,14,2,1,0
828,677,1080,493,314
960,13,4,1,0
1300,3,0,0,0
364,7,2,0,0
288,185,398,98,94
774,746,1256,544,442
586,11,1,0,1
1130,14,2,0,0
829,3,0,0,0
1540,15,2,0,0
349,227,499,227,266
318,288,836,412,468
911,6,0,0,0
722,636,1243,539,455
1608,8,3,0,0
1352,31,2,0,0
869,621,1184,515,397
1016,12,2,1,1
1668,5,0,0,0
960,714,1224,512,430
1028,2,2,0,1
791,0,0,0,0
228,4,0,0,0
756,545,1194,496,564
738,537,1117,180,360
1042,1185,2150,918,854
1146,8,0,0,1
1298,1115,2166,832,756
626,15,4,1,0
838,569,1544,770,830
1341,1066,2600,1358,1377
847,4,1,0,0
903,536,1250,511,646
585,179,468,521,414
708,5,1,0,0
522,6,3,0,0
780,8,2,0,1
816,413,902,402,422
814,568,988,397,300
1068,15,3,1,0
734,315,728,332,390
623,2,0,0,0
401,438,792,272,238
390,93,153,114,103
558,570,919,356,308
1497,1006,2204,350,655
443,12,2,0,1
1622,688,1704,686,800
969,662,1173,512,348
1726,1862,3438,2412,1535
1251,1045,1723,674,560
948,13,5,1,0
1286,16,3,0,1
884,638,1492,698,572
892,734,1556,600,573
976,746,1254,512,360
934,902,1587,702,540
420,2,1,0,0
334,3,1,1,0
4100,28,3,0,1
1702,1002,2068,944,1037
586,708,1117,698,434
1434,1221,2226,770,649
636,818,1792,870,1078
1352,1356,3065,641,1471
1122,86,188,81,100
1084,947,1756,722,623
911,102,258,55,156
3049,1779,3437,654,1217
769,820,1612,753,748
257,3,0,0,0
1422,723,1360,207,326
928,14,2,1,1
644,3,2,1,0
1201,14,2,0,0
657,363,1027,419,334
759,221,569,248,270
252,142,374,130,81
1394,15,4,0,0
360,56,143,120,94
557,12,6,0,0
2761,2322,4350,1694,1526
902,204,462,228,262
990,15,4,1,0
2072,17,0,0,0
1109,14,2,1,0
1248,14,1,1,3
811,7,3,1,0
1480,891,1821,317,494
638,738,1604,1087,655
667,6,0,0,0
891,723,1484,701,734
805,8,1,0,0
327,9,0,0,0
837,760,1386,462,418
964,1128,1712,982,645
159,194,421,291,197
1231,978,1885,802,674
560,574,1192,429,370
2506,1474,3191,496,903
503,3,0,0,0
3098,42,6,2,0
752,432,969,201,470
673,4,1,0,0
1075,1176,2398,1168,1194
970,707,1432,534,470
914,533,987,206,326
1088,1008,1938,744,695
1204,15,4,0,1
1230,20,1,1,0
562,482,1028,486,525
402,468,996,452,458
1245,8,1,0,0
1093,1022,2154,890,806
789,482,1026,536,640
1002,16,2,1,0
628,6,0,1,0
978,723,1203,472,358
787,1,1,0,1
1045,288,662,136,357
592,319,671,478,470
1073,796,1642,955,802
3008,31,4,1,2
850,10,1,0,0
1036,580,1281,251,609
1060,13,4,0,0
1545,27,3,1,0
412,390,980,406,468
818,9,2,0,0
520,402,1036,270,422
1146,8,2,0,0
1557,21,3,1,1
496,4,0,0,0
775,274,652,124,249
914,695,1310,535,426
895,503,892,169,226
1805,836,1876,922,1134
1223,14,4,0,0
198,76,296,123,131
843,894,3147,1249,1318
1639,21,5,0,1
1788,29,4,1,0
903,1478,3594,1722,2120
876,7,3,0,0
2052,1541,3914,839,2059
820,6,3,0,0
884,10,3,1,1
594,1,0,0,0
691,2,0,0,0
928,750,1354,586,414
147,95,192,74,68
846,5,3,2,0
765,8,3,0,0
265,4,0,0,0
1129,2,2,0,0
744,1,0,1,0
1150,18,2,2,0
545,6,1,0,0
2182,1334,2338,514,753
357,417,1240,398,566
1844,1114,2568,427,775
698,12,2,0,0
675,252,697,117,338
258,176,284,100,70
666,574,1056,435,349
765,10,0,1,1
1156,867,1484,535,453
604,462,918,357,256
892,832,1574,577,526
851,612,1068,454,284
809,11,2,2,0
601,352,937,362,436
885,613,1356,536,442
937,844,1628,694,625
681,9,2,1,0
2045,1586,3008,1058,943
869,573,1128,562,610
1540,1312,2445,1082,958
1115,8,3,0,1
1356,19,4,1,1
530,646,1099,714,402
1170,930,1795,342,604
869,145,309,56,163
674,2,0,0,0
512,1,0,0,0
632,10,1,0,0
911,19,2,0,0
917,671,1496,610,696
613,570,1125,386,337
1079,18,4,0,0
1019,860,1652,668,578
1215,8,1,0,0
722,6,1,0,0
1080,11,2,0,0
802,13,3,1,1
730,8,1,0,0
767,628,1332,399,360
1157,1197,2673,1206,1374
964,836,1736,688,556
2231,28,6,0,2
808,772,1551,684,574
923,18,2,0,0
512,476,858,306,251
608,1,1,0,0
522,508,1041,487,528
1651,8,2,0,0
817,802,1440,521,407
1027,590,1095,195,285
554,1099,2508,1656,1372
1020,755,1322,239,364
870,902,1809,794,655
887,788,1338,550,420
1074,620,1341,224,349
785,6,2,0,0
324,2,0,0,0
727,646,1036,394,328
571,7,1,0,0
1711,1107,2195,893,698
968,1114,1968,844,747
858,5,1,1,0
544,488,854,346,288
1179,1,0,0,0
1034,138,354,170,225
782,13,2,0,0
1162,1231,2588,1028,959
474,427,912,384,460
283,230,664,142,346
1034,16,2,1,0
1134,22,4,0,1
867,15,1,1,0
262,1,0,0,0
984,15,4,2,1
1244,693,1394,245,404
368,344,917,340,436
576,196,414,184,228
610,142,499,75,224
978,373,958,509,498
754,511,918,190,260
1378,1110,1730,1117,598
362,2,0,0,0
632,944,1921,1179,1028
636,386,1044,347,485
467,1,0,0,0
351,1,0,0,0
514,292,631,336,360
834,612,1277,521,432
1012,12,1,0,0
556,108,361,163,224
903,858,1816,848,980
547,438,998,324,328
815,822,1705,769,936
531,548,1078,454,350
1056,17,2,4,0
762,12,3,0,0
545,224,558,82,174
959,13,3,1,1
666,698,1668,830,860
483,5,0,0,0
720,14,2,0,1
354,268,684,122,272
806,632,1351,613,426
499,15,2,0,0
1597,723,1178,688,363
222,196,404,160,115
800,772,1392,468,420
794,12,1,0,1
993,13,0,1,0
667,12,7,0,2
872,1003,1721,1068,649
1034,15,3,2,0
528,3,0,0,0
800,806,1562,630,563
904,26,3,0,0
432,6,0,0,1
481,483,872,386,294
749,3,1,0,0
400,527,1204,558,680
616,14,1,1,1
364,2,0,0,0
638,436,1040,725,413
826,7,3,2,0
756,8,0,0,0
351,5,0,0,0
906,866,1626,723,552
546,437,826,296,230
877,940,2052,904,1094
392,335,900,375,452
805,490,952,357,241
560,428,1285,224,592
2217,1632,2702,1026,805
394,27,60,20,26
419,5,1,0,0
620,2,0,0,0
970,17,7,0,2
476,4,0,0,0
440,6,2,0,0
539,11,70,12,47
888,626,1194,322,321
759,786,1412,558,490
1050,17,3,2,0
547,576,1306,657,780
1026,814,1537,646,524
1066,16,4,7,1
961,16,2,0,0
1058,959,2222,985,1190
914,784,1329,540,416
1166,1127,1930,870,646
1896,2224,4775,2244,2502
1023,19,8,1,0
496,446,883,515,424
626,819,1466,861,596
993,21,3,1,0
422,3,1,0,0
1165,1090,1924,735,642
766,606,1282,522,467
580,24,4,0,0
507,12,1,0,0
634,844,1969,852,1058
402,1,0,1,0
1120,12,2,0,0
572,209,380,153,84
704,910,1509,534,349
1088,794,1324,544,440
732,418,1373,536,468
1362,1233,2002,842,674
727,11,1,0,0
681,12,5,0,1
488,5,2,0,0
1628,893,1403,264,409
466,538,1020,417,476
766,12,2,0,0
430,6,2,1,0
573,599,1520,782,888
519,6,2,0,1
1896,700,1424,253,409
562,792,1353,802,558
704,96,206,108,154
745,10,4,1,1
710,1015,1851,1099,761
452,392,1102,520,638
658,74,196,79,97
680,407,910,395,481
598,528,1144,396,338
978,612,1409,347,486
715,424,1124,452,582
650,627,1122,453,334
531,598,1482,682,800
486,5,0,0,0
444,2,0,0,0
788,626,1219,402,324
914,6,3,0,0
577,566,1406,498,534
430,9,4,0,2
1124,1038,1870,784,654
572,4,1,0,0
1582,457,1014,238,466
767,8,2,0,2
550,2,1,0,0
489,4,1,0,0
392,3,1,0,0
736,10,4,0,1
1065,794,1457,560,530
804,262,533,261,251
728,6,0,1,0
378,4,1,0,1
701,8,2,0,0
446,2,0,0,0
747,9,2,0,0
974,18,2,3,0
694,14,1,0,0
546,451,1150,441,532
408,478,909,478,519
610,4,1,0,0
937,10,4,1,0
1120,645,1361,216,383
737,859,1600,647,600
782,766,1419,616,532
432,492,1104,684,610
858,7,4,0,1
734,713,1473,363,801
722,558,1342,679,824
582,527,1056,439,403
1306,24,1,0,1
878,795,1312,555,417
870,15,4,0,1
482,536,980,319,326
235,48,104,50,56
317,1,0,0,0
605,120,272,129,143
619,890,2020,908,1124
857,16,4,2,0
1162,983,1736,776,552
1136,21,3,1,0
590,587,1060,496,346
1204,26,3,1,0
416,52,101,38,68
542,680,1834,887,1118
1143,757,1796,261,592
580,10,2,0,0
456,4,2,2,0
707,640,1186,426,348
720,4,2,0,1
1336,713,1585,223,447
1148,1070,2042,714,602
1403,1372,3630,1230,1772
938,7,2,1,1
1575,19,1,0,0
646,2,0,0,0
643,8,0,0,0
1223,871,1832,894,894
1058,1062,2112,946,842
805,7,2,0,1
1885,382,1003,190,479
662,404,720,146,208
702,640,1163,440,384
830,514,976,194,298
673,518,976,428,308
849,693,1170,466,316
859,6,0,0,0
408,6,1,0,0
1142,830,1661,695,562
503,894,1944,922,1097
874,526,1140,180,276
569,806,1927,794,926
511,575,1064,422,370
811,12,0,0,1
392,2,0,0,0
276,6,0,0,0
837,674,1048,388,314
573,474,884,350,292
739,12,2,0,0
1074,14,0,0,1
548,5,0,0,0
141,54,110,39,14
1085,1,2,0,0
691,8,4,1,0
2096,1342,2396,432,643
1221,830,1462,605,428
850,864,1466,619,488
545,602,1305,646,719
600,4,0,0,1
1108,12,2,0,0
626,50,110,38,66
850,16,3,0,0
696,574,1462,592,730
940,6,1,0,0
1032,11,2,0,0
1370,21,3,0,2
464,260,540,274,299
1099,700,1090,406,329
1031,646,1156,496,430
710,2,0,0,0
1468,9,0,1,1
1589,1248,2161,853,714
800,500,1342,191,338
919,11,0,0,0
948,914,1852,686,586
574,497,1280,672,700
1000,824,1555,568,449
926,14,4,1,0
1019,5,2,0,0
948,12,2,0,0
939,11,1,1,0
1132,726,1322,566,440
1293,14,2,1,0
989,4,0,0,0
590,11,1,1,1
869,708,1288,558,392
638,4,0,0,0
614,8,3,0,0
1205,14,2,1,0
1506,1329,2913,1130,1386
1244,18,3,1,1
719,9,0,0,0
1332,1060,1998,724,629
880,12,2,3,1
1066,900,1692,696,598
1024,9,3,0,0
507,336,1029,274,513
625,405,942,422,528
1344,1266,2076,916,750
786,3,1,0,0
1101,4,1,0,0
1393,24,4,0,1
626,636,1122,420,310
692,742,1378,574,530
560,5,0,0,0
483,395,848,444,442
866,12,2,0,0
824,851,1841,729,658
836,774,1206,618,443
1209,1082,2428,1046,1241
894,16,4,4,0
1177,1042,1661,764,628
1428,28,6,0,0
1104,22,1,0,0
1242,8,1,0,0
704,539,1154,346,314
870,782,1694,699,596
841,867,1596,727,540
842,5,2,0,0
750,545,1324,726,784
1340,14,2,1,2
546,15,1,0,1
716,600,1170,431,352
869,653,1667,785,878
690,7,1,0,1
512,140,298,142,164
662,14,5,1,0
757,585,1406,636,768
875,8,0,0,0
1126,15,4,1,0
1427,16,1,0,0
814,683,1370,520,514
1103,852,1828,616,554
1174,1346,2569,1415,894
874,568,1164,472,508
613,740,1702,804,941
694,3,0,0,0
1012,11,2,1,1
1184,20,2,3,0
932,12,2,1,1
927,4,2,0,0
1560,16,2,1,3
825,788,1212,510,408
748,548,1074,434,336
1136,747,1422,572,444
685,10,4,0,1
530,6,0,0,1
613,174,539,63,224
757,4,0,1,0
2131,1885,3499,1354,1132
1678,1388,2687,1061,894
1330,1268,2621,1145,1264
721,879,1676,979,582
900,565,1335,638,686
921,9,4,1,0
977,9,2,0,0
679,855,1930,1339,1113
598,56,130,52,72
854,870,2244,920,1244
1056,12,5,1,0
954,4,0,0,0
369,360,752,293,230
390,102,252,100,114
640,34,83,11,33
878,654,1392,517,464
564,422,932,321,320
448,94,212,79,106
351,2,0,0,0
397,2,1,0,0
1751,1818,3439,1438,1344
816,7,0,0,0
1044,14,4,0,0
629,716,1475,690,741
1090,554,1132,522,528
1060,938,1764,722,594
1194,13,0,0,1
826,687,1646,608,720
139,156,372,164,205
1271,1084,2310,824,859
926,12,1,0,0
1158,1036,1994,753,676
740,733,1292,504,446
600,552,1048,446,371
688,9,2,1,0
540,2,0,1,0
856,6,2,0,0
2256,12,0,0,0
1594,1230,2039,860,690
924,14,2,1,0
1093,14,2,0,1
1186,383,799,495,294
964,10,1,2,0
648,472,1171,506,548
837,144,386,183,229
839,6,0,0,0
1145,70,137,81,106
327,421,772,302,244
842,80,168,77,117
468,445,846,352,398
717,10,2,0,0
668,600,1180,505,451
570,510,969,400,404
1242,1772,3855,1683,1996
1820,14,3,0,0
1228,18,5,2,0
753,866,1604,1016,652
1178,16,3,0,1
1457,26,4,0,2
967,865,1604,774,534
808,4,1,0,0
1007,6,0,1,1
618,14,2,2,0
601,1,0,0,0
224,324,858,276,361
935,610,1364,404,402
1071,792,1694,678,608
494,384,824,236,222
1662,15,4,1,1
490,372,818,438,318
1046,18,4,0,2
604,630,1293,813,604
753,14,1,0,0
416,2,0,0,0
2834,20,4,0,0
1010,10,10,10,3
1179,1154,2450,726,856
964,967,2242,1066,1231
1022,16,3,2,1
1036,1550,2441,1644,1071
696,524,951,197,273
401,5,0,0,0
2503,2324,4404,1982,1552
1110,1491,3125,1659,1369
1232,14,5,1,0
456,5,4,0,0
1214,15,8,1,1
572,404,848,366,254
814,6,0,0,0
572,10,3,0,0
688,10,2,1,0
790,530,1036,512,602
1347,1330,2099,996,663
1285,18,2,0,0
1260,1234,2290,1000,869
1506,17,3,0,1
1076,2,4,0,0
988,1274,2665,1431,1034
885,9,2,0,0
1054,14,1,0,0
971,10,2,0,0
948,816,1520,603,482
1149,10,4,0,0
1225,17,3,0,1
1236,5,0,0,0
1004,686,1646,395,526
355,6,0,0,0
1455,12,4,1,0
579,240,580,130,272
1039,18,1,1,0
995,1007,1618,614,512
786,884,1372,648,492
1260,1126,2163,804,652
1329,509,1144,462,480
1117,1317,2634,1518,1024
1733,26,2,0,1
688,2,0,0,0
602,877,1833,1041,895
1157,1038,1776,764,574
609,779,1805,1136,1047
710,4,2,0,0
1177,945,1520,615,436
1046,864,1706,579,498
852,5,2,0,1
1312,18,3,0,0
700,5,1,0,0
1612,785,2215,484,1195
577,10,0,1,0
1062,7,2,1,1
1644,1149,2084,392,659
1058,16,4,1,1
2000,2262,3980,1734,1568
914,3,0,0,0
975,906,1903,692,616
901,5,1,0,1
1164,16,3,1,0
864,2,2,0,0
816,2,1,0,0
704,14,4,2,0
807,8,2,0,0
1119,16,3,1,0
1008,1302,2695,1922,1856
865,962,2285,1028,1106
169,0,0,0,0
1036,894,1467,586,540
1148,1069,2173,858,738
812,13,2,2,0
1110,806,1374,570,488
1344,1146,1818,760,578
1821,1368,2708,1045,911
756,464,1446,701,780
1812,12,0,1,1
1754,20,2,0,1
1162,508,1038,230,423
1211,1086,1850,699,622
2148,26,1,0,1
1129,18,3,0,1
960,804,1350,583,447
994,14,5,0,0
874,654,1302,614,460
1346,1246,2086,800,642
1000,40,88,34,43
880,12,2,0,0
1504,27,4,1,0
375,8,1,0,0
1308,8,2,0,0
882,12,4,0,2
1310,10,0,1,1
1254,850,1546,632,460
958,14,4,0,0
1174,816,1497,578,467
950,924,1718,812,636
1181,14,2,1,4
512,521,1060,362,308
1234,1076,1746,778,576
1090,993,1638,688,564
824,5,2,2,0
1157,880,1622,685,526
577,380,779,172,325
414,354,822,352,440
1566,12,3,0,0
1211,16,4,1,0
3418,694,2119,246,573
1008,624,1463,633,481
550,600,1102,472,339
568,431,1035,332,303
812,8,1,0,0
972,13,4,2,0
810,801,1348,572,466
919,764,1494,574,496
860,10,3,0,1
1109,552,1091,154,236
1227,899,1578,598,552
706,15,4,0,0
730,6,0,0,0
778,828,1318,939,499
408,524,900,412,349
828,954,2136,849,1078
768,4,3,1,0
750,13,0,0,0
315,14,34,14,22
1388,1040,1654,345,517
923,718,1616,776,1027
1044,10,2,2,0
2213,12,12,0,0
1047,712,1636,705,770
844,804,1916,842,1020
904,1080,2109,1231,857
1234,12,6,2,0
1421,871,1413,296,439
940,1065,2389,1101,1347
2816,16,4,0,1
827,616,1199,454,384
671,4,1,0,0
604,8,2,2,0
1293,22,5,1,0
1102,577,1326,584,676
932,74,367,49,186
1026,734,1526,568,391
745,519,1390,628,708
1162,16,1,1,1
420,547,1417,576,778
1585,998,1911,999,632
748,518,960,169,270
798,25,0,6,0
914,16,2,1,0
1278,14,2,0,0
742,79,190,37,88
1120,530,1051,500,532
1054,962,1662,715,506
1753,1066,2466,348,736
643,690,1705,816,944
5198,2969,5695,1026,1754
995,1235,2448,1241,1316
820,2,0,0,0
1144,1145,2124,829,749
570,8,1,0,0
1795,21,6,0,0
1542,29,2,0,1
583,1,0,0,0
626,510,1042,348,298
612,354,791,114,210
528,1,1,0,0
749,773,1429,601,513
880,5,2,0,0
880,10,1,2,0
838,792,1204,568,393
1312,551,1329,763,745
1090,1308,2193,1240,862
1626,6,1,0,0
924,20,3,9,0
2076,1356,2715,505,818
462,650,1336,634,656
730,12,4,0,0
599,6,1,1,0
1790,910,1927,312,577
2538,1623,2927,625,1101
680,9,1,2,1
374,630,1329,884,761
676,398,984,436,586
764,463,1347,260,672
781,718,1581,711,812
942,13,0,0,0
1154,60,100,68,72
497,4,0,0,0
2169,2127,4848,2263,2909
1642,22,5,2,0
2324,1796,3322,1442,1260
754,5,1,0,0
468,4,1,0,0
550,523,1001,480,328
368,3,2,0,0
462,2,0,0,0
1834,28,3,2,0
684,6,2,0,0
541,474,866,406,308
707,694,1269,448,364
838,1229,2081,1390,987
661,929,1902,1337,1236
1007,691,2498,647,1088
808,532,1036,559,386
1442,1058,2418,964,790
2620,18,2,1,0
1252,6,2,0,0
1354,20,4,1,1
1721,20,2,1,1
1147,914,1353,535,472
952,17,3,0,1
532,412,983,344,308
454,238,478,276,226
1231,817,2022,712,715
460,390,1052,510,620
640,6,4,0,0
1180,847,1757,275,508
596,1135,2460,1451,1355
740,17,3,0,0
626,454,1069,211,489
473,2,0,0,0
750,520,1115,624,618
1042,15,2,0,0
702,6,0,0,0
715,8,1,0,0
1663,25,8,1,0
704,510,1152,464,389
1591,1147,2550,1002,837
911,1076,2382,1050,1037
1020,3,3,0,0
934,608,1226,458,406
722,11,1,0,0
986,910,2046,1074,1263
556,494,830,344,238
454,443,1058,496,559
561,78,166,78,99
394,348,681,324,227
772,7,1,0,1
997,888,1911,736,608
721,908,1778,876,924
551,2,2,0,0
564,2,8,5,4
790,558,1138,450,438
745,817,1756,851,1012
1207,1086,1936,816,664
745,562,1187,494,417
1101,805,1321,524,407
1443,22,4,1,0
1850,1153,2429,351,596
1440,8,0,0,3
524,3,0,0,0
330,0,1,0,0
898,692,1325,525,382
891,676,1508,670,600
324,2,1,0,0
576,6,0,0,0
659,819,1986,898,1078
835,11,2,0,0
588,266,674,310,346
613,390,830,363,380
517,3,3,0,0
886,807,1359,604,463
766,6,1,0,0
672,1,1,0,0
722,418,982,426,524
1073,722,1328,546,416
756,6,2,0,0
1472,1614,3670,1814,2266
1017,1106,2214,988,1028
480,3,0,0,0
971,490,965,160,277
744,6,0,0,0
879,572,1152,428,325
396,105,418,66,179
478,408,790,330,242
486,464,804,392,252
652,1033,1591,1103,676
909,10,2,0,0
620,882,2058,1012,1230
670,12,4,1,0
768,6,1,0,0
652,550,1298,621,537
609,291,805,354,382
400,234,618,404,362
1068,606,1099,220,272
1102,612,1294,560,480
2225,37,6,3,0
726,520,1581,501,764
912,2,0,0,0
454,7,0,0,0
778,3,0,0,0
1165,798,1316,562,422
481,4,0,0,0
1396,24,4,1,0
957,893,1704,688,610
586,264,797,269,251
670,4,1,0,0
773,16,6,2,1
1025,407,895,304,416
767,14,4,0,1
340,2,0,0,0
638,4,1,0,0
726,3,1,0,0
1072,732,1402,576,479
1318,1023,2200,860,716
969,9,2,1,0
336,164,736,800,479
1388,11,2,0,0
415,13,3,0,0
751,700,1521,645,772
754,10,2,0,0
807,875,1755,718,762
1262,786,1390,514,379
327,530,1139,560,714
1538,28,4,1,0
879,608,1232,450,314
1042,754,1346,589,435
965,967,1434,917,466
828,4,1,0,0
1288,1026,2844,1272,1672
633,2,1,0,1
894,9,2,2,0
869,12,2,0,0
1497,26,2,2,0
1207,22,2,4,1
422,148,208,70,66
692,14,1,0,0
674,8,4,0,0
962,14,0,0,0
906,12,2,1,0
1047,900,1970,1014,1112
829,1272,2868,1256,1398
870,802,1781,757,664
998,1030,1594,817,573
703,410,1026,380,483
792,12,3,1,2
1600,25,2,0,0
529,1,1,0,0
952,755,1221,514,380
1014,746,1392,604,529
998,856,1625,743,620
1329,16,3,0,0
634,382,663,321,226
1008,1441,3453,1624,1774
689,560,1052,362,276
1718,1741,3694,2504,2133
1259,8,5,0,1
877,926,1728,724,591
966,472,984,153,275
714,392,832,245,226
569,330,914,229,390
378,334,651,244,192
886,835,1448,544,469
770,12,0,0,1
960,14,2,0,1
1093,1612,4065,2616,2401
814,616,1418,618,708
698,16,1,0,1
644,727,1459,720,463
909,743,1453,542,430
1654,29,2,0,0
1162,18,3,0,0
814,1014,1663,1160,634
500,205,669,573,429
1701,31,5,1,0
1118,796,1911,812,1110
595,700,1655,725,794
472,197,340,45,53
1117,805,1518,253,381
222,178,508,148,221
1440,1154,1920,846,654
606,688,1498,700,790
898,610,1374,512,411
550,626,1242,562,488
512,673,1565,1001,809
1071,26,2,0,0
982,612,1228,468,392
932,608,1158,472,390
935,710,1432,606,442
1090,1465,2553,1464,923
1034,770,1510,574,484
369,320,619,281,195
752,678,1528,456,582
1196,1260,2792,1222,1552
636,5,0,0,0
294,174,390,61,88
64,2,0,0,0
1088,864,1748,646,567
598,9,1,2,0
1117,13,1,2,1
546,10,2,0,1
809,718,1138,483,359
572,8,0,0,0
1234,613,1298,333,700
1535,23,4,0,1
1158,1460,2815,2055,1927
1547,1432,3007,1326,1576
1160,14,1,0,0
1075,6,0,0,0
572,262,564,334,320
686,626,1358,588,480
496,434,888,373,410
1098,931,2109,464,1060
1180,14,3,1,1
813,146,272,143,169
659,9,1,0,0
716,14,2,2,0
478,3,0,0,0
632,5,2,2,0
1194,18,4,0,1
756,16,0,0,0
1270,913,1998,908,726
420,0,0,0,0
906,12,0,0,0
662,6,1,1,0
1401,1074,2246,948,740
2126,6,2,1,0
1430,28,4,3,0
845,7,0,0,0
1425,22,6,0,0
664,648,1252,472,428
534,1252,1948,1106,737
917,692,1338,579,424
1131,626,1412,475,452
1293,14,4,1,1
1026,4,0,0,0
951,10,2,0,0
804,8,0,0,0
1262,576,1260,572,618
2795,26,6,2,1
1306,1152,2022,830,736
560,474,1129,569,562
1086,1108,2040,972,754
1030,13,2,0,0
1575,1174,2534,1162,1328
762,536,1402,258,303
912,629,1457,660,836
722,660,1168,527,370
2274,1868,3418,1446,1193
562,232,762,336,346
865,354,862,438,574
367,362,697,256,211
1294,637,1757,346,794
760,9,2,0,0
816,10,3,0,0
2005,1598,2998,1285,1039
559,466,913,334,267
2508,38,9,3,1
569,688,1886,894,986
3433,63,10,2,1
1290,924,2015,301,572
1038,866,1787,690,698
958,5,1,3,0
858,12,5,1,0
812,851,2231,875,1130
988,14,3,0,1
703,482,994,367,427
984,1050,1832,704,654
368,1,0,0,0
224,2,0,1,0
907,678,1130,552,384
1706,25,3,1,0
1616,1482,2492,1024,1056
1045,11,4,1,1
1577,19,5,0,0
3204,3316,5978,2446,2110
856,8,3,0,0
1907,1234,3498,638,1514
1342,22,2,1,1
1032,15,3,1,0
1016,183,450,68,220
1155,456,1015,450,516
1057,12,7,0,0
698,2,1,0,0
567,480,1044,260,278
740,6,1,2,0
527,3,2,0,0
804,6,2,0,0
1005,700,1212,448,354
1180,14,4,0,0
364,52,146,76,102
888,716,1228,490,366
2251,4,0,0,0
1208,587,1338,535,394
742,608,1340,493,454
2677,858,3626,317,1128
1102,1102,2363,692,500
4350,66,11,0,1
620,2,0,0,0
913,12,2,0,0
954,539,1196,681,610
852,706,1468,632,670
1528,1491,2434,950,807
450,6,0,0,0
1210,5,2,1,0
922,4,1,0,0
692,24,1,0,0
953,755,1434,526,400
1098,820,1464,645,492
1398,942,1608,638,549
432,383,1018,249,448
1967,1155,2761,496,1179
1680,24,4,1,1
3156,28,3,1,0
1356,29,2,2,1
1148,726,1279,488,376
744,16,4,0,0
1124,22,2,2,0
937,18,2,0,0
999,682,1161,434,372
1508,785,1631,271,451
916,11,1,0,0
842,760,1427,536,442
687,3,2,0,0
776,14,0,0,1
908,6,3,0,0
740,719,944,441,386
1249,13,4,1,1
800,14,1,1,0
289,14,38,14,24
2478,40,4,0,1
1614,1326,2266,892,636
1714,26,4,1,1
1786,1720,3180,1225,1058
621,686,1640,756,856
3139,60,8,2,0
1010,874,1636,788,568
834,13,2,0,0
821,4,0,0,0
819,10,4,2,1
710,2,0,0,0
794,10,2,0,0
652,315,796,340,435
872,628,1133,430,376
1064,1016,2182,942,1262
488,458,880,360,334
1994,9,3,1,0
1708,1455,3273,1058,1100
1967,1572,4048,1502,1410
670,659,1251,520,392
3062,3621,7424,3084,3334
1005,13,5,0,0
833,654,1332,492,400
899,10,5,0,0
525,474,1410,594,819
728,7,2,0,0
1042,11,3,0,1
593,426,861,314,288
1108,1433,2812,1887,1532
642,18,24,10,6
714,454,1010,410,336
906,7,2,0,1
602,499,1010,372,345
1272,832,1886,985,1096
1105,656,1286,514,367
770,170,480,250,265
2065,24,3,1,1
1383,1045,2265,1044,1253
2036,43,6,2,2
1089,909,1900,829,672
1083,899,2497,371,1037
2916,48,10,1,2
632,157,392,159,227
696,695,1234,466,349
610,422,942,362,416
630,5,0,0,1
491,592,1404,604,774
2039,16,12,5,12
644,2,1,0,0
876,8,4,1,0
528,3,0,0,0
896,14,2,0,0
1866,1106,2278,982,840
1474,20,2,0,0
2193,2171,3658,1640,1204
1332,16,0,0,0
1008,634,1262,576,382
572,7,2,1,1
859,598,1168,464,412
1146,824,1516,588,450
1039,22,0,2,0
973,18,2,0,0
659,4,1,0,0
1047,14,4,0,0
533,678,1196,718,422
557,369,724,170,216
1255,1078,2322,1040,1096
1464,916,1758,850,1007
853,9,1,1,0
940,3,3,0,1
1237,4,0,0,0
2380,3254,6052,2688,2438
1378,1253,3906,2044,2234
3401,70,9,1,0
474,636,1523,740,875
848,628,1323,352,374
1084,13,3,0,0
786,592,1145,430,359
1103,873,1891,708,608
3182,993,2010,341,495
494,647,1462,924,659
873,6,0,0,0
890,461,1178,496,548
1288,1150,2119,880,724
657,2,1,2,0
1338,1200,1844,820,603
2111,42,2,7,1
3311,36,5,5,2
4993,4266,7197,1350,1954
614,564,1086,445,343
770,462,848,338,243
925,694,1168,469,342
334,3,1,0,0
1254,18,4,3,0
2318,1976,3881,1389,1332
1148,1178,2273,932,816
1053,736,1285,452,440
672,539,1073,372,508
880,650,1430,636,670
584,615,1305,680,676
1214,16,3,0,0
916,58,156,58,89
339,1,0,0,0
1448,17,5,0,1
708,440,1628,900,619
768,553,1344,580,375
3696,2864,6746,2893,2430
4564,4965,9478,4038,3746
1101,14,1,0,0
699,9,2,1,1
774,4,2,0,0
1402,1003,1956,370,528
1040,704,1580,666,802
1236,76,188,98,123
830,882,1643,992,599
902,654,1212,588,404
1739,27,2,1,0
1496,705,1493,240,438
989,12,4,1,1
1436,1071,1912,785,668
1330,27,4,0,1
1691,24,1,0,1
3010,12,1,0,0
6504,115,16,1,2
1089,16,6,0,0
752,8,1,0,1
533,470,1283,634,668
1032,14,1,2,1
217,158,397,161,150
310,433,1076,566,648
779,676,1346,470,470
1252,1050,1894,840,770
780,537,1335,537,424
677,2,0,0,0
844,9,3,0,1
807,4,2,1,0
1636,10,4,0,1
1068,771,1678,804,895
1876,2358,4817,2202,2645
1428,32,9,0,0
720,20,2,1,0
943,738,1386,522,444
971,890,1618,600,518
985,523,1179,590,703
987,458,1246,518,747
490,2,1,0,1
800,12,0,0,0
198,4,0,0,0
818,296,648,302,348
1462,7,2,0,1
1722,6,0,0,0
904,1859,3928,2896,2589
