976,62,1,0,0
1675,59,1,40,0
1986,613,199,1104,0
866,37,0,1,0
850,65,2,0,0
716,203,122,402,318
491,185,102,266,123
1135,555,135,186,114
1525,684,299,594,359
890,636,309,952,925
828,462,274,724,774
1369,1132,683,1867,1851
954,93,37,62,70
850,870,516,1270,1325
1288,701,309,579,503
675,378,178,356,232
656,511,202,320,268
736,27,1,0,0
1235,52,2,0,0
922,27,0,0,0
642,44,17,82,41
422,212,96,208,186
1542,335,50,130,0
1424,28,0,0,0
682,268,32,78,4
1504,1094,453,1102,738
1076,1049,556,1326,1147
860,352,85,110,78
588,161,51,48,21
632,283,207,293,288
699,27,1,0,0
1072,342,72,88,22
1187,245,50,131,0
1057,234,130,412,296
1106,430,220,557,455
990,796,436,1046,372
1788,682,156,164,104
1008,535,357,843,827
892,755,410,1198,961
856,310,63,66,16
2440,948,280,450,214
490,406,258,576,569
864,28,2,0,0
2564,610,136,505,0
935,62,3,0,0
1011,1083,503,481,393
634,280,100,890,0
1546,159,37,121,0
1210,852,364,582,533
891,397,137,188,128
643,18,0,0,0
1192,844,338,1810,110
290,78,50,76,74
650,205,126,203,195
1229,836,336,736,375
405,156,48,34,2
864,244,80,313,33
768,317,83,46,32
994,879,516,1214,1320
852,355,102,174,97
736,408,165,335,189
731,67,2,0,0
1104,1006,591,1540,1613
1162,1040,568,1324,702
478,606,537,636,788
680,403,271,258,286
951,224,142,411,292
685,263,170,390,340
307,148,98,82,74
178,28,7,27,6
1140,578,260,608,490
594,37,4,2,1
881,346,117,1040,0
546,28,1,0,0
1207,65,2,0,0
405,344,230,692,542
780,20,0,0,0
910,616,220,462,378
1068,146,62,357,0
1248,58,4,0,0
880,796,416,994,445
1304,590,314,616,527
988,133,29,151,0
710,1023,602,926,1042
719,21,1,0,0
469,518,293,255,275
1586,278,96,599,0
850,25,0,2,0
574,17,6,56,0
670,98,50,130,74
1296,254,48,141,0
2113,1308,542,866,648
1223,51,3,1,0
634,400,176,338,267
490,18,0,0,0
496,707,375,474,295
848,434,194,392,288
652,492,276,756,773
770,524,212,398,268
871,183,94,185,153
440,190,42,48,18
1355,19,2,0,0
1251,45,2,0,0
838,436,172,412,150
789,682,438,1080,1262
938,535,301,538,382
434,5,0,0,0
1347,502,222,444,324
743,119,30,38,23
498,154,50,55,48
1388,416,222,652,610
542,74,37,170,0
470,27,8,34,25
853,527,235,412,344
833,200,140,338,185
524,290,122,220,111
877,491,218,403,255
938,27,0,0,0
912,430,172,1286,0
787,141,46,299,0
939,1506,821,1088,1464
1013,800,424,913,444
774,575,188,136,66
1065,768,295,1107,352
1600,1418,793,2408,1766
754,747,426,1116,1240
609,292,61,72,37
476,22,0,0,0
731,732,405,1056,1067
724,251,62,375,0
1264,537,139,170,65
766,295,74,74,26
855,500,236,384,309
892,349,98,110,65
850,276,149,306,246
2372,965,326,2324,0
1836,1598,1102,3064,2004
981,942,646,1320,1419
1493,42,1,0,0
504,97,52,114,100
713,388,210,424,258
1133,1175,522,436,423
184,65,12,16,5
959,539,218,439,249
1167,1184,667,1361,1519
1008,902,506,1172,850
1309,373,125,198,77
756,323,89,80,56
1300,1112,682,1866,1161
797,609,364,1228,812
596,72,14,13,3
1034,523,258,553,380
848,458,171,348,194
594,128,72,228,151
724,29,6,26,35
638,20,2,0,0
1580,890,372,696,486
647,120,84,152,144
170,40,20,158,19
2638,940,290,1728,0
372,156,74,534,0
1046,898,446,1393,1280
948,423,127,1219,0
670,24,0,0,0
721,326,74,120,56
1044,317,55,190,0
672,489,278,738,391
784,640,406,1204,1045
590,29,1,0,0
808,171,42,327,0
940,816,244,278,165
862,284,174,304,268
650,462,145,92,83
830,321,211,748,578
587,284,182,536,594
793,742,426,988,889
981,40,1,0,0
1410,134,46,419,0
570,310,126,334,200
616,214,50,62,51
654,390,254,459,317
840,321,158,1354,0
1566,106,11,69,0
1084,1080,572,1059,617
1611,1061,584,1698,1616
1144,31,0,1,0
1368,1276,810,2084,2251
1111,107,25,81,0
736,880,371,294,265
780,512,194,441,263
356,12,1,0,0
3096,751,137,601,0
1534,1424,788,2023,1540
1054,882,584,1439,1261
1529,1049,678,1627,1466
761,116,19,68,0
1144,475,308,730,735
2284,732,352,3405,0
921,420,110,156,78
652,406,238,548,212
967,1010,607,1838,1587
558,472,259,652,613
866,732,292,171,144
1194,797,202,102,82
720,567,199,108,95
507,800,555,652,768
546,60,20,30,21
840,67,14,21,15
1642,580,114,172,65
1795,2041,1067,1089,943
1490,1222,608,1491,681
842,320,163,430,355
444,168,136,346,314
588,272,156,160,190
710,391,158,315,247
1293,32,0,0,0
1262,982,596,1545,1298
748,672,333,342,286
467,122,32,48,6
703,205,59,355,0
590,267,78,110,93
3124,1448,844,1884,1637
1070,436,186,440,293
2069,633,197,1141,0
1778,820,345,2784,0
1365,209,80,129,113
494,270,82,62,47
1593,64,2,2,0
738,316,84,110,55
1387,1308,834,2484,2074
2901,1382,574,3741,0
731,854,650,824,1103
723,22,2,0,0
636,135,70,244,186
622,217,71,96,50
672,88,27,28,18
2033,890,550,1375,1008
726,46,0,0,0
439,117,56,18,39
511,304,166,356,153
764,102,25,110,0
554,256,188,696,546
597,522,259,828,828
750,234,60,74,25
1591,292,73,130,78
757,28,2,0,0
2644,2810,1494,2934,3979
2397,1084,304,440,274
1647,419,93,361,0
806,18,0,1,0
1234,634,225,1955,0
718,209,70,128,76
642,388,160,247,139
832,434,193,383,240
1146,1065,634,1586,1732
718,235,150,164,173
1416,1235,710,1929,1544
2071,1966,992,675,627
2245,762,173,983,0
799,17,0,0,0
1312,720,224,380,268
1352,385,107,772,0
1158,41,1,0,0
824,259,138,404,303
1061,180,38,130,0
1057,474,204,1912,0
686,14,1,0,0
1302,1114,574,1377,724
1345,470,346,980,696
1182,308,75,72,46
1262,815,309,650,466
568,372,184,446,233
840,34,2,0,0
1128,194,92,205,170
749,18,13,67,0
508,35,8,56,0
1464,786,336,705,519
593,247,95,659,0
499,30,0,0,0
1488,1242,834,1937,2885
1625,862,372,665,363
1318,1472,709,571,529
922,263,52,224,0
204,65,18,77,76
748,322,202,532,510
869,334,83,82,41
1082,973,542,1676,1464
322,27,16,14,34
493,12,4,4,6
667,305,96,133,87
1444,1161,483,432,390
2188,1766,920,2600,2401
828,848,564,1141,1543
687,373,158,396,282
584,784,415,775,1290
906,189,56,98,54
956,13,2,0,0
622,51,2,0,0
1962,927,392,3500,0
578,147,47,25,12
1276,380,207,665,695
1309,48,1,1,0
1674,2306,1172,1644,1680
1052,1230,579,517,551
2326,716,157,1077,0
742,30,0,0,0
918,1290,781,1047,1150
660,78,14,59,0
920,606,292,1174,875
684,447,223,468,280
1142,954,562,1503,1406
2296,420,160,1306,0
1794,2339,1410,2249,2493
1281,442,121,182,70
1512,632,224,1401,0
592,25,1,0,0
893,522,208,376,204
787,138,51,66,39
690,388,180,350,207
1058,711,240,152,99
1126,1408,1030,1262,1419
593,413,120,86,76
1990,1018,385,3354,0
990,72,2,0,0
704,337,135,1024,0
1080,250,114,316,138
1336,433,135,811,0
413,139,68,58,86
1106,1473,861,1162,1241
763,324,157,334,326
821,870,440,507,423
700,933,520,620,388
769,32,2,0,0
1856,436,156,875,0
1380,1225,748,467,396
1396,682,316,638,611
2211,94,2,0,0
788,300,148,405,341
671,238,106,275,149
1567,62,2,0,0
867,860,500,1105,1075
1025,369,96,164,91
1392,321,225,1002,792
2195,1845,999,3000,2424
744,31,1,0,0
1219,47,1,0,0
583,569,326,242,247
216,104,37,20,8
544,81,46,70,69
1810,698,291,1915,0
1022,1554,886,1487,1579
366,350,168,448,372
1198,192,61,64,32
514,220,55,84,47
606,188,115,160,152
340,114,25,32,10
729,14,0,0,0
607,111,38,445,0
404,13,5,2,5
1158,1092,549,520,366
681,246,146,344,428
922,47,2,2,0
756,301,94,725,0
1962,1612,908,2220,2077
482,205,106,298,182
817,158,27,88,0
1100,672,321,687,454
934,164,74,208,85
1087,708,304,612,374
488,289,129,232,197
858,29,3,0,0
830,507,183,296,232
876,551,239,352,330
1019,658,345,479,519
1107,219,105,633,0
598,454,305,970,660
1078,516,187,2092,0
2469,2360,1520,3690,3833
836,533,216,386,265
1257,69,0,1,0
906,884,575,1272,1518
906,198,31,71,0
826,161,74,279,295
748,293,78,128,74
708,158,50,110,76
707,190,105,363,300
728,291,144,366,311
1658,903,433,745,569
1396,58,3,0,0
720,461,276,736,286
555,195,97,196,172
869,263,66,365,0
868,692,506,1253,1064
1266,389,150,426,347
926,659,316,524,393
918,238,65,56,32
580,296,144,334,289
823,564,334,1136,768
818,161,70,223,152
878,441,170,807,0
624,362,287,349,398
1084,521,232,2067,0
356,10,0,0,0
690,152,39,62,31
1072,520,245,542,365
954,28,1,0,0
694,453,198,333,236
582,514,334,952,670
654,922,585,624,681
603,402,284,366,424
954,308,144,375,310
276,22,7,3,1
1538,560,258,590,410
1057,77,0,0,0
934,735,328,375,298
490,20,6,33,0
1080,620,272,510,414
688,1249,792,893,998
459,143,68,224,172
625,309,93,51,47
789,306,88,383,0
758,804,503,367,378
950,68,0,0,0
1021,782,343,487,532
791,440,264,544,472
759,725,466,1295,988
1031,1710,1155,1419,1622
718,139,31,64,32
911,234,76,84,81
1201,880,480,1228,1227
700,40,0,0,0
837,128,27,40,19
533,567,358,308,259
890,591,296,410,298
796,478,302,780,664
827,233,147,1247,0
1151,803,525,721,803
1096,630,242,428,258
801,342,80,79,43
455,283,195,121,120
634,988,646,940,994
1034,1099,549,541,519
665,20,0,0,0
1215,440,254,475,337
1150,522,144,251,167
988,827,386,324,321
1062,507,244,469,364
1063,833,308,240,205
607,614,428,1183,872
1013,636,293,2408,0
728,326,64,98,41
934,45,2,0,0
809,494,207,428,294
855,37,1,0,0
648,162,114,268,248
854,104,39,36,29
1192,46,0,0,0
804,424,238,710,647
874,870,427,395,367
812,62,2,0,0
429,316,169,540,473
796,170,47,27,14
1071,44,2,1,0
800,302,88,74,44
642,328,145,179,139
1949,1602,896,2191,2216
1369,443,189,1265,0
866,411,124,168,68
1115,570,272,474,438
558,538,267,230,201
318,313,159,258,304
956,32,28,14,8
1062,286,65,92,39
1668,406,119,763,0
810,334,101,388,0
862,35,9,43,0
1133,836,424,1374,1257
908,1250,668,1077,1274
825,790,516,1456,1417
608,585,360,571,655
910,880,445,1032,945
661,407,134,102,59
884,1331,918,1050,1232
864,256,46,99,22
883,1208,860,1141,1405
609,306,244,550,559
1227,20,1,6,0
325,183,84,300,256
788,432,234,464,211
737,535,355,532,625
664,311,110,132,88
1140,46,1,0,0
670,284,162,286,146
874,542,314,391,330
925,461,184,355,185
383,194,119,158,150
777,210,72,99,67
711,501,253,485,498
506,116,46,361,0
859,49,12,37,25
1043,778,391,1160,813
834,32,6,18,15
1420,323,82,462,0
832,364,85,107,52
730,148,69,383,0
376,137,76,152,121
986,627,291,523,379
1278,44,1,0,0
1137,433,84,103,41
968,926,470,1450,1626
1133,690,332,748,418
901,522,225,816,543
1964,399,72,302,0
1070,211,40,135,0
1110,1162,619,1784,1467
704,266,138,718,260
440,21,1,0,0
2207,543,233,1661,0
764,366,101,98,48
984,623,222,490,319
1254,1100,700,2044,1808
677,468,234,1208,737
1430,318,66,235,0
2248,56,0,1,0
658,47,16,28,21
894,28,0,1,0
936,558,280,606,361
1012,620,262,498,325
1434,66,2,0,0
895,44,7,0,0
507,764,550,458,321
1177,24,0,0,0
1126,267,60,193,0
3142,142,2,1,0
878,760,450,857,729
661,264,108,118,65
432,52,10,9,4
168,199,112,157,141
698,8,0,0,0
901,603,254,535,260
1568,107,4,0,0
726,28,0,0,0
845,44,1,0,0
913,62,22,58,23
410,276,110,441,173
1998,802,192,190,90
812,1297,772,1347,1356
884,761,430,938,393
876,402,239,750,688
404,190,69,207,93
880,146,51,466,0
940,575,256,502,327
873,27,0,0,0
1148,21,1,16,0
1320,319,62,175,0
439,428,270,569,531
1190,425,142,198,64
951,599,253,480,337
580,620,303,320,278
928,404,130,259,130
1012,865,438,1166,1238
1364,1092,543,541,510
1040,51,0,0,0
1092,223,80,331,0
844,215,98,137,115
534,442,124,73,63
288,122,68,169,176
1013,413,168,336,217
1995,22,1,0,0
872,877,394,992,520
720,250,81,76,59
910,214,66,114,60
550,145,72,168,166
2428,1865,930,2519,1134
838,54,28,74,56
1015,891,381,411,329
926,704,366,888,824
833,340,212,392,245
1255,608,255,556,247
566,236,122,218,169
829,658,284,235,220
837,440,209,440,251
707,678,357,309,293
792,252,49,417,0
618,34,16,31,0
1173,664,314,667,488
591,54,3,0,0
558,772,502,722,777
981,451,102,126,71
875,890,478,1221,1134
1068,296,116,576,0
828,305,208,532,583
1898,30,3,17,0
727,330,68,58,21
1221,53,1,0,0
923,340,90,114,46
962,635,376,928,779
690,660,371,484,560
644,88,58,242,143
1210,465,165,1226,0
826,322,159,176,146
1957,898,570,1669,1307
4910,1411,410,2225,0
1299,733,324,640,430
329,217,193,381,436
714,435,176,1120,0
620,417,260,343,388
610,266,104,952,0
740,494,186,327,239
566,385,246,504,346
872,60,24,48,29
995,584,170,268,215
1002,960,632,1726,1513
1192,22,0,0,0
592,303,84,104,64
727,1205,680,810,1026
1464,549,268,368,257
913,652,412,1190,931
955,9,1,0,0
718,198,109,189,240
652,256,82,312,110
629,286,71,110,49
720,137,64,460,0
779,658,376,1277,1006
940,230,83,473,0
1026,197,72,402,0
800,672,364,868,930
602,41,1,0,0
898,119,31,354,0
602,653,403,480,603
1130,712,266,629,384
941,280,94,106,95
760,489,285,464,539
566,148,72,139,145
630,43,2,0,0
1360,30,0,0,0
683,318,205,566,353
823,740,393,1026,1005
942,618,240,472,352
1069,1084,612,1761,1473
868,275,141,193,177
951,764,354,844,384
1172,554,134,150,82
838,402,176,352,220
764,26,1,0,0
1686,1691,717,756,677
865,244,44,54,40
974,369,98,509,0
1160,901,629,833,1161
1048,86,20,50,33
1724,1207,700,624,571
536,614,414,1165,1112
1066,616,285,588,449
950,470,130,192,123
947,223,98,738,0
1119,894,492,1340,1188
500,200,153,129,142
1014,1038,592,1422,989
802,306,78,67,37
861,544,249,439,425
3797,3812,2380,3632,3693
1185,662,366,640,604
1076,26,0,0,0
579,639,524,572,645
1330,64,1,0,0
342,198,103,216,135
536,34,0,0,0
1382,618,233,2229,0
594,418,212,502,288
670,24,3,0,0
1290,101,8,0,0
2280,1948,1110,3261,2522
1249,998,532,1483,1008
633,478,287,425,551
678,416,237,670,620
520,591,369,405,410
1184,372,88,640,0
450,41,1,0,0
893,648,380,916,279
830,436,272,617,623
583,342,144,228,200
1076,246,93,772,0
849,24,0,0,0
454,798,362,483,308
907,366,76,112,62
1741,68,0,1,0
1406,60,2,0,0
1335,95,1,0,0
352,186,90,283,214
859,250,101,508,0
358,30,14,62,46
796,426,176,401,206
1019,970,529,1472,1451
597,249,111,816,0
854,638,392,538,663
866,163,31,26,22
1070,438,146,1249,0
2648,719,364,787,719
2289,703,216,1225,0
698,876,509,572,551
682,1102,709,921,1064
996,486,211,411,236
495,84,56,131,124
575,357,145,210,191
1188,360,120,832,0
624,30,2,0,0
644,206,102,172,145
620,42,14,28,20
1291,575,368,998,1010
744,799,342,310,218
912,595,175,111,64
2970,1564,648,1742,908
985,579,240,390,333
1236,984,614,1078,1384
1266,617,365,316,315
1358,148,36,126,0
284,104,44,110,110
756,364,119,1130,0
872,828,581,1747,1383
723,484,219,440,288
490,41,8,12,10
1223,1119,440,212,169
1066,966,574,1738,1446
862,770,397,1130,864
939,963,445,418,405
1333,345,61,187,0
1144,397,233,298,272
1076,811,223,107,76
1320,563,207,1675,0
837,417,168,400,208
784,587,139,108,92
957,806,438,1348,1113
946,889,550,1272,1365
806,324,88,116,54
1143,980,532,1480,1280
1450,698,217,1597,0
996,848,495,1476,1328
1302,2285,1459,1760,1703
963,31,0,0,0
1774,796,160,185,94
776,612,185,163,118
553,236,67,134,59
1012,332,78,127,46
670,371,220,652,572
1273,1261,519,646,669
488,424,275,943,771
774,290,150,382,358
1384,1354,812,2658,2439
712,757,374,374,341
550,132,40,58,66
1130,537,236,476,328
1124,255,90,89,73
461,106,46,106,78
195,10,0,0,0
502,260,132,312,347
760,14,1,0,0
643,175,28,33,16
914,584,298,404,256
2293,355,86,261,0
836,472,99,49,34
828,621,212,181,155
1905,824,242,354,236
1940,1021,529,1266,1078
712,288,84,126,65
654,190,129,376,297
800,742,441,1018,1117
696,1261,798,1122,1347
580,12,0,0,0
1048,74,30,36,61
857,943,551,1219,1267
836,410,239,319,216
704,56,1,0,0
798,194,115,175,183
1070,99,0,0,0
1487,519,182,831,0
1970,29,1,0,0
736,230,52,64,42
850,1144,623,722,467
982,482,235,408,290
384,190,118,228,165
696,1022,700,1098,1161
926,538,306,422,333
593,16,0,1,0
2194,1234,577,1096,933
1640,1310,738,2131,1282
1107,962,521,1162,713
858,21,4,19,0
686,382,106,59,45
923,255,152,343,293
815,487,198,369,236
888,358,106,169,87
349,92,34,12,4
894,579,146,108,70
678,28,12,22,14
784,538,214,406,235
949,266,64,268,0
604,22,1,0,0
544,587,275,212,245
1066,540,243,452,273
560,383,228,484,698
790,191,31,58,0
314,187,122,334,380
287,74,50,106,107
742,825,455,1268,1222
491,150,93,238,194
837,584,177,108,88
684,130,52,105,57
1390,669,229,2101,0
1328,470,102,130,80
551,805,409,549,305
650,89,36,223,0
798,1016,687,770,915
1051,29,10,49,0
594,598,335,413,462
971,130,63,208,164
1039,512,207,1551,0
746,264,157,142,179
772,282,166,334,274
368,27,13,11,12
624,47,0,0,0
650,862,562,683,741
841,259,73,403,0
488,112,18,64,3
548,16,2,3,1
626,7,0,0,0
360,22,0,0,0
592,105,68,208,106
608,225,143,374,319
604,268,148,254,185
336,314,218,479,324
705,280,93,127,56
628,320,76,156,76
927,418,180,398,220
826,786,442,1223,1177
570,282,107,1006,0
628,45,8,11,9
3133,2382,1376,1947,2135
714,414,107,103,65
773,718,486,1317,887
648,474,250,732,684
908,198,62,808,0
704,448,276,660,560
480,354,216,472,392
1600,1525,838,2497,2237
853,438,122,160,75
636,163,35,56,24
409,436,262,568,548
666,668,394,1141,1177
472,10,0,0,0
582,372,120,216,53
909,384,92,156,92
511,27,0,0,0
774,34,2,0,0
658,24,0,0,0
653,436,134,110,93
599,529,226,404,316
356,252,121,419,292
625,228,44,56,17
550,424,140,83,54
540,99,60,112,81
267,454,310,354,417
1464,931,485,1723,558
809,636,374,1000,953
1136,38,2,0,0
1098,1667,1125,1436,1735
972,337,82,546,0
730,737,339,377,421
670,18,0,0,0
641,40,2,0,0
960,964,490,419,398
410,176,34,44,25
1263,530,140,199,115
220,78,44,41,62
1052,35,6,69,0
948,14,0,0,0
1107,586,352,864,709
869,710,366,917,743
523,147,35,92,31
874,731,431,507,580
656,294,142,356,278
764,28,0,1,0
707,424,192,293,233
1042,408,108,72,54
690,34,1,0,0
799,146,56,74,37
606,94,32,56,34
576,186,61,282,0
488,80,40,106,86
302,14,2,10,9
716,700,422,1160,872
437,31,2,23,0
594,347,132,79,84
842,176,27,152,0
462,17,0,0,0
1029,244,116,223,186
879,57,6,0,0
803,386,154,386,288
33,40,23,44,37
780,640,350,946,928
785,233,114,956,0
1054,215,39,147,0
733,600,344,841,660
2208,335,95,687,0
655,97,14,24,0
523,447,214,555,478
564,895,672,637,834
724,520,232,380,330
680,27,2,0,0
377,232,165,249,342
1545,1056,428,792,692
848,43,1,0,0
914,42,1,0,0
1476,332,74,272,0
752,564,292,690,274
1076,36,1,0,0
439,176,36,42,27
1226,534,118,80,71
1051,672,332,643,569
908,28,1,0,0
1244,333,184,544,444
876,332,87,494,0
916,594,314,878,285
559,575,260,177,166
493,159,46,62,23
664,304,68,71,42
1122,833,380,376,287
863,22,1,0,0
588,601,327,782,962
774,284,114,851,0
588,452,331,707,466
740,549,176,124,90
422,17,0,0,0
387,257,178,200,303
720,364,86,84,50
541,104,44,407,0
592,22,4,6,8
770,470,332,928,753
841,645,368,1066,741
829,256,72,75,16
722,364,186,382,256
907,34,1,0,0
612,106,60,438,0
767,384,170,413,280
844,380,152,368,197
887,490,206,414,255
480,135,49,52,24
887,464,106,134,103
1300,277,38,180,0
1149,32,2,0,0
876,859,420,1012,495
1020,258,76,105,61
888,920,516,1512,1339
654,437,192,378,385
801,700,491,1199,1002
674,951,532,567,412
1117,902,417,482,428
396,40,37,76,57
324,202,115,133,138
978,36,2,0,0
1145,736,378,766,617
1231,189,82,640,0
652,476,296,245,303
600,188,104,320,191
698,28,2,0,0
1288,216,64,519,0
665,374,202,366,227
745,794,304,355,295
610,332,95,67,27
211,106,25,12,8
671,286,151,246,219
300,276,125,169,128
897,588,262,380,287
772,46,22,118,0
1745,78,1,0,0
448,208,80,102,57
937,269,50,295,0
866,423,110,110,79
378,231,98,87,73
490,255,90,804,0
378,150,39,43,38
889,519,244,548,333
918,744,436,1256,800
340,384,155,668,203
784,526,127,85,51
1026,396,130,1330,0
319,62,18,32,13
898,371,127,68,61
706,26,1,0,0
987,36,0,0,0
574,422,236,528,654
561,550,318,1012,1016
510,20,1,1,0
738,81,38,337,0
1068,410,90,134,90
627,437,214,373,207
814,406,178,1527,0
1026,708,260,464,326
591,258,140,270,234
1024,1567,967,1086,1162
894,832,527,1288,1269
476,154,56,486,0
799,692,352,972,903
1441,396,186,405,326
571,594,296,614,689
692,386,176,258,198
388,237,145,233,240
1105,1113,666,1697,1670
793,306,74,77,44
646,365,146,340,247
1018,29,3,0,0
677,495,145,112,96
2214,723,217,1303,0
646,318,117,1091,0
994,334,148,1217,0
605,567,272,925,701
728,55,3,0,0
795,695,452,1136,1569
844,260,56,92,40
1022,40,0,0,0
837,810,490,1250,1275
1892,1742,978,2672,2595
961,554,116,142,73
491,260,64,218,66
454,42,8,18,12
444,301,207,552,620
616,169,33,92,12
732,31,0,0,0
823,32,2,0,0
1172,687,242,432,280
439,350,252,620,539
914,340,230,584,635
1009,858,350,688,559
376,225,112,219,214
1086,801,356,616,503
552,498,294,581,576
1069,798,436,1418,1067
2086,1337,638,582,542
514,1087,898,1183,1554
1156,951,366,666,542
602,282,68,84,53
847,424,212,541,244
922,76,31,370,0
822,484,161,228,105
638,192,35,54,18
473,34,0,0,0
712,22,3,0,0
930,553,150,278,185
2755,239,86,364,0
900,268,154,485,455
502,24,2,0,0
739,158,113,303,192
693,95,17,28,23
992,972,607,1747,1411
3041,1556,1048,2886,2425
1688,68,1,0,0
1186,890,582,1922,1319
885,47,0,0,0
1021,1142,685,1716,1794
962,435,114,114,74
556,378,252,540,535
932,928,490,1364,897
433,11,0,0,0
1168,264,55,147,0
452,388,250,614,206
768,404,90,62,29
1061,763,289,570,341
716,42,2,0,0
777,484,253,790,795
1140,878,398,662,488
865,604,285,878,417
638,220,124,235,231
1146,655,360,1046,910
722,454,188,404,320
622,20,0,0,0
930,23,2,0,0
886,980,596,1502,1289
1112,1016,547,1576,1307
970,1136,614,1552,1212
521,178,61,228,99
606,741,416,1024,837
698,478,216,401,261
866,223,32,83,0
1558,67,3,0,0
833,867,460,1104,576
694,195,113,265,244
1239,674,352,650,300
1341,450,130,202,140
656,216,127,320,304
1711,1888,1158,3070,2695
1014,38,2,1,0
750,390,130,142,86
1206,657,184,246,156
722,512,240,558,397
784,649,418,1142,996
542,659,358,1492,1189
638,12,0,0,0
1194,642,156,210,121
744,352,90,96,39
568,27,19,35,34
363,410,235,596,575
1565,482,90,188,46
681,366,237,580,540
692,507,241,650,283
1865,1650,932,2635,2563
2218,1187,302,371,239
1153,1073,570,1104,590
1390,1546,1025,2787,1794
1298,380,85,266,0
1171,1266,740,2136,1561
964,490,128,165,79
938,1172,713,1852,1451
956,572,316,604,549
647,144,25,168,0
916,634,332,632,422
684,775,259,179,160
718,183,31,31,28
1083,1220,860,2429,1792
834,967,559,1441,1136
791,386,97,130,69
758,234,185,457,356
2139,1866,859,1283,1284
1050,1512,970,896,622
960,915,559,1444,1252
994,624,322,740,458
801,650,418,1200,1281
626,1461,1023,1553,1590
1050,1362,878,2490,2171
574,102,23,27,31
762,44,0,1,0
578,440,180,403,227
423,53,7,9,0
1029,680,307,610,383
791,516,313,1034,762
798,410,284,901,762
694,413,162,412,238
816,620,234,498,295
722,246,168,426,473
670,1249,811,861,533
864,404,125,172,70
2144,322,56,180,0
461,26,8,32,23
1360,238,116,416,437
1304,1450,863,2428,2188
963,428,227,494,387
1098,873,352,624,494
1928,50,2,0,0
1288,1073,450,1108,811
820,47,1,0,0
406,19,0,1,0
612,314,174,486,395
973,450,214,558,594
1342,1680,1028,2992,3172
425,661,458,606,593
856,180,62,548,0
868,294,165,342,283
589,194,64,64,43
350,16,0,0,0
586,504,256,172,225
1096,744,389,599,634
1310,785,500,1343,1099
387,284,146,366,236
523,412,230,396,364
1008,768,304,639,394
492,208,32,15,0
692,26,0,0,0
542,96,18,63,0
1088,832,377,630,412
918,453,277,835,617
815,572,302,520,282
472,48,0,0,0
876,54,13,61,68
998,551,136,152,103
794,12,0,0,0
651,24,1,0,0
1402,766,220,284,199
275,224,112,190,160
631,314,198,422,268
1024,1132,566,1622,1407
661,400,216,464,318
930,998,506,1676,1173
1102,636,222,330,253
1164,1014,488,930,662
602,419,212,242,290
748,960,595,1402,1446
851,102,49,127,132
737,72,3,0,0
792,992,425,960,594
632,34,1,0,0
1046,390,135,694,0
922,104,44,523,0
635,124,28,54,19
868,35,2,0,0
1232,412,321,884,705
1777,315,112,219,173
1202,1224,606,1838,1568
756,738,482,1194,783
1003,523,106,144,61
778,26,1,0,0
662,23,10,21,21
593,202,50,86,9
796,1770,1181,1653,1957
598,303,84,82,46
1046,1364,629,694,673
735,143,44,121,0
952,247,83,463,0
728,24,1,0,0
1378,742,204,252,150
746,304,148,334,197
815,332,178,416,338
1001,897,537,1333,1361
862,13,0,0,0
1142,108,52,126,87
1117,1310,773,2204,2304
653,12,0,0,0
940,958,628,1684,1474
954,620,284,520,290
813,37,7,17,20
587,39,15,46,41
840,352,88,184,79
1409,1608,960,3226,2513
1067,576,198,222,115
876,920,620,1800,1266
724,276,70,110,59
928,574,258,509,400
658,492,325,741,542
883,378,130,221,191
1750,877,270,463,198
1312,906,521,1168,916
1044,981,578,1680,1507
747,758,432,1104,722
662,580,246,524,434
604,478,234,654,715
784,930,668,1910,1345
800,734,463,1124,737
936,1237,834,1884,2210
836,30,0,0,0
672,23,1,0,0
866,548,260,597,409
1120,902,407,710,439
766,946,682,1775,1501
1001,1052,562,1463,617
1007,348,134,228,140
472,1053,858,1007,1258
1449,1635,960,2248,2367
866,472,212,402,297
697,346,111,134,101
1282,209,44,32,9
1295,758,287,838,503
1027,946,394,735,611
606,28,1,0,0
836,659,373,628,554
802,246,106,692,310
746,8,0,0,0
734,417,261,774,622
1048,17,0,0,0
861,918,534,1250,1195
881,675,394,698,581
1181,803,292,2634,0
1054,427,92,207,84
2118,1298,422,540,333
636,24,1,0,0
1072,1151,712,2460,2107
1113,800,385,722,438
1146,878,525,1550,1025
1451,743,285,885,531
728,27,2,0,0
934,742,282,537,351
1914,1402,1214,1329,1488
935,878,376,794,544
893,1013,673,1804,1584
689,624,335,798,378
654,592,322,810,908
909,48,1,0,0
576,298,79,124,91
752,468,128,234,148
852,710,355,630,402
665,402,190,600,389
575,361,216,598,435
668,239,93,124,65
710,226,66,86,26
1920,1509,812,2466,1835
1427,862,230,430,291
780,618,292,622,307
672,528,250,383,266
670,188,44,181,0
616,496,233,600,402
567,256,174,491,436
1657,1365,566,1076,760
346,286,128,246,159
788,405,224,535,394
1465,281,53,170,0
810,51,1,0,0
868,543,332,1020,736
412,537,260,235,253
498,314,134,244,86
504,258,66,82,36
632,746,440,1095,1087
603,512,266,430,311
907,840,223,135,94
1332,1049,500,724,669
780,325,77,617,0
1443,1894,713,854,691
857,402,228,467,580
890,41,1,0,0
806,252,59,174,65
1613,1112,490,1004,620
812,34,2,1,0
302,322,162,260,164
457,278,75,106,56
967,1333,736,2119,2386
646,566,275,363,268
982,830,304,628,335
896,450,193,1171,0
902,320,82,223,0
1117,753,352,595,436
1180,601,182,302,115
478,150,87,219,137
374,15,13,6,6
1576,620,214,1070,0
2388,508,101,405,0
858,478,112,174,95
670,26,3,0,0
499,281,194,694,437
828,443,162,1145,0
1755,671,226,224,175
488,549,312,1168,805
446,456,300,760,596
1553,218,30,128,0
580,438,178,308,235
806,262,110,386,362
812,1181,605,1050,1176
126,255,143,342,431
2005,930,484,1180,957
1623,506,90,386,0
260,157,85,198,166
567,42,13,33,18
719,392,98,138,65
804,384,68,103,46
1072,787,372,656,459
361,344,229,358,488
1098,978,445,808,554
856,774,469,1032,1105
886,492,230,1856,0
655,60,20,29,13
499,20,8,62,0
944,970,580,1500,1336
646,55,1,0,0
778,773,478,1446,1020
1201,1052,763,2295,1587
1492,709,285,2180,0
1625,66,2,0,0
552,34,12,54,40
829,395,102,147,46
737,782,442,1516,1558
907,880,336,608,618
720,260,174,495,286
690,19,0,0,0
294,135,76,197,161
798,338,162,357,263
814,678,289,520,432
687,322,89,83,60
592,375,220,321,234
687,232,74,119,86
586,22,0,0,0
484,16,1,0,0
2038,1010,371,585,246
3466,591,186,1190,0
2334,672,158,398,97
844,835,552,1496,1354
1016,1128,738,2428,2158
1701,798,396,1074,749
1135,1000,439,739,596
671,469,282,643,580
267,112,22,63,26
612,20,1,0,0
706,218,37,157,0
1002,1186,686,1909,1505
1003,538,310,698,731
748,536,217,484,235
590,749,350,442,461
792,1609,1277,1349,1783
545,250,64,336,0
671,814,548,1202,1571
730,340,194,376,320
727,32,2,0,0
2694,934,312,1773,0
1498,56,1,0,0
1522,1472,862,2264,1874
1320,56,3,0,0
1171,430,136,192,140
749,492,253,470,299
639,625,345,920,871
516,245,108,204,64
726,157,44,137,76
581,480,286,712,662
663,34,0,0,0
204,6,1,0,0
804,624,320,471,437
542,12,1,0,0
1991,510,64,36,1
960,1002,614,1518,1197
485,853,556,559,412
1753,1068,531,1012,940
1253,72,30,124,100
1420,37,3,0,0
1282,1186,821,2016,1884
754,651,357,618,581
1052,802,444,936,748
621,312,90,82,70
1018,504,214,408,333
626,278,190,492,335
841,658,309,668,435
720,430,114,96,62
417,204,75,80,94
530,48,2,0,0
1280,440,132,880,0
770,27,1,0,0
628,456,263,806,356
1512,1210,584,982,699
1564,133,5,0,0
715,927,724,1007,1096
736,420,224,532,334
944,670,311,510,376
791,306,90,121,41
776,311,67,71,21
362,345,214,257,297
814,980,618,1417,1286
724,629,295,485,438
1152,734,233,182,122
991,651,274,486,316
656,330,72,346,8
882,656,280,467,428
712,530,191,461,344
786,426,218,674,557
730,684,417,1249,999
1104,431,110,92,26
650,376,230,466,323
417,354,198,218,159
1438,503,253,618,522
1104,638,166,210,128
977,1320,815,2296,1938
505,320,115,140,95
1190,1412,926,2716,2019
786,288,91,120,65
528,157,56,385,0
702,34,0,0,0
706,435,90,120,51
684,196,124,196,273
1122,833,339,710,458
338,142,55,459,0
700,294,63,72,32
1036,39,3,0,0
1116,43,1,0,0
1449,1006,556,1212,967
691,729,477,1576,1255
1103,333,47,141,0
742,417,106,103,48
734,147,26,101,0
1153,284,96,563,0
290,160,51,54,23
749,67,1,0,0
806,393,78,118,55
1002,681,358,1321,999
724,392,223,530,321
631,350,123,91,52
442,838,511,597,353
522,19,6,4,1
499,258,180,508,455
1741,1433,362,212,118
2453,1390,380,555,288
1012,588,137,183,95
786,744,402,926,424
1449,686,158,154,71
619,36,0,0,0
1398,1499,974,3220,2362
852,729,421,1306,1200
690,598,260,368,248
663,67,2,0,0
1131,554,132,158,85
1147,838,564,1506,1456
264,28,6,34,22
1082,251,44,326,0
510,193,109,505,278
1158,497,138,675,0
546,502,312,992,1280
596,182,80,155,151
1220,481,173,681,0
850,333,198,420,394
1675,837,166,218,145
1014,886,404,624,648
986,510,130,144,98
810,556,325,780,517
974,399,139,497,0
780,362,109,588,163
502,146,39,49,21
863,241,43,149,0
966,1152,700,1814,1415
950,1010,638,1873,1540
889,285,110,156,125
610,365,246,706,709
475,134,95,322,325
774,196,106,240,168
1403,860,232,290,203
1426,1586,836,2416,2055
2352,63,2,0,0
1004,854,392,640,497
1503,730,214,320,148
813,1423,874,1096,1336
1178,935,436,860,678
800,423,233,520,336
710,894,473,1176,1150
851,707,354,610,498
736,532,161,954,0
977,376,88,87,18
834,691,270,476,383
734,351,230,548,446
633,213,110,336,305
882,364,230,502,425
608,136,53,360,0
890,692,206,169,84
800,221,94,260,159
1184,478,115,110,48
1311,1482,770,2079,1601
1985,707,384,961,583
1132,337,131,725,0
876,766,344,1255,972
1146,228,45,220,0
986,1253,638,1846,1673
575,382,216,500,308
732,21,1,0,0
1343,427,53,191,0
359,190,56,75,39
1199,1517,803,785,670
817,46,0,0,0
1040,652,284,2291,0
854,816,469,958,781
731,40,14,34,15
930,506,192,335,260
564,1180,768,866,1142
963,945,489,1251,1275
535,212,48,42,27
2038,625,141,457,0
1461,730,224,288,100
1412,840,200,269,125
1326,28,4,0,0
1164,630,180,326,183
790,703,293,628,472
880,879,572,1767,1188
514,374,141,290,188
337,148,75,577,0
976,402,103,589,0
476,278,64,86,71
1056,1401,898,2240,2315
946,482,147,184,84
644,655,205,197,148
472,24,0,0,0
628,319,73,96,32
430,31,1,0,0
589,497,208,472,373
706,441,116,197,114
792,366,78,598,0
880,402,144,728,0
1075,64,1,0,0
462,323,198,571,503
970,14,0,0,0
745,588,349,996,891
1018,49,2,0,0
628,1107,772,893,617
945,682,348,982,1054
876,336,136,1101,0
352,749,384,594,687
867,648,318,618,404
682,416,246,705,758
849,824,482,1166,1021
918,268,148,366,228
976,418,134,194,132
530,496,376,423,390
1117,772,360,820,527
1530,898,265,368,194
709,296,107,520,0
510,20,0,0,0
590,391,100,153,80
650,538,267,470,309
1166,264,46,186,0
684,309,204,640,536
563,300,223,376,346
1558,1723,1016,2686,1807
596,189,122,302,292
1089,1162,740,1705,1869
1860,1588,765,1363,1098
375,410,257,514,557
840,742,307,750,498
661,34,2,0,0
1436,1634,891,2692,1651
598,1085,648,757,941
940,271,61,230,0
966,1255,792,1920,1495
994,582,150,210,131
583,442,315,275,242
984,1853,1460,1766,2449
318,278,95,214,139
670,440,322,743,618
719,476,233,386,252
364,202,52,104,80
1518,984,592,1550,1438
1102,632,196,202,112
1104,216,57,258,0
894,1152,595,1412,1059
566,684,336,311,255
972,815,332,634,379
854,447,157,127,99
975,485,250,646,516
720,44,1,0,0
626,494,239,475,345
1228,306,85,431,0
874,1069,688,967,1246
995,236,45,101,0
345,93,25,269,0
658,324,195,490,311
1380,1038,602,1710,1512
594,192,95,108,124
2916,737,124,508,0
768,425,139,154,100
1391,1047,486,881,610
647,220,118,298,274
729,1627,1020,1536,1723
974,1105,651,1699,1450
1295,1048,347,153,123
789,870,456,938,526
692,33,1,0,0
668,305,67,82,28
699,1043,610,1840,1860
609,256,130,430,349
626,308,182,556,536
1058,638,274,578,420
360,77,15,22,23
607,500,282,980,590
800,682,440,1866,645
738,32,1,0,0
980,223,87,469,0
1448,708,305,2391,0
3922,1631,461,3292,0
1168,764,404,1678,1297
1824,897,248,359,163
706,740,296,583,358
1123,821,425,806,681
906,44,1,2,0
922,34,2,0,0
1043,1459,703,769,665
954,60,1,0,0
416,26,0,0,0
874,867,262,151,83
502,144,42,44,3
436,25,0,0,0
913,337,268,665,845
1269,965,527,1290,989
1635,2558,1594,2738,3699
1421,765,159,226,139
629,626,350,946,835
904,1583,936,1382,1517
907,948,501,1067,445
831,348,89,94,71
950,56,2,0,0
534,48,18,64,57
655,851,528,976,1145
940,29,1,0,0
758,376,150,356,280
860,792,470,1259,1171
886,61,13,69,0
778,496,116,189,116
1264,349,111,873,0
930,352,90,90,55
1432,896,262,362,158
1425,768,268,276,153
994,655,160,124,55
2135,2521,1535,4071,3849
1831,90,2,0,0
822,776,474,1402,773
1047,1246,642,1424,1279
900,48,2,0,0
840,8,0,0,0
767,373,130,1009,0
658,724,203,138,65
848,806,437,1328,1218
1210,842,592,1143,1284
1259,297,144,247,283
1310,860,512,1484,663
1830,1142,338,383,220
1089,301,37,181,0
329,20,0,0,0
1006,1212,770,2186,1922
571,490,220,798,555
1160,1246,672,1430,566
523,471,250,656,604
749,448,207,1468,0
736,33,0,0,0
578,38,24,49,46
562,179,38,73,0
1170,558,130,168,83
684,712,464,1116,853
658,548,272,446,298
930,830,333,608,505
2022,990,578,1254,1114
2010,1090,322,604,336
1950,1070,281,410,246
470,447,201,140,84
1052,50,3,0,0
1077,48,3,1,0
1200,924,411,696,457
1004,742,309,572,341
782,57,40,112,90
749,588,308,634,420
676,318,62,63,16
870,20,0,0,0
522,888,549,1465,1378
1218,38,1,0,0
1202,265,52,142,0
646,43,2,0,0
792,503,176,962,0
3331,3490,1904,5494,4651
2148,1366,544,1158,714
1159,977,530,909,755
1936,1160,370,614,300
626,267,109,242,222
2628,2934,1736,4725,4590
476,49,20,49,22
681,696,498,1258,898
447,551,253,283,285
502,218,165,562,574
1215,1306,918,2606,2660
690,553,353,962,780
411,237,145,408,505
706,27,0,0,0
871,44,1,0,0
1071,727,240,208,193
1085,714,286,478,309
552,47,0,0,0
1660,1111,517,4326,0
1591,40,3,1,0
691,13,0,0,0
821,454,120,162,76
1854,82,2,0,0
721,20,0,0,0
688,890,457,315,360
711,583,238,402,292
864,469,239,275,258
1231,389,76,311,0
433,552,326,863,655
475,24,0,0,0
730,572,248,358,312
34,2,0,0,0
1542,1020,425,761,568
1186,1414,862,3039,2608
528,28,0,0,0
476,490,315,758,812
1162,1212,800,2169,1880
1037,692,310,567,277
1110,618,138,201,140
684,289,180,526,380
756,343,97,612,0
884,494,101,166,69
589,342,118,87,71
760,38,2,0,0
761,63,26,66,91
485,44,0,0,0
768,525,214,377,263
848,839,405,1194,415
1394,1437,731,2732,2240
1991,1022,206,242,72
754,783,500,1108,1140
2041,1120,300,463,233
599,326,64,85,37
644,198,36,30,11
735,435,220,540,373
839,428,288,820,571
714,518,216,532,350
496,28,2,0,0
1006,152,41,327,0
1292,1488,1041,2266,2023
1643,34,2,0,0
779,189,42,335,0
554,571,293,299,290
1642,44,0,0,0
1910,1244,676,1596,1289
928,499,130,169,97
507,253,176,407,317
391,146,33,76,21
818,396,226,556,329
968,748,345,670,417
1045,992,592,1668,1138
634,766,372,932,751
924,46,0,0,0
546,234,172,362,266
818,449,133,246,139
520,436,228,298,339
1041,1260,768,1964,1408
1131,971,670,2508,1269
1008,355,167,1228,0
788,297,142,389,300
1904,1006,254,345,132
1046,1885,1354,1900,2014
622,383,191,1494,0
657,216,110,287,242
887,1574,914,1365,1627
1094,1333,714,1806,1799
522,198,100,217,175
491,32,0,0,0
629,389,94,94,66
749,982,636,1978,1504
892,470,188,1275,0
542,503,202,394,288
442,303,76,133,76
1015,452,260,670,712
728,40,1,0,0
879,30,0,0,0
804,62,1,0,0
670,731,238,173,105
858,648,269,490,363
1027,60,2,1,0
428,1000,872,934,1112
1048,834,396,486,575
935,370,140,771,0
712,662,370,960,978
1000,693,348,709,548
738,34,2,0,0
757,505,220,424,308
774,1072,546,1532,1364
773,67,1,0,0
592,868,550,1510,1395
1032,904,395,860,729
820,11,0,0,0
1252,1270,692,2234,1435
676,600,422,1072,608
1166,588,298,656,381
829,400,236,497,417
2142,68,2,0,0
1197,616,162,172,117
1065,265,94,620,0
741,291,114,699,0
1286,1770,922,813,781
510,39,2,0,0
480,516,270,861,672
478,226,50,56,28
619,383,294,1014,568
736,888,432,434,356
1042,628,142,194,117
856,1177,717,598,547
889,1169,761,1666,1935
572,422,232,538,379
1097,909,378,750,504
487,597,362,445,512
469,460,191,172,167
1222,938,395,852,697
828,30,2,0,0
1159,938,420,726,496
1008,1081,616,1685,1257
1214,1456,848,2484,2218
852,784,346,675,542
671,32,1,0,0
692,26,1,0,0
1214,498,141,1042,0
542,586,354,994,895
1008,1140,650,1470,1591
1560,928,409,3508,0
443,216,102,675,0
491,1035,820,886,1140
1083,410,59,269,0
804,355,94,497,0
1040,51,4,1,0
906,24,2,0,0
1253,967,376,788,439
1125,1405,936,2104,1773
1238,66,1,1,0
894,54,36,106,71
1143,774,361,2928,0
622,1263,688,778,490
1000,545,254,1661,0
856,935,467,1267,1321
676,346,82,119,55
951,550,364,985,815
1327,2564,1808,2370,2601
852,671,487,1285,993
1120,47,2,0,0
642,1013,628,883,1053
938,417,122,627,0
758,566,319,630,388
644,816,584,932,1340
775,69,4,0,0
1163,760,335,755,485
654,1169,809,784,542
1264,654,144,162,92
814,846,453,533,508
330,685,428,1257,1375
1100,612,237,1960,0
956,1348,738,1858,1923
1014,76,0,0,0
846,1222,873,1240,1503
640,474,270,686,789
1082,50,0,0,0
1494,82,2,0,0
1080,628,132,150,66
1581,818,194,250,73
940,734,308,720,584
769,58,5,0,0
764,61,0,0,0
934,852,509,862,925
912,252,78,96,25
946,670,294,570,406
902,724,251,200,159
1647,1233,527,1042,714
1516,1692,959,2590,2666
849,38,3,1,0
1044,324,61,224,0
712,498,290,1120,845
926,396,191,1417,0
996,508,314,688,659
865,472,212,385,261
606,488,287,684,266
1033,465,128,135,81
1183,904,383,725,548
1078,50,16,148,0
920,493,124,156,94
1378,377,78,296,0
1532,1922,1200,3110,2898
894,334,96,166,50
909,605,268,600,396
692,661,295,496,433
893,736,417,854,972
838,813,170,81,50
814,1146,492,504,355
936,569,233,390,330
591,10,3,20,0
1420,1597,1041,2682,2345
904,196,40,89,41
1310,72,4,0,0
1533,82,1,1,1
1678,2066,1020,1321,1238
2444,1090,341,2162,0
1132,1407,825,2430,2294
1180,660,126,159,79
924,248,95,678,0
1556,2055,1448,2354,2772
1083,1283,738,1764,1746
900,18,2,16,0
569,269,73,76,56
574,443,111,96,62
1054,564,128,169,102
1034,621,360,1124,716
791,988,568,1136,1355
912,428,100,104,65
968,1192,702,1492,1468
791,394,188,802,565
918,396,134,192,116
1406,743,327,2451,0
1120,486,136,744,0
2382,1544,680,634,590
286,223,129,121,129
821,1580,1082,1261,1324
566,1108,750,820,1215
742,323,202,526,440
953,1126,674,1768,1932
1318,706,172,182,88
1094,800,440,680,447
1038,272,118,218,91
794,374,103,138,68
750,554,292,422,325
1006,1158,599,1156,695
494,209,146,356,255
1264,932,372,683,469
1059,39,3,0,0
960,902,555,1460,1236
839,726,354,946,961
906,822,236,194,134
1509,70,3,1,0
1052,340,170,422,321
1106,530,131,210,90
1113,62,1,0,0
1091,754,370,740,405
1181,628,220,342,172
856,314,104,184,82
958,708,342,588,407
394,109,13,50,0
578,90,66,88,95
1144,1328,705,1506,771
1363,401,136,588,0
490,89,24,45,25
782,336,82,136,72
1422,522,150,254,160
1201,808,340,814,547
606,20,6,22,17
703,105,41,48,29
991,680,306,644,396
563,324,193,567,270
1326,732,168,234,103
1253,920,441,1021,618
558,402,250,533,382
787,348,150,1133,0
615,554,344,937,822
545,468,184,309,203
786,24,1,0,0
907,628,171,218,153
800,636,315,512,501
863,217,52,95,66
1003,406,98,133,62
854,672,344,767,632
939,780,452,1476,1488
884,431,158,1278,0
660,642,366,752,395
717,660,412,1243,1204
511,256,102,100,94
696,959,579,1213,1555
602,350,188,494,316
1310,1654,860,2395,2301
932,320,83,686,0
388,648,385,492,429
1113,48,2,0,0
766,206,111,230,141
1055,26,0,0,0
805,730,512,1372,1007
858,297,116,166,79
481,24,0,1,0
832,1016,723,1923,1716
837,721,382,690,465
958,764,311,530,345
594,252,83,121,78
776,60,0,0,0
781,40,1,0,0
822,640,252,493,448
700,300,110,136,75
996,40,1,0,0
963,611,376,905,746
545,52,29,43,33
874,881,544,2100,1190
618,374,260,736,722
905,636,324,704,408
1286,884,445,1200,866
1097,827,376,784,531
1886,1786,1169,3884,2924
1734,799,227,268,137
618,34,2,0,0
710,26,1,0,0
1042,612,434,1110,916
1236,941,450,3122,0
1943,1119,522,1080,648
793,897,539,1581,1010
932,526,117,155,90
2616,1324,309,302,142
597,334,70,104,44
831,347,76,103,60
785,380,181,826,742
2573,3013,1651,4852,4152
1458,382,198,464,409
1736,1416,584,1314,897
1035,1184,750,1828,2028
1532,1669,1196,3350,2947
632,230,43,112,0
568,587,182,161,153
734,16,0,0,0
946,929,521,1712,1599
508,491,284,247,261
610,292,147,1165,0
812,971,625,1564,1437
954,824,326,643,519
574,58,20,70,66
855,662,314,464,414
1084,217,27,80,0
1182,723,278,1834,0
372,246,134,284,172
1935,1176,479,347,407
650,728,441,1396,853
1238,408,128,233,120
932,989,483,546,517
1529,1062,489,839,635
694,350,76,85,53
806,670,374,1302,778
1392,1616,932,2557,1959
1312,858,222,266,131
504,559,206,127,91
831,748,322,619,525
1082,20,2,0,0
801,83,54,156,115
773,797,258,138,116
758,250,140,416,382
1100,60,1,0,0
1344,321,111,691,0
556,662,390,834,711
811,336,182,635,481
598,398,98,150,96
781,754,263,123,76
330,24,0,0,0
886,715,317,540,459
789,306,84,86,37
819,868,562,1526,1197
925,323,90,119,60
688,337,183,243,233
696,407,136,151,85
446,116,26,56,0
3703,184,3,2,0
740,124,92,204,112
1557,1050,443,832,658
1160,716,522,1160,959
728,538,222,423,309
832,390,88,84,54
958,464,114,156,73
692,314,186,519,414
990,693,312,415,289
544,21,0,0,0
838,841,449,1154,472
743,138,32,25,24
1493,79,2,1,0
604,128,68,621,0
828,517,230,466,351
858,288,54,114,23
406,20,0,0,0
1133,1102,625,1810,1482
1395,1911,876,809,662
1098,761,303,602,460
1551,1268,414,703,217
670,484,268,502,395
1384,62,3,0,0
1841,905,445,4143,0
749,342,190,418,347
412,962,553,624,884
563,670,363,1132,915
336,28,0,0,0
1044,572,132,146,90
929,270,144,416,239
849,568,230,504,264
1541,1735,944,2532,2264
2682,150,4,0,0
1180,506,308,715,490
864,1456,901,1513,2052
684,29,1,0,0
1016,973,684,1882,1539
868,389,76,104,31
747,310,176,516,297
592,474,271,744,526
552,30,1,0,0
1091,674,269,551,353
696,1413,816,1022,1171
1046,738,314,2296,0
865,476,132,178,115
1035,706,284,554,373
1432,800,219,474,253
866,770,627,673,876
1254,52,5,0,0
2796,4523,2991,3623,4069
1391,1077,490,934,799
992,114,46,146,142
560,310,169,162,219
723,414,119,179,115
1219,874,461,852,483
1528,544,183,817,0
725,791,501,1445,1234
879,438,276,753,591
263,130,52,299,133
1033,863,469,1440,1071
1724,46,0,0,0
573,21,4,2,0
777,266,166,509,449
585,404,230,559,582
1898,1018,257,430,236
624,786,601,827,997
1980,833,238,1078,0
794,984,560,1329,1082
1124,422,141,911,0
911,43,2,0,0
912,54,1,0,0
502,604,334,894,909
1025,310,123,869,0
438,88,29,34,32
755,804,330,414,639
1100,852,372,676,644
1808,1243,786,2076,1606
688,470,143,140,106
1722,970,335,484,351
1426,32,1,0,0
1150,2264,1451,1764,2193
620,847,316,303,264
1126,794,374,768,520
179,11,0,2,0
714,743,437,443,382
694,454,222,412,244
860,637,314,572,361
638,207,54,100,88
769,614,395,920,1112
1126,954,413,730,579
926,688,294,483,400
757,36,0,0,0
910,1053,680,1954,1634
2248,942,227,302,120
1032,379,126,608,102
1420,802,278,314,180
711,497,206,367,239
952,602,334,759,640
1847,978,414,301,228
418,16,0,0,0
1100,505,110,114,65
752,474,167,1169,0
837,349,226,686,577
590,278,81,58,63
976,34,1,1,0
930,552,320,1138,965
1022,764,509,1410,1405
566,527,325,655,670
675,264,71,80,65
552,729,401,1070,1017
1312,1430,866,1959,2074
1259,580,156,176,106
1004,38,0,0,0
575,240,124,282,203
1556,752,168,218,74
1672,1614,1079,3000,1838
2091,2732,1712,5138,3969
1082,722,333,668,552
1086,1238,656,1654,1681
1246,1456,986,2784,2264
952,766,428,1262,1074
474,476,353,339,461
394,186,35,54,28
872,928,530,996,477
1055,222,54,229,0
1152,1346,748,2167,1837
1414,693,203,1116,0
1654,644,144,217,100
1542,545,171,976,0
1888,1782,858,2268,1040
1539,1014,410,900,636
872,602,276,560,488
712,851,500,1543,1698
862,637,264,483,344
1375,68,2,0,0
352,76,28,286,0
1298,1578,929,1033,1158
1067,346,213,640,458
940,640,325,653,348
1442,38,1,0,0
808,274,186,356,325
626,292,150,332,330
1402,1473,832,2371,1994
936,522,132,192,79
1253,688,221,1514,0
1690,856,229,258,102
782,173,137,184,239
1758,1812,1122,3564,3634
1092,22,0,0,0
747,498,264,506,488
804,576,259,1170,773
1649,1904,1045,2964,2422
684,1065,703,850,509
840,38,0,0,0
877,120,44,54,80
586,805,379,327,360
420,400,214,555,273
946,266,33,111,0
852,564,198,406,259
1345,790,496,1548,1168
932,422,277,825,689
568,196,131,89,118
1481,714,168,311,164
911,653,256,1263,0
970,332,124,832,0
854,518,242,441,211
838,472,146,245,118
696,643,302,486,483
999,86,34,56,40
617,56,24,74,59
720,480,278,486,278
1391,24,0,0,0
899,950,602,1636,1502
946,844,436,1292,1146
442,203,49,29,23
1380,285,140,294,190
1196,803,380,3062,0
1259,1597,789,682,540
882,40,1,0,0
1288,917,616,1728,1687
878,926,606,1476,1226
1543,592,155,232,102
1456,956,442,860,621
1762,98,3,3,0
1003,1089,474,1370,583
1078,99,4,0,0
1318,602,175,240,151
882,558,237,425,359
1032,1260,810,2628,2145
668,414,211,346,289
658,375,149,870,0
1297,52,2,0,0
761,230,64,79,31
806,32,3,0,0
1182,52,3,0,0
723,522,218,370,297
1115,1148,620,1400,734
962,78,14,22,17
1590,1972,1248,3302,3089
837,360,89,160,77
952,664,351,656,498
1086,58,0,0,0
1450,1710,1003,3356,2638
1026,22,0,0,0
1076,1016,644,1682,1480
763,360,86,96,74
504,104,24,57,0
801,432,162,265,156
611,721,508,1084,1186
549,22,0,0,0
331,172,46,62,45
1114,644,172,168,98
938,358,72,72,42
662,712,454,1264,1045
1681,105,1,0,0
1016,19,0,0,0
669,674,379,980,837
786,661,358,1082,879
976,50,1,0,0
691,206,47,234,0
1120,844,338,706,361
1170,100,38,130,131
980,640,305,648,457
602,446,192,400,267
945,145,50,376,0
660,378,145,704,0
90,4,0,0,0
321,20,12,14,9
926,1032,576,1455,1067
856,816,456,1084,1145
426,244,141,410,229
1366,1492,784,1950,1992
1902,573,189,1062,0
1200,1627,1160,2615,2532
986,52,1,1,0
916,722,306,1448,728
581,1165,762,1042,1384
1201,1170,414,665,196
1218,954,516,1334,1218
1142,850,393,686,422
1103,618,112,162,57
575,732,458,1240,1054
750,742,484,1269,684
701,424,274,776,557
968,654,283,454,361
1605,746,172,234,110
969,52,2,0,0
692,368,191,370,325
418,120,34,203,2
2446,2628,1430,3317,3355
1728,750,190,276,141
1191,917,481,1287,1057
812,442,92,142,67
784,398,228,505,280
1030,670,258,456,282
865,446,224,618,516
1097,1018,736,2434,1557
536,106,38,66,80
1105,754,322,769,605
954,51,3,0,0
1088,826,334,524,450
1410,610,140,156,80
1378,1642,852,2772,2568
968,846,375,672,598
1046,2046,1145,1679,1780
218,460,355,522,499
382,195,134,197,243
1197,48,2,0,0
1469,1914,1205,3490,3024
1244,690,176,196,92
765,28,1,0,0
855,540,152,278,197
700,31,0,0,0
992,287,111,680,0
952,657,320,529,356
828,956,506,1228,1188
960,46,1,0,0
1300,289,91,493,0
364,185,58,217,61
288,290,98,597,364
774,879,457,1056,487
586,430,188,376,289
1130,858,364,679,406
829,49,2,0,0
1540,71,2,0,0
349,210,124,413,265
318,147,58,128,89
911,404,248,354,399
722,754,433,1180,956
1608,1190,701,1494,1049
1352,1174,505,775,618
869,780,414,1179,332
1016,581,242,513,308
1668,163,96,204,144
960,1076,596,1826,1336
1028,434,220,500,317
791,25,1,12,2
228,136,87,239,182
756,510,290,717,797
738,230,32,191,0
1042,648,170,266,143
1146,612,336,846,620
1298,1466,883,2592,2166
626,402,181,428,217
838,620,428,674,1146
1341,544,154,280,96
847,85,0,2,0
903,516,344,1068,803
585,176,95,62,60
708,414,252,488,396
522,448,204,383,261
780,34,1,0,0
816,390,258,702,624
814,762,452,1224,1111
1068,43,0,0,0
734,274,206,511,472
623,173,90,252,182
401,514,230,692,680
390,75,53,129,119
558,552,298,712,321
1497,402,91,364,0
443,343,84,387,33
1622,601,364,1139,867
969,993,552,1204,1164
1726,1630,533,245,211
1251,1333,660,1702,883
948,616,267,453,245
1286,537,162,890,0
884,478,162,178,95
892,498,164,206,157
976,993,485,1378,1347
934,1040,628,1610,1445
420,171,88,200,135
334,220,122,297,249
4100,723,193,1181,0
1702,856,513,1428,1513
586,1068,706,849,913
1434,1516,828,2360,2607
636,376,133,206,132
1352,410,73,365,0
1122,100,44,164,136
1084,577,131,196,84
911,41,5,55,0
3049,796,140,518,0
769,678,394,1062,1078
257,13,1,0,0
1422,629,249,1780,0
928,674,328,684,446
644,41,1,0,0
1201,758,360,922,605
657,295,90,132,30
759,234,138,361,343
252,320,212,324,346
1394,60,2,0,0
360,38,20,14,9
557,344,112,130,47
2761,3022,1898,5382,4648
902,139,47,62,40
990,902,414,666,491
2072,257,76,446,0
1109,822,370,732,485
1248,840,387,730,488
811,651,325,653,500
1480,412,64,461,0
638,571,221,161,104
667,246,120,220,250
891,578,341,978,1028
805,536,320,556,478
327,290,150,288,236
837,836,435,1098,1182
964,827,225,167,122
159,204,182,166,212
1231,675,194,220,138
560,815,524,1330,1403
2506,1319,644,5382,0
503,236,105,210,165
3098,160,4,1,0
752,186,44,140,0
673,22,2,0,0
1075,1052,578,1613,1494
970,438,129,196,93
914,556,168,1231,0
1088,1374,932,2320,2515
1204,943,424,788,568
1230,60,0,0,0
562,473,268,643,584
402,404,221,508,490
1245,519,194,946,0
1093,740,252,314,245
789,214,56,80,66
1002,732,379,514,379
628,492,341,380,346
978,368,84,80,26
787,17,1,0,0
1045,118,20,97,0
592,215,73,45,38
1073,929,591,806,1005
3008,138,6,2,0
850,38,1,0,0
1036,137,35,114,0
1060,903,405,602,490
1545,1219,498,1094,785
412,364,208,669,337
818,534,258,522,294
520,179,42,187,50
1146,36,1,0,0
1557,1105,474,1036,765
496,351,180,412,255
775,107,12,40,0
914,890,560,1531,1120
895,456,176,1296,0
1805,401,118,176,120
1223,51,1,0,0
198,49,25,34,18
843,530,172,208,172
1639,1158,564,1116,911
1788,1309,541,1177,1013
903,698,230,296,257
876,340,85,418,0
2052,642,123,592,0
820,24,0,0,0
884,614,276,489,345
594,18,1,0,0
691,30,4,0,0
928,447,123,122,65
147,114,64,196,117
846,467,232,663,393
765,34,1,1,0
265,12,0,0,0
1129,23,1,0,0
744,185,72,246,185
1150,816,380,706,568
545,208,48,346,0
2182,1286,522,4350,0
357,194,62,121,90
1844,500,101,332,0
698,570,284,450,305
675,181,86,526,0
258,17,0,0,0
666,773,387,985,376
765,46,2,0,0
1156,968,508,1704,1134
604,630,372,853,801
892,467,117,164,101
851,894,524,1214,1390
809,39,1,0,0
601,382,258,648,599
885,940,649,1550,1265
937,518,158,228,122
681,468,238,496,368
2045,2020,1042,3006,1197
869,268,72,84,61
1540,1985,1172,2936,2831
1115,696,420,1021,772
1356,1064,498,776,717
530,879,470,433,239
1170,438,108,431,0
869,86,39,380,0
674,32,2,0,0
512,425,205,282,267
632,615,284,483,434
911,659,217,558,139
917,669,452,1333,1240
613,763,471,1302,1198
1079,54,3,0,0
1019,550,147,168,93
1215,50,2,0,0
722,416,226,534,362
1080,52,0,1,0
802,622,292,561,405
730,541,224,486,275
767,890,514,1507,1270
1157,1110,688,1954,1616
964,1130,657,1624,1548
2231,1634,660,1114,793
808,510,113,105,87
923,50,3,0,0
512,560,301,902,862
608,290,151,307,265
522,392,247,638,448
1651,698,380,841,556
817,944,540,1406,1279
1027,793,295,1783,0
554,1088,717,1182,1104
1020,684,277,2099,0
870,486,152,219,117
887,1009,544,1547,1345
1074,268,42,129,0
785,385,190,522,349
324,206,102,267,177
727,321,53,68,30
571,852,395,319,289
1711,1516,898,2276,2088
968,651,164,219,101
858,650,390,796,622
544,746,458,1036,1107
1179,27,0,0,0
1034,104,36,82,50
782,582,279,614,356
1162,707,226,401,220
474,431,253,578,661
283,202,98,680,255
1034,878,413,786,597
1134,1177,651,588,550
867,738,348,624,431
262,5,0,0,0
984,633,268,476,387
1244,638,271,2236,0
368,292,198,568,592
576,115,60,162,205
610,87,29,116,0
978,401,237,828,486
754,467,169,1243,0
1378,1680,1141,1467,1643
362,7,3,31,0
632,1029,720,917,1306
636,199,63,100,41
467,24,6,26,11
351,126,56,182,129
514,282,171,419,428
834,402,54,72,28
1012,42,0,0,0
556,62,25,65,49
903,445,134,182,119
547,567,325,1310,896
815,353,99,175,79
531,296,74,113,62
1056,1583,797,918,979
762,36,1,0,0
545,144,53,97,0
959,778,390,608,512
666,342,89,140,58
483,16,1,0,0
720,580,322,556,475
354,177,72,591,0
806,884,621,1643,1078
499,834,475,379,414
1597,2017,1166,1419,1532
222,282,188,420,506
800,392,87,126,61
794,11,1,0,0
993,666,362,722,372
667,917,416,465,805
872,627,167,69,44
1034,920,399,636,511
528,238,142,270,186
800,458,120,166,72
904,1396,713,597,616
432,14,0,0,0
481,308,69,42,46
749,424,238,592,476
400,428,302,964,850
616,473,212,357,227
364,50,28,56,61
638,776,584,642,375
826,464,198,412,260
756,515,238,619,488
351,456,265,316,272
906,1220,686,1624,1820
546,574,314,991,674
877,716,422,1204,922
392,182,38,44,24
805,611,371,922,826
560,179,36,143,0
2217,2254,1299,4002,3213
394,22,6,2,4
419,25,2,0,0
620,239,79,607,0
970,1193,579,559,456
476,134,54,176,108
440,103,77,54,67
539,24,0,10,0
888,714,323,1296,896
759,402,86,94,45
1050,784,318,608,437
547,346,112,168,116
1026,520,128,123,84
1066,106,0,0,0
961,666,280,560,266
1058,423,95,114,58
914,1098,665,1968,1433
1166,673,184,250,147
1896,1931,1171,3497,3066
1023,47,2,0,0
496,428,228,463,614
626,519,140,74,53
993,750,320,513,350
422,682,409,303,183
1165,650,136,152,76
766,915,598,1505,1154
580,853,378,401,333
507,391,192,296,214
634,386,124,186,127
402,5,0,0,0
1120,509,161,763,0
572,460,181,246,123
704,1512,878,1783,1872
1088,1172,660,1532,1667
732,314,94,130,48
1362,696,153,210,113
727,765,402,335,356
681,546,229,360,229
488,22,0,0,0
1628,920,330,2876,0
466,449,279,854,746
766,566,265,404,324
430,384,198,472,338
573,298,101,152,70
519,423,176,344,240
1896,704,302,2336,0
562,1197,805,1208,1298
704,66,10,26,19
745,530,214,406,278
710,793,301,287,245
452,176,68,94,70
658,74,48,106,122
680,330,226,580,611
598,767,474,1310,1132
978,364,97,282,96
715,204,78,134,65
650,826,504,1318,1201
531,280,90,140,77
486,16,1,0,0
444,14,1,0,0
788,894,576,1508,1161
914,766,380,682,451
577,642,345,1212,1234
430,29,0,0,0
1124,531,130,108,62
572,492,254,453,378
1582,566,226,1504,0
767,37,1,0,0
550,83,46,116,88
489,350,171,476,344
392,232,127,320,210
736,38,3,0,0
1065,1141,634,2248,1646
804,216,112,428,278
728,264,140,318,233
378,29,0,0,0
701,543,284,552,429
446,24,1,0,0
747,345,109,500,0
974,987,426,781,648
694,570,271,538,368
546,432,322,884,738
408,478,258,792,699
610,468,242,621,441
937,642,293,638,368
1120,251,46,170,0
737,558,168,262,167
782,470,138,167,77
432,550,351,497,579
858,508,184,466,304
734,210,44,274,0
722,248,90,135,74
582,665,424,1089,833
1306,928,419,888,532
878,1030,556,1306,1276
870,586,266,681,413
482,567,344,1000,803
235,56,28,95,94
317,60,53,41,31
605,124,70,230,192
619,385,97,186,114
857,42,6,0,0
1162,1083,628,1402,609
1136,50,0,0,0
590,858,556,1250,1071
1204,1016,408,721,411
416,32,4,26,11
542,275,89,102,51
1143,346,90,314,0
580,478,177,455,306
456,472,256,259,236
707,910,462,1254,1377
720,334,219,465,306
1336,374,56,130,0
1148,580,122,205,111
1403,574,124,223,95
938,28,2,1,0
1575,669,208,1130,0
646,286,86,667,0
643,36,1,0,0
1223,772,497,1571,1280
1058,576,156,236,129
805,24,2,0,0
1885,553,198,985,0
662,351,134,676,0
702,386,96,126,69
830,315,42,154,0
673,738,464,1127,1014
849,952,490,1320,1082
859,44,0,0,0
408,21,2,0,0
1142,466,136,145,53
503,372,92,152,119
874,210,30,173,0
569,344,85,115,52
511,744,397,1146,1067
811,44,0,0,0
392,256,140,450,246
276,240,150,174,202
837,837,494,1548,1195
573,303,68,78,41
739,578,266,518,379
1074,834,382,639,498
548,226,105,348,218
141,54,12,2,0
1085,117,43,251,0
691,480,211,396,274
2096,1232,484,3873,0
1221,1269,708,2000,1219
850,1084,526,1244,618
545,258,86,170,84
600,424,239,427,374
1108,528,208,768,220
626,41,20,67,40
850,616,290,706,385
696,248,80,120,61
940,292,159,340,236
1032,818,393,814,528
1370,978,430,760,512
464,134,42,30,34
1099,934,464,1198,987
1031,1088,696,1778,1688
710,44,16,19,7
1468,1158,614,1382,1239
1589,788,182,182,86
800,428,223,1633,0
919,59,1,1,0
948,578,146,166,138
574,444,296,827,880
1000,1046,621,1706,1567
926,44,1,1,0
1019,305,112,712,0
948,736,316,475,408
939,44,3,1,0
1132,1095,654,1780,1196
1293,942,392,918,558
989,183,48,467,0
590,26,0,0,0
869,456,106,132,44
638,18,2,0,0
614,23,0,0,0
1205,712,325,608,443
1506,1096,676,2808,2380
1244,942,374,944,560
719,321,125,883,0
1332,1370,784,2002,2092
880,583,270,510,309
1066,548,158,168,111
1024,402,108,648,0
507,149,34,62,26
625,197,52,60,85
1344,703,149,179,68
786,285,148,341,256
1101,588,343,746,594
1393,1128,452,746,625
626,326,68,80,48
692,381,125,154,62
560,237,118,327,269
483,379,230,415,500
866,828,374,760,620
824,494,167,286,222
836,1041,616,1144,1143
1209,945,574,1539,1266
894,774,285,517,335
1177,1305,656,1426,787
1428,1019,418,773,539
1104,968,408,754,519
1242,472,151,774,0
704,372,96,132,84
870,460,165,165,113
841,522,140,142,67
842,34,1,0,0
750,614,374,683,871
1340,72,2,0,0
546,52,2,2,0
716,814,510,1593,1381
869,304,88,75,45
690,42,0,0,0
512,138,52,188,164
662,496,200,418,321
757,278,80,148,92
875,40,0,2,0
1126,594,338,841,682
1427,74,1,1,0
814,450,130,248,103
1103,1182,784,2530,1827
1174,2250,1648,2094,2692
874,510,329,1213,861
613,345,82,120,50
694,38,0,0,0
1012,50,2,0,0
1184,853,421,692,480
932,749,384,970,737
927,344,174,412,400
1560,824,389,793,648
825,492,132,144,66
748,908,558,1374,1335
1136,1098,642,1598,1337
685,36,1,0,0
530,26,1,0,0
613,157,78,607,0
757,309,156,362,325
2131,1282,334,412,258
1678,1916,1136,3117,3218
1330,1114,604,1674,1527
721,1395,943,891,641
900,508,312,842,759
921,680,382,598,384
977,42,0,0,0
679,991,780,957,1172
598,39,8,14,15
854,384,138,210,140
1056,764,332,736,546
954,24,0,0,0
369,179,46,37,18
390,70,18,27,5
640,23,8,74,0
878,936,567,1597,1470
564,558,384,1193,666
448,38,4,6,2
351,46,22,180,13
397,30,0,0,0
1751,1215,370,469,338
816,809,502,505,554
1044,782,360,560,600
629,682,421,1242,1009
1090,584,392,920,858
1060,1300,706,2090,1933
1194,464,171,894,0
826,714,494,1452,1241
139,166,96,282,312
1271,602,178,244,142
926,717,369,506,356
1158,584,159,164,121
740,414,73,98,47
600,294,58,65,28
688,507,229,381,331
540,220,112,268,188
856,26,1,0,0
2256,100,3,0,0
1594,920,213,282,142
924,671,291,548,380
1093,1074,454,952,692
1186,1173,542,447,427
964,48,1,0,0
648,433,261,383,442
837,115,57,97,61
839,25,1,0,0
1145,105,12,15,11
327,284,140,356,181
842,77,38,109,92
468,386,192,450,368
717,32,1,0,0
668,288,75,97,36
570,288,88,132,75
1242,1312,873,2529,2417
1820,1117,468,1056,834
1228,947,414,792,768
753,1250,887,775,549
1178,64,1,1,0
1457,1142,470,938,708
967,606,135,100,56
808,490,308,600,419
1007,580,278,688,542
618,52,1,0,0
601,59,27,54,47
224,129,25,38,10
935,360,76,156,63
1071,588,192,261,130
494,509,280,968,771
1662,77,0,0,0
490,692,531,999,912
1046,892,358,748,448
604,1161,979,1139,1317
753,34,1,0,0
416,58,26,172,8
2834,986,322,1933,0
1010,518,238,470,377
1179,758,219,372,163
964,462,146,224,171
1022,1093,566,513,522
1036,1150,387,291,203
696,464,157,1098,0
401,346,233,259,297
2503,3352,2060,5348,4529
1110,1071,403,295,247
1232,871,436,842,450
456,397,144,304,247
1214,1086,402,760,557
572,732,444,842,757
814,271,140,344,221
572,297,100,414,179
688,515,242,498,330
790,289,80,85,50
1347,1424,717,1692,748
1285,54,2,2,0
1260,1555,1001,2775,2572
1506,681,200,1234,0
1076,342,221,500,364
988,878,317,254,183
885,578,279,554,318
1054,711,319,643,355
971,716,380,617,541
948,1210,680,1326,1862
1149,52,2,1,0
1225,984,450,838,769
1236,52,2,0,0
1004,400,89,266,89
355,18,0,1,0
1455,64,1,0,0
579,170,76,556,0
1039,689,287,558,409
995,1174,661,2024,1687
786,1145,574,1008,694
1260,1572,998,2700,3056
1329,442,250,791,710
1117,971,310,208,162
1733,1602,706,1408,1145
688,605,421,556,558
602,1120,664,891,1032
1157,600,132,146,65
609,392,151,111,95
710,42,0,0,0
1177,1266,768,2032,1619
1046,1318,846,2704,2431
852,377,188,369,250
1312,465,166,971,0
700,308,143,361,227
1612,425,91,543,0
577,488,210,452,312
1062,378,120,628,0
1644,464,83,288,0
1058,53,2,0,0
2000,1190,325,424,248
914,303,120,790,0
975,1016,638,2002,1839
901,324,190,458,315
1164,902,422,880,715
864,18,0,1,0
816,314,154,452,294
704,823,537,463,423
807,47,3,1,0
1119,934,390,678,510
1008,739,272,208,160
865,340,82,127,71
169,101,42,118,118
1036,482,107,128,74
1148,1452,956,2048,2772
812,568,256,464,299
1110,1120,680,2078,1525
1344,1496,888,2868,2114
1821,938,274,332,258
756,296,86,90,59
1812,1802,894,1920,1436
1754,1276,517,1240,934
1162,336,114,908,0
1211,616,128,150,76
2148,56,0,0,0
1129,54,2,0,0
960,1000,458,1090,552
994,1196,587,497,502
874,1017,600,902,660
1346,1647,894,2264,2167
1000,45,12,28,22
880,484,234,490,261
1504,1176,467,841,519
375,294,119,225,167
1308,656,238,818,395
882,51,0,0,0
1310,828,448,1023,752
1254,1302,718,1737,1284
958,42,5,0,0
1174,1199,614,1588,1229
950,548,160,161,84
1181,1015,476,890,632
512,306,74,60,51
1234,570,142,210,108
1090,667,132,145,92
824,483,267,588,325
1157,1075,618,1484,556
577,245,131,825,0
414,359,276,812,636
1566,29,0,0,0
1211,56,2,0,0
3418,784,437,2887,0
1008,1046,753,1902,1130
550,911,556,1248,1417
568,690,435,1373,1202
812,38,1,0,0
972,796,324,662,473
810,1022,672,1723,1656
919,414,82,94,49
860,684,304,618,421
1109,510,225,1957,0
1227,566,134,160,77
706,985,465,529,514
730,408,248,600,509
778,1448,860,944,644
408,264,56,45,42
828,313,76,156,46
768,221,113,334,278
750,288,95,416,0
315,12,2,12,17
1388,487,70,214,0
923,344,116,188,98
1044,44,1,0,0
2213,54,0,0,0
1047,658,375,1300,732
844,846,568,1589,1327
904,817,252,173,135
1234,812,369,792,510
1421,393,66,333,0
940,521,269,476,404
2816,884,230,1255,0
827,866,530,1422,1365
671,214,126,212,170
604,428,214,438,287
1293,58,2,0,0
1102,285,92,198,94
932,157,58,289,0
1026,1082,588,1412,1288
745,511,363,825,1152
1162,762,294,763,461
420,256,82,177,102
1585,1803,1350,1744,2166
748,196,29,133,0
798,1029,527,387,380
914,56,2,1,0
1278,54,3,1,0
742,50,8,24,0
1120,455,284,818,645
1054,1151,667,2042,1774
1753,433,85,303,0
643,670,420,892,1168
5198,1609,345,1630,0
995,1042,625,2018,1820
820,93,46,152,113
1144,694,202,241,153
570,446,181,284,220
1795,71,2,0,0
1542,72,2,0,0
583,20,0,0,0
626,308,58,68,42
612,164,35,66,0
528,19,0,0,0
749,490,108,124,78
880,30,0,0,0
880,36,2,0,0
838,1078,620,1453,1474
1312,1228,648,628,618
1090,1855,1222,1796,1992
1626,1126,604,1452,1173
924,782,339,590,413
2076,1187,594,5377,0
462,494,316,970,1019
730,482,137,229,121
599,24,0,0,0
1790,1185,453,2693,0
2538,1435,585,4621,0
680,28,0,0,0
374,593,386,585,744
676,192,60,63,33
764,161,40,150,0
781,354,113,126,87
942,35,1,1,0
1154,64,16,43,23
497,25,0,0,0
2169,1112,392,997,650
1642,1350,607,1150,918
2324,1132,306,393,176
754,300,148,314,218
468,397,207,370,152
550,788,492,1318,1278
368,208,103,160,115
462,12,0,0,0
1834,1154,496,1025,682
684,627,249,385,274
541,652,372,864,915
707,824,448,1122,1157
838,657,207,113,67
661,524,160,104,99
1007,674,588,1568,1566
808,806,416,842,384
1442,1673,1142,2644,2559
2620,132,2,0,0
1252,468,253,683,512
1354,1431,798,697,652
1721,88,2,0,0
1147,470,101,81,25
952,960,470,376,308
532,517,357,1118,684
454,294,234,390,418
1231,583,237,362,187
460,166,60,90,38
640,37,1,2,0
1180,348,57,292,0
596,526,185,129,85
740,74,0,0,0
626,307,137,1187,0
473,23,0,0,0
750,254,57,90,32
1042,54,2,1,0
702,24,0,0,0
715,138,78,168,127
1663,968,470,846,576
704,636,398,1052,845
1591,848,254,242,171
911,1075,626,1746,1781
1020,251,81,381,0
934,855,504,1362,1102
722,772,299,466,423
986,465,142,196,148
556,631,390,906,726
454,416,270,634,698
561,67,23,76,66
394,275,54,52,23
772,26,2,0,0
997,1290,796,1814,1887
721,698,415,1166,1008
551,25,0,0,0
564,10,2,2,4
790,734,450,1339,1099
745,314,78,86,59
1207,1376,777,2546,2029
745,368,106,121,92
1101,1044,564,1244,1405
1443,1094,464,956,872
1850,1116,468,4291,0
1440,950,469,1134,945
524,8,0,0,0
330,93,46,295,0
898,976,568,1256,1206
891,491,123,135,74
324,272,128,317,288
576,26,0,0,0
659,307,86,124,56
835,609,280,622,396
588,280,156,420,428
613,332,200,553,503
517,299,126,422,267
886,460,99,124,65
766,454,240,500,384
672,180,120,236,247
722,208,56,80,40
1073,910,630,1598,1178
756,284,87,403,92
1472,882,280,338,184
1017,1048,656,1978,1727
480,24,0,0,0
971,492,194,1585,0
744,32,1,0,0
879,889,554,1720,1146
396,117,38,252,86
478,576,349,902,922
486,668,546,977,1072
652,716,206,134,110
909,544,334,528,326
620,399,117,128,142
670,490,220,432,266
768,36,0,0,0
652,401,146,120,68
609,302,176,443,379
400,320,239,260,309
1068,502,154,1248,0
1102,832,472,1084,364
2225,1689,826,1284,1144
726,546,347,1484,927
912,16,0,1,0
454,307,128,210,149
778,28,2,0,0
1165,1000,544,1435,1020
481,184,63,470,0
1396,1025,446,818,480
957,512,121,136,69
586,446,268,753,707
670,177,48,548,0
773,773,338,394,364
1025,365,178,690,451
767,432,176,298,302
340,188,92,218,125
638,203,108,206,162
726,118,77,162,144
1072,478,132,159,76
1318,635,202,299,147
969,778,387,590,586
336,340,426,234,325
1388,746,394,1157,888
415,563,313,238,213
751,334,102,132,91
754,30,0,0,0
807,396,77,107,33
1262,1108,668,1604,1463
327,244,92,192,155
1538,159,4,0,0
879,375,62,56,18
1042,984,568,1186,569
965,1382,957,1177,1224
828,16,0,0,0
1288,420,130,198,108
633,278,152,264,315
894,604,284,510,435
869,31,0,0,0
1497,1090,528,1110,777
1207,1058,494,948,687
422,374,130,156,14
692,704,322,523,465
674,545,260,400,405
962,46,2,0,0
906,648,298,602,469
1047,394,121,147,100
829,446,116,164,80
870,514,138,194,118
998,1281,729,927,606
703,384,210,473,567
792,930,543,460,460
1600,1309,598,1123,878
529,15,1,0,0
952,954,507,1103,1024
1014,1021,674,1914,1293
998,536,134,159,64
1329,78,0,0,0
634,613,378,584,1094
1008,752,253,396,297
689,672,360,904,732
1718,2019,1543,2569,2929
1259,854,390,728,424
877,1158,772,2342,2494
966,428,166,1598,0
714,610,284,806,736
569,346,190,869,551
378,161,28,49,17
886,1216,700,1850,1652
770,480,218,590,464
960,54,2,0,0
1093,809,230,204,141
814,260,64,71,38
698,46,1,0,0
644,1255,897,1397,1402
909,1034,716,2089,1812
1654,592,217,1188,0
1162,933,493,1010,850
814,676,178,116,58
500,318,334,283,333
1701,1380,736,1318,957
1118,354,87,130,67
595,292,66,94,88
472,45,7,1,0
1117,866,370,3038,0
222,174,118,422,294
1440,1446,688,1685,731
606,272,76,61,27
898,732,516,1172,991
550,340,104,128,90
512,365,126,120,78
1071,60,1,1,0
982,848,540,1346,992
932,914,506,1510,1190
935,1139,663,1712,1301
1090,2309,1552,2278,2678
1034,1092,599,1578,1281
369,374,186,414,132
752,556,242,710,610
1196,485,114,167,66
636,20,0,0,0
294,214,86,654,0
64,1,0,0,0
1088,549,144,184,114
598,182,60,387,0
1117,579,301,494,329
546,34,0,0,0
809,950,536,1452,1244
572,498,224,354,261
1234,172,35,85,0
1535,82,3,0,0
1158,853,350,319,310
1547,606,162,294,174
1160,92,1,0,0
1075,499,224,710,471
572,193,100,82,88
686,398,130,108,60
496,410,257,838,865
1098,268,58,309,0
1180,860,392,642,547
813,96,31,83,54
659,484,254,462,324
716,492,214,432,240
478,245,114,275,208
632,397,206,324,450
1194,837,370,764,432
756,44,1,0,0
1270,700,192,228,139
420,11,1,0,0
906,721,326,724,556
662,14,0,0,0
1401,1600,1086,2700,2395
2126,718,393,864,573
1430,1286,528,740,724
845,21,0,0,0
1425,1172,494,760,739
664,380,101,146,72
534,374,177,109,82
917,410,92,78,31
1131,1014,658,1802,1442
1293,566,236,288,137
1026,48,1,1,0
951,37,3,1,0
804,150,84,166,149
1262,538,394,1148,842
2795,1854,697,1318,805
1306,754,209,262,144
560,224,90,98,77
1086,580,164,145,115
1030,574,231,529,289
1575,1107,660,1765,1458
762,324,68,141,106
912,244,52,66,27
722,930,544,1380,1391
2274,1144,264,334,140
562,265,194,545,469
865,186,53,66,63
367,400,228,572,581
1294,287,80,241,0
760,390,204,398,316
816,624,302,534,356
2005,2216,1452,3842,3403
559,239,47,49,24
2508,125,4,0,0
569,712,485,1374,1269
3433,2643,1066,2967,1943
1290,336,94,407,0
1038,538,182,288,171
958,34,0,0,0
858,652,280,628,451
812,353,86,114,81
988,628,318,604,379
703,398,274,716,596
984,567,136,177,114
368,13,2,1,0
224,11,0,0,0
907,794,470,876,560
1706,168,8,2,0
1616,798,259,406,204
1045,605,272,408,265
1577,42,0,0,0
3204,4174,2618,7088,5560
856,31,0,0,0
1907,623,302,2960,42
1342,1284,592,571,477
1032,678,306,539,350
1016,70,10,51,0
1155,390,262,744,651
1057,800,362,588,342
698,232,132,348,255
567,484,250,1020,360
740,303,158,386,269
527,12,0,0,0
804,46,1,0,0
1005,931,404,1090,999
1180,48,1,0,0
364,34,7,18,9
888,1062,627,1692,1642
2251,250,116,214,210
1208,926,584,2200,906
742,376,107,114,75
2677,1225,741,5941,0
1102,1396,798,2338,3150
4350,202,6,1,0
620,304,198,406,333
913,488,220,375,247
954,1003,666,860,1054
852,580,324,968,854
1528,840,203,328,222
450,232,148,157,184
1210,425,200,360,309
922,342,169,626,263
692,882,462,415,406
953,987,558,1267,1532
1098,1058,519,1221,602
1398,1365,798,2165,1838
432,149,33,120,20
1967,807,329,2757,0
1680,86,3,2,0
3156,2084,1044,2464,1839
1356,1116,524,894,579
1148,1004,538,1382,1290
744,617,252,458,277
1124,682,298,519,466
937,701,296,657,415
999,834,412,1119,506
1508,756,272,2456,0
916,576,254,470,339
842,490,98,134,111
687,324,178,400,292
776,482,214,347,289
908,524,264,616,489
740,812,380,944,403
1249,65,1,0,0
800,41,3,0,0
289,16,2,12,9
2478,1966,848,1402,819
1614,1618,880,2010,1863
1714,91,4,0,0
1786,1194,285,321,203
621,308,108,148,80
3139,162,4,0,0
1010,509,120,122,56
834,41,1,0,0
821,336,170,508,375
819,692,292,586,464
710,203,78,625,0
794,39,1,0,0
652,134,36,70,28
872,331,68,76,41
1064,408,110,208,117
488,256,71,130,36
1994,1894,1319,1330,1263
1708,940,284,464,274
1967,1131,282,264,135
670,763,429,848,514
3062,3216,1776,5056,4500
1005,650,242,519,344
833,1022,600,1088,1364
899,38,0,0,0
525,276,86,184,73
728,400,194,451,357
1042,52,1,0,0
593,662,408,1136,957
1108,880,265,146,97
642,22,12,20,13
714,709,426,947,832
906,23,3,0,0
602,754,485,1356,1170
1272,438,137,223,108
1105,912,611,1836,1385
770,159,74,267,150
2065,1298,602,1313,910
1383,498,124,171,112
2036,1995,900,1597,1598
1089,1420,950,2704,2028
1083,615,220,1805,0
2916,1970,751,1946,853
632,81,20,44,18
696,667,354,1046,880
610,405,244,818,457
630,422,245,538,352
491,266,74,92,69
2039,476,158,807,0
644,166,88,177,133
876,504,240,370,276
528,318,180,207,224
896,544,290,473,350
1866,1678,966,1993,1886
1474,71,2,0,0
2193,2690,1328,2905,1535
1332,66,1,0,0
1008,850,560,1452,1267
572,276,80,333,0
859,934,631,1782,1645
1146,1205,764,2500,1863
1039,1331,705,553,529
973,828,422,706,628
659,306,186,428,337
1047,766,349,716,494
533,503,131,49,45
557,384,192,939,408
1255,890,475,1527,1207
1464,394,107,150,106
853,538,228,382,284
940,22,1,0,0
1237,325,200,378,336
2380,1926,654,856,683
1378,645,260,241,247
3401,199,2,0,0
474,290,69,68,38
848,786,402,1491,1422
1084,34,1,1,0
786,736,440,1174,1164
1103,1370,933,2471,2459
3182,1077,425,3392,0
494,596,214,145,97
873,30,1,0,0
890,192,50,53,33
1288,604,148,184,92
657,272,135,346,165
1338,1350,634,1728,841
2111,1782,809,1606,919
3311,152,4,0,0
4993,1780,276,790,0
614,320,75,68,32
770,736,454,914,1011
925,960,559,1636,1293
334,411,268,233,237
1254,902,412,712,557
2318,2790,1871,5451,5015
1148,633,164,234,137
1053,811,464,1487,455
672,508,226,1098,663
880,510,310,744,780
584,258,66,68,42
1214,49,2,0,0
916,51,11,14,13
339,4,1,12,2
1448,65,2,0,0
708,1124,783,1138,1350
768,835,528,1222,882
3696,2040,648,746,335
4564,3339,1082,1658,1121
1101,40,1,0,0
699,605,310,625,370
774,324,169,378,263
1402,941,438,3355,0
1040,644,462,1236,1015
1236,69,18,18,11
830,1625,1226,1478,1799
902,1076,698,1865,1371
1739,630,196,972,0
1496,856,345,2110,0
989,644,280,658,420
1436,580,133,120,58
1330,1979,950,903,826
1691,76,2,0,0
3010,445,196,499,422
6504,2749,857,5078,0
1089,848,354,615,415
752,520,250,496,286
533,276,84,116,74
1032,39,1,0,0
217,130,83,317,251
310,190,52,44,23
779,944,614,2084,1655
1252,1366,892,2550,2189
780,771,606,1542,1088
677,36,12,20,11
844,39,1,0,0
807,26,0,0,0
1636,60,2,1,0
1068,814,499,1192,1404
1876,1940,1306,4278,3501
1428,1328,604,1170,799
720,1023,634,489,514
943,956,613,1634,1621
971,1150,594,1462,1482
985,228,70,96,54
987,272,76,116,67
490,318,152,485,251
800,69,0,0,0
198,176,126,130,112
818,145,39,40,26
1462,814,417,914,642
1722,385,138,1022,0
904,1059,376,261,188
