976,137,116,60,35
1675,13,29,10,49
1986,341,1010,222,984
866,158,284,84,96
850,163,171,52,40
716,52,118,64,98
491,113,350,174,317
1135,327,600,342,404
1525,392,848,556,793
890,272,642,341,602
828,122,252,172,216
1369,412,1046,634,959
954,13,11,11,8
850,230,496,298,390
1288,359,811,554,756
675,182,474,254,396
656,256,531,407,520
736,14,4,0,0
1235,261,315,140,138
922,171,276,91,122
642,6,14,8,18
422,93,227,154,202
1542,324,638,143,559
1424,112,162,22,38
682,202,354,128,269
1504,513,993,672,944
1076,366,690,528,730
860,242,504,284,417
588,84,134,88,100
632,55,85,77,53
699,106,126,22,34
1072,272,604,314,458
1187,219,607,102,603
1057,66,102,74,98
1106,127,198,190,214
990,267,563,322,404
1788,453,908,543,756
1008,120,232,166,168
892,288,592,338,500
856,241,498,276,412
2440,416,834,444,571
490,168,292,228,285
864,100,128,20,24
2564,370,907,141,712
935,167,149,71,39
1011,511,873,929,778
634,109,247,82,288
1546,59,186,36,143
1210,446,1199,738,1218
891,224,376,200,285
643,2,0,0,0
1192,339,823,298,734
290,22,36,36,31
650,37,63,82,57
1229,350,679,486,645
405,108,272,172,358
864,130,320,77,356
768,110,203,183,146
994,318,678,460,600
852,214,425,254,302
736,194,456,279,491
731,258,273,164,91
1104,322,771,447,705
1162,350,652,423,502
478,222,406,391,316
680,132,254,207,198
951,63,108,64,92
685,76,167,104,176
307,43,106,84,88
178,14,37,11,28
1140,162,312,229,290
594,8,0,1,0
881,146,376,79,370
546,47,37,32,6
1207,346,403,231,144
405,118,298,196,249
780,24,28,15,12
910,300,626,432,590
1068,65,151,36,146
1248,174,194,56,35
880,257,538,272,394
1304,174,330,252,296
988,64,127,20,94
710,245,473,416,410
719,32,24,6,2
469,229,433,512,354
1586,80,233,62,237
850,70,91,14,15
574,4,29,1,18
670,27,58,38,50
1296,184,648,145,579
2113,646,1572,892,1479
1223,68,76,24,18
634,202,490,316,454
490,84,156,36,60
496,206,396,321,236
848,229,610,321,545
652,183,362,244,341
770,232,524,312,542
871,30,55,28,46
440,131,244,164,189
1355,132,274,33,146
1251,228,302,124,118
838,176,448,245,367
789,170,350,236,286
938,227,552,367,545
434,1,1,0,0
1347,131,220,143,191
743,22,46,29,42
498,56,97,62,72
1388,111,222,131,224
542,31,71,11,58
470,6,6,7,8
853,210,432,264,417
833,49,123,76,104
524,138,315,180,312
877,226,552,314,523
938,97,142,14,36
912,191,496,121,509
787,40,98,31,118
939,394,686,672,577
1013,266,550,297,388
774,264,512,376,231
1065,286,522,246,431
1600,423,858,474,742
754,204,373,244,331
609,208,360,224,266
476,96,166,58,55
731,232,533,280,416
724,155,459,100,548
1264,306,578,312,408
766,196,446,240,352
855,240,560,410,529
892,208,469,203,306
850,93,212,132,232
2372,476,1518,312,1752
1836,524,1060,617,783
981,326,748,404,608
1493,46,22,12,8
504,26,42,30,48
713,156,426,211,357
1133,523,1041,1125,953
184,28,88,44,69
959,274,646,392,623
1167,395,892,594,846
1008,281,628,430,595
1309,267,562,240,412
756,156,319,182,208
1300,375,880,527,726
797,171,328,222,294
596,22,58,35,42
1034,244,648,376,568
848,244,512,360,526
594,32,64,44,49
724,3,2,3,4
638,60,78,22,15
1580,371,860,524,760
647,31,82,44,90
170,31,32,6,19
2638,540,1303,365,1490
372,67,215,43,256
1046,324,715,427,642
948,215,453,141,448
670,34,22,10,3
721,181,393,178,240
1044,178,420,65,308
672,156,350,216,270
784,179,344,241,322
590,116,180,69,78
808,78,175,36,187
940,326,505,494,299
862,104,181,126,160
650,233,361,320,191
830,82,148,85,136
587,90,176,124,165
793,278,608,440,530
981,112,142,31,32
1410,51,139,26,149
570,146,348,232,341
616,63,122,86,103
654,126,261,176,166
840,98,201,54,202
1566,27,104,14,70
1084,356,668,360,480
1611,230,470,318,397
1144,92,96,23,28
1368,350,800,450,726
1111,58,123,25,112
736,320,545,683,481
780,302,624,474,599
356,8,12,6,5
3096,379,1053,217,791
1534,536,1478,720,1284
1054,343,728,520,655
1529,329,882,608,886
761,61,152,27,148
1144,120,315,186,242
2284,157,456,113,539
921,262,496,335,396
652,130,280,132,210
967,263,513,352,490
558,160,336,274,318
866,339,529,469,364
1194,530,983,858,714
720,230,449,330,250
507,246,527,485,398
546,12,37,16,24
840,19,32,17,26
1642,394,790,467,640
1795,862,1600,1553,1282
1490,445,774,423,586
842,76,130,104,116
444,30,53,37,52
588,76,125,117,90
710,174,411,249,387
1293,93,141,10,33
1262,354,817,462,696
748,317,573,580,413
467,128,340,122,279
703,55,190,20,176
590,154,302,130,222
3124,405,804,580,825
1070,246,490,332,477
2069,366,1048,266,1015
1778,333,788,231,872
1365,32,63,83,42
494,144,286,139,204
1593,192,185,47,42
738,150,341,153,294
1387,382,824,526,706
2901,540,1422,337,1315
731,259,567,500,415
723,49,30,10,8
636,34,60,40,64
622,118,214,150,174
672,28,60,36,57
2033,203,444,278,398
726,65,64,47,25
439,34,29,29,18
511,120,214,113,193
764,36,120,20,92
554,48,96,54,84
597,186,414,304,397
750,156,354,184,314
1591,126,197,134,164
757,115,132,39,18
2644,990,2354,1426,2046
2397,554,1188,588,862
1647,277,766,131,624
806,63,101,16,61
1234,253,567,185,602
718,40,87,47,66
642,207,544,386,518
832,225,480,282,429
1146,376,940,559,834
718,88,178,128,153
1416,430,887,558,759
2071,971,1852,1878,1470
2245,556,1313,374,1533
799,16,26,2,25
1312,329,604,317,395
1352,235,708,156,776
1158,240,320,106,120
824,78,155,130,190
1061,89,203,43,186
1057,148,421,125,445
686,99,163,20,56
1302,382,728,460,557
1345,102,256,128,180
1182,99,160,136,91
1262,434,906,688,916
568,136,245,131,188
840,106,105,30,28
1128,58,88,49,88
749,6,23,4,11
508,13,25,5,15
1464,472,1108,724,1127
593,88,138,34,154
499,14,10,4,1
1488,392,872,644,812
1625,434,1013,726,1094
1318,632,1211,1149,995
922,242,521,103,564
204,15,30,22,18
748,68,180,90,143
869,236,475,258,352
1082,285,662,424,565
322,4,5,0,0
493,4,2,0,2
667,164,302,146,180
1444,564,1078,1145,857
2188,547,1198,722,1022
828,267,572,362,476
687,182,447,276,398
584,258,656,383,575
906,72,150,92,124
956,83,230,15,124
622,211,263,130,76
1962,342,815,278,913
578,80,208,175,164
1276,92,224,119,186
1309,158,166,54,38
1674,687,1241,1372,925
1052,495,966,986,949
2326,491,1325,315,1502
742,45,26,26,13
918,378,653,615,473
660,33,65,24,89
920,224,564,254,418
684,254,526,358,502
1142,318,710,369,628
2296,177,368,107,442
1794,730,1359,1409,1175
1281,221,500,260,305
1512,266,664,134,549
592,38,30,10,7
893,251,636,380,588
787,54,102,60,89
690,168,408,226,387
1058,371,731,507,412
1126,387,682,663,572
593,197,333,283,211
1990,342,777,170,866
990,319,375,215,116
704,140,370,90,461
1080,86,183,70,150
1336,216,682,129,633
413,28,35,39,38
1106,459,856,832,696
763,83,181,116,208
821,357,639,632,504
700,289,361,406,249
769,136,172,70,71
1856,284,765,228,997
1380,606,1143,1155,992
1396,226,513,338,516
2211,439,626,266,278
788,84,222,151,244
671,76,152,116,166
1567,60,24,6,2
867,235,589,328,456
1025,188,374,178,306
1392,84,250,88,224
2195,656,1502,836,1363
744,110,181,61,66
1219,234,367,115,143
583,245,680,520,521
216,82,170,150,137
544,22,45,27,46
1810,314,936,197,1052
1022,469,861,794,671
366,104,252,142,59
1198,62,114,62,74
514,150,278,152,228
606,53,101,102,72
340,88,161,102,158
729,8,1,0,0
607,27,75,18,79
404,2,1,1,1
1158,457,1117,876,804
681,57,104,100,94
922,37,18,0,1
756,90,186,41,191
1962,572,1294,892,1090
482,52,177,69,174
817,87,145,37,157
1100,324,702,416,609
934,42,76,50,68
1087,367,914,548,911
488,63,115,120,63
858,163,264,92,86
830,296,656,479,674
876,201,337,306,283
1019,362,942,544,938
1107,52,100,41,110
598,162,416,175,343
1078,189,581,150,562
2469,748,1774,1013,1426
836,312,775,417,736
1257,272,483,158,196
906,284,632,404,588
906,181,454,98,474
826,32,64,40,51
748,156,292,150,198
708,44,99,46,62
707,44,101,44,62
728,106,184,142,238
1658,500,1211,690,1141
1396,226,296,134,136
720,146,310,166,252
555,76,158,128,154
869,174,427,109,490
868,276,564,340,465
1266,98,130,136,152
926,332,794,481,744
918,86,162,132,148
580,152,298,188,273
823,260,558,291,498
818,40,80,70,93
878,192,533,89,583
624,81,229,167,173
1084,217,649,145,710
356,16,12,10,1
690,70,128,78,135
1072,300,676,490,730
954,45,50,11,10
694,251,543,338,518
582,154,318,180,270
654,324,586,560,439
603,89,154,123,95
954,103,227,135,232
276,3,0,1,1
1538,357,721,328,564
1057,309,396,198,147
934,316,603,563,453
490,6,93,11,129
1080,310,708,490,648
688,394,656,683,462
459,30,79,34,62
625,108,174,169,143
789,208,577,153,660
758,452,979,915,802
950,242,373,187,150
1021,314,690,477,644
791,138,241,178,216
759,242,487,270,418
1031,434,786,769,552
718,42,71,46,60
911,75,141,91,124
1201,352,758,517,726
700,62,32,2,7
837,44,106,56,76
533,251,493,437,408
890,314,666,477,594
796,124,292,204,275
827,174,332,83,332
1151,179,273,282,225
1096,324,672,446,584
801,210,432,236,335
455,72,122,120,79
634,229,490,527,390
1034,473,885,890,792
665,4,4,1,1
1215,167,328,212,316
1150,252,470,257,345
988,461,914,867,690
1062,293,575,422,623
1063,395,633,532,407
607,182,397,243,331
1013,193,419,114,403
728,195,318,140,187
934,143,132,34,26
809,280,566,372,558
855,184,274,105,114
648,40,93,58,88
854,19,19,11,12
1192,240,338,116,124
804,116,227,133,170
874,351,696,655,568
812,236,305,174,119
429,86,163,114,168
796,92,122,88,94
1071,160,144,52,34
800,270,564,301,484
642,94,144,102,75
1949,507,1117,805,1016
1369,117,389,68,392
866,224,457,250,340
1115,350,757,595,686
558,240,353,371,259
318,99,146,169,114
956,6,4,4,2
1062,311,693,360,596
1668,227,682,157,796
810,206,477,95,584
862,8,11,2,5
1133,308,658,420,626
908,414,673,772,551
825,237,514,342,446
608,178,289,241,211
910,326,704,462,657
661,124,239,192,127
884,451,778,736,608
864,210,512,180,348
883,378,766,698,618
609,79,216,122,213
1227,3,0,0,1
325,58,96,59,88
788,256,651,348,680
737,109,206,213,141
664,159,316,179,242
1140,148,147,43,35
670,119,300,208,311
874,116,231,184,209
925,251,582,361,543
383,74,114,117,101
777,82,178,88,130
711,93,154,154,117
506,26,54,10,59
859,5,21,6,6
1043,277,658,376,582
834,10,12,8,12
1420,205,646,182,806
832,243,479,294,390
730,66,149,33,204
376,42,112,64,108
986,332,701,440,672
1278,150,202,44,48
1137,316,605,378,516
968,322,732,444,701
1133,298,584,398,530
901,118,226,188,229
1964,272,658,140,581
1070,160,554,111,476
1110,374,722,460,534
704,64,174,50,144
440,100,134,60,85
2207,206,628,79,593
764,254,552,318,426
984,302,647,398,646
1254,307,660,428,582
677,198,550,145,443
1430,207,464,97,387
2248,179,230,20,60
658,14,14,6,8
894,150,332,84,158
936,315,782,511,786
1012,287,668,460,635
1434,187,234,57,66
895,142,177,42,32
507,267,470,446,259
1177,71,134,17,33
1126,133,333,93,282
3142,640,822,345,324
878,290,696,428,636
661,188,470,204,300
432,18,41,14,18
168,50,74,59,62
698,24,18,4,10
901,287,569,402,541
1568,477,544,394,199
726,30,25,11,8
845,126,174,44,36
913,6,12,3,6
410,70,192,83,144
1998,553,1022,628,863
812,330,606,534,439
884,256,492,278,397
876,90,188,124,190
404,123,350,120,301
880,40,95,21,100
940,301,776,498,708
873,103,110,28,19
1148,3,9,2,8
1320,236,626,104,540
439,172,381,205,324
1190,289,612,296,349
951,312,702,464,654
580,287,544,535,558
928,218,474,232,338
1012,312,749,494,674
1364,619,1197,1041,1063
1040,224,324,122,134
1092,214,719,149,815
844,55,124,117,110
534,262,449,354,238
288,38,84,54,77
1013,242,466,337,503
1995,8,1,0,3
872,286,528,322,387
720,123,190,118,168
910,61,152,94,110
550,52,96,68,90
2428,601,1177,648,990
838,7,15,6,13
1015,405,872,898,801
926,273,660,400,596
833,116,232,188,258
1255,300,764,372,689
566,78,158,106,148
829,312,654,677,670
837,304,773,454,722
707,258,454,499,377
792,148,388,87,361
618,6,8,1,11
1173,364,801,531,844
591,225,177,164,85
558,253,429,412,391
981,298,484,336,392
875,327,649,431,586
1068,203,724,127,918
828,88,152,116,164
1898,123,321,43,166
727,240,478,321,359
1221,276,346,156,134
923,252,465,254,339
962,270,613,345,595
690,158,234,223,172
644,25,63,32,46
1210,221,612,117,590
826,69,107,136,87
1957,173,440,225,400
4910,882,2419,599,2831
1299,410,958,664,1022
329,52,111,68,84
714,141,415,66,435
620,75,143,147,119
610,144,352,75,323
740,220,460,324,453
566,150,325,183,232
872,8,18,8,8
995,236,450,253,274
1002,262,528,388,462
1192,29,20,4,2
592,142,309,146,216
727,393,575,586,483
1464,175,190,117,95
913,148,294,222,278
955,34,38,11,35
718,64,122,114,136
652,97,279,93,254
629,246,463,296,336
720,39,120,10,107
779,214,414,199,365
940,136,483,116,503
1026,71,198,60,236
800,268,534,363,506
602,13,8,2,2
898,78,240,48,321
602,161,260,297,194
1130,374,838,510,716
941,78,160,79,106
760,119,174,237,197
566,44,104,72,84
630,169,241,106,86
1360,128,189,42,131
683,78,146,93,139
823,266,574,357,540
942,344,682,472,728
1069,337,684,450,560
868,82,140,139,109
951,249,491,304,349
1172,368,640,472,536
838,221,551,335,451
764,142,220,80,91
1686,712,1317,1320,1230
865,104,190,136,165
974,174,591,156,542
1160,192,394,335,273
1048,20,24,24,24
1724,566,1168,1091,979
536,169,366,208,298
1066,275,674,414,677
950,232,449,260,307
947,79,188,41,207
1119,382,917,540,784
500,78,92,100,64
1014,278,575,372,528
802,212,486,248,343
861,324,716,564,672
3797,1331,1690,1581,1111
1185,180,311,231,303
1076,38,16,5,4
579,147,327,246,240
1330,258,384,134,145
342,64,116,94,128
536,158,210,110,81
1382,281,771,189,913
594,144,286,189,220
670,10,6,0,2
1290,415,400,273,121
2280,635,1520,1012,1405
1249,358,794,479,768
633,72,104,143,88
678,122,234,164,249
520,184,234,308,199
1184,288,666,196,672
450,131,152,123,59
893,233,410,246,334
830,128,276,212,284
583,214,549,380,538
1076,74,254,53,235
849,6,0,0,0
454,201,301,300,160
907,276,615,330,496
1741,360,490,182,220
1406,260,351,138,164
1335,303,289,128,63
352,42,70,52,82
859,93,238,54,253
358,6,7,6,4
796,264,771,436,800
1019,352,840,516,830
597,85,282,62,346
854,145,300,265,222
866,66,133,99,103
1070,185,531,111,547
2648,260,466,298,408
2289,471,1502,353,1608
698,354,673,753,662
682,343,646,632,496
996,267,594,366,686
495,21,26,15,24
575,205,551,339,615
1188,208,632,113,673
624,44,44,8,11
644,68,116,104,110
620,5,10,6,5
1291,130,255,177,216
744,388,537,583,453
912,408,571,601,458
2970,774,1938,859,1754
985,344,764,503,764
1236,379,684,671,640
1266,583,909,946,685
1358,43,119,25,127
284,23,48,27,52
756,138,348,94,376
872,235,544,287,415
723,254,408,316,414
490,5,15,9,10
1223,590,1148,1150,828
1066,315,682,389,571
862,252,507,329,459
939,473,843,866,680
1333,259,802,145,671
1144,92,214,179,181
1076,526,820,719,492
1320,229,547,163,570
837,233,570,330,506
784,303,537,497,429
957,289,576,383,484
946,252,734,398,608
806,190,414,230,306
1143,334,652,502,620
1450,245,498,127,460
996,258,548,361,534
1302,748,1217,1243,704
963,22,13,3,3
1774,495,1035,588,824
776,293,465,395,237
553,78,134,83,86
1012,153,309,185,220
670,90,190,113,157
1273,619,1107,1095,1067
488,102,282,117,213
774,76,146,113,136
1384,364,709,503,556
712,374,716,641,508
550,25,13,18,17
1130,280,530,388,566
1124,89,138,110,122
461,31,68,48,58
195,2,0,0,0
502,86,187,98,132
760,24,17,8,4
643,62,91,96,72
914,272,689,430,694
2293,252,997,93,871
836,384,568,481,445
828,284,467,315,245
1905,487,908,454,658
1940,254,552,366,480
712,142,296,132,196
654,50,98,50,96
800,246,560,388,500
696,386,623,534,456
580,17,64,1,22
1048,8,1,7,6
857,275,634,372,522
836,242,608,380,530
704,40,29,8,0
798,52,85,74,57
1070,194,174,70,27
1487,331,970,164,960
1970,89,103,12,40
736,106,226,136,173
850,311,597,511,339
982,236,548,320,452
384,64,170,98,157
696,285,478,358,341
926,298,691,434,680
593,3,0,0,0
2194,585,1256,908,1216
1640,574,1316,768,1250
1107,357,794,513,760
858,3,9,3,4
686,258,413,435,299
923,60,130,78,126
815,204,462,318,404
888,198,380,211,310
349,39,52,46,26
894,338,576,573,456
678,9,14,6,8
784,229,472,248,388
949,142,370,54,301
604,18,14,2,3
544,276,498,524,455
1066,310,709,390,637
560,88,156,124,128
790,179,387,91,349
314,44,90,78,104
287,26,46,20,46
742,270,590,373,564
491,44,98,62,100
837,293,500,413,326
684,28,28,21,12
1390,217,547,137,497
1328,344,740,442,644
551,257,446,347,300
650,38,103,23,81
798,383,670,739,567
1051,6,8,1,2
594,94,212,215,198
971,34,62,34,49
1039,230,634,162,695
746,69,119,107,112
772,98,215,116,166
368,4,4,5,1
624,208,252,146,94
650,275,490,459,262
841,169,448,81,543
488,48,134,33,105
548,3,3,1,2
626,4,0,0,0
360,47,27,16,9
592,23,54,24,40
608,38,92,54,60
604,103,225,128,201
336,134,234,142,213
705,162,328,177,242
628,137,292,130,191
927,238,616,351,611
826,266,574,324,453
570,76,234,69,272
628,11,11,2,7
3133,610,956,1063,790
714,264,589,437,393
773,231,543,270,451
648,160,346,222,349
908,50,128,37,127
704,188,441,240,374
480,88,181,138,207
1600,398,786,586,778
853,228,346,236,258
636,55,102,52,78
409,124,274,184,270
666,214,470,320,454
472,23,30,6,8
582,148,356,162,224
909,228,434,219,306
511,118,150,63,63
774,138,213,80,78
658,60,94,7,20
653,211,313,308,209
599,196,516,268,466
356,80,245,70,216
625,198,408,208,330
550,218,389,308,202
540,24,57,28,50
267,134,214,191,157
1464,312,648,296,465
809,234,584,358,537
1136,138,148,38,33
1098,522,873,902,593
972,177,528,94,546
730,351,683,671,685
670,4,1,0,0
641,130,99,48,24
960,404,908,902,665
410,72,117,74,86
1263,381,772,450,594
220,15,25,19,22
1052,3,4,1,4
948,77,113,5,29
1107,150,340,228,262
869,280,550,396,562
523,50,103,54,81
874,239,270,319,235
656,84,220,134,262
764,106,119,26,24
707,213,542,368,592
1042,282,676,422,476
690,146,214,68,72
799,50,86,56,74
606,31,50,33,48
576,121,349,58,377
488,24,49,50,60
302,2,2,2,2
716,218,416,260,378
437,8,14,5,14
594,96,206,183,116
842,138,326,76,330
462,22,12,3,4
1029,76,120,86,125
879,204,373,183,99
803,202,493,310,544
33,11,28,7,3
780,231,452,300,444
785,60,164,37,196
1054,144,368,70,307
733,235,682,347,613
2208,344,829,152,785
655,127,278,127,443
523,158,359,230,334
564,279,596,638,488
724,223,536,347,491
680,34,38,14,18
377,53,98,68,67
1545,502,922,754,976
848,96,134,22,24
914,167,268,84,118
1476,193,540,110,374
752,180,363,226,312
1076,50,48,12,17
439,115,245,118,188
1226,222,324,311,232
1051,354,862,607,896
908,108,118,22,28
1244,74,98,61,90
876,191,574,136,621
916,233,474,269,449
559,257,529,594,449
493,68,156,76,105
664,211,422,268,371
1122,465,772,721,662
863,63,83,10,36
588,210,498,300,494
774,114,243,57,286
588,180,431,214,403
740,233,398,332,237
422,19,7,2,1
387,67,110,99,68
720,178,410,187,230
541,19,28,10,39
592,2,2,3,2
770,101,204,134,148
841,270,582,358,532
829,210,485,264,368
722,184,466,286,522
907,184,231,100,102
612,27,90,13,93
767,126,236,196,236
844,198,488,290,483
887,306,636,366,624
480,76,146,82,142
887,221,430,238,266
1300,248,643,145,521
1149,100,152,18,42
876,276,410,316,330
1020,144,292,130,172
888,266,466,359,384
654,232,535,359,574
801,182,451,256,338
674,263,419,461,324
1117,188,300,330,221
396,6,4,11,1
324,40,115,99,103
978,64,78,22,20
1145,431,982,732,974
1231,52,119,35,134
652,161,323,339,243
600,60,100,77,123
698,38,40,12,8
1288,80,194,37,183
665,150,426,248,389
745,424,803,853,724
610,188,329,277,274
211,45,91,67,45
671,94,166,133,188
300,155,303,305,204
897,243,553,386,522
772,6,15,3,25
1745,218,198,47,46
448,103,207,99,106
937,159,307,66,224
866,201,333,230,216
378,67,117,76,58
490,94,240,58,287
378,50,106,71,88
889,288,643,453,594
918,248,530,344,456
340,120,146,130,110
784,351,512,563,349
1026,171,453,90,423
319,18,32,25,34
898,117,203,188,153
706,15,6,4,1
987,162,210,76,86
574,116,236,143,238
561,199,434,292,413
510,90,161,42,62
738,49,93,17,95
1068,286,634,360,504
627,201,494,309,429
814,132,293,87,288
1026,318,632,534,587
591,74,156,136,141
1024,546,895,839,727
894,282,722,407,706
476,87,158,34,162
799,248,471,315,444
1441,120,187,176,211
571,196,432,264,360
692,202,513,280,502
388,73,120,94,80
1105,446,960,615,902
793,231,380,306,334
646,182,456,272,460
1018,174,238,84,93
677,273,524,400,304
2214,529,1389,359,1557
646,124,340,101,369
994,146,449,78,565
605,148,278,186,230
728,243,235,164,103
795,278,646,375,568
844,244,446,259,372
1022,120,113,28,24
837,221,534,328,440
1892,578,1314,804,1272
961,353,698,436,614
491,110,256,69,144
454,7,12,8,14
444,66,181,130,158
616,173,468,112,354
732,121,136,26,29
823,156,146,31,28
1172,318,879,596,905
439,89,218,118,199
914,74,132,80,120
1009,394,947,637,960
376,67,98,92,68
1086,416,918,695,912
552,206,406,258,360
1069,240,524,330,524
2086,686,1588,1341,1037
514,294,670,434,441
1156,494,1106,812,1198
602,76,157,88,104
847,160,300,186,313
922,18,47,14,59
822,273,580,273,405
638,68,128,75,103
473,112,148,64,74
712,103,100,16,29
930,261,404,286,297
2755,69,152,25,171
900,72,120,76,102
502,88,130,54,64
739,34,74,46,58
693,26,42,10,26
992,297,654,354,579
3041,352,764,442,609
1688,177,190,82,74
1186,152,308,199,242
885,98,70,32,16
1021,390,762,524,760
962,170,318,188,241
556,84,199,155,196
932,330,698,396,628
433,37,50,16,18
1168,275,658,127,694
452,134,262,152,216
768,310,626,338,492
1061,326,666,422,605
716,124,132,28,20
777,110,218,146,212
1140,476,902,616,828
865,207,396,220,341
638,72,159,116,176
1146,167,326,212,286
722,210,352,270,273
622,54,84,8,16
930,176,238,44,102
886,342,830,473,753
1112,442,982,532,828
970,356,784,442,634
521,42,114,44,70
606,234,514,376,480
698,300,642,422,600
866,175,644,94,569
1558,378,507,182,204
833,276,484,331,376
694,41,78,44,64
1239,307,714,405,600
1341,132,272,170,208
656,72,193,111,204
1711,560,1196,786,1026
1014,144,159,38,36
750,204,546,242,362
1206,336,604,385,422
722,144,308,176,319
784,180,358,244,322
542,209,448,204,339
638,21,16,2,2
1194,430,752,479,660
744,156,287,190,218
568,56,59,10,20
363,158,337,214,346
1565,365,956,303,718
681,92,178,126,162
692,148,302,130,215
1865,522,1286,691,1130
2218,666,1298,789,1040
1153,338,666,392,446
1390,412,940,528,794
1298,282,722,166,713
1171,400,931,503,816
964,324,752,386,602
938,335,699,486,659
956,196,470,319,484
647,53,110,33,111
916,270,470,327,412
684,315,485,411,309
718,80,138,82,126
1083,332,602,446,502
834,311,638,418,544
791,150,292,166,209
758,55,100,64,82
2139,734,1616,1088,1466
1050,431,878,723,582
960,247,600,352,484
994,394,1056,590,1106
801,154,318,191,315
626,359,625,606,422
1050,372,734,506,646
574,19,25,7,10
762,116,112,31,40
578,234,569,264,514
423,42,73,10,72
1029,385,1004,640,1064
791,98,212,130,170
798,77,182,108,162
694,230,609,308,544
816,352,797,535,781
722,44,114,82,94
670,402,658,575,444
864,192,293,172,216
2144,139,356,95,298
461,6,8,5,5
1360,42,68,61,62
1304,455,986,628,910
963,129,227,175,252
1098,443,1134,704,1020
1928,62,31,10,5
1288,506,1176,794,1194
820,200,290,128,113
406,60,68,24,14
612,71,182,93,153
973,110,254,190,220
1342,526,1084,781,934
425,153,174,225,111
856,38,82,23,78
868,70,139,88,129
589,156,292,172,236
350,15,10,0,2
586,236,609,422,594
1096,334,872,627,798
1310,182,460,296,413
387,78,169,108,174
523,139,284,176,268
1008,382,803,526,730
492,240,521,430,592
692,40,22,11,2
542,43,105,19,114
1088,386,756,532,634
918,93,198,146,197
815,286,705,388,746
472,81,63,27,14
876,10,8,4,8
998,381,772,462,603
794,65,74,8,24
651,99,101,29,22
1402,363,806,393,588
275,64,154,114,148
631,90,190,128,174
1024,436,826,570,766
661,128,218,166,227
930,364,746,464,622
1102,312,622,378,454
1164,416,884,614,784
602,107,172,168,132
748,311,654,423,597
851,22,29,20,34
737,311,281,178,113
792,279,524,328,406
632,147,218,90,104
1046,188,718,138,831
922,22,74,20,81
635,68,112,76,95
868,154,236,72,71
1232,84,208,112,176
1777,65,98,52,68
1202,446,978,557,854
756,264,562,324,470
1003,344,676,363,566
778,92,91,24,28
662,2,7,2,4
593,164,336,112,281
796,589,1021,1108,747
598,132,286,177,207
1046,629,1303,1237,1139
735,55,117,16,50
952,114,259,68,293
728,151,237,68,96
1378,421,904,430,638
746,122,304,178,242
815,110,220,158,211
1001,280,603,392,506
862,44,79,4,44
1142,22,35,26,35
1117,410,790,585,708
653,3,1,4,0
940,267,658,395,576
954,322,734,486,778
813,10,23,18,29
587,2,2,1,1
840,114,235,111,164
1409,501,980,629,794
1067,332,672,378,474
876,340,824,434,684
724,102,228,118,186
928,360,805,475,811
658,182,515,267,412
883,178,346,220,244
1750,408,753,392,499
1312,224,448,302,380
1044,391,1048,546,852
747,270,602,428,572
662,236,460,318,466
604,123,298,184,238
784,288,575,319,488
800,284,645,385,606
936,338,780,492,711
836,57,70,28,36
672,81,97,23,23
866,306,774,460,724
1120,530,994,688,1046
766,296,766,399,602
1001,363,672,410,574
1007,89,148,98,104
472,262,563,473,481
1449,528,1030,869,992
866,262,595,376,564
697,199,376,225,300
1282,102,152,94,114
1295,368,962,465,886
1027,398,740,574,747
606,48,50,20,12
836,270,638,415,550
802,60,151,56,131
746,18,13,0,1
734,106,201,149,178
1048,29,20,3,5
861,366,807,504,734
881,284,602,326,556
1181,254,694,195,741
1054,284,598,270,443
2118,546,930,628,649
636,154,270,93,113
1072,434,992,598,1034
1113,436,1042,674,1004
1146,292,562,388,504
1451,371,906,413,846
728,84,74,27,19
934,374,820,522,712
1914,336,789,666,557
935,384,816,538,762
893,282,606,399,489
689,226,484,260,402
654,131,280,178,274
909,210,356,131,142
576,98,208,122,165
752,280,484,296,367
852,299,702,435,648
665,116,238,152,272
575,101,213,121,216
668,86,156,82,113
710,94,162,131,126
1920,456,982,566,800
1427,416,698,388,512
780,282,600,372,555
672,294,674,423,634
670,100,352,54,279
616,124,304,190,240
567,54,119,62,91
1657,618,1234,949,1302
346,133,312,200,282
788,82,213,129,193
1465,193,837,75,666
810,260,312,132,154
868,141,280,216,236
412,243,454,485,352
498,186,394,244,398
504,195,424,246,352
632,276,638,388,554
603,246,556,358,487
907,460,688,636,420
1332,524,1318,796,1254
780,174,550,155,549
1443,762,1484,1571,1217
857,80,242,126,213
890,156,164,41,28
806,158,416,94,302
1613,688,1700,1106,1584
812,195,266,104,108
302,130,248,170,262
457,122,270,148,190
967,375,814,543,694
646,278,567,384,568
982,350,658,460,503
896,174,572,106,641
902,132,398,67,370
1117,438,938,662,954
1180,310,602,324,438
478,42,70,48,75
374,1,1,3,3
1576,307,1024,177,1003
2388,144,478,96,457
858,310,696,384,500
670,147,206,86,110
499,70,166,112,118
828,156,335,86,309
1755,188,369,185,244
488,178,373,232,350
446,170,334,212,294
1553,94,267,46,197
580,205,500,288,416
806,40,90,44,68
812,400,708,595,557
126,44,104,56,44
2005,254,440,337,420
1623,287,631,168,533
260,50,111,92,47
567,6,6,6,6
719,220,426,220,310
804,282,555,326,464
1072,388,969,583,922
361,102,198,144,167
1098,365,891,510,746
856,292,680,518,584
886,174,403,111,420
655,14,16,12,16
499,5,7,1,6
944,352,782,484,666
646,156,144,49,32
778,267,543,338,413
1201,274,687,387,640
1492,297,934,191,1037
1625,349,558,194,223
552,8,14,6,9
829,136,354,187,252
737,217,418,260,370
907,404,925,678,930
720,70,131,90,100
690,122,212,33,107
294,42,90,54,78
798,92,162,120,154
814,352,811,492,873
687,256,581,350,460
592,232,520,382,492
687,64,144,77,106
586,34,14,4,1
484,28,36,16,8
2038,428,890,428,584
3466,549,1399,239,1171
2334,366,1021,256,792
844,176,385,254,329
1016,344,720,457,584
1701,199,431,261,374
1135,438,972,589,886
671,106,160,124,148
267,32,108,14,66
612,31,30,12,16
706,158,295,93,327
1002,378,788,530,760
1003,139,206,202,218
748,282,663,374,533
590,341,718,623,469
792,494,984,918,686
545,152,471,83,590
671,235,544,313,505
730,98,228,156,244
727,182,248,82,106
2694,455,1319,247,1380
1498,334,450,189,196
1522,552,1494,778,1308
1320,76,36,6,6
1171,127,178,132,124
749,257,621,344,572
639,226,508,335,478
516,138,436,171,501
726,73,172,48,140
581,111,274,164,257
663,120,118,34,30
204,13,20,4,2
804,237,616,324,526
542,4,4,0,2
1991,470,701,232,255
960,387,938,508,816
485,277,469,436,310
1753,297,668,460,581
1253,8,5,8,8
1420,24,9,2,1
1282,256,542,412,503
754,258,668,367,601
1052,200,460,308,368
621,140,291,161,244
1018,133,266,152,167
626,70,171,110,152
841,339,846,541,841
720,258,601,321,498
417,72,150,119,106
530,115,111,69,35
1280,269,671,188,736
770,33,34,19,2
628,190,467,266,449
1512,540,1072,851,1135
1564,382,316,124,79
715,235,369,412,278
736,162,342,228,340
944,379,984,506,820
791,122,184,136,168
776,257,544,302,409
362,89,192,217,147
814,339,758,424,616
724,128,263,281,214
1152,224,321,390,262
991,354,848,638,875
656,174,400,201,426
882,382,857,615,883
712,229,544,417,566
786,99,219,128,202
730,222,480,272,443
1104,330,822,393,634
650,142,320,195,316
417,87,130,142,100
1438,110,238,126,178
1104,326,734,352,496
977,346,604,389,470
505,150,282,132,186
1190,416,784,538,627
786,126,254,150,198
528,62,124,41,156
702,143,164,32,38
706,248,540,344,451
684,57,134,107,162
1122,433,792,588,913
338,74,145,39,174
700,222,508,275,420
1036,250,422,114,168
1116,160,169,46,40
1449,294,534,419,488
691,226,590,338,460
1103,273,645,152,568
742,294,668,344,514
734,139,332,66,291
1153,94,318,41,341
290,82,202,118,126
749,190,204,67,43
806,160,332,196,226
1002,147,273,206,296
724,108,234,134,191
631,85,141,147,90
442,236,423,386,304
522,2,0,1,1
499,60,106,60,89
1741,836,1486,1258,1089
2453,731,1360,772,952
1012,378,835,432,674
786,262,531,290,426
1449,534,1076,647,859
619,114,122,42,29
1398,449,899,531,754
852,164,319,209,283
690,280,664,391,590
663,280,334,175,117
1131,420,858,490,686
1147,197,386,248,377
264,11,14,4,13
1082,163,444,77,397
510,45,100,54,88
1158,315,881,203,907
546,179,462,257,358
596,49,96,93,105
1220,297,797,180,848
850,88,182,116,156
1675,638,1272,662,1005
1014,494,1121,721,1158
986,362,624,451,514
810,143,332,220,262
974,184,578,105,572
780,276,772,196,705
502,42,66,43,45
863,151,374,80,333
966,372,649,454,580
950,312,842,497,731
889,95,167,88,104
610,72,158,68,119
475,27,60,40,40
774,60,81,44,56
1403,432,876,453,634
1426,442,928,590,794
2352,404,606,80,298
1004,312,682,380,576
1503,408,841,404,559
813,461,951,935,745
1178,478,1065,680,1016
800,162,395,192,334
710,279,641,412,626
851,350,840,552,842
736,166,451,101,377
977,288,616,320,470
834,354,826,506,774
734,70,136,77,108
633,48,84,49,70
882,80,190,115,186
608,45,99,29,82
890,467,746,642,430
800,64,110,54,103
1184,316,692,422,596
1311,512,1104,654,1020
1985,274,628,340,591
1132,235,744,187,967
876,272,622,344,534
1146,161,338,70,310
986,450,902,591,734
575,134,366,222,364
732,29,23,4,3
1343,330,825,164,694
359,86,185,110,173
1199,643,1463,1404,1273
817,253,325,190,105
1040,197,533,131,593
854,318,812,460,750
731,11,12,13,10
930,164,330,186,264
564,343,712,680,514
963,364,843,468,705
535,84,174,83,119
2038,419,927,158,734
1461,406,800,410,612
1412,428,860,423,584
1326,170,305,25,147
1164,343,665,318,459
790,320,684,445,581
880,306,665,421,566
514,170,350,242,395
337,41,95,14,125
976,215,533,124,660
476,166,377,182,282
1056,354,730,464,592
946,278,614,305,436
644,187,357,312,238
472,108,202,77,108
628,205,546,242,402
430,63,26,33,6
589,234,472,376,464
706,244,388,194,261
792,181,573,155,737
880,180,533,121,548
1075,180,156,50,40
462,64,115,76,110
970,30,26,6,16
745,153,362,232,302
1018,250,414,150,190
628,369,626,456,364
945,160,243,218,231
876,113,349,72,299
352,170,364,345,227
867,332,732,465,680
682,103,245,166,207
849,288,595,392,514
918,64,122,92,102
976,104,181,92,114
530,103,166,174,131
1117,342,698,474,664
1530,540,1078,560,737
709,84,197,39,231
510,28,30,15,13
590,206,346,209,281
650,244,604,316,565
1166,157,324,91,317
684,68,180,107,164
563,62,148,117,153
1558,584,1184,714,974
596,28,64,33,42
1089,406,932,497,730
1860,668,1331,906,1261
375,110,232,142,238
840,324,776,472,802
661,63,61,30,18
1436,606,1438,809,1203
598,374,733,714,628
940,213,469,104,348
966,424,756,603,676
994,295,572,308,423
583,152,243,214,183
984,683,1317,1245,1049
318,148,314,206,262
670,104,210,132,168
719,233,519,318,476
364,98,232,126,164
1518,238,452,308,426
1102,347,684,338,474
1104,66,190,32,135
894,449,834,640,850
566,417,856,807,697
972,456,1014,697,942
854,147,319,259,178
975,113,194,170,186
720,14,4,0,0
626,262,708,416,696
1228,195,424,98,425
874,227,482,486,397
995,188,519,75,435
345,71,174,65,268
658,75,190,114,160
1380,254,570,352,473
594,56,71,85,60
2916,405,883,193,910
768,214,476,221,394
1391,468,1069,674,1060
647,66,188,98,174
729,435,717,642,527
974,420,954,546,874
1295,690,1394,1226,887
789,308,536,298,362
692,129,122,35,32
668,238,586,292,474
699,334,618,498,589
609,61,108,62,94
626,44,111,82,84
1058,349,686,397,582
360,34,65,31,38
607,164,420,171,316
800,222,566,248,480
738,62,42,12,5
980,58,121,35,114
1448,231,628,136,580
3922,797,2268,566,2296
1168,176,354,191,296
1824,578,1315,824,1052
706,292,596,417,520
1123,274,698,449,624
906,172,170,52,52
922,134,142,33,26
1043,640,1022,1110,653
954,312,320,148,93
416,59,44,28,12
874,460,676,570,394
502,32,34,14,8
436,77,63,24,13
913,78,172,134,174
1269,326,654,444,607
1635,706,1481,1010,1240
1421,494,1145,575,784
629,178,366,228,302
904,598,1096,1013,838
907,333,738,382,527
831,328,675,352,526
950,317,429,153,154
534,14,21,12,19
655,338,806,553,698
940,34,21,5,2
758,102,208,128,184
860,284,660,380,611
886,26,52,11,40
778,249,530,316,376
1264,102,200,46,235
930,260,642,334,541
1432,526,892,494,626
1425,377,858,424,590
994,454,791,609,446
2135,887,2034,1248,1832
1831,397,580,248,240
822,334,736,415,624
1047,416,994,682,967
900,190,272,122,129
840,10,4,1,1
767,115,290,57,293
658,336,578,487,335
848,322,750,459,694
1210,166,398,220,312
1259,45,63,86,55
1310,248,539,276,516
1830,626,1081,604,798
1089,249,672,150,615
329,17,16,2,2
1006,421,818,508,749
571,198,472,190,391
1160,436,922,496,666
523,132,229,152,208
749,191,531,93,514
736,142,226,58,127
578,7,16,4,16
562,160,363,94,337
1170,382,904,440,652
684,254,558,334,504
658,262,596,406,530
930,474,996,671,982
2022,238,424,342,316
2010,584,955,572,656
1950,652,1337,880,1166
470,292,368,367,216
1052,259,364,136,122
1077,281,404,152,177
1200,480,1040,734,1044
1004,428,940,648,908
782,10,22,12,12
749,320,670,408,610
676,302,675,308,466
870,113,258,30,127
522,247,530,301,287
1218,158,353,51,171
1202,186,509,121,502
646,148,188,64,39
792,162,399,77,364
3331,1132,2398,1662,2282
2148,726,1653,1064,1428
1159,424,936,618,837
1936,554,1100,574,802
626,78,182,115,180
2628,825,1498,1088,1264
476,10,12,6,11
681,244,552,296,428
447,334,793,624,560
502,44,96,58,72
1215,350,813,418,706
690,130,340,179,318
411,50,102,94,88
706,90,136,12,35
871,238,310,112,129
1071,221,331,294,246
1085,326,720,466,692
552,156,159,68,27
1660,429,953,251,869
1591,92,102,26,39
691,2,1,1,1
821,180,486,260,354
1854,275,292,74,54
721,16,2,1,1
688,355,805,827,659
711,351,928,548,892
864,122,156,143,95
1231,250,516,123,451
433,194,472,255,410
475,114,108,28,22
730,266,644,392,646
34,0,1,0,0
1542,552,1208,862,1215
1186,398,866,480,694
528,23,6,2,2
476,132,216,146,192
1162,252,550,348,476
1037,360,796,528,778
1110,364,829,482,668
684,88,163,92,167
756,240,551,178,620
884,312,750,459,552
589,133,154,198,126
760,164,238,98,96
761,9,14,9,12
485,188,218,150,69
768,284,612,454,680
848,291,566,306,418
1394,475,942,504,722
1991,718,1364,830,1088
754,196,415,238,353
2041,602,1122,596,838
599,268,494,293,370
644,126,250,132,180
735,137,332,210,308
839,89,184,106,142
714,302,603,336,533
496,160,233,92,103
1006,61,117,33,110
1292,488,1110,618,892
1643,182,225,10,37
779,103,315,53,292
554,243,606,640,610
1642,176,250,23,65
1910,438,961,626,968
928,306,667,374,520
507,56,123,76,118
391,76,146,62,100
818,154,370,198,361
968,338,791,568,794
1045,402,968,511,822
634,273,678,406,568
924,246,342,144,132
546,60,152,99,136
818,215,462,214,296
520,234,594,404,554
1041,416,864,562,836
1131,270,648,314,573
1008,95,274,78,330
788,80,148,83,124
1904,567,1184,680,838
1046,534,910,1090,844
622,184,435,88,470
657,54,98,72,86
887,553,968,1019,837
1094,474,1160,708,1030
522,66,86,60,110
491,78,114,28,30
629,290,666,362,508
749,249,566,396,503
892,187,538,83,368
542,236,470,350,454
442,170,352,147,235
1015,95,233,132,202
728,117,154,31,27
879,36,18,7,2
804,219,181,65,28
670,360,627,462,361
858,273,713,388,578
1027,170,180,63,50
428,266,532,468,338
1048,436,1010,770,1126
935,181,639,109,668
712,184,343,210,306
1000,374,908,550,910
738,152,162,29,42
757,279,831,466,826
774,329,704,456,631
773,249,184,71,31
592,244,472,316,397
1032,420,826,563,778
820,19,9,0,1
1252,390,848,520,816
676,262,620,362,588
1166,184,378,250,374
829,138,291,207,299
2142,104,69,14,12
1197,390,810,546,648
1065,91,188,58,174
741,112,339,76,387
1286,818,1484,1523,1428
510,50,26,3,2
480,104,192,128,184
478,104,151,99,136
619,101,204,118,170
736,409,858,863,643
1042,343,631,408,480
856,530,1051,1077,999
889,400,1032,616,1014
572,162,334,252,366
1097,496,1166,758,1144
487,169,248,261,236
469,106,176,149,121
1222,413,931,581,916
828,126,164,24,34
1159,450,1062,700,982
1008,384,816,528,758
1214,404,766,570,714
852,319,752,528,690
671,168,238,112,101
692,192,290,100,114
1214,275,704,173,886
542,224,503,309,488
1008,428,1175,656,1108
1560,333,1000,186,1014
443,49,142,54,144
491,253,426,504,177
1083,247,515,119,432
804,196,578,104,647
1040,257,164,68,34
906,26,16,6,4
1253,528,1212,729,1140
1125,446,929,631,760
1238,154,152,33,40
894,8,17,20,18
1143,210,624,118,586
622,305,602,595,399
1000,235,705,134,813
856,306,776,437,758
676,145,250,152,214
951,114,224,159,210
1327,613,1124,1015,842
852,148,324,173,238
1120,253,357,140,189
642,326,623,716,564
938,270,846,162,910
758,281,676,370,612
644,296,654,404,538
775,221,203,60,35
1163,467,1192,726,1174
654,371,651,501,431
1264,498,970,580,784
814,194,344,352,238
330,150,324,256,191
1100,241,618,154,581
956,438,825,564,739
1014,199,131,58,24
846,314,548,481,351
640,98,266,145,206
1082,272,412,161,149
1494,398,532,200,216
1080,460,980,546,736
1581,551,1258,615,1057
940,376,820,560,785
769,196,177,96,40
764,202,175,67,40
934,162,232,276,234
912,135,252,142,202
946,344,702,454,585
902,203,355,248,195
1647,538,1114,673,1060
1516,647,1465,902,1390
849,202,286,108,102
1044,123,312,56,250
712,127,274,122,212
926,145,326,90,375
996,134,330,181,306
865,306,784,510,731
606,176,402,184,327
1033,199,474,260,342
1183,407,919,564,872
1078,22,40,14,41
920,244,488,268,356
1378,143,355,51,251
1532,509,1028,690,843
894,143,320,200,270
909,208,444,314,481
692,190,342,262,293
893,165,391,276,302
838,529,822,744,519
814,497,808,752,650
936,344,798,603,891
591,1,3,0,9
1420,470,1018,616,834
904,89,150,109,154
1310,221,286,62,72
1533,246,224,71,43
1678,927,1917,1912,1797
2444,600,1859,399,2168
1132,440,1002,519,818
1180,501,888,541,766
924,63,142,36,122
1556,504,833,847,673
1083,444,920,586,844
900,6,7,2,2
569,68,129,117,63
574,165,290,269,188
1054,406,946,442,750
1034,148,373,218,300
791,350,760,480,662
912,165,344,160,248
968,389,923,626,912
791,102,188,130,200
918,130,276,124,166
1406,361,764,212,807
1120,309,819,225,963
2382,1050,1672,1421,988
286,49,183,181,158
821,462,773,732,527
566,454,817,728,754
742,74,190,120,200
953,272,460,386,420
1318,498,1030,554,802
1094,387,947,618,808
1038,109,112,56,41
794,244,486,238,358
750,286,878,446,906
1006,386,748,488,560
494,52,110,70,77
1264,478,1129,787,1074
1059,295,376,154,175
960,337,776,432,720
839,172,444,289,398
906,351,608,460,377
1509,233,240,65,64
1052,77,146,93,116
1106,334,598,344,464
1113,252,358,126,170
1091,372,922,572,850
1181,324,590,297,410
856,86,208,101,140
958,386,848,551,900
394,90,297,52,267
578,18,16,29,9
1144,392,788,454,560
1363,290,894,191,957
490,28,52,34,41
782,154,272,166,206
1422,188,360,186,239
1201,441,1065,674,1028
606,8,4,6,4
703,34,90,44,69
991,340,746,474,716
563,108,208,110,168
1326,387,726,426,549
1253,435,927,702,982
558,120,248,148,242
787,111,263,75,275
615,145,376,246,332
545,226,510,340,535
786,64,115,10,24
907,321,670,374,440
800,314,781,478,790
863,78,102,71,74
1003,312,661,348,518
854,232,416,310,455
939,156,361,203,274
884,189,527,111,530
660,221,444,286,344
717,163,332,232,253
511,88,190,100,130
696,288,784,478,737
602,108,183,126,166
1310,572,1188,730,1032
932,102,320,74,330
388,157,234,267,197
1113,249,364,136,174
766,65,118,90,108
1055,175,203,20,42
805,218,560,270,452
858,104,192,106,134
481,90,98,26,19
832,278,612,400,518
837,296,764,460,638
958,442,830,628,766
594,86,140,70,85
776,327,328,265,133
781,232,281,128,150
822,316,984,508,878
700,148,308,170,217
996,160,160,50,45
963,191,388,281,324
545,12,9,4,14
874,305,736,398,659
618,85,204,122,189
905,298,666,351,604
1286,218,388,256,343
1097,408,1064,610,968
1886,340,667,388,492
1734,474,836,507,612
618,136,310,61,126
710,62,80,24,24
1042,143,286,190,269
1236,307,737,154,684
1943,688,1578,914,1372
793,370,864,530,828
932,341,663,405,554
2616,868,1705,990,1300
597,265,512,318,394
831,266,558,274,484
785,89,152,98,142
2573,875,1882,1238,1850
1458,94,204,132,198
1736,632,1531,821,1372
1035,384,747,547,688
1532,484,1010,596,840
632,147,493,53,463
568,232,458,336,234
734,4,3,0,1
946,250,528,296,444
508,109,226,180,180
610,77,152,55,168
812,312,679,415,628
954,400,870,674,844
574,8,14,10,7
855,394,900,624,936
1084,174,518,108,380
1182,263,1010,136,1005
372,128,345,206,318
1935,371,657,553,440
650,252,564,340,506
1238,118,224,118,152
932,399,800,734,663
1529,576,1382,922,1394
694,296,582,365,442
806,203,377,148,314
1392,496,1100,603,893
1312,432,736,442,484
504,348,578,446,342
831,346,863,482,680
1082,50,103,4,29
801,14,12,6,6
773,428,639,590,377
758,48,100,60,70
1100,158,186,41,36
1344,99,245,80,282
556,159,345,206,281
811,70,150,83,121
598,208,370,221,298
781,453,880,728,601
330,103,114,33,15
886,400,922,622,881
789,114,267,147,216
819,331,760,490,726
925,144,286,138,236
688,90,132,125,149
696,203,458,246,316
446,99,259,47,246
3703,479,510,128,140
740,30,92,44,77
1557,678,1444,1038,1362
1160,158,282,192,242
728,274,624,376,550
832,278,634,342,474
958,220,503,270,420
692,79,136,83,105
990,386,980,583,972
544,9,1,1,1
838,318,682,378,472
743,48,98,46,70
1493,331,468,200,187
604,31,78,12,89
828,252,630,392,630
858,255,522,179,384
406,24,8,5,1
1133,366,693,478,576
1395,779,1492,1388,1259
1098,400,970,597,1042
1551,548,1204,830,1267
670,158,264,177,242
1384,190,176,58,44
1841,342,716,186,825
749,87,202,152,219
412,310,557,493,385
563,182,404,196,308
336,25,18,4,4
1044,386,700,541,596
929,82,149,103,156
849,220,552,292,397
1541,534,1185,688,1068
2682,404,382,91,99
1180,148,299,162,251
864,372,821,561,678
684,85,69,20,20
1016,254,533,273,426
868,338,653,358,524
747,79,188,111,212
592,152,310,182,292
552,115,116,36,33
1091,412,994,611,1004
696,453,829,852,592
1046,248,641,126,549
865,280,636,294,495
1035,350,855,578,848
1432,350,654,350,484
866,228,341,371,279
1254,268,344,120,140
2796,1404,2916,2682,2425
1391,509,1220,677,1128
992,30,36,31,46
560,94,202,218,182
723,122,308,138,208
1219,371,778,533,688
1528,280,964,168,901
725,284,646,406,584
879,108,161,107,146
263,26,80,16,65
1033,356,904,509,833
1724,144,209,20,65
573,5,0,0,0
777,52,112,80,100
585,98,230,126,212
1898,492,956,510,688
624,191,270,254,206
1980,456,1158,278,1177
794,350,807,478,704
1124,171,375,93,392
911,208,302,126,126
912,155,152,38,30
502,132,329,205,286
1025,123,291,74,311
438,20,58,28,59
755,394,1002,698,1010
1100,366,836,526,803
1808,280,566,428,492
688,262,475,272,340
1722,464,838,495,588
1426,171,274,44,142
1150,673,1170,1314,937
620,298,546,724,617
1126,390,876,574,766
179,12,28,2,14
714,220,320,340,271
694,306,758,426,770
860,390,874,580,802
638,51,118,58,81
769,150,332,202,302
1126,466,1031,690,898
926,325,864,616,890
757,34,23,2,1
910,326,808,444,608
2248,662,1360,794,1122
1032,172,534,115,516
1420,296,586,330,441
711,322,776,506,786
952,229,428,342,440
1847,292,543,328,337
418,112,170,51,64
1100,372,695,434,588
752,167,356,95,350
837,90,155,98,128
590,105,184,145,123
976,77,46,8,6
930,117,208,98,164
1022,148,295,169,256
566,178,367,286,297
675,86,157,108,110
552,226,451,316,387
1312,522,1085,828,1104
1259,438,959,532,704
1004,44,18,8,3
575,75,162,94,165
1556,556,1100,683,905
1672,580,1590,860,1368
2091,675,1421,818,1222
1082,372,929,540,932
1086,447,992,626,896
1246,394,946,536,784
952,338,963,477,873
474,117,343,293,267
394,90,232,82,162
872,286,620,326,515
1055,159,584,120,486
1152,462,966,608,964
1414,405,1034,284,1078
1654,233,506,270,392
1542,291,1052,223,1266
1888,637,1186,673,897
1539,572,1244,792,1246
872,228,468,378,460
712,252,498,272,400
862,342,793,508,762
1375,169,150,70,70
352,10,48,10,51
1298,485,984,959,896
1067,86,137,85,148
940,380,874,507,756
1442,236,384,71,217
808,58,163,117,142
626,104,219,158,214
1402,502,1116,728,1053
936,354,676,336,583
1253,233,753,134,657
1690,650,1314,724,1040
782,27,60,64,62
1758,374,810,532,738
1092,13,6,4,0
747,178,430,293,441
804,146,366,154,316
1649,556,1040,718,850
684,355,704,562,481
840,234,362,134,170
877,24,23,16,11
586,403,815,845,591
420,134,250,156,220
946,196,493,107,476
852,290,670,376,591
1345,164,350,204,260
932,112,177,136,173
568,35,56,56,40
1481,446,826,416,496
911,229,825,104,901
970,127,234,93,259
854,301,716,446,680
838,226,506,238,372
696,286,707,475,692
999,8,16,10,18
617,6,16,11,16
720,256,592,330,505
1391,107,158,10,42
899,360,752,430,570
946,312,663,424,590
442,65,128,130,97
1380,78,163,103,168
1196,319,813,191,789
1259,661,1026,1137,752
882,140,145,35,26
1288,234,532,297,456
878,298,688,418,549
1543,480,984,504,780
1456,429,1092,634,942
1762,308,340,70,79
1003,342,720,368,492
1078,286,251,105,50
1318,184,398,222,342
882,360,894,627,942
1032,370,800,514,741
668,222,562,401,596
658,145,569,93,555
1297,268,407,193,172
761,96,195,118,162
806,160,141,40,36
1182,172,136,50,36
723,298,661,450,706
1115,426,745,472,634
962,18,30,14,18
1590,626,1399,946,1264
837,107,186,103,132
952,316,679,526,628
1086,199,227,49,48
1450,576,1170,748,1072
1026,4,1,4,0
1076,396,1021,534,949
763,154,260,166,198
504,111,390,64,353
801,220,424,225,296
611,192,454,230,348
549,30,8,7,3
331,47,106,62,72
1114,394,724,397,542
938,340,669,356,542
662,255,622,390,547
1681,386,540,206,198
1016,144,290,26,115
669,171,390,246,337
786,174,315,234,320
976,128,140,33,30
691,129,366,65,296
1120,418,1082,606,994
1170,14,25,12,27
980,328,668,442,677
602,296,698,453,657
945,117,395,104,469
660,137,482,56,409
90,3,2,3,2
321,1,2,2,4
926,326,703,350,597
856,237,472,335,383
426,62,122,78,140
1366,440,1118,702,1124
1902,269,833,185,844
1200,488,1044,620,792
986,294,440,167,176
916,301,616,300,588
581,369,852,805,636
1201,529,1138,833,1162
1218,204,312,193,260
1142,512,1150,783,1230
1103,463,883,553,718
575,227,496,268,400
750,253,568,376,484
701,111,260,144,260
968,376,808,548,713
1605,532,1190,638,970
969,280,358,146,136
692,114,204,134,194
418,44,162,18,118
2446,983,2196,1430,1896
1728,540,1092,682,946
1191,340,762,472,702
812,314,613,332,429
784,136,279,162,210
1030,458,818,660,826
865,128,295,215,336
1097,333,727,402,620
536,19,34,31,16
1105,440,1018,664,976
954,282,409,128,146
1088,470,1238,790,1188
1410,506,1042,587,809
1378,604,1218,811,1180
968,451,970,618,968
1046,665,1045,953,720
218,128,187,144,130
382,31,70,41,37
1197,254,348,98,144
1469,575,1102,687,858
1244,396,940,398,602
765,70,80,18,24
855,162,314,170,292
700,144,212,82,102
992,108,305,79,329
952,332,686,456,626
828,356,647,458,612
960,165,198,36,55
1300,97,277,63,274
364,114,288,106,291
288,103,257,88,212
774,308,568,353,456
586,260,560,368,603
1130,467,1033,646,1110
829,128,74,63,16
1540,205,230,76,61
349,44,102,40,92
318,40,64,38,44
911,106,240,182,227
722,259,556,337,480
1608,358,818,442,700
1352,512,856,782,810
869,279,635,305,402
1016,370,782,482,814
1668,36,73,33,52
960,304,597,350,478
1028,96,225,128,174
791,2,1,0,2
228,42,82,65,65
756,118,310,200,276
738,134,285,50,257
1042,324,489,296,347
1146,202,432,298,385
1298,518,1152,680,984
626,241,667,349,595
838,168,406,253,339
1341,198,383,226,273
847,53,60,30,34
903,110,222,133,212
585,46,57,54,37
708,124,198,158,144
522,245,566,361,480
780,162,274,104,113
816,86,187,134,178
814,314,642,422,636
1068,230,336,128,162
734,62,130,76,121
623,53,104,60,121
401,187,430,222,343
390,17,22,16,7
558,205,399,220,312
1497,240,741,113,563
443,179,345,212,380
1622,143,274,170,216
969,326,704,536,718
1726,920,1389,1170,858
1251,430,800,466,640
948,377,974,609,911
1286,366,959,256,1111
884,368,808,398,579
892,228,504,236,348
976,317,726,484,666
934,342,746,485,645
420,40,85,68,92
334,96,174,94,166
4100,597,1612,297,1828
1702,176,421,287,394
586,300,433,510,388
1434,530,1226,755,1237
636,124,266,126,176
1352,162,483,108,384
1122,16,20,18,20
1084,444,1007,479,770
911,20,21,4,11
3049,585,1643,317,1531
769,134,298,236,258
257,75,135,51,42
1422,296,851,189,907
928,398,956,558,864
644,183,255,90,126
1201,240,446,296,365
657,195,490,170,344
759,44,71,53,74
252,90,177,155,56
1394,208,214,56,40
360,10,4,8,4
557,179,310,216,270
2761,1018,2260,1306,1838
902,33,63,40,40
990,440,844,544,765
2072,377,823,153,695
1109,460,1028,602,957
1248,442,1092,621,960
811,212,498,362,482
1480,263,601,128,478
638,353,568,525,334
667,56,117,76,126
891,128,301,196,246
805,145,304,225,302
327,150,294,224,282
837,362,832,469,720
964,474,659,590,350
159,50,82,86,49
1231,345,738,400,560
560,214,500,338,410
2506,426,1133,276,1118
503,72,133,93,116
3098,414,384,122,120
752,79,139,30,109
673,36,36,4,4
1075,295,570,378,502
970,237,483,288,348
914,218,528,125,453
1088,386,882,519,731
1204,500,1196,798,1281
1230,232,245,46,51
562,114,237,152,231
402,85,212,134,172
1245,321,737,219,945
1093,324,688,340,452
789,68,88,62,68
1002,418,1114,742,1148
628,147,260,288,210
978,305,622,384,418
787,7,0,0,0
1045,29,90,16,77
592,73,98,84,68
1073,207,388,335,294
3008,690,1077,406,416
850,132,144,28,35
1036,58,142,40,158
1060,438,1068,692,1059
1545,562,1160,834,1152
412,105,228,126,226
818,257,685,427,688
520,120,214,66,144
1146,108,125,42,32
1557,512,1056,680,993
496,108,198,139,170
775,31,70,20,62
914,338,722,439,548
895,226,578,134,615
1805,113,230,116,160
1223,303,448,161,208
198,21,60,29,45
843,170,398,202,186
1639,492,1200,708,1078
1788,674,1525,1078,1574
903,223,494,288,308
876,191,606,95,606
2052,201,388,84,330
820,38,28,4,2
884,330,1052,508,1031
594,2,0,0,0
691,45,46,20,10
928,352,804,488,693
147,53,122,62,116
846,190,382,272,440
765,108,160,30,29
265,47,54,16,12
1129,28,21,3,4
744,44,96,67,106
1150,440,940,660,936
545,159,383,106,443
2182,432,1084,238,1003
357,60,129,53,89
1844,371,948,187,894
698,258,694,429,644
675,45,141,33,124
258,21,4,3,1
666,238,448,304,404
765,218,214,119,112
1156,400,815,498,760
604,270,474,361,468
892,338,743,426,632
851,298,512,508,494
809,232,303,152,138
601,98,236,124,224
885,316,741,446,674
937,302,504,322,356
681,264,625,386,578
2045,559,1284,626,954
869,78,132,93,112
1540,614,1374,782,1241
1115,184,368,272,382
1356,600,1485,937,1606
530,344,465,492,361
1170,269,567,105,455
869,20,36,8,20
674,88,88,32,28
512,104,250,253,207
632,278,706,460,614
911,394,748,530,653
917,148,261,164,240
613,266,710,383,670
1079,190,249,55,56
1019,381,746,418,622
1215,60,28,4,2
722,125,231,172,218
1080,169,196,46,66
802,392,896,633,882
730,250,622,357,516
767,294,720,354,664
1157,252,544,304,442
964,364,762,526,684
2231,876,2074,1300,1960
808,336,770,415,636
923,266,378,140,160
512,224,506,344,481
608,96,240,132,207
522,128,276,160,201
1651,192,360,226,337
817,356,928,568,864
1027,342,771,180,814
554,214,478,406,341
1020,241,671,151,564
870,294,610,299,366
887,392,964,526,875
1074,204,576,90,520
785,114,264,190,252
324,63,162,123,176
727,235,426,213,316
571,439,681,815,623
1711,626,1479,928,1291
968,336,648,426,474
858,250,496,380,579
544,220,476,346,427
1179,82,94,13,34
1034,14,24,20,25
782,305,618,390,526
1162,332,672,348,432
474,98,236,129,240
283,50,162,38,148
1034,474,1050,780,989
1134,657,1658,1428,1330
867,328,642,446,630
262,18,18,2,14
984,253,580,322,492
1244,245,538,149,548
368,64,134,90,131
576,26,56,34,52
610,17,76,3,55
978,92,210,116,216
754,171,506,84,424
1378,578,879,943,829
362,3,12,1,1
632,238,450,429,390
636,56,117,50,77
467,4,3,12,4
351,28,45,40,52
514,60,134,84,113
834,294,704,333,542
1012,229,328,115,154
556,19,21,7,13
903,114,222,143,194
547,222,404,188,324
815,112,184,122,158
531,231,489,324,394
1056,660,1245,1242,944
762,208,272,116,129
545,106,346,56,322
959,437,1043,674,1078
666,142,239,152,186
483,42,46,13,13
720,264,688,386,621
354,70,160,23,184
806,306,696,438,568
499,351,797,749,608
1597,822,1639,1482,1483
222,110,180,128,162
800,296,622,354,496
794,125,255,27,102
993,374,931,568,928
667,432,949,812,900
872,495,796,791,609
1034,416,974,610,994
528,100,228,148,238
800,320,564,318,386
904,642,1087,981,777
432,48,62,6,12
481,206,416,274,336
749,130,227,169,183
400,80,194,116,129
616,230,482,312,440
364,13,11,6,6
638,271,606,487,333
826,289,734,422,771
756,147,320,208,291
351,136,233,232,181
906,424,1134,720,877
546,212,468,258,440
877,214,425,278,382
392,61,134,66,93
805,254,546,383,452
560,70,199,36,172
2217,772,1750,1052,1563
394,2,4,2,3
419,83,84,18,18
620,90,221,71,191
970,631,1356,1391,1158
476,38,54,20,38
440,15,17,22,15
539,12,5,0,3
888,254,625,309,524
759,348,664,406,551
1050,444,1033,666,1022
547,102,167,116,124
1026,372,770,432,674
1066,397,434,296,196
961,338,719,438,706
1058,190,388,189,286
914,360,746,494,586
1166,442,904,608,672
1896,449,964,582,803
1023,284,319,130,120
496,98,169,202,146
626,384,729,633,493
993,312,826,494,750
422,172,287,250,173
1165,440,1008,558,832
766,302,699,452,560
580,400,765,781,665
507,236,510,347,476
634,113,223,134,184
402,5,2,0,0
1120,281,816,184,802
572,134,204,115,103
704,390,697,661,457
1088,374,814,544,797
732,188,516,214,375
1362,472,814,536,632
727,390,809,818,683
681,250,542,344,426
488,151,200,74,64
1628,383,950,265,961
466,114,216,144,194
766,275,668,383,608
430,120,234,162,236
573,90,206,100,128
519,182,546,234,436
1896,251,705,173,803
562,327,600,470,481
704,12,36,18,29
745,302,710,422,694
710,340,568,501,321
452,68,124,60,89
658,14,13,11,8
680,83,163,114,128
598,204,416,248,368
978,202,470,160,318
715,78,162,76,116
650,304,680,458,622
531,99,183,88,120
486,134,238,80,101
444,28,8,5,1
788,316,730,383,699
914,390,1024,598,997
577,156,278,182,276
430,125,140,39,28
1124,438,785,504,655
572,166,284,266,290
1582,145,389,72,379
767,110,120,40,20
550,24,46,26,41
489,106,186,140,208
392,55,179,108,146
736,200,261,82,96
1065,273,607,368,519
804,63,114,72,106
728,74,170,114,168
378,163,231,132,87
701,176,440,294,478
446,36,20,4,3
747,180,564,105,490
974,370,890,550,739
694,288,758,471,728
546,76,212,124,180
408,89,150,137,172
610,172,340,232,366
937,350,814,523,920
1120,237,626,105,570
737,252,388,230,264
782,270,500,294,342
432,91,219,209,189
858,269,564,324,588
734,79,179,31,142
722,103,210,126,200
582,234,617,358,522
1306,430,982,607,924
878,374,833,534,739
870,326,772,432,732
482,204,426,256,363
235,7,9,10,17
317,14,22,24,11
605,28,72,30,44
619,129,284,146,211
857,136,136,39,37
1162,420,769,460,624
1136,328,372,126,138
590,300,666,406,569
1204,526,1040,827,1084
416,6,3,2,3
542,122,284,160,234
1143,222,534,98,385
580,252,527,282,490
456,124,214,233,211
707,359,796,516,784
720,106,280,156,308
1336,281,785,133,601
1148,386,829,446,684
1403,270,491,233,404
938,201,368,120,172
1575,459,1226,348,1545
646,152,372,83,407
643,118,120,44,38
1223,202,359,260,316
1058,353,808,407,608
805,115,138,38,29
1885,278,801,135,816
662,141,339,68,279
702,268,563,296,464
830,208,616,111,520
673,269,639,335,598
849,391,880,476,811
859,24,4,0,0
408,142,232,72,98
1142,416,912,512,698
503,132,218,118,133
874,181,516,104,511
569,140,314,160,217
511,254,516,318,416
811,151,146,43,37
392,92,168,108,140
276,115,271,164,272
837,296,650,420,604
573,222,548,249,428
739,272,576,353,516
1074,473,1172,790,1317
548,68,172,98,188
141,64,175,136,208
1085,46,56,14,78
691,320,663,404,650
2096,490,1142,308,1147
1221,441,994,608,980
850,367,706,416,534
545,92,152,92,104
600,114,226,157,242
1108,380,958,308,876
626,8,4,6,11
850,321,721,507,735
696,110,204,130,150
940,88,206,139,195
1032,400,765,561,792
1370,467,1084,716,1048
464,52,99,52,72
1099,358,748,449,669
1031,360,822,521,666
710,6,8,5,2
1468,356,822,600,822
1589,626,1292,746,1013
800,153,459,67,420
919,163,108,72,44
948,364,866,502,648
574,98,184,121,145
1000,362,874,533,852
926,132,145,40,30
1019,99,236,51,311
948,352,837,503,756
939,246,320,146,142
1132,367,893,522,797
1293,432,1241,637,1150
989,51,138,35,163
590,106,113,26,22
869,368,744,403,581
638,15,6,3,0
614,74,78,11,24
1205,368,879,578,916
1506,210,470,332,524
1244,420,1013,655,1004
719,77,200,34,184
1332,451,1170,706,1048
880,324,828,576,840
1066,364,725,354,443
1024,234,530,159,654
507,76,192,47,160
625,64,142,90,108
1344,501,998,617,752
786,94,220,164,202
1101,192,292,222,268
1393,702,1765,1038,1634
626,262,494,326,353
692,286,564,338,434
560,48,92,66,84
483,88,196,132,177
866,328,652,429,548
824,240,480,267,306
836,408,840,614,742
1209,234,470,382,416
894,353,801,533,730
1177,404,738,455,566
1428,614,1370,886,1254
1104,462,956,691,878
1242,301,832,215,1008
704,181,403,169,238
870,282,562,322,402
841,336,736,424,543
842,86,100,39,40
750,142,305,194,282
1340,370,514,204,186
546,164,128,41,19
716,300,782,382,684
869,150,303,158,215
690,212,316,83,109
512,28,36,28,26
662,274,563,432,620
757,89,160,90,124
875,152,137,44,32
1126,177,447,269,435
1427,219,210,54,44
814,248,462,250,316
1103,312,630,438,546
1174,669,1402,1094,1050
874,121,300,164,274
613,133,304,182,216
694,44,8,2,4
1012,265,368,144,158
1184,521,1117,757,1140
932,318,799,461,718
927,126,261,164,239
1560,439,1322,755,1316
825,324,689,425,554
748,285,702,400,654
1136,401,800,508,678
685,162,244,77,96
530,147,200,72,94
613,25,100,20,146
757,120,255,157,250
2131,624,1246,692,750
1678,675,1690,936,1510
1330,286,648,414,574
721,463,834,641,512
900,108,196,135,149
921,376,938,646,945
977,178,192,34,40
679,213,381,359,286
598,7,8,8,6
854,128,338,152,243
1056,426,1068,570,950
954,41,46,6,9
369,135,358,148,256
390,16,20,16,22
640,4,4,2,8
878,292,618,365,518
564,205,477,244,438
448,18,33,20,22
351,46,68,16,56
397,172,197,95,77
1751,512,993,548,680
816,199,403,456,349
1044,354,834,646,752
629,182,412,264,402
1090,124,269,168,200
1060,442,990,601,862
1194,262,745,160,817
826,150,388,188,283
139,42,96,46,78
1271,366,758,420,572
926,364,785,494,750
1158,398,786,468,761
740,318,614,344,487
600,236,509,304,350
688,300,810,515,864
540,70,130,96,149
856,101,120,26,30
2256,63,28,7,2
1594,518,843,580,775
924,337,863,484,812
1093,362,688,472,540
1186,595,1395,1228,1212
964,204,364,114,142
648,110,187,177,158
837,18,46,24,28
839,34,24,6,4
1145,334,422,233,162
327,128,276,160,244
842,12,14,8,10
468,106,190,128,181
717,138,162,53,38
668,232,536,263,390
570,172,270,142,188
1242,304,570,382,444
1820,362,702,518,715
1228,510,1349,820,1356
753,442,846,657,526
1178,194,209,60,42
1457,736,1430,1134,1434
967,422,972,568,694
808,150,350,214,340
1007,196,364,270,323
618,290,359,191,87
601,8,14,10,14
224,62,130,64,108
935,282,664,302,523
1071,293,611,277,411
494,204,520,242,440
1662,398,622,209,250
490,222,503,312,403
1046,370,682,486,606
604,325,605,624,528
753,197,282,109,116
416,19,28,12,34
2834,536,1638,384,1875
1010,168,348,266,350
1179,334,690,300,464
964,146,240,139,146
1022,497,1024,1025,828
1036,513,664,680,398
696,169,414,96,354
401,104,244,255,177
2503,926,1836,1224,1478
1110,487,793,628,543
1232,488,1098,645,976
456,206,411,285,428
1214,521,1160,814,1148
572,262,602,404,576
814,102,196,142,204
572,155,455,182,402
688,238,452,301,396
790,76,190,111,176
1347,495,892,594,714
1285,228,258,74,60
1260,417,822,546,668
1506,432,1153,298,1298
1076,92,178,144,174
988,401,670,505,354
885,334,910,480,910
1054,298,649,404,574
971,284,825,466,791
948,423,1000,602,930
1149,164,198,57,42
1225,539,1194,826,1140
1236,48,32,4,3
1004,220,440,133,316
355,100,124,60,74
1455,217,197,52,41
579,50,125,21,127
1039,364,753,528,734
995,396,880,568,753
786,322,553,408,424
1260,484,936,557,760
1329,78,158,96,138
1117,517,964,693,508
1733,602,1300,872,1176
688,120,275,260,166
602,211,394,404,278
1157,472,870,489,624
609,147,233,203,153
710,54,33,8,4
1177,430,954,667,914
1046,327,752,430,572
852,136,218,164,243
1312,313,827,207,979
700,108,250,152,216
1612,122,267,55,236
577,226,538,277,452
1062,207,549,155,697
1644,318,783,181,679
1058,289,414,164,186
2000,658,1116,688,798
914,137,485,78,582
975,303,668,383,557
901,92,232,141,230
1164,462,1141,652,1032
864,11,16,4,7
816,96,154,110,130
704,402,864,817,658
807,216,371,110,151
1119,522,1218,766,1162
1008,227,401,384,293
865,184,274,180,196
169,38,100,64,92
1036,344,702,414,530
1148,428,1044,655,879
812,294,679,436,676
1110,422,872,627,808
1344,490,1234,738,1044
1821,494,1008,482,667
756,144,334,160,272
1812,456,754,620,679
1754,644,1430,882,1386
1162,95,270,53,296
1211,468,903,512,664
2148,352,751,81,294
1129,204,196,58,44
960,330,674,380,488
994,562,946,1095,811
874,312,626,416,447
1346,610,1240,869,1184
1000,8,8,4,8
880,249,611,298,556
1504,562,1198,806,1232
375,165,340,244,314
1308,260,787,260,852
882,194,290,114,135
1310,266,564,378,559
1254,492,1115,638,1049
958,258,359,136,136
1174,418,890,592,848
950,295,560,359,380
1181,470,1150,678,1143
512,178,454,262,374
1234,434,810,454,662
1090,433,884,516,708
824,158,321,172,276
1157,378,712,417,570
577,103,280,69,333
414,74,140,91,108
1566,114,178,10,40
1211,184,187,48,49
3418,331,1012,112,909
1008,336,795,445,662
550,270,617,412,568
568,236,514,262,389
812,189,328,98,128
972,355,849,596,784
810,389,834,568,737
919,287,628,328,536
860,316,679,433,616
1109,240,713,163,744
1227,376,736,404,495
706,423,934,810,688
730,98,178,144,172
778,442,726,673,538
408,179,332,266,352
828,154,365,198,269
768,70,124,82,103
750,200,484,155,601
315,1,1,2,1
1388,336,792,164,705
923,127,208,134,184
1044,211,314,104,118
2213,245,459,69,254
1047,202,458,256,387
844,220,530,317,464
904,409,653,587,443
1234,457,1254,767,1230
1421,238,453,155,424
940,122,245,128,211
2816,513,1452,343,1758
827,311,684,410,624
671,56,114,75,119
604,222,498,308,425
1293,312,490,184,200
1102,90,156,82,118
932,34,76,9,67
1026,409,816,557,620
745,108,222,161,250
1162,391,864,544,758
420,91,160,86,142
1585,602,1247,1192,898
748,161,471,90,507
798,510,808,1012,697
914,166,177,56,64
1278,168,148,52,48
742,9,18,6,16
1120,145,295,166,254
1054,401,974,520,860
1753,296,878,133,855
643,153,306,201,290
5198,895,1860,415,1426
995,224,442,344,438
820,16,25,14,26
1144,418,798,504,551
570,250,598,385,620
1795,361,502,242,225
1542,362,514,202,234
583,8,2,0,1
626,218,488,248,405
612,159,429,73,442
528,25,50,2,12
749,291,652,377,542
880,8,2,0,0
880,186,280,115,122
838,412,836,558,832
1312,418,850,804,687
1090,515,802,806,699
1626,282,574,438,544
924,402,830,558,852
2076,399,971,227,987
462,100,190,126,162
730,268,453,297,299
599,89,133,37,28
1790,477,1419,270,1428
2538,528,1238,294,1350
680,170,236,102,113
374,153,259,246,242
676,46,108,64,78
764,62,167,26,144
781,117,204,126,134
942,204,324,131,148
1154,10,5,2,8
497,41,114,15,19
2169,276,470,247,314
1642,586,1400,896,1466
2324,636,1292,776,1032
754,75,186,105,148
468,182,426,250,374
550,209,398,238,312
368,64,130,68,88
462,6,12,6,4
1834,559,1142,806,1018
684,270,518,416,470
541,248,520,374,483
707,271,534,341,478
838,389,647,654,429
661,127,212,228,186
1007,112,297,132,238
808,280,664,326,474
1442,551,1341,762,1084
2620,595,846,290,350
1252,138,262,207,271
1354,785,1577,1631,1358
1721,414,540,202,244
1147,356,685,379,468
952,457,791,769,584
532,203,586,278,558
454,55,72,88,52
1231,318,687,282,482
460,68,155,66,105
640,117,150,28,36
1180,221,403,94,394
596,224,385,382,249
740,376,476,262,141
626,77,203,46,212
473,32,37,9,16
750,93,197,125,174
1042,214,298,106,114
702,20,10,3,4
715,45,86,73,84
1663,480,1032,740,1033
704,235,614,366,536
1591,428,908,456,559
911,292,610,418,556
1020,201,679,119,936
934,302,661,375,538
722,398,1042,651,924
986,168,314,159,232
556,254,503,314,446
454,95,234,147,187
561,12,22,22,24
394,174,286,162,212
772,98,110,48,30
997,364,720,594,649
721,190,354,270,315
551,16,12,3,2
564,3,0,2,1
790,250,514,312,440
745,147,297,171,214
1207,462,917,539,764
745,196,437,208,302
1101,330,806,573,733
1443,568,1266,902,1354
1850,410,1149,243,1162
1440,316,780,531,783
524,15,14,2,1
330,43,71,24,65
898,351,746,508,699
891,274,740,348,550
324,89,150,116,142
576,80,92,24,28
659,163,360,169,264
835,297,630,412,643
588,64,184,86,156
613,86,184,135,173
517,142,348,128,317
886,335,699,402,594
766,170,312,238,310
672,44,124,82,132
722,64,136,94,137
1073,392,874,578,866
756,205,516,127,644
1472,282,610,320,498
1017,272,588,388,497
480,4,0,2,1
971,195,533,128,561
744,52,36,8,3
879,338,820,442,778
396,24,68,14,162
478,182,440,316,401
486,205,435,366,371
652,497,807,752,514
909,278,606,360,528
620,114,274,153,199
670,324,805,461,764
768,67,63,32,21
652,258,520,278,383
609,75,163,103,161
400,75,199,144,152
1068,183,343,104,330
1102,324,707,372,590
2225,908,2448,1490,2582
726,146,373,146,360
912,79,95,6,38
454,182,432,258,418
778,46,44,14,10
1165,396,860,586,850
481,50,144,35,174
1396,536,1162,830,1113
957,364,786,484,594
586,147,206,160,50
670,76,149,35,153
773,353,872,464,672
1025,88,180,124,180
767,280,705,422,678
340,66,115,83,118
638,62,176,98,162
726,40,76,58,93
1072,354,638,379,554
1318,368,781,375,472
969,316,786,566,792
336,126,260,240,193
1388,197,465,234,409
415,248,601,586,528
751,118,210,137,156
754,114,142,30,37
807,174,318,146,180
1262,412,1074,617,993
327,70,94,39,59
1538,630,797,435,286
879,326,694,360,540
1042,338,693,410,530
965,504,899,988,777
828,67,88,10,25
1288,160,363,148,230
633,74,132,124,132
894,356,839,563,836
869,146,115,26,24
1497,452,982,686,892
1207,407,994,591,865
422,102,84,25,13
692,364,757,500,682
674,300,640,458,604
962,140,120,24,22
906,338,734,470,742
1047,120,222,144,182
829,191,350,200,228
870,265,558,295,390
998,358,720,585,460
703,81,152,112,128
792,483,979,918,954
1600,566,1146,676,1052
529,40,38,12,18
952,374,738,508,656
1014,392,879,576,798
998,372,677,440,571
1329,179,193,60,44
634,134,284,264,217
1008,246,496,308,340
689,210,498,286,407
1718,385,695,681,546
1259,376,922,516,801
877,341,670,372,576
966,132,305,99,404
714,229,604,290,492
569,115,274,88,260
378,144,268,130,185
886,368,715,499,606
770,172,366,262,364
960,230,342,142,158
1093,316,598,430,416
814,64,159,79,114
698,204,224,122,101
644,372,634,570,365
909,360,937,546,895
1654,289,805,210,795
1162,262,541,354,587
814,396,604,500,395
500,74,118,130,103
1701,700,1478,1002,1484
1118,127,244,128,215
595,130,337,172,250
472,76,186,44,204
1117,305,694,133,743
222,38,102,40,74
1440,463,838,510,702
606,141,268,128,180
898,287,657,382,609
550,180,337,168,236
512,114,194,128,91
1071,198,161,49,42
982,298,634,387,596
932,278,556,400,586
935,358,836,558,802
1090,586,1032,962,748
1034,372,928,518,841
369,138,292,166,178
752,151,384,165,340
1196,232,458,220,315
636,35,12,6,4
294,86,267,60,304
64,21,22,6,6
1088,338,772,422,610
598,170,489,101,534
1117,303,768,480,766
546,149,242,82,110
809,341,748,507,713
572,192,437,246,378
1234,78,162,60,160
1535,342,478,186,248
1158,203,285,224,170
1547,185,427,192,300
1160,273,285,103,52
1075,148,296,186,238
572,15,69,46,18
686,260,632,335,508
496,90,148,113,158
1098,99,207,62,204
1180,436,928,628,828
813,18,21,10,14
659,284,746,420,750
716,290,714,428,810
478,53,88,68,58
632,134,280,220,305
1194,386,809,473,655
756,126,134,32,32
1270,404,664,415,498
420,1,2,0,2
906,280,760,411,758
662,20,19,2,4
1401,430,870,527,786
2126,190,333,231,333
1430,792,1839,1213,1830
845,51,141,11,32
1425,680,1382,1142,1378
664,257,524,315,393
534,446,704,688,510
917,312,709,420,570
1131,258,542,294,405
1293,288,468,284,296
1026,45,28,7,3
951,71,90,29,32
804,42,80,44,82
1262,124,270,182,232
2795,828,2065,1244,2076
1306,426,770,430,546
560,86,148,115,116
1086,452,864,592,756
1030,326,719,469,604
1575,246,463,362,476
762,164,436,198,419
912,118,230,131,150
722,348,755,508,630
2274,804,1628,994,1221
562,52,104,76,98
865,55,92,57,58
367,108,240,197,226
1294,105,283,53,187
760,180,400,258,378
816,410,916,640,974
2005,668,1494,922,1249
559,196,450,238,410
2508,767,1020,366,432
569,174,426,224,394
3433,1146,2689,1459,2584
1290,214,497,97,418
1038,248,466,214,280
958,66,42,15,4
858,326,800,529,750
812,136,326,163,254
988,386,825,616,802
703,94,198,102,172
984,328,587,324,417
368,18,28,12,10
224,36,33,12,10
907,249,540,342,412
1706,264,214,60,45
1616,404,654,379,470
1045,314,760,554,868
1577,157,280,13,80
3204,1371,2718,1773,2266
856,60,84,33,35
1907,132,331,88,324
1342,677,1251,1435,1153
1032,380,976,580,903
1016,20,53,7,38
1155,70,168,96,154
1057,456,1052,729,1088
698,58,99,54,70
567,172,459,157,387
740,77,152,119,132
527,48,58,15,12
804,109,95,34,14
1005,307,545,359,498
1180,285,366,126,148
364,5,8,1,4
888,371,766,493,760
2251,48,78,70,76
1208,300,792,394,834
742,210,437,206,338
2677,447,1806,180,1740
1102,380,824,603,778
4350,652,622,171,120
620,64,154,108,148
913,314,739,517,689
954,175,318,292,195
852,174,320,181,252
1528,564,1183,684,896
450,64,132,151,121
1210,100,226,126,200
922,98,208,98,190
692,416,731,804,537
953,394,704,606,558
1098,344,620,402,445
1398,408,991,608,842
432,52,105,30,74
1967,225,557,131,591
1680,306,303,102,66
3156,658,1469,924,1490
1356,548,1324,730,1122
1148,364,694,522,673
744,316,578,431,532
1124,382,945,630,934
937,435,876,604,930
999,300,557,283,400
1508,252,719,167,725
916,282,585,383,550
842,258,536,282,357
687,110,238,156,248
776,234,644,380,548
908,142,279,208,280
740,258,422,246,326
1249,284,381,157,204
800,220,296,146,144
289,4,1,1,4
2478,834,1656,1157,1413
1614,554,1104,868,1084
1714,430,518,283,226
1786,751,1610,870,1270
621,101,230,123,136
3139,444,508,136,137
1010,358,641,438,486
834,150,163,40,36
821,94,194,126,194
819,294,656,438,638
710,32,110,30,111
794,176,254,86,112
652,42,98,50,57
872,244,530,292,390
1064,148,261,156,234
488,123,326,132,189
1994,390,702,611,430
1708,414,947,368,595
1967,670,1646,816,1243
670,225,460,264,356
3062,753,1606,1030,1514
1005,310,724,450,768
833,306,656,450,568
899,135,152,34,30
525,114,240,96,166
728,146,338,222,342
1042,242,350,142,157
593,216,539,313,480
1108,399,563,522,371
642,4,2,5,8
714,242,551,320,450
906,65,103,6,27
602,233,500,295,385
1272,134,260,114,136
1105,352,864,514,859
770,36,77,48,71
2065,576,1440,1016,1528
1383,202,362,216,312
2036,773,1554,1288,1422
1089,508,1326,733,1204
1083,175,394,107,456
2916,920,2164,1134,2054
632,27,40,36,31
696,260,574,389,538
610,121,264,122,258
630,140,311,206,283
491,114,264,132,233
2039,281,916,190,974
644,54,122,77,127
876,240,633,369,584
528,56,111,104,91
896,234,616,308,544
1866,560,1328,869,1216
1474,379,553,221,262
2193,856,1757,1000,1280
1332,164,150,58,56
1008,326,790,556,810
572,178,529,135,575
859,250,581,266,428
1146,332,638,397,602
1039,752,1317,1472,1146
973,428,1149,640,1163
659,70,132,92,122
1047,388,752,556,796
533,318,568,525,409
557,185,422,131,380
1255,254,580,327,524
1464,118,214,126,163
853,274,609,380,678
940,132,261,32,98
1237,87,138,96,154
2380,964,1840,1050,1318
1378,185,390,234,270
3401,638,731,188,182
474,144,272,170,216
848,254,734,370,692
1084,120,197,10,50
786,231,548,304,433
1103,354,770,473,662
3182,463,1413,278,1638
494,280,411,355,251
873,72,70,24,22
890,66,194,92,138
1288,388,714,491,575
657,86,196,102,145
1338,420,890,490,656
2111,735,1829,1048,1614
3311,432,528,178,167
4993,1269,3050,660,2603
614,267,614,302,471
770,296,740,414,671
925,351,803,476,715
334,205,441,293,290
1254,451,1006,758,968
2318,695,1664,920,1250
1148,474,1022,587,834
1053,294,691,249,472
672,129,248,162,231
880,141,322,219,309
584,118,183,134,149
1214,247,382,133,162
916,6,13,5,11
339,4,2,0,1
1448,204,199,62,44
708,280,746,548,445
768,264,686,429,638
3696,1003,2104,1002,1428
4564,1450,2654,1315,1756
1101,234,344,118,145
699,270,588,371,549
774,103,196,94,189
1402,323,942,242,870
1040,138,277,142,214
1236,20,19,17,18
830,497,1012,955,719
902,363,700,444,606
1739,430,811,277,873
1496,293,755,134,715
989,372,991,615,1034
1436,438,975,488,729
1330,701,1367,1275,991
1691,200,108,25,18
3010,90,157,89,136
6504,1569,5133,1130,5843
1089,392,898,534,894
752,340,803,454,756
533,92,188,118,134
1032,268,369,160,138
217,45,88,60,82
310,92,244,116,179
779,252,538,296,412
1252,412,736,487,658
780,230,556,311,442
677,4,6,3,4
844,136,166,30,28
807,32,13,4,3
1636,150,68,6,6
1068,198,374,236,360
1876,412,822,625,680
1428,469,892,618,849
720,503,1164,1100,949
943,250,491,353,428
971,402,935,564,885
985,82,142,64,86
987,79,162,90,116
490,116,156,124,177
800,279,420,265,145
198,62,116,112,81
818,55,92,48,58
1462,246,470,318,460
1722,137,288,58,284
904,363,520,458,370
