976,568,177,50,20
1675,23,5,40,3
1986,442,184,609,96
866,384,192,248,49
850,637,366,295,101
716,139,92,274,194
491,222,150,370,131
1135,748,560,1208,618
1525,800,528,1464,723
890,480,318,1088,626
828,382,278,631,416
1369,928,726,1756,1078
954,26,17,31,13
850,422,237,386,237
1288,776,516,950,410
675,302,169,244,98
656,416,180,198,90
736,110,64,58,11
1235,542,189,97,34
922,343,122,76,12
642,24,17,32,15
422,224,147,250,116
1542,480,257,1542,368
1424,263,149,360,26
682,366,190,896,246
1504,850,390,553,198
1076,694,376,604,340
860,432,206,324,176
588,184,163,372,215
632,203,113,105,109
699,214,94,64,14
1072,444,243,414,167
1187,378,251,1120,274
1057,177,118,442,243
1106,275,139,207,54
990,491,282,314,82
1788,945,518,732,307
1008,314,204,440,211
892,572,424,1026,587
856,592,437,876,550
2440,999,537,1080,466
490,324,165,294,125
864,359,176,196,36
2564,665,328,1213,204
935,573,312,86,32
1011,914,478,332,187
634,141,50,279,56
1546,143,68,227,39
1210,871,496,852,414
891,392,222,350,166
643,10,0,1,0
1192,706,470,1723,738
290,63,52,38,23
650,171,95,127,94
1229,712,358,503,158
405,198,136,262,206
864,180,82,270,53
768,386,275,449,443
994,678,556,1280,1020
852,548,390,1099,572
736,324,147,204,100
731,636,317,234,64
1104,632,339,536,309
1162,662,264,327,102
478,559,403,576,753
680,341,162,104,66
951,160,122,362,205
685,152,131,340,200
307,130,51,33,27
178,32,18,37,10
1140,422,187,189,53
594,14,0,4,1
881,230,124,1000,292
546,202,87,28,12
1207,1002,534,374,129
405,284,226,554,318
780,98,25,17,2
910,648,396,1016,462
1068,138,75,347,63
1248,590,232,154,27
880,549,229,268,84
1304,452,198,246,90
988,95,47,198,48
710,703,371,497,388
719,120,64,34,4
469,436,257,121,109
1586,185,77,197,23
850,193,78,263,23
574,6,4,10,2
670,55,28,40,8
1296,320,154,437,73
2113,1217,545,731,268
1223,379,150,108,20
634,338,162,177,80
490,190,116,166,20
496,531,282,193,98
848,408,206,219,98
652,466,331,996,703
770,387,188,205,78
871,91,38,33,28
440,306,162,183,74
1355,234,78,125,7
1251,598,347,314,72
838,350,190,320,85
789,463,372,792,620
938,464,284,344,136
434,9,3,3,0
1347,371,191,391,190
743,84,44,94,29
498,188,90,124,65
1388,247,131,230,118
542,62,13,48,6
470,11,4,8,7
853,416,202,291,121
833,134,118,216,74
524,188,128,184,62
877,396,184,248,109
938,229,99,198,20
912,325,181,1270,320
787,66,32,94,18
939,950,517,478,461
1013,498,237,256,70
774,718,385,329,255
1065,392,166,338,82
1600,949,478,1095,526
754,452,234,434,245
609,420,185,332,148
476,192,64,30,4
731,550,386,954,530
724,228,127,499,68
1264,608,390,622,248
766,548,421,954,487
855,414,193,222,126
892,498,286,442,229
850,257,202,319,125
2372,661,292,1142,227
1836,1022,852,2130,1100
981,622,409,596,419
1493,222,66,24,1
504,82,44,36,8
713,260,146,196,89
1133,1431,995,1099,799
184,100,43,83,38
959,452,228,256,74
1167,824,505,717,470
1008,512,350,436,218
1309,481,308,678,267
756,408,208,286,158
1300,860,701,1838,894
797,322,184,426,222
596,75,49,117,75
1034,396,302,610,244
848,476,266,264,103
594,81,34,56,15
724,11,4,7,7
638,171,64,66,14
1580,726,372,511,202
647,83,58,101,44
170,25,10,52,17
2638,735,281,913,113
372,122,102,579,107
1046,691,414,1190,678
948,302,157,1255,331
670,141,67,30,8
721,438,308,852,435
1044,368,241,1154,276
672,372,182,202,74
784,352,240,428,215
590,302,93,77,12
808,101,64,303,47
940,992,649,935,872
862,234,101,120,37
650,548,331,341,271
830,204,134,314,194
587,187,84,198,103
793,521,287,442,247
981,372,178,210,30
1410,62,40,135,23
570,333,214,507,178
616,184,134,303,167
654,226,132,143,61
840,141,120,710,189
1566,60,43,116,29
1084,632,322,329,96
1611,544,295,505,266
1144,234,70,126,4
1368,970,752,1850,1272
1111,84,45,179,38
736,914,365,285,178
780,542,304,592,174
356,48,18,9,3
3096,783,483,3079,738
1534,1100,908,2136,1184
1054,688,573,1398,882
1529,628,382,628,390
761,91,59,348,95
1144,326,236,694,492
2284,317,187,1282,338
921,678,450,1036,630
652,238,127,186,64
967,651,347,594,297
558,342,188,276,155
866,879,581,568,460
1194,1419,1111,1244,1164
720,653,522,592,621
507,520,289,249,215
546,51,48,131,59
840,60,43,112,57
1642,668,369,484,206
1795,1837,839,637,379
1490,654,300,349,125
842,210,102,158,52
444,92,70,198,158
588,185,129,84,32
710,389,230,520,228
1293,238,86,132,14
1262,758,584,1426,817
748,632,353,270,198
467,208,154,432,153
703,81,41,107,23
590,380,268,605,323
3124,1206,787,1500,591
1070,364,128,208,74
2069,567,345,1681,253
1778,477,228,1110,215
1365,131,35,47,28
494,328,177,216,110
1593,522,194,146,28
738,374,172,340,158
1387,874,576,1414,742
2901,996,662,4279,1079
731,622,493,815,937
723,154,42,18,2
636,96,70,262,178
622,287,208,496,348
672,86,58,159,90
2033,558,290,477,224
726,357,171,109,23
439,139,92,139,153
511,209,88,108,30
764,97,59,356,105
554,131,83,166,108
597,342,184,350,161
750,324,176,328,141
1591,290,236,529,292
757,362,211,241,45
2644,2147,1566,3346,2551
2397,1336,686,1211,484
1647,482,270,1623,330
806,106,40,57,5
1234,467,274,1670,369
718,130,96,284,160
642,480,384,524,222
832,529,324,906,420
1146,788,576,1379,862
718,256,147,165,89
1416,803,451,824,390
2071,1988,1000,668,448
2245,737,449,2017,312
799,78,29,51,7
1312,814,504,1364,652
1352,350,173,860,184
1158,584,332,339,56
824,185,134,280,120
1061,200,77,310,49
1057,276,147,659,159
686,197,58,234,20
1302,674,338,340,104
1345,236,157,347,176
1182,276,248,295,303
1262,976,588,1261,445
568,216,116,165,64
840,427,146,105,21
1128,129,91,174,70
749,14,2,10,1
508,18,10,48,6
1464,830,607,1350,566
593,153,59,188,28
499,110,48,7,0
1488,939,620,1502,1232
1625,794,432,455,143
1318,1238,655,382,307
922,448,264,1417,321
204,44,17,73,47
748,206,94,299,195
869,496,214,362,150
1082,704,512,1532,1024
322,18,10,27,6
493,6,2,10,4
667,351,246,584,352
1444,1044,498,406,237
2188,1277,917,2564,1610
828,626,344,486,385
687,332,152,230,91
584,634,504,833,676
906,198,156,356,196
956,160,50,113,6
622,422,149,48,9
1962,702,374,2590,628
578,215,142,178,150
1276,228,164,430,260
1309,474,178,114,16
1674,1591,815,905,695
1052,950,505,363,220
2326,692,393,2012,340
742,220,90,49,17
918,951,628,1149,1320
660,67,34,220,46
920,408,270,1038,522
684,458,350,583,230
1142,620,474,1258,812
2296,305,171,1008,171
1794,1811,1290,2318,2246
1281,541,318,590,258
1512,394,160,510,61
592,127,64,66,11
893,548,241,300,106
787,119,102,186,112
690,308,145,197,66
1058,992,741,1053,842
1126,1000,600,605,531
593,622,432,614,570
1990,406,233,911,199
990,883,548,321,97
704,224,117,406,78
1080,180,81,190,36
1336,328,165,1006,165
413,73,73,48,26
1106,1055,608,619,517
763,170,82,101,35
821,818,541,634,443
700,644,248,172,110
769,332,174,206,49
1856,438,228,1346,279
1380,1154,732,434,327
1396,530,242,277,106
2211,795,296,182,25
788,242,158,340,137
671,186,146,212,113
1567,272,134,94,15
867,498,320,556,289
1025,364,210,417,201
1392,182,127,676,387
2195,1170,628,1110,518
744,246,98,59,16
1219,509,309,321,68
583,561,464,426,396
216,214,93,95,87
544,42,36,62,32
1810,475,316,1765,498
1022,920,541,642,507
366,184,76,203,128
1198,167,126,274,178
514,329,174,266,102
606,148,64,50,17
340,203,138,276,123
729,57,38,16,2
607,52,48,298,95
404,9,4,8,9
1158,961,520,404,284
681,126,62,104,62
922,231,148,50,14
756,159,52,161,25
1962,1122,614,1010,514
482,138,97,246,88
817,133,67,241,35
1100,541,304,392,140
934,112,60,103,30
1087,754,484,968,378
488,187,65,96,57
858,447,216,246,50
830,483,220,294,127
876,527,281,362,263
1019,612,447,656,342
1107,125,54,142,17
598,276,175,342,144
1078,286,239,1651,493
2469,1558,1267,2615,1668
836,500,363,644,298
1257,721,332,370,83
906,571,318,460,292
906,253,119,388,77
826,86,60,177,172
748,263,100,92,14
708,162,90,196,98
707,84,40,118,60
728,260,153,366,159
1658,1020,708,1474,662
1396,470,142,105,12
720,288,130,211,53
555,192,156,234,108
869,226,89,329,31
868,500,399,1034,694
1266,260,159,306,121
926,592,275,332,120
918,250,118,190,87
580,307,218,544,278
823,480,330,1218,580
818,130,58,168,56
878,253,123,392,62
624,291,151,176,143
1084,381,248,1554,365
356,68,28,9,1
690,174,89,174,111
1072,555,378,788,342
954,142,48,24,4
694,402,211,278,106
582,322,190,366,187
654,684,351,327,259
603,290,230,334,345
954,246,188,342,104
276,14,0,2,0
1538,704,312,428,170
1057,1053,543,296,100
934,831,538,828,650
490,42,13,113,58
1080,498,234,262,92
688,880,510,438,362
459,94,54,104,64
625,319,192,167,169
789,266,86,274,26
758,849,629,628,466
950,612,222,94,17
1021,629,349,358,172
791,298,164,198,74
759,454,250,500,228
1031,1081,627,611,496
718,101,85,248,133
911,186,106,144,56
1201,737,581,1382,840
700,287,144,81,28
837,112,68,120,42
533,467,258,203,137
890,508,228,249,98
796,327,249,628,378
827,472,199,292,72
1151,488,290,248,235
1096,549,287,394,124
801,536,318,752,387
455,184,156,125,98
634,702,370,536,451
1034,976,510,315,196
665,28,8,5,0
1215,363,182,180,62
1150,564,415,1099,583
988,726,411,268,165
1062,513,328,706,278
1063,1086,824,1071,1022
607,344,300,684,408
1013,291,151,740,140
728,375,254,916,388
934,408,151,116,18
809,424,204,228,70
855,538,282,268,58
648,144,130,340,246
854,57,20,15,7
1192,552,266,310,62
804,226,164,462,298
874,778,444,351,217
812,450,195,88,17
429,214,150,519,298
796,256,160,354,312
1071,479,166,162,21
800,559,469,878,399
642,314,190,151,132
1949,1153,630,982,616
1369,203,105,403,113
866,502,262,500,187
1115,614,448,993,464
558,493,351,418,357
318,207,100,121,116
956,19,8,4,10
1062,567,431,1296,766
1668,332,206,1087,231
810,268,111,243,38
862,9,6,32,8
1133,662,424,1375,837
908,1094,766,1265,1381
825,587,434,1140,734
608,421,261,292,276
910,618,370,548,348
661,351,207,246,236
884,940,727,1009,1152
864,360,156,371,122
883,757,434,475,513
609,218,148,185,128
1227,7,0,5,0
325,114,86,215,128
788,385,167,233,63
737,346,223,318,354
664,383,260,338,168
1140,566,274,398,67
670,264,238,426,126
874,409,243,350,307
925,492,340,602,195
383,197,100,147,92
777,214,156,350,197
711,257,164,223,205
506,60,35,124,27
859,28,19,14,9
1043,492,310,612,262
834,30,20,21,16
1420,238,104,318,69
832,548,254,406,168
730,103,43,129,11
376,84,54,47,22
986,550,300,326,108
1278,522,331,424,58
1137,629,293,513,243
968,698,427,1192,739
1133,448,290,429,121
901,349,240,746,342
1964,444,318,1951,403
1070,369,217,1108,233
1110,798,554,1513,805
704,115,66,264,108
440,228,84,54,7
2207,326,208,1327,326
764,471,265,318,135
984,472,234,314,139
1254,652,442,1126,596
677,331,179,938,412
1430,387,170,854,136
2248,324,121,222,11
658,34,20,28,21
894,332,106,60,7
936,636,453,877,316
1012,510,264,332,104
1434,580,268,307,56
895,504,269,278,51
507,504,279,176,103
1177,145,72,111,8
1126,299,105,583,107
3142,1334,438,256,40
878,612,354,518,278
661,466,398,700,394
432,80,56,146,108
168,104,63,63,39
698,38,15,8,2
901,584,376,816,304
1568,1056,364,122,34
726,156,46,10,2
845,359,136,98,20
913,23,6,9,1
410,157,41,122,31
1998,1154,542,828,354
812,778,455,595,467
884,476,260,290,118
876,260,166,466,306
404,174,78,164,54
880,60,56,159,42
940,526,278,266,120
873,355,188,245,40
1148,1,2,0,0
1320,425,246,1565,306
439,297,179,256,136
1190,650,500,1043,482
951,524,267,324,112
580,636,268,232,166
928,511,336,981,438
1012,748,497,1251,818
1364,1240,544,462,318
1040,700,321,355,72
1092,233,143,662,159
844,165,109,165,135
534,800,601,631,637
288,88,40,42,15
1013,402,193,262,108
1995,57,18,24,0
872,514,216,374,114
720,282,138,182,104
910,199,148,405,243
550,105,50,60,34
2428,1138,450,689,177
838,22,8,6,5
1015,716,351,308,206
926,476,290,416,220
833,264,198,329,132
1255,529,239,500,212
566,186,120,232,103
829,747,343,203,187
837,529,386,726,263
707,500,335,409,257
792,196,110,542,111
618,19,8,29,10
1173,668,384,810,369
591,580,182,77,15
558,667,561,859,1006
981,591,262,432,182
875,718,472,1234,672
1068,259,165,733,172
828,198,126,410,284
1898,237,79,142,23
727,544,385,834,522
1221,825,412,388,85
923,634,438,1124,546
962,479,282,474,216
690,437,315,451,468
644,61,49,114,74
1210,296,125,496,149
826,212,115,90,55
1957,522,268,536,298
4910,985,469,1452,179
1299,642,274,312,113
329,134,108,174,161
714,265,159,954,211
620,234,191,325,375
610,169,107,444,101
740,420,185,198,86
566,272,129,144,54
872,37,9,25,10
995,593,396,785,447
1002,556,294,538,242
1192,145,54,34,4
592,300,166,276,118
727,909,492,450,423
1464,457,262,230,42
913,340,182,362,172
955,98,26,90,8
718,194,134,249,153
652,169,92,262,70
629,539,385,814,375
720,57,39,260,66
779,360,208,509,230
940,219,116,624,129
1026,156,99,385,89
800,471,237,420,222
602,102,34,14,0
898,115,59,510,151
602,469,368,503,625
1130,725,428,1017,420
941,270,156,248,132
760,323,193,190,171
566,120,78,99,50
630,491,203,60,9
1360,226,66,95,11
683,170,108,193,108
823,446,244,388,192
942,540,242,340,96
1069,720,375,668,319
868,291,149,179,138
951,454,187,220,57
1172,905,596,1399,826
838,436,308,759,367
764,392,177,200,52
1686,1391,659,532,323
865,269,124,197,94
974,286,193,854,180
1160,566,342,383,302
1048,54,20,18,6
1724,1155,609,355,235
536,346,234,448,276
1066,488,228,255,116
950,598,317,570,276
947,142,81,559,158
1119,750,572,1390,986
500,146,62,49,31
1014,628,392,627,285
802,422,220,302,146
861,639,395,692,284
3797,4015,2206,2881,2349
1185,486,270,304,131
1076,202,50,18,1
579,399,268,215,246
1330,707,328,346,85
342,132,80,112,42
536,355,124,36,10
1382,432,283,1885,523
594,260,120,118,54
670,55,24,18,4
1290,1172,597,463,156
2280,1259,761,1219,598
1249,614,370,600,253
633,275,207,402,394
678,324,253,654,502
520,445,246,160,94
1184,366,195,927,169
450,389,208,137,56
893,412,209,246,48
830,318,260,588,392
583,459,318,466,262
1076,144,67,306,74
849,7,2,0,0
454,503,220,179,83
907,548,306,409,180
1741,904,479,518,110
1406,746,350,380,102
1335,917,382,130,48
352,114,60,184,70
859,160,99,483,73
358,22,8,37,30
796,490,347,780,259
1019,788,592,1568,946
597,131,46,219,48
854,498,315,700,697
866,234,174,243,271
1070,277,151,530,112
2648,595,400,808,390
2289,708,395,1822,316
698,900,560,772,579
682,810,467,500,433
996,445,223,302,100
495,50,36,43,28
575,389,292,432,204
1188,304,184,824,119
624,155,42,19,2
644,202,93,113,40
620,20,11,16,6
1291,302,181,298,174
744,744,401,268,195
912,895,482,404,312
2970,1541,962,2766,917
985,724,419,870,474
1236,827,706,1294,992
1266,1352,947,750,525
1358,108,64,256,44
284,44,35,84,39
756,283,174,1211,291
872,383,248,378,165
723,444,290,649,307
490,16,10,15,12
1223,1441,1123,1164,1065
1066,663,476,1488,806
862,602,466,1192,793
939,1159,741,878,730
1333,426,205,577,142
1144,304,207,274,178
1076,1103,509,498,448
1320,318,135,610,136
837,405,258,676,257
784,727,315,367,289
957,618,426,1312,771
946,674,500,1242,982
806,406,214,407,194
1143,625,352,624,336
1450,295,101,408,45
996,480,256,588,365
1302,1610,1086,1385,1435
963,82,22,20,1
1774,1154,738,1942,1081
776,634,438,622,629
553,250,136,258,124
1012,402,282,684,365
670,250,190,492,273
1273,1313,902,1079,707
488,196,130,272,128
774,236,152,282,122
1384,854,628,1837,1206
712,814,512,601,421
550,53,11,21,16
1130,452,240,300,126
1124,206,105,143,91
461,102,58,141,59
195,1,0,0,0
502,204,175,388,265
760,85,42,30,6
643,171,95,119,79
914,494,252,266,118
2293,480,327,1684,580
836,806,549,836,654
828,707,492,1050,991
1905,1224,806,2126,1270
1940,624,248,294,71
712,248,174,300,150
654,108,68,116,72
800,461,260,298,174
696,836,576,949,986
580,76,37,75,9
1048,22,2,7,11
857,642,469,1058,744
836,481,327,572,268
704,281,127,122,16
798,119,63,83,54
1070,843,437,377,108
1487,352,160,430,66
1970,169,50,56,2
736,224,84,133,80
850,780,370,237,106
982,464,325,741,332
384,156,92,104,13
696,636,290,435,307
926,512,261,256,82
593,6,0,0,0
2194,1300,867,1650,808
1640,1028,830,2063,921
1107,652,336,528,230
858,12,3,2,0
686,556,307,277,237
923,146,78,120,52
815,452,256,252,104
888,387,215,416,152
349,79,27,6,1
894,806,440,421,318
678,16,10,19,6
784,395,208,297,90
949,219,106,453,76
604,84,43,61,6
544,586,350,155,126
1066,622,438,958,408
560,194,134,204,146
790,230,116,403,75
314,124,74,112,62
287,43,34,50,22
742,484,248,402,226
491,92,57,68,28
837,817,482,374,307
684,51,32,70,18
1390,290,149,733,169
1328,820,602,1324,700
551,564,203,205,127
650,123,46,295,70
798,767,468,391,391
1051,9,2,3,1
594,451,308,517,556
971,82,54,165,110
1039,405,199,1479,332
746,178,94,66,22
772,225,100,160,56
368,7,5,1,0
624,643,318,265,87
650,613,360,419,438
841,181,80,226,57
488,96,94,328,130
548,8,2,8,2
626,6,1,1,0
360,155,62,12,4
592,46,34,80,26
608,132,102,276,208
604,274,190,348,166
336,294,149,241,107
705,318,156,356,113
628,318,170,304,162
927,342,180,220,86
826,572,436,1306,797
570,121,91,679,160
628,9,1,4,2
3133,1463,864,854,734
714,704,484,823,756
773,490,304,570,293
648,303,161,296,172
908,106,71,455,119
704,318,178,275,132
480,288,146,249,142
1600,892,434,882,471
853,444,237,442,192
636,124,88,156,58
409,288,176,254,156
666,400,212,375,226
472,86,36,22,2
582,314,163,214,66
909,568,401,996,530
511,222,73,53,12
774,371,172,245,57
658,147,68,187,14
653,487,323,344,293
599,384,238,208,90
356,158,74,203,98
625,416,293,736,422
550,682,554,692,701
540,56,36,42,14
267,326,289,363,436
1464,524,238,410,106
809,490,281,512,296
1136,480,254,374,84
1098,1369,1021,1499,1483
972,252,108,304,50
730,748,318,285,214
670,12,2,2,0
641,469,186,104,34
960,1040,720,886,750
410,271,176,472,328
1263,912,664,1634,994
220,33,24,22,36
1052,9,6,19,9
948,197,87,269,16
1107,484,321,830,480
869,476,256,503,250
523,138,102,344,140
874,567,421,534,534
656,184,119,260,108
764,370,200,236,54
707,436,282,499,205
1042,860,660,1194,764
690,270,93,63,12
799,133,92,232,119
606,56,36,53,27
576,200,129,513,123
488,90,38,116,62
302,6,2,2,2
716,390,226,372,192
437,27,10,109,18
594,325,204,169,124
842,209,86,351,66
462,128,52,16,3
1029,180,119,285,120
879,556,217,81,28
803,406,252,564,282
33,20,11,12,2
780,587,362,1043,634
785,128,45,245,60
1054,213,117,384,74
733,460,256,484,258
2208,603,345,1220,175
655,314,224,2539,1266
523,408,338,844,530
564,594,438,315,320
724,473,238,204,70
680,151,46,19,8
377,165,148,228,322
1545,889,396,410,166
848,394,192,307,80
914,387,112,88,19
1476,332,164,902,187
752,332,142,196,60
1076,136,56,22,4
439,231,120,188,68
1226,595,399,613,615
1051,653,450,714,277
908,350,166,211,46
1244,214,140,344,196
876,251,90,249,25
916,368,184,276,58
559,569,269,161,125
493,185,92,176,69
664,384,207,289,128
1122,802,422,256,100
863,199,74,235,23
588,461,334,822,515
774,164,62,224,28
588,300,221,268,150
740,585,346,431,356
422,64,19,7,1
387,162,142,126,130
720,481,356,710,430
541,39,28,224,61
592,10,3,6,2
770,248,162,316,170
841,552,414,1092,598
829,402,230,396,146
722,324,250,512,238
907,390,177,200,37
612,61,36,119,25
767,332,164,204,60
844,324,196,300,107
887,440,230,262,92
480,169,129,298,176
887,454,268,406,209
1300,334,169,605,121
1149,316,141,386,46
876,533,259,328,108
1020,524,408,961,546
888,618,329,776,414
654,487,342,630,381
801,326,224,352,174
674,567,267,211,101
1117,604,328,531,385
396,14,3,6,5
324,165,65,70,36
978,302,138,124,23
1145,808,517,1061,486
1231,122,86,643,176
652,500,339,439,370
600,138,84,160,47
698,194,86,43,4
1288,139,54,172,23
665,308,258,529,248
745,822,573,686,549
610,487,259,265,154
211,127,108,143,140
671,242,144,271,116
300,350,186,403,207
897,525,303,351,138
772,26,9,41,6
1745,587,305,388,51
448,232,184,390,208
937,205,108,471,88
866,462,264,400,254
378,163,122,119,75
490,144,69,537,141
378,149,78,104,41
889,591,384,706,308
918,520,332,595,260
340,232,57,230,74
784,741,379,313,234
1026,206,118,443,98
319,60,20,49,24
898,344,222,145,83
706,89,35,15,2
987,320,100,79,12
574,302,157,218,122
561,482,294,846,510
510,220,81,48,10
738,55,27,221,30
1068,540,256,407,199
627,368,216,261,92
814,146,82,579,130
1026,634,268,330,124
591,247,149,287,106
1024,1201,662,651,489
894,669,506,1230,724
476,130,27,124,17
799,509,238,556,356
1441,284,126,92,25
571,388,224,360,184
692,294,146,128,36
388,165,106,132,107
1105,848,582,1448,829
793,448,224,322,167
646,363,169,210,66
1018,542,244,253,46
677,720,554,897,714
2214,726,424,2090,339
646,219,147,1031,265
994,212,155,1018,286
605,362,186,696,308
728,730,379,270,103
795,572,394,898,672
844,436,250,768,366
1022,412,256,310,61
837,556,368,1056,758
1892,1276,849,2480,1747
961,782,426,573,267
491,218,141,806,310
454,28,12,53,38
444,212,172,384,278
616,234,142,356,126
732,316,124,83,21
823,446,199,294,40
1172,838,545,1541,1348
439,257,132,246,120
914,198,123,318,188
1009,744,481,942,430
376,172,87,90,28
1086,917,616,1036,510
552,383,205,257,159
1069,518,296,562,274
2086,1862,1192,1208,1005
514,671,591,821,918
1156,1019,670,1117,518
602,221,130,329,159
847,303,180,192,59
922,50,16,172,59
822,671,527,1086,564
638,210,138,412,218
473,268,102,66,8
712,300,116,96,13
930,607,344,534,238
2755,125,67,266,53
900,229,139,375,249
502,242,68,49,8
739,120,82,239,136
693,61,33,61,16
992,508,336,689,334
3041,1019,818,1917,1229
1688,514,156,83,10
1186,463,240,504,252
885,368,131,40,11
1021,704,371,697,387
962,480,370,809,460
556,238,118,209,107
932,668,372,669,301
433,94,34,18,2
1168,443,274,1623,358
452,256,146,152,34
768,528,284,396,179
1061,621,311,496,152
716,392,145,90,16
777,271,159,246,152
1140,968,601,1292,574
865,453,265,393,172
638,180,132,228,122
1146,418,240,419,214
722,344,185,261,127
622,115,42,59,8
930,412,182,433,65
886,685,388,768,372
1112,816,610,1652,850
970,760,436,780,355
521,108,75,294,122
606,517,250,478,223
698,464,251,276,94
866,313,222,1018,254
1558,938,532,564,93
833,568,260,350,106
694,88,52,104,72
1239,526,252,359,122
1341,422,266,707,416
656,184,134,303,138
1711,1158,670,1154,604
1014,410,168,123,24
750,471,410,994,588
1206,726,410,590,272
722,346,156,180,53
784,444,222,396,210
542,415,277,1072,577
638,86,56,46,6
1194,750,374,597,218
744,352,191,284,100
568,120,38,64,5
363,369,248,660,389
1565,585,280,788,268
681,204,165,380,219
692,329,124,190,55
1865,1149,770,2237,1590
2218,1668,1169,2372,1262
1153,667,315,336,122
1390,826,510,936,441
1298,613,364,1867,425
1171,700,444,848,412
964,612,286,540,185
938,828,634,1648,944
956,521,324,641,277
647,102,83,470,117
916,531,320,444,158
684,761,479,405,379
718,211,82,179,74
1083,728,538,1372,729
834,734,562,1509,824
791,437,194,294,106
758,143,96,186,107
2139,1602,710,782,311
1050,984,512,288,171
960,713,558,1471,981
994,657,512,1014,402
801,449,310,818,566
626,815,491,646,650
1050,742,456,802,443
574,54,36,41,31
762,406,180,124,32
578,361,148,204,80
423,111,56,845,455
1029,699,484,974,416
791,274,172,372,168
798,240,134,245,138
694,394,271,722,298
816,688,422,896,354
722,152,134,292,256
670,770,351,240,143
864,410,206,413,180
2144,300,127,559,100
461,10,6,24,10
1360,118,66,117,61
1304,794,472,944,516
963,346,164,211,62
1098,927,638,1342,650
1928,322,150,142,20
1288,1048,624,1602,844
820,390,148,86,13
406,255,125,74,15
612,204,123,216,112
973,310,204,402,162
1342,1278,836,2123,1494
425,369,273,433,337
856,80,63,397,124
868,176,95,116,44
589,300,168,239,125
350,57,22,6,2
586,464,284,166,102
1096,624,283,267,132
1310,502,300,528,306
387,188,140,308,122
523,301,154,152,44
1008,627,294,372,118
492,680,626,2745,3553
692,241,123,69,12
542,88,46,119,25
1088,690,378,498,198
918,286,169,281,134
815,484,249,286,126
472,290,199,57,20
876,24,4,12,12
998,1000,670,1530,764
794,172,86,287,24
651,268,149,164,37
1402,912,507,875,426
275,162,92,162,66
631,234,117,142,48
1024,802,426,646,312
661,275,182,197,76
930,753,596,1898,935
1102,756,544,1206,655
1164,752,432,552,226
602,299,144,102,59
748,597,360,579,324
851,58,26,48,35
737,797,280,100,24
792,558,254,296,93
632,266,97,70,16
1046,337,224,1121,222
922,62,43,398,151
635,186,114,292,172
868,432,200,216,54
1232,231,165,442,276
1777,177,105,256,161
1202,902,607,1924,1180
756,410,270,392,162
1003,801,454,1213,538
778,266,86,47,5
662,20,6,7,6
593,286,140,906,285
796,1542,1035,1824,1696
598,316,196,261,121
1046,1263,846,1046,723
735,96,59,105,7
952,168,57,207,33
728,398,231,304,64
1378,1078,680,1872,882
746,294,178,448,184
815,226,100,138,44
1001,578,444,970,584
862,133,63,119,5
1142,54,28,22,8
1117,866,436,824,417
653,9,6,3,0
940,562,372,624,290
954,570,276,310,90
813,20,12,22,8
587,10,2,6,3
840,266,131,258,98
1409,1144,770,2300,1256
1067,799,490,719,342
876,686,408,749,332
724,273,156,213,88
928,539,324,328,134
658,396,366,686,417
883,500,356,934,596
1750,908,578,1516,686
1312,552,396,788,297
1044,810,617,1628,920
747,616,319,582,328
662,532,323,694,343
604,312,246,674,452
784,510,360,596,333
800,498,302,476,268
936,840,526,793,504
836,262,142,118,19
672,282,146,214,31
866,552,364,910,360
1120,776,403,418,160
766,692,573,1346,762
1001,676,292,467,123
1007,250,144,224,96
472,681,470,403,447
1449,1133,586,856,542
866,441,293,627,275
697,476,324,738,392
1282,312,224,318,51
1295,611,290,523,181
1027,730,332,362,149
606,205,63,38,4
836,465,267,286,122
802,108,59,205,82
746,66,29,34,2
734,279,222,540,328
1048,95,33,26,1
861,872,648,1342,883
881,494,272,376,158
1181,451,217,976,185
1054,541,296,1291,508
2118,1250,730,1214,668
636,274,115,66,6
1072,919,688,1968,1185
1113,855,606,1204,434
1146,540,308,620,304
1451,557,230,436,162
728,226,85,38,4
934,796,548,1020,507
1914,969,700,697,798
935,688,359,476,174
893,656,453,1168,540
689,446,178,248,82
654,358,200,423,276
909,437,194,100,20
576,246,138,194,89
752,624,382,1066,602
852,628,340,365,114
665,296,124,218,75
575,235,138,264,136
668,224,126,183,90
710,250,114,191,90
1920,922,514,1052,510
1427,841,425,796,326
780,541,344,808,388
672,557,441,768,340
670,229,99,402,92
616,283,198,474,178
567,138,124,352,238
1657,1018,474,564,180
346,245,109,136,49
788,264,158,302,108
1465,435,192,563,161
810,588,309,336,73
868,362,217,336,166
412,601,447,514,393
498,310,151,192,66
504,462,344,662,349
632,604,488,1159,706
603,444,238,330,125
907,1041,630,504,398
1332,974,481,480,215
780,310,155,787,139
1443,1890,784,697,413
857,228,128,123,49
890,508,314,392,66
806,289,194,882,199
1613,1352,831,2026,913
812,372,138,78,10
302,292,199,396,231
457,359,247,572,380
967,880,591,1564,1130
646,548,263,281,136
982,618,312,412,138
896,283,140,523,126
902,258,120,545,102
1117,877,681,1220,552
1180,706,408,849,343
478,84,37,46,22
374,8,1,0,1
1576,403,201,562,120
2388,429,203,712,171
858,686,445,1273,689
670,275,104,76,10
499,157,104,180,81
828,270,117,289,27
1755,527,323,494,256
488,416,189,615,235
446,322,180,336,192
1553,235,155,715,184
580,494,322,690,332
806,120,82,338,228
812,838,420,441,355
126,106,67,198,190
2005,743,452,986,342
1623,534,236,1129,229
260,142,53,186,106
567,20,6,4,2
719,477,271,481,194
804,623,268,480,231
1072,704,358,445,160
361,254,166,174,144
1098,766,427,494,224
856,608,430,1040,676
886,276,134,616,115
655,32,8,12,5
499,11,10,27,4
944,832,536,1525,966
646,512,217,81,26
778,601,415,1296,710
1201,588,396,814,492
1492,561,358,2418,540
1625,755,262,166,24
552,18,12,24,12
829,449,330,822,426
737,471,325,1023,754
907,713,350,346,175
720,168,96,182,61
690,218,55,77,5
294,108,72,76,28
798,255,166,364,134
814,732,432,930,372
687,516,272,369,179
592,492,369,578,278
687,195,112,170,86
586,182,84,90,12
484,134,68,54,12
2038,974,612,1006,436
3466,854,294,857,121
2334,685,274,944,251
844,486,288,492,304
1016,716,488,1503,830
1701,540,250,366,110
1135,836,390,554,223
671,266,128,129,44
267,88,44,164,70
612,156,76,42,6
706,226,95,393,90
1002,786,457,832,406
1003,332,204,320,219
748,578,348,927,392
590,718,488,667,452
792,1242,981,1167,1182
545,192,120,489,103
671,590,460,1085,745
730,306,200,446,206
727,461,205,230,43
2694,646,279,1002,188
1498,890,410,427,63
1522,1078,936,2506,1621
1320,395,130,37,3
1171,378,200,366,167
749,496,260,346,114
639,430,239,480,236
516,213,98,136,46
726,112,50,204,52
581,310,188,301,164
663,358,152,78,14
204,38,14,15,5
804,552,352,589,264
542,18,2,1,0
1991,1362,808,1680,550
960,704,554,1331,744
485,608,289,196,110
1753,730,364,461,202
1253,36,24,54,34
1420,108,58,14,1
1282,723,482,807,569
754,515,286,391,164
1052,525,278,371,110
621,330,167,194,120
1018,456,310,754,346
626,194,146,246,96
841,701,490,1066,456
720,623,336,374,246
417,230,160,248,243
530,446,150,42,11
1280,312,143,545,82
770,140,43,24,2
628,308,196,332,125
1512,1022,464,538,194
1564,1179,549,252,84
715,659,532,746,776
736,354,246,507,158
944,778,524,996,410
791,270,162,286,110
776,516,304,402,192
362,252,198,177,125
814,700,544,1324,762
724,500,323,412,243
1152,774,542,792,699
991,659,313,350,121
656,332,96,256,48
882,746,508,1020,447
712,586,358,714,326
786,267,239,576,399
730,510,376,1202,719
1104,650,366,476,196
650,374,258,534,200
417,287,172,125,114
1438,323,129,201,90
1104,914,586,1568,814
977,668,382,686,346
505,384,186,295,157
1190,789,510,956,456
786,270,118,192,86
528,120,44,93,18
702,439,244,303,50
706,622,392,944,465
684,187,120,164,130
1122,702,318,464,193
338,91,39,237,58
700,451,259,407,135
1036,606,312,328,69
1116,437,202,158,28
1449,714,371,453,192
691,600,438,1466,735
1103,505,297,1789,367
742,548,264,388,162
734,255,159,1023,234
1153,206,102,570,77
290,232,167,220,90
749,648,233,98,36
806,392,212,324,144
1002,414,198,358,204
724,208,102,132,30
631,337,200,149,116
442,614,310,202,106
522,14,2,0,0
499,150,110,359,186
1741,1942,943,883,670
2453,1848,1294,3296,1498
1012,917,586,1496,701
786,532,214,247,100
1449,1153,722,1720,854
619,434,246,271,66
1398,908,598,1780,836
852,380,221,399,235
690,538,275,332,163
663,887,441,252,90
1131,793,397,606,278
1147,467,262,456,276
264,27,4,5,4
1082,254,113,577,90
510,109,67,197,86
1158,415,155,449,59
546,318,232,766,648
596,149,99,175,81
1220,425,265,1279,214
850,225,154,264,130
1675,1163,634,888,408
1014,969,624,1084,443
986,690,397,548,294
810,370,216,216,57
974,249,125,320,62
780,380,210,1106,251
502,110,76,94,66
863,272,106,451,75
966,713,426,742,404
950,634,364,628,343
889,268,144,250,136
610,202,120,240,143
475,73,46,158,77
774,94,66,86,22
1403,1178,766,1836,914
1426,955,528,1025,487
2352,711,256,782,69
1004,600,264,360,138
1503,924,788,1810,800
813,1162,835,1347,1458
1178,882,504,999,405
800,316,180,237,94
710,597,318,624,382
851,604,251,310,104
736,238,100,287,52
977,586,292,517,209
834,604,326,326,108
734,161,124,234,98
633,129,70,128,73
882,194,121,234,130
608,89,68,290,35
890,1117,794,1229,1117
800,133,66,79,22
1184,670,351,487,195
1311,942,523,876,397
1985,668,490,949,391
1132,403,217,1082,244
876,518,258,642,282
1146,241,141,595,108
986,827,435,804,432
575,386,244,556,214
732,167,74,194,9
1343,534,176,882,155
359,192,136,290,138
1199,1551,1115,1485,1202
817,805,396,256,85
1040,346,173,858,214
854,560,325,426,240
731,36,18,15,6
930,385,176,274,120
564,880,592,434,530
963,811,541,1489,942
535,191,94,134,76
2038,654,298,1123,192
1461,820,510,820,315
1412,893,469,714,317
1326,304,128,367,31
1164,700,380,734,278
790,577,284,462,159
880,688,578,1548,801
514,334,166,186,66
337,79,36,211,36
976,302,120,384,53
476,410,262,722,405
1056,718,416,753,478
946,722,580,1150,566
644,664,503,923,828
472,244,92,56,13
628,454,296,754,350
430,243,93,14,4
589,404,188,214,104
706,520,341,919,382
792,261,109,397,73
880,268,108,427,71
1075,638,315,320,74
462,208,112,224,106
970,113,43,121,12
745,490,373,994,610
1018,654,226,156,17
628,765,347,312,175
945,410,322,776,568
876,264,137,1088,310
352,498,277,280,302
867,611,323,457,170
682,294,149,262,150
849,526,286,516,248
918,176,128,215,80
976,387,272,680,412
530,375,249,241,141
1117,672,372,520,191
1530,1412,1050,2385,1122
709,154,73,209,25
510,132,58,20,2
590,582,304,562,262
650,518,283,382,118
1166,350,177,1219,318
684,199,134,410,258
563,196,106,148,84
1558,1166,688,1246,545
596,82,47,76,32
1089,777,430,694,420
1860,1318,810,1466,576
375,246,151,236,158
840,666,484,946,406
661,222,69,44,4
1436,1218,817,2318,1112
598,807,462,394,356
940,305,190,1061,213
966,984,751,1802,942
994,896,440,736,361
583,356,205,109,89
984,1783,1324,1927,2332
318,304,132,203,62
670,274,170,274,163
719,406,218,240,92
364,232,138,271,134
1518,674,486,1218,804
1102,798,466,698,316
1104,173,109,525,148
894,839,474,714,320
566,795,554,676,552
972,901,644,1304,630
854,354,189,215,175
975,303,134,160,64
720,177,53,20,4
626,572,405,902,410
1228,362,195,768,171
874,853,635,1067,1188
995,314,137,455,84
345,93,62,336,59
658,214,108,128,47
1380,682,531,1359,712
594,119,68,46,30
2916,631,269,1204,273
768,569,438,1072,774
1391,822,393,438,209
647,150,105,214,118
729,1084,779,1202,1241
974,990,728,1829,1183
1295,1917,1549,1842,1792
789,534,240,287,116
692,466,238,282,60
668,418,268,304,118
699,828,508,1489,996
609,149,81,188,102
626,161,105,215,128
1058,620,323,452,152
360,124,100,176,130
607,294,182,454,186
800,346,207,578,218
738,216,100,84,17
980,104,55,113,18
1448,399,200,911,216
3922,1146,441,1401,223
1168,359,206,725,364
1824,1112,678,940,458
706,600,304,386,144
1123,674,478,832,484
906,452,190,140,20
922,385,148,94,18
1043,1509,896,830,493
954,894,390,228,75
416,256,139,83,25
874,1145,679,666,511
502,136,78,211,110
436,369,200,92,39
913,208,138,207,136
1269,821,554,1253,448
1635,1575,982,1249,835
1421,1118,731,1748,869
629,512,361,962,614
904,1430,987,1737,1682
907,652,312,329,110
831,740,534,1276,754
950,866,492,298,76
534,24,11,18,4
655,750,576,1214,764
940,160,54,32,4
758,278,133,193,72
860,534,306,546,305
886,39,16,189,38
778,644,371,610,297
1264,224,108,731,165
930,614,483,1092,728
1432,1432,980,2365,1052
1425,886,494,718,296
994,816,406,524,469
2135,1964,1450,3714,2132
1831,813,274,220,36
822,646,477,1313,418
1047,844,464,760,390
900,524,152,124,23
840,77,23,81,6
767,199,98,380,93
658,1213,865,1098,826
848,586,448,1326,786
1210,462,319,486,321
1259,168,109,138,237
1310,534,290,382,86
1830,1152,594,952,411
1089,406,154,544,111
329,150,66,32,1
1006,782,432,738,363
571,334,166,437,174
1160,900,450,550,157
523,330,264,591,400
749,276,176,959,214
736,331,100,126,13
578,14,8,16,8
562,244,150,719,190
1170,926,587,1672,806
684,522,308,450,264
658,506,262,280,99
930,834,506,1130,478
2022,701,474,788,304
2010,1033,583,1150,466
1950,1714,1152,2902,1630
470,678,456,351,286
1052,726,363,430,79
1077,697,302,411,62
1200,856,419,514,187
1004,767,358,452,181
782,26,18,28,18
749,494,274,361,156
676,622,434,1154,572
870,203,73,112,3
522,535,343,1134,1143
1218,365,146,514,30
1202,309,125,535,121
646,517,239,110,38
792,285,114,268,27
3331,2817,1956,5564,3255
2148,1538,1053,2347,934
1159,674,454,540,246
1936,1230,820,1800,786
626,274,157,344,146
2628,1566,882,1471,792
476,26,10,16,9
681,428,282,502,236
447,685,529,561,466
502,132,102,284,180
1215,750,593,1236,736
690,358,195,347,150
411,157,122,329,238
706,181,77,87,2
871,539,204,112,18
1071,630,400,285,317
1085,606,313,378,118
552,639,196,105,40
1660,682,414,2751,632
1591,390,204,184,40
691,4,1,0,0
821,522,424,1103,661
1854,680,273,183,34
721,112,42,18,1
688,782,471,322,244
711,737,532,950,432
864,319,240,231,215
1231,452,212,922,173
433,406,235,380,190
475,344,134,81,12
730,442,246,224,134
34,0,0,1,2
1542,915,448,412,168
1186,802,570,1690,1052
528,147,76,23,4
476,398,280,799,550
1162,717,427,860,482
1037,616,344,330,123
1110,884,405,548,284
684,216,152,554,346
756,347,134,426,69
884,870,612,1442,787
589,468,265,394,301
760,436,202,240,40
761,27,14,18,15
485,590,358,158,49
768,524,222,308,120
848,496,204,320,93
1394,912,569,2426,1398
1991,1636,1020,2583,1334
754,565,459,1124,848
2041,1460,1037,2466,1212
599,573,436,1024,528
644,246,109,81,8
735,365,236,517,231
839,304,241,659,410
714,628,392,1166,548
496,420,134,72,16
1006,106,60,306,41
1292,1020,650,924,520
1643,511,224,724,75
779,136,55,151,23
554,614,354,225,164
1642,485,216,579,53
1910,1154,760,1542,611
928,628,292,499,266
507,142,98,187,110
391,209,134,593,250
818,370,267,610,229
968,727,362,396,146
1045,773,633,1697,892
634,601,357,455,195
924,488,177,108,15
546,242,102,104,46
818,454,262,476,194
520,562,388,698,394
1041,822,448,682,300
1131,540,324,761,348
1008,213,96,498,92
788,155,96,129,46
1904,1447,1010,2622,1240
1046,1340,693,677,597
622,241,186,1005,298
657,128,89,174,60
887,1889,1263,2061,2210
1094,1336,1027,2502,1541
522,126,80,158,60
491,340,176,207,42
629,702,476,1070,616
749,729,476,1322,732
892,326,115,310,46
542,487,212,267,122
442,450,258,640,388
1015,302,209,512,334
728,362,166,109,23
879,250,130,104,12
804,1017,606,375,130
670,939,629,812,613
858,562,294,374,142
1027,525,206,148,20
428,732,415,490,463
1048,920,687,1100,625
935,305,120,414,88
712,394,258,423,242
1000,724,518,962,417
738,458,173,126,18
757,574,424,894,400
774,723,410,680,370
773,661,274,128,46
592,470,290,518,266
1032,789,444,810,414
820,71,12,10,0
1252,680,368,668,266
676,420,278,442,184
1166,434,216,269,91
829,338,214,422,226
2142,518,262,320,38
1197,861,424,586,281
1065,204,106,485,94
741,172,92,496,111
1286,1571,756,484,346
510,289,93,33,7
480,276,152,290,140
478,232,129,213,96
619,199,124,272,118
736,851,641,702,415
1042,725,382,569,242
856,1235,979,934,837
889,926,706,1606,1148
572,392,274,498,200
1097,918,576,1166,416
487,525,318,429,301
469,370,189,219,205
1222,781,348,492,203
828,325,161,258,34
1159,740,431,470,173
1008,713,388,736,324
1214,974,682,1695,1043
852,808,504,1018,480
671,378,144,77,11
692,569,292,350,52
1214,313,121,499,85
542,516,402,958,541
1008,862,734,1439,1078
1560,515,372,2096,513
443,111,100,175,44
491,610,492,403,405
1083,480,311,1919,453
804,259,120,351,80
1040,965,517,305,78
906,126,46,38,4
1253,1026,618,1442,535
1125,804,551,848,516
1238,362,122,108,16
894,27,8,16,6
1143,376,216,970,220
622,803,392,273,175
1000,322,167,670,140
856,634,309,526,278
676,422,206,357,192
951,310,163,272,161
1327,1413,969,854,778
852,434,346,898,490
1120,658,236,160,22
642,748,423,423,421
938,395,238,992,171
758,541,322,378,140
644,489,313,378,260
775,905,463,301,86
1163,910,632,1343,561
654,748,435,262,186
1264,966,468,784,378
814,639,374,516,358
330,331,170,390,351
1100,352,216,864,181
956,1033,768,2008,1360
1014,1301,662,549,197
846,922,701,987,1050
640,313,200,569,369
1082,588,292,328,56
1494,1048,524,570,120
1080,1119,740,1784,1053
1581,1146,530,846,380
940,816,508,1214,564
769,608,221,84,31
764,823,328,142,57
934,562,421,748,796
912,254,146,224,76
946,673,434,887,345
902,637,411,411,413
1647,900,480,748,258
1516,1303,997,2499,1668
849,390,280,279,31
1044,275,160,870,217
712,252,138,380,174
926,281,126,559,157
996,366,258,548,291
865,646,418,730,348
606,310,178,224,50
1033,531,278,394,191
1183,700,324,432,156
1078,31,6,33,7
920,568,326,609,286
1378,334,178,1026,230
1532,1206,716,1291,728
894,426,314,762,388
909,499,310,612,228
692,544,272,438,215
893,474,284,482,300
838,1405,615,529,413
814,1031,509,447,349
936,633,462,895,369
591,3,3,3,0
1420,1036,818,2046,1224
904,272,174,408,216
1310,616,244,161,26
1533,832,388,407,55
1678,2291,1404,2189,1688
2444,932,574,2772,580
1132,1096,708,2147,1288
1180,1154,757,1962,1004
924,109,51,169,20
1556,1218,706,1040,941
1083,756,434,615,310
900,4,4,1,0
569,238,142,158,155
574,469,249,255,170
1054,880,550,1404,736
1034,384,316,796,437
791,805,624,1424,1144
912,403,194,298,150
968,748,446,591,352
791,249,124,366,174
918,356,310,701,348
1406,513,328,2114,524
1120,548,294,1400,209
2382,2255,1145,598,405
286,253,212,165,133
821,1120,926,1242,1143
566,1085,849,1132,1317
742,193,126,196,113
953,594,387,704,450
1318,966,484,664,317
1094,663,404,459,208
1038,262,137,224,50
794,442,294,463,170
750,523,303,293,98
1006,692,362,353,98
494,128,82,78,27
1264,894,448,487,181
1059,650,315,356,88
960,598,344,596,299
839,400,236,405,205
906,1006,609,1139,934
1509,612,241,212,38
1052,254,188,449,248
1106,751,540,1454,643
1113,582,282,254,45
1091,569,298,388,145
1181,628,394,678,346
856,226,172,542,282
958,708,370,406,182
394,166,112,599,155
578,43,18,54,63
1144,875,365,436,122
1363,319,157,469,91
490,74,36,52,22
782,412,263,756,434
1422,394,289,726,403
1201,768,500,1153,426
606,15,6,18,8
703,128,83,144,100
991,632,344,532,202
563,183,116,160,42
1326,854,498,754,321
1253,1006,659,1424,558
558,256,201,308,187
787,215,141,1075,268
615,430,326,840,526
545,468,204,240,81
786,223,120,218,38
907,756,453,598,278
800,538,244,266,151
863,209,142,330,228
1003,539,215,537,210
854,524,230,306,74
939,531,380,979,734
884,273,101,375,54
660,478,263,438,129
717,484,367,966,656
511,229,139,148,106
696,640,400,490,354
602,230,119,135,46
1310,1310,950,2657,1571
932,217,111,547,83
388,487,260,159,81
1113,630,338,410,91
766,173,134,240,82
1055,254,171,348,20
805,474,308,617,343
858,295,172,318,130
481,337,166,170,32
832,556,355,638,352
837,562,298,362,112
958,970,610,1284,504
594,210,114,205,103
776,807,310,104,20
781,636,314,300,82
822,632,408,792,431
700,419,281,681,384
996,469,195,145,33
963,441,304,743,370
545,34,13,35,16
874,604,426,1288,548
618,224,120,164,102
905,458,247,333,102
1286,473,246,353,111
1097,638,302,387,137
1886,824,490,1012,522
1734,1002,574,820,358
618,310,136,66,8
710,263,105,40,4
1042,374,226,391,219
1236,453,259,1150,258
1943,1070,586,704,227
793,788,604,1496,765
932,742,362,604,257
2616,1849,962,1382,740
597,556,402,804,510
831,504,230,404,176
785,202,87,185,105
2573,1812,950,1708,896
1458,255,169,338,165
1736,1145,733,1628,664
1035,680,412,727,504
1532,974,591,1132,612
632,253,136,773,204
568,659,381,390,293
734,13,6,2,0
946,680,492,1490,976
508,428,237,153,110
610,168,86,396,77
812,640,360,560,291
954,672,333,344,136
574,15,12,28,12
855,774,534,994,502
1084,268,123,463,90
1182,469,328,1426,405
372,286,136,192,50
1935,1150,598,601,510
650,512,275,522,247
1238,349,166,403,187
932,807,399,363,242
1529,1128,698,1320,652
694,538,302,444,232
806,353,156,294,120
1392,1037,630,1269,615
1312,1055,518,856,360
504,890,768,916,856
831,748,472,850,370
1082,122,51,50,0
801,34,12,34,19
773,980,677,537,421
758,152,110,298,183
1100,434,174,150,28
1344,253,133,681,89
556,360,236,305,189
811,184,114,461,270
598,512,298,436,190
781,969,507,521,361
330,378,221,183,59
886,834,579,967,498
789,322,158,253,110
819,560,373,502,272
925,360,190,320,137
688,326,205,225,159
696,482,274,440,230
446,177,117,520,143
3703,1824,920,1366,222
740,92,64,136,44
1557,1244,843,1386,622
1160,462,296,500,261
728,432,216,264,104
832,572,286,411,186
958,582,446,1204,623
692,198,126,203,116
990,768,577,934,524
544,117,66,62,9
838,511,214,328,90
743,154,72,94,50
1493,878,530,562,112
604,75,51,375,153
828,400,202,246,94
858,350,162,417,116
406,214,100,48,19
1133,882,586,1687,1018
1395,1507,833,486,324
1098,736,324,401,148
1551,966,393,688,208
670,364,204,228,88
1384,838,387,540,90
1841,502,325,2265,623
749,314,236,429,196
412,929,741,1076,1191
563,444,288,831,429
336,121,44,13,2
1044,786,392,566,288
929,174,86,94,24
849,383,202,298,105
1541,1104,540,1070,590
2682,1156,469,336,66
1180,356,208,266,86
864,818,486,592,396
684,310,172,118,26
1016,604,316,628,364
868,712,431,1112,558
747,178,126,296,91
592,316,188,244,98
552,343,126,102,16
1091,800,536,1269,476
696,1209,847,1270,1245
1046,362,195,892,196
865,721,469,1216,712
1035,610,288,334,122
1432,770,429,852,420
866,662,544,701,791
1254,718,391,438,80
2796,2887,1668,1537,1451
1391,962,556,1160,426
992,78,44,85,78
560,299,209,219,158
723,368,246,657,347
1219,698,376,576,184
1528,420,254,955,144
725,632,446,1187,654
879,273,209,522,324
263,64,24,96,32
1033,704,458,1541,896
1724,537,267,719,75
573,2,0,0,0
777,180,122,371,256
585,262,214,499,314
1898,1212,655,1192,506
624,624,419,640,769
1980,658,273,879,130
794,733,580,1911,1539
1124,283,172,798,121
911,554,290,240,59
912,478,218,158,36
502,377,262,692,460
1025,244,118,565,77
438,72,57,78,44
755,864,576,758,440
1100,779,433,1044,616
1808,820,604,1520,894
688,636,392,463,206
1722,1073,564,1016,432
1426,345,135,526,37
1150,1979,1424,2142,2231
620,692,309,223,152
1126,774,510,1034,382
179,17,12,35,1
714,582,271,238,149
694,492,362,678,323
860,780,563,1061,472
638,204,140,319,213
769,400,310,708,615
1126,928,646,1209,542
926,716,491,859,415
757,161,59,15,3
910,588,352,735,365
2248,1265,669,924,365
1032,250,114,285,48
1420,877,638,1414,700
711,705,454,787,350
952,593,396,784,384
1847,976,774,1035,1077
418,328,148,158,30
1100,678,382,523,214
752,299,128,331,48
837,196,115,206,126
590,331,177,325,324
976,334,135,76,10
930,280,170,590,354
1022,340,185,375,219
566,318,200,338,275
675,281,186,406,240
552,394,274,472,294
1312,1251,965,1956,1268
1259,1012,750,1701,863
1004,290,118,98,10
575,160,66,96,26
1556,1202,807,1880,889
1672,1233,1052,2558,1316
2091,1449,769,1496,656
1082,698,340,416,152
1086,844,452,724,384
1246,762,424,796,340
952,700,534,1423,840
474,364,197,84,71
394,244,148,504,230
872,612,310,332,120
1055,245,146,609,130
1152,840,430,850,446
1414,509,198,582,95
1654,631,288,490,216
1542,406,178,537,129
1888,1164,520,670,192
1539,895,372,574,184
872,588,396,646,232
712,432,250,608,340
862,646,388,820,298
1375,572,178,106,17
352,41,12,95,22
1298,1468,930,1158,775
1067,214,151,520,247
940,720,556,1142,436
1442,380,106,152,9
808,188,104,121,60
626,288,176,347,156
1402,936,493,896,438
936,586,290,510,194
1253,329,165,428,47
1690,1304,1000,2328,1050
782,98,76,116,121
1758,1158,762,1998,1292
1092,62,18,8,1
747,430,302,486,212
804,260,133,398,212
1649,1144,686,1229,571
684,663,336,225,137
840,594,295,347,62
877,56,28,11,2
586,1070,713,751,581
420,284,130,146,47
946,334,186,1269,295
852,476,247,334,118
1345,416,244,474,275
932,272,198,486,386
568,156,87,62,36
1481,1017,666,2074,1064
911,379,289,1268,339
970,227,81,239,36
854,485,242,324,104
838,488,292,521,252
696,534,276,287,120
999,37,19,59,34
617,30,8,43,24
720,442,244,290,94
1391,289,119,363,40
899,678,546,1411,794
946,560,287,634,314
442,239,158,202,270
1380,194,125,200,74
1196,528,326,1985,503
1259,1661,1104,1011,580
882,357,146,108,18
1288,573,448,1250,816
878,601,372,586,297
1543,912,673,1876,872
1456,789,394,574,232
1762,1062,529,620,117
1003,672,306,474,128
1078,1031,398,160,66
1318,510,232,291,128
882,638,430,821,404
1032,883,630,1998,1158
668,464,322,554,309
658,234,196,803,235
1297,643,372,454,89
761,257,158,207,90
806,461,282,274,39
1182,584,316,352,62
723,434,214,259,85
1115,724,324,400,128
962,62,45,131,94
1590,1454,1071,2498,1729
837,292,182,456,238
952,610,278,331,136
1086,562,254,146,34
1450,1220,854,2530,1330
1026,20,8,8,3
1076,872,708,1915,1196
763,441,288,556,376
504,186,124,617,194
801,483,377,738,326
611,470,320,695,552
549,167,52,20,10
331,200,120,271,194
1114,934,744,1544,869
938,594,480,1212,836
662,611,442,1162,638
1681,979,336,240,32
1016,281,126,243,25
669,468,338,950,550
786,424,344,974,622
976,394,181,128,22
691,289,117,514,95
1120,724,374,470,124
1170,50,26,98,82
980,520,288,330,135
602,603,412,820,426
945,174,122,863,257
660,229,86,218,29
90,12,6,6,1
321,4,4,2,1
926,625,418,791,368
856,500,298,476,270
426,146,101,178,87
1366,938,472,704,436
1902,356,182,598,124
1200,1030,800,1694,1008
986,817,444,406,98
916,448,210,682,280
581,986,742,1144,1343
1201,940,430,640,248
1218,543,312,622,319
1142,981,746,1320,597
1103,1116,684,1786,826
575,491,315,687,336
750,482,287,504,208
701,305,264,672,430
968,705,510,926,404
1605,1188,824,2114,1077
969,682,290,369,69
692,246,127,125,49
418,70,42,184,30
2446,2246,1673,3902,2486
1728,1202,798,1948,987
1191,536,322,593,286
812,748,475,1288,648
784,266,117,130,31
1030,810,566,1101,505
865,333,180,478,156
1097,582,508,1400,778
536,65,30,39,32
1105,814,597,1238,598
954,714,340,278,52
1088,1104,729,1248,744
1410,1040,709,1528,856
1378,1340,926,2604,1660
968,883,636,976,446
1046,1659,1146,2043,1686
218,295,131,165,147
382,98,92,145,174
1197,640,320,372,71
1469,1178,815,2038,1093
1244,878,624,1673,879
765,229,61,28,2
855,551,342,1014,612
700,302,96,90,15
992,210,106,512,81
952,588,305,445,184
828,686,348,556,300
960,442,192,125,18
1300,185,111,415,93
364,178,64,200,40
288,202,121,656,278
774,520,258,326,92
586,441,238,288,119
1130,731,367,468,162
829,500,192,48,20
1540,574,225,175,35
349,123,92,272,162
318,112,76,196,129
911,279,130,144,60
722,684,528,1430,846
1608,830,498,626,226
1352,1140,534,693,258
869,508,246,296,64
1016,684,474,1166,443
1668,113,42,62,26
960,571,291,646,265
1028,246,135,215,60
791,14,0,1,0
228,107,62,68,26
756,346,266,697,482
738,288,148,1089,303
1042,919,610,1679,1049
1146,529,370,804,300
1298,1097,830,2192,1172
626,470,288,744,312
838,454,359,681,648
1341,499,279,526,197
847,182,68,84,24
903,302,162,322,176
585,116,61,58,57
708,310,154,144,40
522,459,361,630,282
780,339,132,71,16
816,212,123,202,130
814,612,458,1074,677
1068,488,176,126,24
734,158,121,278,216
623,138,78,140,54
401,424,336,906,544
390,35,17,14,15
558,428,178,234,56
1497,471,208,811,164
443,404,139,688,144
1622,378,250,821,520
969,828,612,1414,850
1726,2334,1893,2246,2021
1251,826,306,487,142
948,675,478,768,288
1286,519,272,1300,273
884,858,688,1435,776
892,544,411,994,534
976,766,390,704,372
934,790,520,1230,748
420,132,79,114,42
334,218,148,254,95
4100,900,499,2033,398
1702,574,401,1091,797
586,751,448,545,450
1434,1069,768,2108,1484
636,346,246,625,313
1352,347,219,1126,263
1122,36,24,49,34
1084,950,641,1623,872
911,16,7,51,6
3049,859,395,1452,287
769,444,223,414,196
257,246,112,92,30
1422,367,184,922,239
928,817,581,1199,486
644,358,133,68,21
1201,588,369,882,348
657,402,312,820,278
759,112,45,106,58
252,245,221,357,341
1394,726,364,448,92
360,19,8,5,9
557,216,103,62,4
2761,2222,1676,4612,2682
902,99,42,64,54
990,820,430,632,248
2072,580,237,639,78
1109,834,559,1168,460
1248,917,685,1281,532
811,511,326,664,270
1480,524,314,2086,457
638,952,838,882,775
667,137,100,138,64
891,406,306,801,493
805,338,178,175,72
327,336,162,232,80
837,754,554,1457,886
964,1088,620,589,441
159,142,108,211,251
1231,804,422,610,350
560,571,386,916,618
2506,662,456,2874,818
503,208,112,342,210
3098,1686,802,1106,209
752,136,95,442,123
673,183,90,76,10
1075,718,562,1542,1010
970,454,240,366,131
914,356,135,368,50
1088,919,605,1562,1013
1204,988,679,1182,454
1230,833,402,610,103
562,274,130,217,108
402,256,206,470,305
1245,466,185,529,86
1093,946,536,790,366
789,178,110,270,111
1002,842,637,968,444
628,468,376,334,264
978,780,580,1252,792
787,12,2,2,0
1045,79,48,94,20
592,165,104,76,69
1073,591,312,398,372
3008,1810,995,874,169
850,506,301,368,56
1036,153,65,250,45
1060,748,339,340,138
1545,1156,524,634,240
412,235,160,288,120
818,572,394,783,394
520,218,108,586,150
1146,486,224,216,26
1557,1073,492,803,302
496,210,112,158,60
775,53,27,96,21
914,712,514,1653,828
895,336,192,1317,338
1805,431,342,738,416
1223,636,321,436,82
198,53,24,38,16
843,491,344,743,735
1639,1003,644,1357,634
1788,1422,910,1756,786
903,748,543,1210,731
876,256,118,323,61
2052,475,227,1088,196
820,282,84,50,17
884,720,526,955,452
594,7,4,2,1
691,205,82,58,10
928,666,386,468,196
147,104,76,104,50
846,444,286,674,267
765,302,126,83,17
265,168,67,51,12
1129,188,42,80,5
744,120,68,155,35
1150,888,586,1176,534
545,187,106,630,88
2182,579,297,1606,331
357,201,142,416,236
1844,549,272,996,237
698,542,291,298,131
675,95,62,314,112
258,148,46,72,26
666,540,266,352,110
765,570,292,272,63
1156,748,512,1598,762
604,574,522,1482,1214
892,746,356,528,240
851,640,341,500,296
809,436,153,92,20
601,243,209,504,310
885,638,436,716,368
937,622,476,1130,612
681,464,287,638,296
2045,1217,582,836,233
869,258,166,428,252
1540,1330,738,1156,732
1115,496,334,616,245
1356,1136,796,1320,680
530,646,375,195,89
1170,394,202,929,169
869,30,14,64,15
674,276,104,36,15
512,368,224,327,283
632,650,500,844,366
911,690,334,1202,378
917,352,234,505,327
613,559,412,1094,620
1079,576,292,352,51
1019,792,513,1196,701
1215,296,114,55,6
722,293,175,184,65
1080,400,132,166,31
802,754,526,1116,501
730,420,243,370,98
767,634,454,1306,891
1157,634,372,760,412
964,840,678,1701,1088
2231,1852,1186,2585,1013
808,764,373,504,234
923,616,201,94,20
512,488,240,382,196
608,185,116,133,28
522,297,170,292,162
1651,483,259,262,94
817,813,576,1502,866
1027,461,171,670,143
554,679,510,995,1022
1020,389,199,939,187
870,817,582,1366,640
887,722,628,1608,890
1074,347,216,1235,380
785,312,186,417,164
324,215,118,284,132
727,493,206,336,148
571,917,449,293,208
1711,1335,960,2264,1340
968,1064,747,1708,857
858,584,443,730,344
544,480,314,464,279
1179,250,125,276,15
1034,46,24,43,40
782,515,316,398,162
1162,865,613,1500,829
474,257,156,282,172
283,118,74,532,204
1034,1052,696,1396,635
1134,1366,1034,1111,982
867,582,338,472,158
262,38,20,16,1
984,437,242,330,112
1244,402,225,1708,515
368,210,143,350,238
576,98,72,212,168
610,34,25,157,31
978,243,132,241,88
754,270,99,308,44
1378,1192,693,709,670
362,4,0,6,0
632,679,444,387,298
636,164,62,174,70
467,14,4,4,7
351,72,35,50,14
514,130,95,126,74
834,535,278,447,236
1012,599,272,389,48
556,31,31,80,38
903,350,234,520,336
547,418,261,1222,608
815,298,148,257,142
531,550,378,883,480
1056,1287,660,579,419
762,380,114,72,12
545,223,258,594,138
959,870,586,958,460
666,364,190,282,120
483,188,91,68,9
720,504,348,735,302
354,86,52,173,39
806,630,404,709,368
499,974,707,678,512
1597,1570,840,817,627
222,188,101,208,114
800,624,306,492,242
794,261,126,381,31
993,552,268,333,90
667,987,636,798,598
872,1339,1035,1130,1145
1034,822,432,517,208
528,220,168,329,154
800,798,506,1334,574
904,1466,1001,1100,782
432,122,55,108,16
481,488,268,318,156
749,274,146,176,66
400,222,180,480,311
616,456,245,308,119
364,24,12,23,13
638,539,308,161,95
826,504,374,708,286
756,476,338,582,265
351,406,195,123,44
906,1028,788,1790,1216
546,386,194,348,160
877,558,462,1273,768
392,179,170,347,204
805,460,247,397,226
560,124,104,469,132
2217,1582,844,1564,786
394,14,4,14,6
419,212,86,54,14
620,170,83,221,24
970,1462,1024,1128,753
476,108,53,76,16
440,50,25,33,18
539,13,2,9,5
888,386,210,498,250
759,714,520,1182,596
1050,873,554,1238,458
547,258,128,224,90
1026,847,548,1231,862
1066,1095,338,136,42
961,670,452,864,323
1058,474,259,400,164
914,705,418,852,390
1166,1114,706,1722,946
1896,1242,906,2498,1408
1023,779,422,508,88
496,288,162,234,153
626,1127,851,1024,992
993,562,322,372,141
422,448,270,167,87
1165,880,444,662,318
766,770,597,1352,934
580,884,624,864,728
507,486,309,518,186
634,314,214,514,322
402,16,5,0,0
1120,382,159,553,70
572,269,102,58,6
704,921,483,724,537
1088,706,390,616,374
732,444,296,546,260
1362,1088,637,1528,840
727,956,707,795,648
681,517,288,430,178
488,295,104,73,14
1628,493,238,906,189
466,300,196,680,438
766,570,316,406,192
430,232,112,136,38
573,294,223,547,262
519,393,202,330,110
1896,366,206,876,174
562,883,612,972,940
704,48,29,76,44
745,460,233,296,106
710,1192,837,1165,1019
452,150,80,146,70
658,21,11,57,28
680,224,166,564,407
598,394,234,442,182
978,378,210,1062,470
715,156,100,162,73
650,752,509,1380,837
531,330,201,422,170
486,258,96,66,12
444,136,43,34,4
788,614,324,606,320
914,608,313,330,137
577,368,196,424,236
430,348,156,53,26
1124,956,694,1464,794
572,456,226,200,75
1582,323,186,778,193
767,397,214,296,58
550,47,18,22,6
489,240,99,116,32
392,168,73,98,33
736,517,266,306,59
1065,650,460,1562,975
804,174,126,402,232
728,203,88,136,43
378,524,252,141,82
701,496,342,725,353
446,160,56,22,4
747,257,101,360,41
974,776,384,522,225
694,610,457,992,480
546,244,152,314,156
408,265,125,226,124
610,346,157,207,61
937,628,346,395,134
1120,300,148,501,96
737,648,372,992,534
782,656,354,576,258
432,312,188,228,222
858,432,215,299,126
734,182,97,708,170
722,239,163,430,190
582,606,512,1278,745
1306,906,471,702,274
878,716,406,598,332
870,616,425,1085,510
482,452,324,896,534
235,16,10,20,12
317,43,28,11,6
605,78,46,110,74
619,408,280,774,497
857,517,250,364,42
1162,752,358,436,128
1136,830,412,550,92
590,710,601,1278,740
1204,894,432,532,230
416,12,5,30,15
542,380,282,668,438
1143,386,234,1439,354
580,376,214,569,182
456,440,309,294,213
707,705,512,1406,871
720,340,221,367,134
1336,540,333,1493,353
1148,738,354,592,238
1403,586,342,1746,743
938,430,265,248,50
1575,710,375,1970,332
646,237,117,633,120
643,356,134,116,18
1223,481,408,1136,621
1058,763,414,651,323
805,300,158,88,10
1885,418,223,754,146
662,197,79,229,26
702,497,232,346,159
830,313,138,494,85
673,625,468,1296,713
849,720,366,700,351
859,422,228,176,22
408,375,204,204,49
1142,701,399,534,192
503,444,284,754,460
874,294,159,976,206
569,425,299,736,428
511,603,417,1222,810
811,462,240,254,51
392,182,112,152,53
276,279,206,341,222
837,696,482,1403,702
573,449,222,338,169
739,518,254,411,158
1074,978,652,1053,474
548,169,84,264,116
141,166,154,704,730
1085,66,27,80,8
691,479,262,288,88
2096,787,379,1892,365
1221,961,514,927,420
850,702,354,377,118
545,242,148,274,122
600,322,176,184,71
1108,540,354,1081,295
626,18,10,32,23
850,704,432,996,391
696,240,120,189,97
940,250,114,118,34
1032,784,502,1175,536
1370,775,364,438,151
464,170,120,234,132
1099,647,338,656,313
1031,708,542,1258,701
710,18,6,6,4
1468,996,652,1386,615
1589,1132,600,790,325
800,338,232,1159,332
919,656,241,57,7
948,707,336,526,274
574,229,150,278,206
1000,839,631,1677,1025
926,538,300,354,72
1019,159,79,180,24
948,694,332,268,122
939,558,182,92,18
1132,698,450,836,406
1293,920,618,1548,750
989,147,74,373,53
590,286,110,67,12
869,678,322,503,182
638,89,22,13,1
614,200,68,64,14
1205,586,290,364,130
1506,670,342,774,350
1244,886,358,647,243
719,156,64,197,14
1332,1202,654,1023,542
880,668,512,905,362
1066,932,680,1098,396
1024,390,149,429,78
507,150,96,455,236
625,173,130,302,178
1344,1037,542,766,306
786,260,174,404,133
1101,414,244,290,94
1393,1313,906,1794,849
626,599,312,408,184
692,654,447,1090,514
560,186,134,257,104
483,270,172,429,356
866,602,308,375,114
824,676,464,978,757
836,986,713,1597,1022
1209,674,486,1400,822
894,912,548,1322,554
1177,967,448,478,172
1428,1224,816,1588,648
1104,1036,640,1217,452
1242,346,162,463,73
704,404,200,564,240
870,742,528,1050,618
841,862,526,1212,828
842,325,176,144,24
750,365,321,621,510
1340,762,260,116,18
546,546,194,80,23
716,681,520,1354,808
869,336,204,328,213
690,575,290,336,68
512,72,50,161,103
662,591,404,790,360
757,220,133,254,128
875,536,257,268,34
1126,427,330,676,404
1427,602,204,130,22
814,586,312,596,244
1103,701,430,993,498
1174,1572,1260,2070,2314
874,278,168,323,136
613,320,175,295,136
694,253,90,17,3
1012,834,427,550,133
1184,986,753,1358,553
932,654,426,1156,466
927,295,188,321,148
1560,948,681,1506,762
825,666,297,450,202
748,622,358,572,352
1136,714,484,792,433
685,448,260,290,56
530,353,198,208,52
613,77,40,164,42
757,282,196,372,150
2131,1783,1222,2759,1660
1678,1644,1287,3381,2322
1330,782,592,1600,987
721,1039,544,359,216
900,378,300,823,486
921,580,348,354,141
977,632,368,368,60
679,577,415,463,451
598,38,12,42,34
854,384,314,743,418
1056,754,466,1106,420
954,121,40,27,0
369,352,273,762,404
390,47,12,27,16
640,7,2,12,2
878,552,392,957,508
564,354,220,484,204
448,38,18,30,17
351,41,20,56,9
397,337,126,47,22
1751,1110,640,980,499
816,648,483,520,312
1044,741,392,491,241
629,432,270,518,280
1090,333,192,365,166
1060,912,483,872,524
1194,404,284,1120,208
826,346,191,460,266
139,96,64,110,65
1271,762,404,620,280
926,662,379,368,149
1158,770,408,566,260
740,727,550,1192,571
600,555,429,954,506
688,553,391,678,324
540,143,68,94,27
856,324,111,143,18
2256,268,79,14,1
1594,1024,492,686,332
924,694,304,351,126
1093,772,383,643,278
1186,1374,1053,1051,830
964,414,143,77,12
648,281,218,390,394
837,48,28,45,28
839,148,54,33,5
1145,755,302,103,57
327,282,114,168,50
842,52,20,78,56
468,232,132,214,128
717,463,220,212,44
668,544,416,934,449
570,366,201,466,196
1242,1102,781,2112,1318
1820,915,456,600,268
1228,1042,747,1382,766
753,1046,584,281,155
1178,734,380,459,92
1457,1480,868,1973,780
967,1154,816,1582,852
808,380,206,184,62
1007,413,231,302,104
618,569,241,85,20
601,24,12,16,12
224,158,102,384,206
935,502,245,526,202
1071,564,330,638,264
494,428,290,900,462
1662,1034,493,590,91
490,521,276,442,212
1046,668,348,492,150
604,850,697,861,1076
753,508,269,374,84
416,38,17,70,9
2834,843,464,2585,479
1010,484,316,651,278
1179,910,548,1904,865
964,488,336,860,483
1022,1256,808,958,715
1036,1675,1134,1628,1400
696,231,90,214,22
401,284,194,221,204
2503,2295,1696,3734,2138
1110,1291,910,1430,1372
1232,1041,756,1443,580
456,370,146,210,93
1214,947,388,444,208
572,516,329,456,281
814,218,173,346,130
572,278,182,664,203
688,372,206,281,91
790,239,110,179,90
1347,1346,643,826,224
1285,594,268,157,19
1260,972,686,1939,1154
1506,685,379,1877,282
1076,278,178,382,167
988,1229,827,1518,1478
885,561,269,307,116
1054,548,310,436,160
971,659,532,864,526
948,797,491,616,440
1149,500,208,126,23
1225,1127,726,1350,668
1236,303,148,138,18
1004,416,230,690,229
355,248,83,47,10
1455,908,493,540,116
579,118,58,299,70
1039,560,270,317,128
995,778,376,696,284
786,673,298,288,100
1260,977,729,2002,1466
1329,286,154,286,170
1117,1652,1050,930,719
1733,1214,577,756,332
688,377,244,338,233
602,684,400,470,473
1157,876,472,592,230
609,326,254,411,360
710,354,169,132,26
1177,772,496,762,348
1046,622,366,738,432
852,320,225,372,134
1312,346,142,461,71
700,246,157,329,124
1612,275,150,708,175
577,473,240,292,114
1062,272,112,320,54
1644,640,360,2219,468
1058,598,157,120,29
2000,2323,1500,3890,1904
914,356,219,901,185
975,835,562,1584,1108
901,272,180,439,161
1164,770,380,484,201
864,69,23,10,2
816,202,110,204,84
704,868,659,601,456
807,412,163,69,12
1119,953,664,1280,552
1008,788,542,699,681
865,446,302,795,498
169,96,61,94,32
1036,774,546,1374,742
1148,963,719,1508,1024
812,562,285,296,126
1110,882,636,1700,983
1344,1102,796,2366,1228
1821,1114,614,1016,558
756,308,192,215,98
1812,1462,746,955,338
1754,1588,957,2464,990
1162,191,112,370,95
1211,921,412,682,250
2148,710,318,838,58
1129,796,430,564,123
960,680,306,398,118
994,1220,593,428,247
874,733,329,303,124
1346,1526,1138,2840,1764
1000,36,7,34,18
880,395,242,396,131
1504,916,482,662,246
375,307,168,143,64
1308,442,206,460,140
882,521,194,93,18
1310,770,360,410,149
1254,1158,640,1022,426
958,466,185,106,14
1174,818,454,895,438
950,853,559,1348,750
1181,894,420,452,188
512,542,360,684,466
1234,822,562,1445,820
1090,962,452,591,261
824,402,266,527,230
1157,758,356,488,134
577,149,112,680,166
414,195,95,228,137
1566,357,178,514,50
1211,509,232,140,31
3418,695,390,1557,477
1008,718,508,767,324
550,810,502,626,368
568,386,236,486,298
812,466,149,70,12
972,702,332,388,156
810,959,734,1634,980
919,656,302,456,196
860,575,288,400,130
1109,263,155,581,138
1227,716,354,596,220
706,1199,727,1117,998
730,281,180,336,119
778,933,497,305,165
408,586,360,679,440
828,346,190,320,132
768,194,128,266,116
750,256,118,341,52
315,9,6,21,14
1388,572,248,913,135
923,366,209,540,321
1044,351,134,75,12
2213,377,113,172,16
1047,437,230,482,193
844,590,504,1414,850
904,1238,970,1176,1059
1234,926,656,1436,576
1421,429,187,851,121
940,364,212,360,155
2816,701,283,823,127
827,564,356,648,341
671,154,116,180,59
604,401,204,282,128
1293,736,207,150,26
1102,235,174,530,303
932,45,26,86,28
1026,915,688,1590,937
745,296,218,442,370
1162,779,470,1532,769
420,201,114,212,124
1585,1539,1232,1705,1738
748,307,119,373,67
798,1122,614,389,253
914,484,212,150,23
1278,605,206,146,22
742,31,15,126,47
1120,304,198,314,148
1054,728,402,696,394
1753,558,322,1983,541
643,459,358,798,614
5198,1788,1059,6812,1561
995,636,469,1290,714
820,52,18,22,6
1144,1114,732,1818,872
570,529,356,742,348
1795,806,289,181,32
1542,819,312,207,34
583,52,24,16,1
626,472,237,374,162
612,259,159,869,259
528,87,35,45,3
749,666,341,472,230
880,153,54,16,2
880,368,136,54,18
838,768,428,620,324
1312,1104,575,566,492
1090,1217,811,1388,1199
1626,856,550,1160,484
924,853,648,1176,574
2076,646,385,2738,570
462,298,158,292,148
730,596,350,709,338
599,346,130,75,13
1790,788,341,1230,272
2538,907,428,2153,471
680,414,224,246,39
374,492,306,671,647
676,178,132,272,170
764,145,83,440,105
781,325,178,264,112
942,460,166,97,18
1154,31,9,15,10
497,90,20,77,11
2169,844,592,1426,702
1642,1012,526,620,293
2324,1332,734,1078,496
754,199,90,120,39
468,301,196,226,72
550,412,264,468,268
368,180,92,113,56
462,49,22,10,3
1834,1123,714,1296,492
684,574,284,375,138
541,516,286,426,245
707,596,287,622,304
838,998,689,1108,1000
661,481,233,220,172
1007,376,310,764,586
808,484,235,229,64
1442,1312,1075,2336,1441
2620,1677,841,840,222
1252,360,222,484,203
1354,1495,1145,1074,825
1721,820,256,166,21
1147,820,502,1240,609
952,984,674,689,489
532,416,399,1026,583
454,175,175,368,328
1231,654,527,1322,637
460,162,157,368,178
640,358,140,132,22
1180,391,166,748,153
596,665,577,737,668
740,1049,549,302,103
626,179,76,376,101
473,115,57,22,2
750,214,118,176,75
1042,486,258,238,38
702,118,60,64,7
715,118,74,152,59
1663,1070,684,1234,470
704,546,443,1049,591
1591,959,564,830,420
911,830,610,1556,1125
1020,282,199,750,162
934,614,436,1320,704
722,856,530,962,482
986,438,331,782,456
556,529,312,468,275
454,260,174,295,174
561,30,20,70,39
394,326,170,253,130
772,428,214,170,24
997,905,719,1883,1334
721,480,385,1005,530
551,154,42,10,1
564,8,2,7,6
790,510,406,1050,646
745,385,310,712,382
1207,944,717,1844,946
745,438,276,342,198
1101,846,636,1564,1112
1443,1126,752,1470,738
1850,676,488,3101,846
1440,862,561,1180,498
524,106,46,81,7
330,70,37,104,17
898,705,410,583,372
891,586,342,432,258
324,268,146,250,82
576,230,91,66,14
659,448,334,790,384
835,567,257,295,99
588,168,141,362,233
613,254,212,480,382
517,222,93,242,80
886,708,361,489,192
766,390,245,549,227
672,133,94,207,106
722,190,134,162,92
1073,784,647,1626,862
756,242,125,294,80
1472,766,378,640,287
1017,622,373,696,332
480,15,2,0,0
971,330,200,1198,303
744,306,125,44,10
879,588,340,594,246
396,47,36,222,94
478,478,240,374,234
486,494,310,370,257
652,1418,928,1198,1082
909,433,258,336,120
620,332,203,259,168
670,634,478,1046,475
768,242,66,46,7
652,656,580,1068,728
609,180,104,160,84
400,270,205,265,294
1068,268,89,392,49
1102,485,240,307,85
2225,1858,1289,2251,1138
726,296,224,898,466
912,158,64,110,5
454,379,149,238,78
778,210,79,68,12
1165,670,410,677,319
481,120,54,105,21
1396,1138,759,1546,622
957,887,615,1394,710
586,293,184,625,530
670,156,56,153,27
773,838,586,908,450
1025,210,100,294,140
767,497,368,606,328
340,154,108,182,62
638,153,78,116,47
726,109,86,120,60
1072,590,290,503,191
1318,903,672,1749,860
969,612,342,358,156
336,268,238,116,154
1388,560,316,910,374
415,477,266,214,134
751,312,196,533,278
754,365,223,227,36
807,408,249,716,355
1262,926,758,1760,1134
327,174,76,176,86
1538,2035,1134,681,206
879,752,517,918,425
1042,566,290,306,96
965,1373,1091,1384,1479
828,215,63,154,13
1288,504,374,1032,499
633,182,94,95,52
894,653,488,758,325
869,494,276,394,69
1497,986,674,1319,484
1207,750,376,464,168
422,232,156,314,26
692,737,483,816,332
674,600,442,767,418
962,464,228,290,69
906,530,290,456,180
1047,372,182,196,119
829,496,242,404,200
870,583,349,508,222
998,931,454,395,176
703,260,183,469,292
792,1073,721,798,765
1600,937,500,663,247
529,174,64,59,8
952,814,608,1423,870
1014,763,568,1362,752
998,750,360,530,221
1329,564,204,152,26
634,360,242,288,228
1008,686,527,1102,735
689,472,260,477,228
1718,1157,816,1247,1228
1259,702,402,580,210
877,630,362,709,444
966,265,133,639,135
714,508,302,988,592
569,201,132,248,104
378,218,116,250,98
886,762,438,852,400
770,417,245,620,255
960,510,190,112,16
1093,980,787,1116,1067
814,264,186,466,276
698,398,140,72,12
644,711,438,564,512
909,744,554,1476,906
1654,553,267,1569,341
1162,620,290,340,114
814,706,385,276,168
500,169,153,131,139
1701,1294,568,684,272
1118,354,246,681,340
595,366,304,748,391
472,139,121,1004,528
1117,434,212,1101,235
222,124,96,346,186
1440,884,390,522,150
606,280,156,240,114
898,478,329,672,362
550,440,238,392,190
512,332,172,239,177
1071,681,333,450,99
982,568,304,604,309
932,518,289,504,258
935,730,474,643,318
1090,1583,1161,1984,2162
1034,750,392,662,366
369,275,120,160,36
752,354,174,486,248
1196,505,254,461,200
636,230,96,91,12
294,150,70,232,65
64,67,31,17,2
1088,644,354,492,248
598,211,150,632,110
1117,494,294,279,114
546,324,122,78,16
809,726,316,614,318
572,380,217,260,126
1234,181,123,647,132
1535,734,225,168,24
1158,749,461,849,934
1547,536,262,509,235
1160,1103,666,403,133
1075,355,224,526,158
572,98,56,67,66
686,579,337,370,182
496,246,160,264,177
1098,216,150,1023,223
1180,720,356,336,139
813,54,28,61,30
659,462,238,253,103
716,616,418,918,358
478,140,55,84,48
632,378,276,396,234
1194,633,338,490,166
756,380,129,90,12
1270,780,468,668,272
420,5,0,0,0
906,538,390,817,388
662,110,42,26,7
1401,821,538,1056,536
2126,406,198,256,91
1430,1526,1050,1774,924
845,242,87,61,14
1425,1477,895,1400,756
664,654,444,1122,572
534,1243,840,1287,1280
917,742,556,944,551
1131,570,326,658,358
1293,414,155,82,10
1026,314,156,158,18
951,212,70,26,3
804,108,74,120,54
1262,323,174,286,128
2795,1452,698,888,308
1306,924,537,791,360
560,202,109,120,83
1086,1074,698,1322,892
1030,549,386,796,244
1575,688,354,678,364
762,382,174,430,194
912,318,210,558,356
722,746,552,1308,753
2274,1944,1252,2960,1652
562,142,80,159,90
865,148,106,284,164
367,304,195,272,165
1294,188,100,446,78
760,344,192,220,80
816,770,572,906,380
2005,1573,1178,3002,1907
559,388,194,269,99
2508,1688,709,947,149
569,452,356,908,577
3433,1992,928,1755,668
1290,329,215,858,241
1038,610,404,1060,562
958,282,138,61,1
858,560,242,334,112
812,473,350,904,618
988,716,504,882,362
703,258,140,264,134
984,852,571,1631,816
368,84,35,10,2
224,121,42,11,4
907,528,252,246,98
1706,812,364,431,148
1616,957,582,1592,746
1045,497,298,290,118
1577,378,128,187,12
3204,2940,2322,6259,3458
856,305,166,140,22
1907,291,142,740,170
1342,1594,1168,1232,855
1032,791,568,1039,476
1016,35,13,67,16
1155,232,146,242,165
1057,931,682,1057,448
698,120,52,71,28
567,312,136,250,61
740,216,81,146,64
527,219,132,94,12
804,511,145,50,6
1005,802,566,1690,964
1180,772,440,496,115
364,14,6,27,13
888,599,371,562,278
2251,147,87,148,66
1208,582,351,781,278
742,469,246,419,186
2677,634,455,2901,930
1102,823,428,796,552
4350,2080,1108,1444,297
620,232,124,170,56
913,572,393,935,332
954,670,432,560,533
852,348,178,310,172
1528,1188,747,2198,1194
450,248,149,182,147
1210,338,174,220,82
922,212,122,198,67
692,904,598,849,644
953,890,708,1676,1202
1098,626,277,314,86
1398,876,485,802,424
432,124,68,252,58
1967,434,218,891,195
1680,1082,582,584,106
3156,1558,758,964,306
1356,984,527,623,212
1148,798,374,658,344
744,724,438,988,372
1124,729,517,992,461
937,894,535,1214,430
999,479,268,310,80
1508,398,221,944,250
916,559,306,475,168
842,712,431,1156,544
687,304,137,160,48
776,477,219,243,86
908,337,184,228,82
740,482,213,312,81
1249,576,202,128,20
800,688,302,370,82
289,9,2,14,6
2478,1623,832,1104,378
1614,1144,629,1004,552
1714,886,336,156,37
1786,1652,1232,2492,1554
621,326,179,291,138
3139,1292,513,420,48
1010,890,642,1302,870
834,476,190,141,22
821,207,146,290,114
819,566,288,372,199
710,78,42,189,15
794,324,99,62,6
652,140,90,220,118
872,578,412,945,510
1064,416,285,856,466
488,318,181,315,122
1994,956,536,381,253
1708,1084,630,2109,1177
1967,1319,754,966,519
670,463,202,243,84
3062,1968,1123,1951,1000
1005,543,244,336,130
833,760,456,608,489
899,521,286,266,56
525,247,228,608,262
728,332,162,160,73
1042,444,160,107,15
593,454,265,489,273
1108,1052,701,677,599
642,7,3,4,4
714,600,477,1042,609
906,227,106,249,22
602,436,278,516,232
1272,322,191,280,106
1105,586,371,655,349
770,106,80,214,130
2065,1022,441,563,176
1383,586,394,902,479
2036,1660,1048,1972,1038
1089,1060,851,2095,1198
1083,408,220,1540,439
2916,1552,618,1110,313
632,56,37,64,27
696,563,268,536,276
610,270,156,337,144
630,352,188,268,113
491,314,210,276,146
2039,314,133,423,65
644,158,72,133,64
876,454,264,224,104
528,217,120,120,69
896,426,276,336,180
1866,1214,934,1819,1117
1474,764,225,174,28
2193,1612,726,935,306
1332,648,266,145,12
1008,624,376,563,336
572,237,96,253,37
859,520,281,578,346
1146,736,403,886,475
1039,1543,1079,1178,906
973,816,405,464,184
659,176,136,286,106
1047,672,354,439,188
533,837,586,816,761
557,283,136,346,147
1255,634,514,1604,947
1464,332,211,634,336
853,460,231,257,121
940,215,62,80,8
1237,260,190,294,132
2380,2442,1587,3233,1856
1378,575,530,911,675
3401,1584,602,404,57
474,330,188,282,155
848,554,384,1274,772
1084,284,90,174,8
786,501,255,505,290
1103,847,632,1669,1094
3182,715,473,2757,658
494,670,454,599,550
873,228,82,27,5
890,232,164,408,246
1288,846,440,708,275
657,174,92,140,44
1338,832,352,488,112
2111,1356,770,1037,372
3311,1823,932,736,101
4993,2394,1328,7998,1775
614,557,294,376,146
770,483,317,418,241
925,667,352,635,348
334,324,210,147,70
1254,747,370,417,174
2318,1578,1146,2944,1710
1148,1052,700,1842,974
1053,550,227,433,92
672,287,162,430,188
880,394,270,709,456
584,373,254,640,380
1214,483,162,120,18
916,24,10,16,5
339,3,2,4,1
1448,552,225,170,34
708,745,523,614,652
768,554,332,443,214
3696,2095,1310,1818,654
4564,3372,2298,5496,2616
1101,670,331,392,90
699,486,293,342,112
774,222,113,112,49
1402,634,443,2708,604
1040,369,226,416,260
1236,52,26,61,32
830,1166,726,668,646
902,600,392,664,344
1739,487,219,695,88
1496,407,238,849,201
989,795,528,1132,424
1436,824,438,706,267
1330,1774,1286,1340,1091
1691,1004,532,490,70
3010,250,99,120,42
6504,2386,1474,6695,1149
1089,846,408,547,220
752,618,469,970,426
533,248,219,452,234
1032,708,370,334,78
217,96,79,274,112
310,236,140,144,78
779,664,478,1450,768
1252,832,484,1057,580
780,470,312,554,287
677,14,4,6,2
844,478,243,346,82
807,120,38,36,8
1636,820,526,1080,306
1068,486,386,752,547
1876,1316,980,2462,1434
1428,903,434,546,212
720,1262,930,820,600
943,564,476,1156,861
971,982,676,1758,1151
985,212,138,364,241
987,219,210,380,221
490,231,82,119,42
800,746,271,101,61
198,220,169,193,144
818,147,56,110,56
1462,609,428,731,238
1722,208,92,290,49
904,945,555,396,393
